(0 " 0.0 export file")

(0 "Dimension:")
(2 3)

(1 "Materialise generated surface mesh")
(1 "NG exporter (A)")

(0 "Nodes:")
(10 (0 1 5fb 1 3))
(10 (1 1 5fb 1 3)(
-1.615890e+01 -1.027866e+02 1.312097e+03
-1.630390e+01 -1.030506e+02 1.312213e+03
-1.654350e+01 -1.030176e+02 1.312232e+03
-1.617320e+01 -1.022016e+02 1.312281e+03
-1.600690e+01 -1.019498e+02 1.312310e+03
-1.688440e+01 -1.032755e+02 1.312362e+03
-1.579340e+01 -1.023234e+02 1.312380e+03
-1.596220e+01 -1.014171e+02 1.312475e+03
-1.696440e+01 -1.034524e+02 1.312484e+03
-1.595780e+01 -1.010528e+02 1.312515e+03
-1.562930e+01 -1.017200e+02 1.312600e+03
-1.666460e+01 -1.032871e+02 1.312617e+03
-1.624450e+01 -1.015188e+02 1.312667e+03
-1.580780e+01 -1.012057e+02 1.312686e+03
-1.721990e+01 -1.033372e+02 1.312693e+03
-1.681240e+01 -1.025149e+02 1.312704e+03
-1.589600e+01 -1.031776e+02 1.312720e+03
-1.711420e+01 -1.034755e+02 1.312758e+03
-1.606070e+01 -1.009139e+02 1.312800e+03
-1.623520e+01 -1.009669e+02 1.312858e+03
-1.738010e+01 -1.029872e+02 1.312962e+03
-1.642390e+01 -1.034131e+02 1.313000e+03
-1.702400e+01 -1.033786e+02 1.313087e+03
-1.752140e+01 -1.031381e+02 1.313172e+03
-1.729230e+01 -1.026288e+02 1.313188e+03
-1.499690e+01 -1.023948e+02 1.313197e+03
-1.615790e+01 -1.007707e+02 1.313199e+03
-1.599520e+01 -1.035737e+02 1.313220e+03
-1.572880e+01 -1.011036e+02 1.313237e+03
-1.503910e+01 -1.030353e+02 1.313251e+03
-1.529260e+01 -1.016193e+02 1.313256e+03
-1.657020e+01 -1.006998e+02 1.313260e+03
-1.688470e+01 -1.012391e+02 1.313340e+03
-1.522090e+01 -1.034176e+02 1.313370e+03
-1.632290e+01 -1.006897e+02 1.313416e+03
-1.676390e+01 -1.034339e+02 1.313424e+03
-1.755210e+01 -1.027201e+02 1.313442e+03
-1.624810e+01 -1.036864e+02 1.313516e+03
-1.730240e+01 -1.020142e+02 1.313552e+03
-1.755810e+01 -1.028499e+02 1.313569e+03
-1.694180e+01 -1.007792e+02 1.313570e+03
-1.699620e+01 -1.007102e+02 1.313671e+03
-1.735090e+01 -1.014485e+02 1.313682e+03
-1.576740e+01 -1.009968e+02 1.313683e+03
-1.703910e+01 -1.031223e+02 1.313723e+03
-1.723470e+01 -1.009074e+02 1.313792e+03
-1.450060e+01 -1.029711e+02 1.313793e+03
-1.643340e+01 -1.035703e+02 1.313820e+03
-1.544050e+01 -1.038116e+02 1.313821e+03
-1.718970e+01 -1.008612e+02 1.313833e+03
-1.494270e+01 -1.016936e+02 1.313855e+03
-1.652410e+01 -1.009000e+02 1.313863e+03
-1.464910e+01 -1.021606e+02 1.313882e+03
-1.581550e+01 -1.039195e+02 1.313883e+03
-1.523140e+01 -1.013910e+02 1.313885e+03
-1.738730e+01 -1.013971e+02 1.313904e+03
-1.479910e+01 -1.036186e+02 1.313944e+03
-1.737350e+01 -1.010800e+02 1.313994e+03
-1.582640e+01 -1.010494e+02 1.314028e+03
-1.724860e+01 -1.023320e+02 1.314053e+03
-1.697680e+01 -1.011485e+02 1.314062e+03
-1.710830e+01 -1.015837e+02 1.314293e+03
-1.580340e+01 -1.038824e+02 1.314307e+03
-1.640710e+01 -1.012670e+02 1.314328e+03
-1.413410e+01 -1.029126e+02 1.314359e+03
-1.425020e+01 -1.035076e+02 1.314374e+03
-1.466500e+01 -1.018385e+02 1.314408e+03
-1.514680e+01 -1.014307e+02 1.314433e+03
-1.573910e+01 -1.012586e+02 1.314435e+03
-1.632870e+01 -1.034102e+02 1.314450e+03
-1.666190e+01 -1.028579e+02 1.314498e+03
-1.419770e+01 -1.024124e+02 1.314537e+03
-1.522210e+01 -1.040700e+02 1.314540e+03
-1.472160e+01 -1.040188e+02 1.314565e+03
-1.641360e+01 -1.016382e+02 1.314652e+03
-1.449370e+01 -1.041924e+02 1.314685e+03
-1.399730e+01 -1.040875e+02 1.314892e+03
-1.515130e+01 -1.015811e+02 1.314911e+03
-1.589830e+01 -1.036278e+02 1.314983e+03
-1.565550e+01 -1.016551e+02 1.315003e+03
-1.380200e+01 -1.028517e+02 1.315007e+03
-1.531740e+01 -1.040031e+02 1.315022e+03
-1.634230e+01 -1.023741e+02 1.315033e+03
-1.471920e+01 -1.042896e+02 1.315083e+03
-1.457070e+01 -1.018964e+02 1.315123e+03
-1.596160e+01 -1.019761e+02 1.315148e+03
-1.359610e+01 -1.035750e+02 1.315170e+03
-1.410400e+01 -1.044782e+02 1.315174e+03
-1.402670e+01 -1.023584e+02 1.315179e+03
-1.610600e+01 -1.031523e+02 1.315189e+03
-1.350350e+01 -1.041535e+02 1.315307e+03
7.078000e-01 -1.019386e+02 1.315525e+03
-1.563070e+01 -1.022182e+02 1.315567e+03
-1.348100e+01 -1.030549e+02 1.315580e+03
-1.555960e+01 -1.036962e+02 1.315592e+03
1.155400e+00 -1.021818e+02 1.315593e+03
6.024000e-01 -1.016362e+02 1.315600e+03
-1.465840e+01 -1.044073e+02 1.315619e+03
-1.588790e+01 -1.029555e+02 1.315632e+03
8.339000e-01 -1.023048e+02 1.315635e+03
7.223000e-01 -1.014548e+02 1.315636e+03
-1.526360e+01 -1.020591e+02 1.315640e+03
-1.504400e+01 -1.041450e+02 1.315648e+03
-1.326310e+01 -1.035664e+02 1.315674e+03
-1.476490e+01 -1.020936e+02 1.315698e+03
-1.412050e+01 -1.023056e+02 1.315717e+03
-1.339100e+01 -1.046202e+02 1.315739e+03
-1.423480e+01 -1.046634e+02 1.315748e+03
-1.318560e+01 -1.041101e+02 1.315766e+03
1.026300e+00 -1.017412e+02 1.315775e+03
1.335600e+00 -1.025005e+02 1.315822e+03
4.083000e-01 -1.018347e+02 1.315874e+03
4.321000e-01 -1.013892e+02 1.315890e+03
1.751100e+00 -1.024384e+02 1.315965e+03
5.054000e-01 -1.023824e+02 1.315978e+03
5.881000e-01 -1.010852e+02 1.315987e+03
-1.514320e+01 -1.023839e+02 1.315997e+03
9.585000e-01 -1.013113e+02 1.316007e+03
8.635000e-01 -1.010665e+02 1.316018e+03
-1.541180e+01 -1.028625e+02 1.316083e+03
-1.358760e+01 -1.049440e+02 1.316107e+03
-1.458890e+01 -1.044847e+02 1.316109e+03
-1.308210e+01 -1.035776e+02 1.316113e+03
-1.353140e+01 -1.028606e+02 1.316134e+03
-1.532700e+01 -1.035224e+02 1.316170e+03
9.143000e-01 -1.026301e+02 1.316171e+03
-1.291720e+01 -1.041781e+02 1.316201e+03
1.447500e+00 -1.026583e+02 1.316246e+03
1.615000e-01 -1.022554e+02 1.316251e+03
-1.462110e+01 -1.025281e+02 1.316273e+03
-1.427430e+01 -1.047521e+02 1.316273e+03
-1.494020e+01 -1.041426e+02 1.316289e+03
-1.406490e+01 -1.026298e+02 1.316308e+03
1.009400e+00 -1.009392e+02 1.316317e+03
1.808400e+00 -1.026507e+02 1.316318e+03
5.462000e-01 -1.027765e+02 1.316322e+03
1.070000e+00 -1.010386e+02 1.316350e+03
4.863000e-01 -1.009628e+02 1.316365e+03
7.522000e-01 -1.009548e+02 1.316369e+03
2.876000e-01 -1.011171e+02 1.316376e+03
1.750000e+00 -1.019350e+02 1.316377e+03
9.170000e-02 -1.016237e+02 1.316380e+03
-1.395660e+01 -1.049511e+02 1.316409e+03
1.081600e+00 -1.009506e+02 1.316428e+03
1.343100e+00 -1.013403e+02 1.316465e+03
-1.278330e+01 -1.047212e+02 1.316513e+03
1.093300e+00 -1.010154e+02 1.316552e+03
2.094700e+00 -1.024507e+02 1.316563e+03
-1.467470e+01 -1.029486e+02 1.316610e+03
1.318400e+00 -1.027910e+02 1.316644e+03
1.389000e-01 -1.029655e+02 1.316721e+03
-1.414390e+01 -1.029642e+02 1.316732e+03
3.848000e-01 -1.010102e+02 1.316746e+03
-1.260800e+01 -1.042257e+02 1.316756e+03
-1.434130e+01 -1.046826e+02 1.316759e+03
-1.295090e+01 -1.051467e+02 1.316765e+03
1.783100e+00 -1.014127e+02 1.316788e+03
1.128000e-01 -1.012236e+02 1.316795e+03
-1.399110e+01 -1.049722e+02 1.316806e+03
-2.949000e-01 -1.023754e+02 1.316845e+03
5.906000e-01 -1.030822e+02 1.316862e+03
2.153900e+00 -1.020194e+02 1.316869e+03
7.589000e-01 -1.010717e+02 1.316904e+03
-1.359260e+01 -1.031940e+02 1.316904e+03
-1.461870e+01 -1.035780e+02 1.316917e+03
2.061100e+00 -1.021808e+02 1.316933e+03
-1.356460e+01 -1.051204e+02 1.316940e+03
1.943000e+00 -1.015691e+02 1.316950e+03
1.426700e+00 -1.012496e+02 1.316957e+03
-1.455900e+01 -1.041839e+02 1.316979e+03
-2.266000e-01 -1.030233e+02 1.316984e+03
-3.890000e-02 -1.015490e+02 1.317029e+03
-1.238660e+01 -1.047767e+02 1.317032e+03
2.050900e+00 -1.017947e+02 1.317039e+03
1.545400e+00 -1.026765e+02 1.317041e+03
-1.290240e+01 -1.035968e+02 1.317052e+03
2.646000e-01 -1.011822e+02 1.317075e+03
-1.404620e+01 -1.048342e+02 1.317151e+03
9.743000e-01 -1.012344e+02 1.317175e+03
8.974000e-01 -1.031034e+02 1.317177e+03
-1.402030e+01 -1.034554e+02 1.317180e+03
1.637200e+00 -1.018305e+02 1.317197e+03
-6.108000e-01 -1.030002e+02 1.317221e+03
-4.118000e-01 -1.019261e+02 1.317309e+03
-1.233890e+01 -1.050802e+02 1.317343e+03
-6.634000e-01 -1.022749e+02 1.317354e+03
1.366800e+00 -1.023684e+02 1.317372e+03
-1.217830e+01 -1.046271e+02 1.317374e+03
4.474000e-01 -1.013528e+02 1.317397e+03
-1.228530e+01 -1.041795e+02 1.317426e+03
-1.417740e+01 -1.044948e+02 1.317426e+03
-1.355900e+01 -1.052818e+02 1.317472e+03
-4.528000e-01 -1.034464e+02 1.317481e+03
-1.409590e+01 -1.040073e+02 1.317483e+03
3.850000e-01 -1.034282e+02 1.317486e+03
-1.286690e+01 -1.054334e+02 1.317509e+03
-9.228000e-01 -1.027734e+02 1.317525e+03
-1.388770e+01 -1.048257e+02 1.317549e+03
-8.932000e-01 -1.032513e+02 1.317575e+03
1.028800e+00 -1.028682e+02 1.317666e+03
-1.285000e-01 -1.016655e+02 1.317677e+03
-1.345150e+01 -1.037458e+02 1.317694e+03
9.124000e-01 -1.016768e+02 1.317736e+03
-8.354000e-01 -1.035625e+02 1.317813e+03
-1.467000e-01 -1.037115e+02 1.317848e+03
-1.209100e+01 -1.053714e+02 1.317864e+03
-1.195580e+01 -1.047639e+02 1.317895e+03
9.934000e-01 -1.023680e+02 1.317900e+03
4.574000e-01 -1.034504e+02 1.317937e+03
-1.334000e+01 -1.055779e+02 1.317979e+03
-1.381530e+01 -1.043181e+02 1.317992e+03
-1.384320e+01 -1.047578e+02 1.318008e+03
-1.273670e+01 -1.038531e+02 1.318009e+03
-1.176000e+00 -1.028559e+02 1.318012e+03
-1.291670e+01 -1.056571e+02 1.318041e+03
-1.372920e+01 -1.052303e+02 1.318086e+03
-8.039000e-01 -1.023226e+02 1.318090e+03
-1.280700e+00 -1.034825e+02 1.318101e+03
-7.326000e-01 -1.038666e+02 1.318105e+03
-1.215290e+01 -1.042037e+02 1.318122e+03
2.244000e-01 -1.017501e+02 1.318125e+03
-1.239830e+01 -1.057136e+02 1.318150e+03
-2.000000e-01 -1.018762e+02 1.318172e+03
6.157000e-01 -1.031195e+02 1.318234e+03
-1.345940e+01 -1.040439e+02 1.318290e+03
-1.158290e+01 -1.052781e+02 1.318347e+03
-1.043200e+00 -1.040780e+02 1.318360e+03
6.308000e-01 -1.022827e+02 1.318370e+03
-1.694000e+00 -1.037206e+02 1.318391e+03
-1.628200e+00 -1.039622e+02 1.318431e+03
-1.527200e+00 -1.030339e+02 1.318521e+03
-1.165490e+01 -1.057847e+02 1.318550e+03
-1.301190e+01 -1.040503e+02 1.318553e+03
-1.283850e+01 -1.058856e+02 1.318594e+03
-1.159050e+01 -1.048545e+02 1.318606e+03
-3.617000e-01 -1.022162e+02 1.318617e+03
-1.341810e+01 -1.056983e+02 1.318654e+03
-1.450100e+00 -1.043264e+02 1.318657e+03
-6.018000e-01 -1.041089e+02 1.318670e+03
-1.376000e+01 -1.048209e+02 1.318671e+03
-1.917100e+00 -1.036597e+02 1.318677e+03
-2.469000e-01 -1.038848e+02 1.318685e+03
1.251000e-01 -1.035411e+02 1.318714e+03
-1.214510e+01 -1.060174e+02 1.318718e+03
-1.129050e+01 -1.052205e+02 1.318769e+03
-1.346740e+01 -1.043753e+02 1.318778e+03
5.310000e-02 -1.023996e+02 1.318795e+03
-9.302000e-01 -1.025190e+02 1.318803e+03
2.300000e-01 -1.029287e+02 1.318814e+03
-9.670000e-01 -1.043888e+02 1.318820e+03
-1.232590e+01 -1.042507e+02 1.318862e+03
-2.134300e+00 -1.042587e+02 1.318976e+03
-1.369450e+01 -1.053370e+02 1.318998e+03
-1.366600e+00 -1.045600e+02 1.319038e+03
-1.103910e+01 -1.055446e+02 1.319051e+03
-1.569800e+00 -1.029101e+02 1.319076e+03
-9.870000e-02 -1.028187e+02 1.319142e+03
-1.237630e+01 -1.061699e+02 1.319152e+03
-8.930000e-01 -1.026772e+02 1.319200e+03
-1.163550e+01 -1.046830e+02 1.319216e+03
-1.113980e+01 -1.050984e+02 1.319240e+03
-2.420900e+00 -1.039332e+02 1.319244e+03
-1.366360e+01 -1.046479e+02 1.319270e+03
-1.349360e+01 -1.056904e+02 1.319275e+03
-4.276000e-01 -1.037085e+02 1.319278e+03
-1.343100e+01 -1.044712e+02 1.319281e+03
-1.171620e+01 -1.062510e+02 1.319296e+03
-1.291270e+01 -1.043556e+02 1.319316e+03
-1.301320e+01 -1.060136e+02 1.319316e+03
-1.892100e+00 -1.047223e+02 1.319321e+03
-7.794000e-01 -1.043539e+02 1.319331e+03
-2.272400e+00 -1.035428e+02 1.319347e+03
-2.109700e+00 -1.033224e+02 1.319370e+03
-5.739000e-01 -1.030046e+02 1.319419e+03
-1.099070e+01 -1.061257e+02 1.319468e+03
-2.627000e+00 -1.043497e+02 1.319525e+03
-1.214910e+01 -1.045691e+02 1.319636e+03
-1.407600e+00 -1.030262e+02 1.319637e+03
-2.490600e+00 -1.048124e+02 1.319665e+03
-1.073310e+01 -1.053530e+02 1.319695e+03
-1.375130e+01 -1.053824e+02 1.319702e+03
-1.530600e+00 -1.049379e+02 1.319764e+03
-1.232920e+01 -1.063555e+02 1.319808e+03
-1.846000e+00 -1.032931e+02 1.319811e+03
-1.339690e+01 -1.045291e+02 1.319817e+03
-1.385090e+01 -1.048820e+02 1.319829e+03
-1.050800e+00 -1.033941e+02 1.319844e+03
-1.174620e+01 -1.064984e+02 1.319846e+03
-1.294980e+01 -1.061276e+02 1.319848e+03
-8.739000e-01 -1.040198e+02 1.319861e+03
-2.791800e+00 -1.041834e+02 1.319883e+03
-2.366200e+00 -1.036081e+02 1.319883e+03
-1.152760e+01 -1.048331e+02 1.319910e+03
-1.512600e+00 -1.032383e+02 1.319912e+03
-1.341830e+01 -1.057940e+02 1.319930e+03
-1.083500e+00 -1.045818e+02 1.319930e+03
-1.045640e+01 -1.058586e+02 1.319957e+03
-1.274450e+01 -1.045108e+02 1.319961e+03
-1.094560e+01 -1.050576e+02 1.319968e+03
-2.234500e+00 -1.052049e+02 1.319968e+03
-2.851600e+00 -1.046823e+02 1.319979e+03
-2.748400e+00 -1.052089e+02 1.320210e+03
-1.108020e+01 -1.066615e+02 1.320261e+03
-1.375400e+00 -1.036769e+02 1.320295e+03
-1.394300e+01 -1.052652e+02 1.320316e+03
-1.039920e+01 -1.054545e+02 1.320325e+03
-1.400170e+01 -1.046696e+02 1.320355e+03
-1.195090e+01 -1.047948e+02 1.320379e+03
-2.159500e+00 -1.035467e+02 1.320381e+03
-2.822700e+00 -1.040435e+02 1.320381e+03
-1.209600e+00 -1.043182e+02 1.320393e+03
-2.422500e+00 -1.055206e+02 1.320396e+03
-3.089100e+00 -1.047100e+02 1.320422e+03
-1.264020e+01 -1.063558e+02 1.320431e+03
-1.372080e+01 -1.045612e+02 1.320434e+03
-1.015080e+01 -1.057806e+02 1.320461e+03
-2.550100e+00 -1.037904e+02 1.320462e+03
-1.526600e+00 -1.049245e+02 1.320465e+03
-1.034530e+01 -1.064857e+02 1.320478e+03
-1.422530e+01 -1.048067e+02 1.320516e+03
-3.019300e+00 -1.053834e+02 1.320519e+03
-1.405240e+01 -1.045871e+02 1.320534e+03
-1.166120e+01 -1.067988e+02 1.320550e+03
-2.054900e+00 -1.054207e+02 1.320567e+03
-1.817400e+00 -1.035865e+02 1.320576e+03
-1.099120e+01 -1.050594e+02 1.320591e+03
-1.205770e+01 -1.067044e+02 1.320597e+03
-3.349900e+00 -1.049176e+02 1.320708e+03
-1.297290e+01 -1.046120e+02 1.320720e+03
-3.275000e+00 -1.055498e+02 1.320736e+03
-9.881000e+00 -1.061477e+02 1.320763e+03
-1.341920e+01 -1.057766e+02 1.320773e+03
-2.099100e+00 -1.036111e+02 1.320789e+03
-1.470280e+01 -1.047765e+02 1.320800e+03
-1.490900e+00 -1.041550e+02 1.320818e+03
-1.413250e+01 -1.045369e+02 1.320831e+03
-1.033270e+01 -1.053175e+02 1.320895e+03
-2.771000e+00 -1.057964e+02 1.320899e+03
-3.171100e+00 -1.043772e+02 1.320899e+03
-1.727100e+00 -1.039326e+02 1.320909e+03
-1.431430e+01 -1.051575e+02 1.320919e+03
-3.553600e+00 -1.051589e+02 1.320974e+03
-9.857900e+00 -1.056885e+02 1.321006e+03
-3.287200e+00 -1.060910e+02 1.321006e+03
-2.628100e+00 -1.039551e+02 1.321010e+03
-3.570500e+00 -1.058531e+02 1.321018e+03
-1.165160e+01 -1.069880e+02 1.321051e+03
-1.362570e+01 -1.045133e+02 1.321057e+03
-1.517780e+01 -1.045748e+02 1.321060e+03
-2.099000e+00 -1.053436e+02 1.321074e+03
-1.120770e+01 -1.050903e+02 1.321080e+03
-2.146500e+00 -1.038985e+02 1.321089e+03
-1.772100e+00 -1.047172e+02 1.321101e+03
-1.196560e+01 -1.049169e+02 1.321107e+03
-9.799000e+00 -1.066224e+02 1.321115e+03
-1.490530e+01 -1.050628e+02 1.321116e+03
-1.241950e+01 -1.064845e+02 1.321126e+03
-3.389800e+00 -1.046394e+02 1.321157e+03
-1.535040e+01 -1.048708e+02 1.321171e+03
-1.474580e+01 -1.043639e+02 1.321190e+03
-9.489600e+00 -1.060002e+02 1.321191e+03
-1.970000e+00 -1.042747e+02 1.321208e+03
-2.873000e+00 -1.060130e+02 1.321250e+03
-3.871200e+00 -1.054950e+02 1.321288e+03
-1.082190e+01 -1.071372e+02 1.321300e+03
-3.179400e+00 -1.063147e+02 1.321301e+03
-3.076300e+00 -1.043450e+02 1.321315e+03
-3.957200e+00 -1.061185e+02 1.321320e+03
-1.539470e+01 -1.042851e+02 1.321336e+03
-1.563500e+01 -1.045754e+02 1.321351e+03
-1.678620e+01 -1.043351e+02 1.321370e+03
-2.438000e+00 -1.042149e+02 1.321377e+03
-1.694310e+01 -1.041126e+02 1.321390e+03
-1.664790e+01 -1.039981e+02 1.321392e+03
-1.174750e+01 -1.069386e+02 1.321424e+03
-1.000910e+01 -1.069778e+02 1.321427e+03
-3.754500e+00 -1.065941e+02 1.321450e+03
-2.587700e+00 -1.056865e+02 1.321479e+03
-2.281000e+00 -1.045987e+02 1.321486e+03
-1.612930e+01 -1.042634e+02 1.321487e+03
-3.598400e+00 -1.049160e+02 1.321492e+03
-1.047060e+01 -1.053129e+02 1.321510e+03
-1.327760e+01 -1.045875e+02 1.321540e+03
-3.186200e+00 -1.045676e+02 1.321553e+03
-1.123490e+01 -1.071777e+02 1.321564e+03
-2.216100e+00 -1.049073e+02 1.321569e+03
-1.698010e+01 -1.040806e+02 1.321574e+03
-1.300970e+01 -1.059324e+02 1.321575e+03
-1.698290e+01 -1.043635e+02 1.321581e+03
-3.401400e+00 -1.066544e+02 1.321614e+03
-1.592230e+01 -1.047627e+02 1.321629e+03
-2.812500e+00 -1.044829e+02 1.321646e+03
-9.209300e+00 -1.065050e+02 1.321647e+03
-1.389680e+01 -1.044950e+02 1.321657e+03
-9.284800e+00 -1.059024e+02 1.321665e+03
-1.400930e+01 -1.052778e+02 1.321671e+03
-1.475460e+01 -1.051174e+02 1.321674e+03
-1.674750e+01 -1.037792e+02 1.321681e+03
-1.539740e+01 -1.050204e+02 1.321684e+03
-4.084000e+00 -1.053429e+02 1.321689e+03
-1.551080e+01 -1.039597e+02 1.321689e+03
-2.374400e+00 -1.052119e+02 1.321690e+03
-1.631580e+01 -1.037101e+02 1.321698e+03
-4.431400e+00 -1.058683e+02 1.321718e+03
-9.791400e+00 -1.055670e+02 1.321731e+03
-2.889800e+00 -1.060669e+02 1.321733e+03
-1.236270e+01 -1.048133e+02 1.321757e+03
-4.488400e+00 -1.065670e+02 1.321769e+03
-1.658170e+01 -1.045903e+02 1.321771e+03
-1.119820e+01 -1.051489e+02 1.321794e+03
-1.688950e+01 -1.040836e+02 1.321830e+03
-2.616200e+00 -1.049072e+02 1.321836e+03
-1.475050e+01 -1.042908e+02 1.321856e+03
-4.010000e+00 -1.070708e+02 1.321871e+03
-3.683300e+00 -1.069352e+02 1.321875e+03
-1.068630e+01 -1.072916e+02 1.321882e+03
-3.290600e+00 -1.047509e+02 1.321883e+03
-1.217290e+01 -1.064867e+02 1.321888e+03
-3.153100e+00 -1.066014e+02 1.321917e+03
-3.876300e+00 -1.051143e+02 1.321939e+03
-4.285500e+00 -1.071540e+02 1.321989e+03
-5.193200e+00 -1.060538e+02 1.322028e+03
-1.650840e+01 -1.034975e+02 1.322054e+03
-2.775100e+00 -1.051412e+02 1.322064e+03
-3.360700e+00 -1.068769e+02 1.322088e+03
-8.601100e+00 -1.065270e+02 1.322110e+03
-1.413910e+01 -1.045667e+02 1.322129e+03
-1.685140e+01 -1.043696e+02 1.322131e+03
-1.499570e+01 -1.042570e+02 1.322132e+03
-1.276980e+01 -1.059218e+02 1.322145e+03
-5.171700e+00 -1.065156e+02 1.322150e+03
-1.666420e+01 -1.037667e+02 1.322159e+03
-1.458170e+01 -1.049910e+02 1.322190e+03
-8.797800e+00 -1.061234e+02 1.322190e+03
-3.997800e+00 -1.073034e+02 1.322201e+03
-9.998900e+00 -1.073737e+02 1.322205e+03
-1.528090e+01 -1.040521e+02 1.322213e+03
-1.587540e+01 -1.047567e+02 1.322216e+03
-2.869200e+00 -1.059295e+02 1.322218e+03
-9.387400e+00 -1.057557e+02 1.322218e+03
-4.369300e+00 -1.054911e+02 1.322226e+03
-1.309100e+01 -1.046985e+02 1.322236e+03
-3.689500e+00 -1.050312e+02 1.322239e+03
-1.365250e+01 -1.046353e+02 1.322245e+03
-2.843800e+00 -1.054997e+02 1.322250e+03
-1.512410e+01 -1.049348e+02 1.322258e+03
-1.129720e+01 -1.071954e+02 1.322259e+03
-1.418880e+01 -1.049487e+02 1.322262e+03
-1.090250e+01 -1.072990e+02 1.322272e+03
-5.707600e+00 -1.062451e+02 1.322277e+03
-6.027500e+00 -1.058191e+02 1.322279e+03
-1.604220e+01 -1.036864e+02 1.322279e+03
-1.343660e+01 -1.053016e+02 1.322285e+03
-4.091100e+00 -1.052859e+02 1.322290e+03
-4.911700e+00 -1.056884e+02 1.322300e+03
-5.464100e+00 -1.056376e+02 1.322300e+03
-8.379900e+00 -1.063677e+02 1.322302e+03
-9.228700e+00 -1.071497e+02 1.322308e+03
-1.472960e+01 -1.044489e+02 1.322314e+03
-8.640200e+00 -1.068614e+02 1.322320e+03
-1.692090e+01 -1.045701e+02 1.322331e+03
-3.185900e+00 -1.049827e+02 1.322333e+03
-4.933400e+00 -1.071144e+02 1.322333e+03
-1.041030e+01 -1.073826e+02 1.322351e+03
-3.026900e+00 -1.064124e+02 1.322358e+03
-1.168900e+01 -1.067983e+02 1.322360e+03
-1.402300e+01 -1.047710e+02 1.322362e+03
-3.605800e+00 -1.071723e+02 1.322367e+03
-1.657940e+01 -1.045208e+02 1.322372e+03
-4.374400e+00 -1.075568e+02 1.322463e+03
-5.588400e+00 -1.066734e+02 1.322464e+03
-6.396300e+00 -1.054725e+02 1.322469e+03
-1.228480e+01 -1.048590e+02 1.322480e+03
-1.469810e+01 -1.047266e+02 1.322484e+03
-1.648760e+01 -1.036330e+02 1.322494e+03
-1.017330e+01 -1.054334e+02 1.322497e+03
-1.337170e+01 -1.049082e+02 1.322502e+03
-1.666360e+01 -1.039492e+02 1.322507e+03
-5.834200e+00 -1.053607e+02 1.322520e+03
-8.025800e+00 -1.065779e+02 1.322528e+03
-1.678140e+01 -1.043092e+02 1.322534e+03
-6.879600e+00 -1.059010e+02 1.322540e+03
-8.207500e+00 -1.060758e+02 1.322555e+03
-8.689700e+00 -1.059567e+02 1.322585e+03
-1.528570e+01 -1.046183e+02 1.322586e+03
-1.132510e+01 -1.050406e+02 1.322613e+03
-1.539280e+01 -1.042271e+02 1.322616e+03
-1.323940e+01 -1.052029e+02 1.322616e+03
-7.518400e+00 -1.061502e+02 1.322630e+03
-1.584130e+01 -1.044047e+02 1.322646e+03
-6.274300e+00 -1.065858e+02 1.322660e+03
-1.631260e+01 -1.040376e+02 1.322675e+03
-1.300490e+01 -1.049256e+02 1.322687e+03
-1.661010e+01 -1.039239e+02 1.322704e+03
-1.269770e+01 -1.049341e+02 1.322719e+03
-3.866300e+00 -1.074922e+02 1.322722e+03
-7.438800e+00 -1.065611e+02 1.322726e+03
-1.300730e+01 -1.054221e+02 1.322729e+03
-3.015100e+00 -1.060728e+02 1.322733e+03
-5.264300e+00 -1.053619e+02 1.322743e+03
-9.240200e+00 -1.057839e+02 1.322747e+03
-4.040400e+00 -1.052376e+02 1.322761e+03
-7.012800e+00 -1.065859e+02 1.322771e+03
-1.096650e+01 -1.073608e+02 1.322778e+03
-8.760600e+00 -1.072678e+02 1.322788e+03
-5.667400e+00 -1.071930e+02 1.322796e+03
-6.184000e+00 -1.052608e+02 1.322802e+03
-5.118000e+00 -1.076664e+02 1.322805e+03
-3.196100e+00 -1.052792e+02 1.322808e+03
-1.231610e+01 -1.059511e+02 1.322827e+03
-6.803600e+00 -1.054946e+02 1.322860e+03
-1.125240e+01 -1.071406e+02 1.322862e+03
-1.045490e+01 -1.074992e+02 1.322866e+03
-7.429300e+00 -1.069317e+02 1.322874e+03
-4.670400e+00 -1.053661e+02 1.322880e+03
-3.444700e+00 -1.071262e+02 1.322887e+03
-9.854700e+00 -1.075988e+02 1.322898e+03
-4.678900e+00 -1.078931e+02 1.322901e+03
-1.236150e+01 -1.050572e+02 1.322928e+03
-8.562800e+00 -1.058734e+02 1.322929e+03
-7.680300e+00 -1.057906e+02 1.322931e+03
-9.253000e+00 -1.075266e+02 1.322933e+03
-7.996900e+00 -1.071961e+02 1.322940e+03
-4.134000e+00 -1.077374e+02 1.322940e+03
-1.273210e+01 -1.052588e+02 1.322957e+03
-1.163020e+01 -1.066662e+02 1.322968e+03
-5.705800e+00 -1.051918e+02 1.322990e+03
-3.225800e+00 -1.066935e+02 1.322994e+03
-1.185780e+01 -1.050502e+02 1.323043e+03
-6.163300e+00 -1.073494e+02 1.323141e+03
-1.226100e+01 -1.052340e+02 1.323181e+03
-5.762000e+00 -1.076970e+02 1.323201e+03
-6.872800e+00 -1.073267e+02 1.323225e+03
-3.860500e+00 -1.075884e+02 1.323311e+03
-1.206710e+01 -1.053885e+02 1.323322e+03
-4.493900e+00 -1.080580e+02 1.323345e+03
-9.700300e+00 -1.055261e+02 1.323367e+03
-8.874700e+00 -1.057907e+02 1.323377e+03
-1.114330e+01 -1.070597e+02 1.323377e+03
-5.550000e+00 -1.080633e+02 1.323401e+03
-1.046600e+01 -1.052184e+02 1.323413e+03
-6.180600e+00 -1.053626e+02 1.323438e+03
-5.081200e+00 -1.082112e+02 1.323439e+03
-8.093200e+00 -1.058755e+02 1.323439e+03
-8.487200e+00 -1.076470e+02 1.323445e+03
-3.308500e+00 -1.058832e+02 1.323451e+03
-5.278800e+00 -1.052629e+02 1.323472e+03
-9.859800e+00 -1.077490e+02 1.323488e+03
-1.057270e+01 -1.074987e+02 1.323488e+03
-6.980400e+00 -1.056601e+02 1.323493e+03
-1.109050e+01 -1.050462e+02 1.323498e+03
-9.228300e+00 -1.077987e+02 1.323505e+03
-3.337700e+00 -1.065797e+02 1.323517e+03
-4.506100e+00 -1.052569e+02 1.323523e+03
-1.147960e+01 -1.065479e+02 1.323529e+03
-6.216700e+00 -1.078490e+02 1.323563e+03
-7.549900e+00 -1.076564e+02 1.323567e+03
-4.095200e+00 -1.078059e+02 1.323578e+03
-7.469300e+00 -1.058423e+02 1.323597e+03
-3.515100e+00 -1.070997e+02 1.323598e+03
-3.840300e+00 -1.054213e+02 1.323603e+03
-1.149750e+01 -1.051219e+02 1.323627e+03
-1.165980e+01 -1.058479e+02 1.323669e+03
-1.160470e+01 -1.053315e+02 1.323743e+03
-5.614600e+00 -1.084087e+02 1.323887e+03
-3.809300e+00 -1.074644e+02 1.323901e+03
-6.885400e+00 -1.079527e+02 1.323910e+03
-8.181800e+00 -1.058721e+02 1.323914e+03
-1.081650e+01 -1.071779e+02 1.323959e+03
-5.060200e+00 -1.084584e+02 1.323965e+03
-9.447600e+00 -1.078870e+02 1.324047e+03
-4.502800e+00 -1.054094e+02 1.324050e+03
-1.056410e+01 -1.051933e+02 1.324055e+03
-1.129700e+01 -1.055572e+02 1.324062e+03
-6.406900e+00 -1.056942e+02 1.324083e+03
-1.004320e+01 -1.076914e+02 1.324091e+03
-1.092740e+01 -1.051589e+02 1.324096e+03
-6.231100e+00 -1.083186e+02 1.324100e+03
-7.775000e+00 -1.079759e+02 1.324103e+03
-1.041830e+01 -1.075009e+02 1.324110e+03
-3.641600e+00 -1.070867e+02 1.324116e+03
-4.458000e+00 -1.082560e+02 1.324118e+03
-1.122690e+01 -1.059411e+02 1.324125e+03
-8.995700e+00 -1.056611e+02 1.324132e+03
-8.700400e+00 -1.079684e+02 1.324144e+03
-1.002360e+01 -1.053955e+02 1.324147e+03
-3.692200e+00 -1.059029e+02 1.324159e+03
-3.548100e+00 -1.066611e+02 1.324165e+03
-1.109400e+01 -1.053274e+02 1.324183e+03
-6.782300e+00 -1.059116e+02 1.324214e+03
-5.815500e+00 -1.055888e+02 1.324253e+03
-7.325300e+00 -1.059764e+02 1.324274e+03
-4.076500e+00 -1.078462e+02 1.324280e+03
-1.092910e+01 -1.065894e+02 1.324345e+03
-5.069800e+00 -1.055568e+02 1.324366e+03
-1.056560e+01 -1.054065e+02 1.324449e+03
-1.079280e+01 -1.058626e+02 1.324548e+03
-5.600200e+00 -1.087299e+02 1.324571e+03
-1.033480e+01 -1.073995e+02 1.324592e+03
-3.853500e+00 -1.072749e+02 1.324607e+03
-4.922400e+00 -1.086730e+02 1.324608e+03
-7.174000e+00 -1.083354e+02 1.324618e+03
-9.202400e+00 -1.080154e+02 1.324638e+03
-6.180500e+00 -1.059125e+02 1.324649e+03
-4.543400e+00 -1.057696e+02 1.324653e+03
-3.790400e+00 -1.064805e+02 1.324655e+03
-8.722600e+00 -1.081013e+02 1.324675e+03
-3.994100e+00 -1.077732e+02 1.324688e+03
-8.154100e+00 -1.081891e+02 1.324705e+03
-1.027860e+01 -1.055953e+02 1.324707e+03
-4.098400e+00 -1.060483e+02 1.324730e+03
-9.605200e+00 -1.055516e+02 1.324751e+03
-9.753000e+00 -1.078465e+02 1.324773e+03
-4.314500e+00 -1.083271e+02 1.324776e+03
-7.948500e+00 -1.059267e+02 1.324915e+03
-1.042110e+01 -1.059150e+02 1.324935e+03
-8.854400e+00 -1.057125e+02 1.325006e+03
-1.042630e+01 -1.063878e+02 1.325021e+03
-1.003590e+01 -1.056897e+02 1.325079e+03
-4.581900e+00 -1.086606e+02 1.325106e+03
-6.329200e+00 -1.061331e+02 1.325107e+03
-5.616500e+00 -1.060156e+02 1.325109e+03
-6.371000e+00 -1.088425e+02 1.325129e+03
-7.760700e+00 -1.084947e+02 1.325228e+03
-4.028000e+00 -1.076556e+02 1.325251e+03
-9.295400e+00 -1.080982e+02 1.325257e+03
-4.188000e+00 -1.065040e+02 1.325263e+03
-4.962800e+00 -1.060722e+02 1.325268e+03
-8.559900e+00 -1.083346e+02 1.325298e+03
-1.010090e+01 -1.060799e+02 1.325327e+03
-4.511300e+00 -1.062402e+02 1.325328e+03
-9.841500e+00 -1.077018e+02 1.325328e+03
-6.957300e+00 -1.061381e+02 1.325349e+03
-9.380600e+00 -1.057215e+02 1.325371e+03
-4.228400e+00 -1.083108e+02 1.325377e+03
-7.075400e+00 -1.087426e+02 1.325389e+03
-1.003790e+01 -1.070478e+02 1.325391e+03
-4.098900e+00 -1.069859e+02 1.325425e+03
-5.106200e+00 -1.090327e+02 1.325490e+03
-5.753000e+00 -1.091740e+02 1.325499e+03
-9.747600e+00 -1.059081e+02 1.325522e+03
-9.921500e+00 -1.064811e+02 1.325587e+03
-7.432700e+00 -1.061189e+02 1.325596e+03
-4.452300e+00 -1.086982e+02 1.325617e+03
-4.399900e+00 -1.065844e+02 1.325636e+03
-8.553400e+00 -1.059305e+02 1.325667e+03
-9.354300e+00 -1.080269e+02 1.325748e+03
-8.854200e+00 -1.083083e+02 1.325779e+03
-5.736800e+00 -1.063349e+02 1.325816e+03
-4.719800e+00 -1.064382e+02 1.325818e+03
-7.573700e+00 -1.088274e+02 1.325844e+03
-4.178900e+00 -1.079517e+02 1.325846e+03
-5.206300e+00 -1.063815e+02 1.325881e+03
-9.077800e+00 -1.060799e+02 1.325955e+03
-4.268200e+00 -1.083813e+02 1.325963e+03
-4.195000e+00 -1.073272e+02 1.325967e+03
-9.550900e+00 -1.075950e+02 1.325967e+03
-9.629200e+00 -1.067494e+02 1.325975e+03
-7.798100e+00 -1.061483e+02 1.325977e+03
-9.604600e+00 -1.071299e+02 1.326012e+03
-8.174500e+00 -1.086633e+02 1.326031e+03
-4.431700e+00 -1.067998e+02 1.326042e+03
-4.735400e+00 -1.090396e+02 1.326118e+03
-6.808900e+00 -1.091604e+02 1.326133e+03
-6.197700e+00 -1.063819e+02 1.326156e+03
-9.378800e+00 -1.065694e+02 1.326234e+03
-5.064500e+00 -1.092955e+02 1.326348e+03
-8.268900e+00 -1.062665e+02 1.326371e+03
-9.207400e+00 -1.078044e+02 1.326399e+03
-5.516600e+00 -1.095114e+02 1.326417e+03
-4.584200e+00 -1.090086e+02 1.326419e+03
-6.963000e+00 -1.063442e+02 1.326437e+03
-8.094400e+00 -1.087749e+02 1.326447e+03
-4.306500e+00 -1.082089e+02 1.326470e+03
-4.297600e+00 -1.076010e+02 1.326480e+03
-4.845300e+00 -1.067105e+02 1.326482e+03
-6.195400e+00 -1.095468e+02 1.326508e+03
-9.307400e+00 -1.072645e+02 1.326514e+03
-8.645300e+00 -1.083648e+02 1.326528e+03
-4.438600e+00 -1.070652e+02 1.326537e+03
-5.503600e+00 -1.065828e+02 1.326561e+03
-8.704600e+00 -1.065368e+02 1.326563e+03
-4.401100e+00 -1.087407e+02 1.326579e+03
-7.488500e+00 -1.090885e+02 1.326580e+03
-7.538900e+00 -1.064310e+02 1.326864e+03
-7.943100e+00 -1.089244e+02 1.327018e+03
-4.621100e+00 -1.091639e+02 1.327036e+03
-4.326900e+00 -1.078905e+02 1.327064e+03
-8.085200e+00 -1.067182e+02 1.327072e+03
-4.328900e+00 -1.084093e+02 1.327095e+03
-4.965100e+00 -1.094652e+02 1.327100e+03
-8.621700e+00 -1.070393e+02 1.327117e+03
-4.411800e+00 -1.074364e+02 1.327122e+03
-8.791000e+00 -1.079535e+02 1.327162e+03
-6.885300e+00 -1.095135e+02 1.327178e+03
-7.450000e+00 -1.092302e+02 1.327200e+03
-6.107600e+00 -1.066116e+02 1.327215e+03
-4.732100e+00 -1.070944e+02 1.327259e+03
-8.463700e+00 -1.084221e+02 1.327317e+03
-5.356300e+00 -1.068203e+02 1.327341e+03
-8.664700e+00 -1.075542e+02 1.327493e+03
-5.636700e+00 -1.099905e+02 1.327499e+03
-8.036400e+00 -1.088776e+02 1.327523e+03
-6.862800e+00 -1.065798e+02 1.327584e+03
-4.289900e+00 -1.082219e+02 1.327586e+03
-7.452000e+00 -1.093052e+02 1.327618e+03
-4.437100e+00 -1.089730e+02 1.327680e+03
-7.502100e+00 -1.067550e+02 1.327709e+03
-8.357600e+00 -1.083915e+02 1.327713e+03
-5.102400e+00 -1.099178e+02 1.327771e+03
-8.087400e+00 -1.072453e+02 1.327790e+03
-4.340000e+00 -1.078957e+02 1.327801e+03
-6.903700e+00 -1.097176e+02 1.327886e+03
-6.262000e+00 -1.100936e+02 1.327919e+03
-4.729200e+00 -1.096761e+02 1.327983e+03
-4.853300e+00 -1.073471e+02 1.328010e+03
-4.567900e+00 -1.076975e+02 1.328157e+03
-8.194400e+00 -1.082778e+02 1.328162e+03
-7.915500e+00 -1.088098e+02 1.328199e+03
-6.230600e+00 -1.068138e+02 1.328213e+03
-5.695100e+00 -1.103698e+02 1.328237e+03
-5.381800e+00 -1.071560e+02 1.328251e+03
-7.343600e+00 -1.094525e+02 1.328263e+03
-4.304900e+00 -1.084842e+02 1.328292e+03
-7.014600e+00 -1.067802e+02 1.328319e+03
-6.727600e+00 -1.099476e+02 1.328347e+03
-8.016400e+00 -1.078029e+02 1.328389e+03
-4.338700e+00 -1.089890e+02 1.328525e+03
-7.511900e+00 -1.072475e+02 1.328604e+03
-4.986800e+00 -1.102712e+02 1.328684e+03
-4.404100e+00 -1.082777e+02 1.328712e+03
-4.448800e+00 -1.095442e+02 1.328764e+03
-7.762400e+00 -1.077375e+02 1.328768e+03
-6.378000e+00 -1.102785e+02 1.328837e+03
-7.009500e+00 -1.097755e+02 1.328871e+03
-5.010600e+00 -1.077244e+02 1.328907e+03
-6.107600e+00 -1.071432e+02 1.328925e+03
-7.486300e+00 -1.091738e+02 1.328933e+03
-7.718700e+00 -1.083895e+02 1.328942e+03
-5.687300e+00 -1.106161e+02 1.328993e+03
-6.710500e+00 -1.071487e+02 1.329072e+03
-4.363800e+00 -1.090351e+02 1.329354e+03
-7.405900e+00 -1.078860e+02 1.329365e+03
-6.830300e+00 -1.100072e+02 1.329422e+03
-6.239000e+00 -1.074086e+02 1.329430e+03
-7.307000e+00 -1.094035e+02 1.329440e+03
-4.318400e+00 -1.095791e+02 1.329465e+03
-5.657700e+00 -1.076631e+02 1.329476e+03
-4.373800e+00 -1.100089e+02 1.329479e+03
-6.996600e+00 -1.075573e+02 1.329492e+03
-4.637900e+00 -1.084196e+02 1.329510e+03
-7.464300e+00 -1.083513e+02 1.329540e+03
-7.477200e+00 -1.088049e+02 1.329541e+03
-6.235800e+00 -1.105462e+02 1.329576e+03
-4.506000e+00 -1.104979e+02 1.329815e+03
-4.993300e+00 -1.108123e+02 1.329854e+03
-4.234300e+00 -1.097107e+02 1.329956e+03
-5.087900e+00 -1.082381e+02 1.329975e+03
-5.630000e+00 -1.109034e+02 1.329991e+03
-6.920200e+00 -1.080447e+02 1.330031e+03
-6.348900e+00 -1.078649e+02 1.330042e+03
-4.473300e+00 -1.089767e+02 1.330055e+03
-7.240300e+00 -1.084898e+02 1.330061e+03
-7.351400e+00 -1.091011e+02 1.330070e+03
-7.151900e+00 -1.097470e+02 1.330179e+03
-6.795700e+00 -1.102588e+02 1.330255e+03
-4.230000e+00 -1.102763e+02 1.330313e+03
-4.320000e+00 -1.094823e+02 1.330543e+03
-5.100200e+00 -1.110249e+02 1.330569e+03
-6.798200e+00 -1.084119e+02 1.330586e+03
-7.180700e+00 -1.088752e+02 1.330671e+03
-6.247400e+00 -1.107766e+02 1.330722e+03
-5.053000e+00 -1.085846e+02 1.330723e+03
-7.217000e+00 -1.094488e+02 1.330746e+03
-4.538900e+00 -1.108218e+02 1.330758e+03
-5.566300e+00 -1.110715e+02 1.330809e+03
-7.023300e+00 -1.101467e+02 1.330816e+03
-4.182800e+00 -1.100974e+02 1.330818e+03
-5.478800e+00 -1.084367e+02 1.330905e+03
-4.638900e+00 -1.090320e+02 1.331062e+03
-6.890600e+00 -1.086954e+02 1.331079e+03
-6.272400e+00 -1.085101e+02 1.331147e+03
-7.111000e+00 -1.091515e+02 1.331218e+03
-7.112000e+00 -1.096047e+02 1.331280e+03
-5.001600e+00 -1.111505e+02 1.331286e+03
-7.074900e+00 -1.099791e+02 1.331291e+03
-4.196600e+00 -1.103449e+02 1.331336e+03
-4.227000e+00 -1.106430e+02 1.331412e+03
-4.372800e+00 -1.095392e+02 1.331457e+03
-6.897400e+00 -1.104300e+02 1.331580e+03
-4.251400e+00 -1.101065e+02 1.331640e+03
-4.480500e+00 -1.111390e+02 1.331681e+03
-6.471200e+00 -1.108354e+02 1.331747e+03
-4.952300e+00 -1.090096e+02 1.331814e+03
-7.082700e+00 -1.096471e+02 1.331855e+03
-6.816300e+00 -1.090701e+02 1.331895e+03
-4.896300e+00 -1.113818e+02 1.331912e+03
-7.088800e+00 -1.101190e+02 1.332007e+03
-5.822800e+00 -1.112693e+02 1.332046e+03
-4.202000e+00 -1.106803e+02 1.332110e+03
-6.294700e+00 -1.089617e+02 1.332164e+03
-5.740000e+00 -1.089640e+02 1.332261e+03
-4.534800e+00 -1.115010e+02 1.332296e+03
-4.379800e+00 -1.097051e+02 1.332385e+03
-4.145300e+00 -1.107776e+02 1.332459e+03
-7.115000e+00 -1.096512e+02 1.332493e+03
-7.140200e+00 -1.101928e+02 1.332498e+03
-4.214200e+00 -1.102926e+02 1.332516e+03
-6.690200e+00 -1.108860e+02 1.332585e+03
-6.628500e+00 -1.092427e+02 1.332629e+03
-4.145900e+00 -1.112996e+02 1.332630e+03
-6.314500e+00 -1.111682e+02 1.332635e+03
-5.047900e+00 -1.117997e+02 1.332684e+03
-5.117100e+00 -1.093048e+02 1.332801e+03
-6.943900e+00 -1.095393e+02 1.332947e+03
-4.004600e+00 -1.108083e+02 1.332994e+03
-4.602300e+00 -1.096405e+02 1.333023e+03
-6.301600e+00 -1.114248e+02 1.333049e+03
-4.508500e+00 -1.119276e+02 1.333107e+03
-7.204500e+00 -1.100466e+02 1.333133e+03
-6.370800e+00 -1.093830e+02 1.333137e+03
-4.224900e+00 -1.101329e+02 1.333181e+03
-3.875800e+00 -1.113418e+02 1.333268e+03
-7.047800e+00 -1.107099e+02 1.333300e+03
-5.710200e+00 -1.120115e+02 1.333366e+03
-6.670200e+00 -1.112693e+02 1.333414e+03
-5.561200e+00 -1.095741e+02 1.333518e+03
-4.111500e+00 -1.119218e+02 1.333569e+03
-6.957600e+00 -1.098112e+02 1.333605e+03
-3.874500e+00 -1.116765e+02 1.333605e+03
-3.786900e+00 -1.113392e+02 1.333666e+03
-3.937600e+00 -1.107333e+02 1.333678e+03
-7.131000e+00 -1.103361e+02 1.333708e+03
-4.315600e+00 -1.102092e+02 1.333717e+03
-4.829100e+00 -1.099135e+02 1.333793e+03
-4.408000e+00 -1.122732e+02 1.333817e+03
-6.990500e+00 -1.107882e+02 1.333853e+03
-6.272200e+00 -1.097709e+02 1.333899e+03
-4.966300e+00 -1.125385e+02 1.333942e+03
-6.188300e+00 -1.119798e+02 1.333989e+03
-6.800200e+00 -1.101470e+02 1.334159e+03
-3.924800e+00 -1.120021e+02 1.334193e+03
-6.643900e+00 -1.113473e+02 1.334243e+03
-3.759700e+00 -1.113547e+02 1.334256e+03
-6.904200e+00 -1.106426e+02 1.334275e+03
-4.102300e+00 -1.107030e+02 1.334292e+03
-5.338900e+00 -1.101269e+02 1.334316e+03
-4.533900e+00 -1.103872e+02 1.334330e+03
-6.129100e+00 -1.101397e+02 1.334359e+03
-3.872900e+00 -1.110479e+02 1.334417e+03
-4.312600e+00 -1.126657e+02 1.334419e+03
-6.260900e+00 -1.120769e+02 1.334490e+03
-6.787700e+00 -1.104968e+02 1.334569e+03
-5.581500e+00 -1.127732e+02 1.334661e+03
-6.441200e+00 -1.105145e+02 1.334789e+03
-3.801500e+00 -1.113740e+02 1.334805e+03
-6.038000e+00 -1.125229e+02 1.334857e+03
-6.659200e+00 -1.109430e+02 1.334896e+03
-5.745500e+00 -1.105052e+02 1.334940e+03
-3.840100e+00 -1.125777e+02 1.334946e+03
-6.586700e+00 -1.114226e+02 1.334962e+03
-4.469200e+00 -1.131544e+02 1.334967e+03
-6.415000e+00 -1.119599e+02 1.335009e+03
-4.008000e+00 -1.130458e+02 1.335045e+03
-4.984100e+00 -1.131894e+02 1.335083e+03
-4.328100e+00 -1.108889e+02 1.335105e+03
-3.716300e+00 -1.119553e+02 1.335106e+03
-6.146000e+00 -1.106928e+02 1.335197e+03
-6.376500e+00 -1.109489e+02 1.335357e+03
-6.530400e+00 -1.114180e+02 1.335359e+03
-3.932100e+00 -1.114498e+02 1.335391e+03
-3.634100e+00 -1.125534e+02 1.335441e+03
-6.262500e+00 -1.124206e+02 1.335479e+03
-4.004600e+00 -1.133929e+02 1.335506e+03
-4.890000e+00 -1.109192e+02 1.335537e+03
-6.464500e+00 -1.118500e+02 1.335630e+03
-5.763200e+00 -1.130507e+02 1.335668e+03
-3.650100e+00 -1.120274e+02 1.335668e+03
-3.623800e+00 -1.131354e+02 1.335684e+03
-5.744000e+00 -1.109988e+02 1.335721e+03
-3.489900e+00 -1.125150e+02 1.335849e+03
-5.206200e+00 -1.134383e+02 1.335872e+03
-6.156200e+00 -1.113723e+02 1.335883e+03
-6.394300e+00 -1.120661e+02 1.335925e+03
-4.325000e+00 -1.113625e+02 1.336022e+03
-4.439000e+00 -1.137075e+02 1.336026e+03
-3.611800e+00 -1.120930e+02 1.336082e+03
-6.101600e+00 -1.125506e+02 1.336115e+03
-6.261200e+00 -1.117348e+02 1.336148e+03
-5.830300e+00 -1.131811e+02 1.336213e+03
-3.296100e+00 -1.130893e+02 1.336224e+03
-5.641500e+00 -1.113859e+02 1.336303e+03
-3.983500e+00 -1.117896e+02 1.336322e+03
-3.658700e+00 -1.138956e+02 1.336374e+03
-6.087500e+00 -1.119513e+02 1.336435e+03
-5.995600e+00 -1.121558e+02 1.336549e+03
-5.769900e+00 -1.116829e+02 1.336576e+03
-5.507400e+00 -1.135308e+02 1.336611e+03
-3.231600e+00 -1.126712e+02 1.336625e+03
-4.377500e+00 -1.117370e+02 1.336644e+03
-5.951600e+00 -1.124816e+02 1.336701e+03
-3.254800e+00 -1.137525e+02 1.336709e+03
-3.088500e+00 -1.132516e+02 1.336710e+03
-4.961800e+00 -1.138465e+02 1.336722e+03
-5.891400e+00 -1.130686e+02 1.336735e+03
-3.877000e+00 -1.143015e+02 1.336915e+03
-3.745700e+00 -1.122308e+02 1.336933e+03
-5.209700e+00 -1.118314e+02 1.336971e+03
-5.717400e+00 -1.121119e+02 1.336986e+03
-2.997800e+00 -1.131236e+02 1.337086e+03
-4.447700e+00 -1.142763e+02 1.337130e+03
-3.257600e+00 -1.142854e+02 1.337193e+03
-4.407100e+00 -1.121687e+02 1.337271e+03
-5.643500e+00 -1.134782e+02 1.337272e+03
-5.844300e+00 -1.126319e+02 1.337309e+03
-5.099000e+00 -1.140015e+02 1.337353e+03
-5.862300e+00 -1.130677e+02 1.337367e+03
-2.992300e+00 -1.136298e+02 1.337414e+03
-5.587200e+00 -1.123002e+02 1.337455e+03
-3.242100e+00 -1.127979e+02 1.337660e+03
-3.282100e+00 -1.146626e+02 1.337723e+03
-2.983900e+00 -1.132551e+02 1.337738e+03
-4.172200e+00 -1.124682e+02 1.337768e+03
-5.615000e+00 -1.124611e+02 1.337776e+03
-5.832200e+00 -1.127919e+02 1.337815e+03
-5.367900e+00 -1.138341e+02 1.337840e+03
-4.942200e+00 -1.124374e+02 1.337890e+03
-5.687000e+00 -1.132789e+02 1.337898e+03
-4.560400e+00 -1.146305e+02 1.337943e+03
-3.905400e+00 -1.148588e+02 1.337973e+03
-4.957200e+00 -1.143483e+02 1.337987e+03
-2.945900e+00 -1.143310e+02 1.337993e+03
-2.926100e+00 -1.138022e+02 1.338055e+03
-5.720800e+00 -1.129530e+02 1.338128e+03
-5.453700e+00 -1.127764e+02 1.338272e+03
-5.534700e+00 -1.131931e+02 1.338382e+03
-2.861600e+00 -1.138996e+02 1.338412e+03
-5.347300e+00 -1.136256e+02 1.338517e+03
-3.616800e+00 -1.129365e+02 1.338554e+03
-3.230000e+00 -1.131558e+02 1.338566e+03
-3.234100e+00 -1.151836e+02 1.338629e+03
-4.492200e+00 -1.128463e+02 1.338639e+03
-5.102100e+00 -1.143246e+02 1.338642e+03
-2.924500e+00 -1.135920e+02 1.338725e+03
-2.725100e+00 -1.149035e+02 1.338729e+03
-2.701300e+00 -1.143277e+02 1.338730e+03
-5.071300e+00 -1.131583e+02 1.338764e+03
-4.689700e+00 -1.148693e+02 1.338787e+03
-4.278000e+00 -1.151681e+02 1.338834e+03
-2.516400e+00 -1.145066e+02 1.339031e+03
-3.206800e+00 -1.154589e+02 1.339076e+03
-3.701700e+00 -1.154896e+02 1.339079e+03
-5.210700e+00 -1.139060e+02 1.339134e+03
-2.715800e+00 -1.152158e+02 1.339135e+03
-4.971200e+00 -1.134380e+02 1.339157e+03
-2.451400e+00 -1.148158e+02 1.339232e+03
-4.493800e+00 -1.132052e+02 1.339271e+03
-3.185600e+00 -1.134961e+02 1.339305e+03
-5.139800e+00 -1.144132e+02 1.339386e+03
-2.411300e+00 -1.144011e+02 1.339407e+03
-2.577900e+00 -1.140808e+02 1.339410e+03
-5.066000e+00 -1.136845e+02 1.339583e+03
-5.225300e+00 -1.141873e+02 1.339591e+03
-2.909900e+00 -1.138027e+02 1.339595e+03
-4.849500e+00 -1.149327e+02 1.339677e+03
-3.941600e+00 -1.157047e+02 1.339689e+03
-4.360000e+00 -1.154350e+02 1.339709e+03
-4.593700e+00 -1.135124e+02 1.339715e+03
-5.221700e+00 -1.140111e+02 1.339729e+03
-3.987700e+00 -1.134209e+02 1.339760e+03
-2.659700e+00 -1.156268e+02 1.339760e+03
-3.142800e+00 -1.159342e+02 1.339767e+03
-2.351900e+00 -1.150221e+02 1.339825e+03
-4.874100e+00 -1.137712e+02 1.339948e+03
-2.740700e+00 -1.139570e+02 1.340021e+03
-5.133100e+00 -1.144622e+02 1.340033e+03
-2.331600e+00 -1.144617e+02 1.340057e+03
-5.070400e+00 -1.140518e+02 1.340105e+03
-3.239900e+00 -1.137350e+02 1.340111e+03
-3.364100e+00 -1.161777e+02 1.340180e+03
-4.477200e+00 -1.154614e+02 1.340285e+03
-2.257100e+00 -1.156065e+02 1.340328e+03
-2.212000e+00 -1.149612e+02 1.340440e+03
-4.972900e+00 -1.143793e+02 1.340444e+03
-4.856900e+00 -1.149016e+02 1.340456e+03
-4.497800e+00 -1.139939e+02 1.340504e+03
-3.899700e+00 -1.160667e+02 1.340611e+03
-2.552000e+00 -1.162435e+02 1.340616e+03
-2.759800e+00 -1.140742e+02 1.340692e+03
-3.726800e+00 -1.139338e+02 1.340763e+03
-2.097600e+00 -1.154675e+02 1.340799e+03
-4.515200e+00 -1.155212e+02 1.340858e+03
-4.758800e+00 -1.145285e+02 1.340882e+03
-2.145400e+00 -1.149340e+02 1.340889e+03
-2.325700e+00 -1.144308e+02 1.340928e+03
-4.785900e+00 -1.150202e+02 1.340974e+03
-2.768300e+00 -1.166985e+02 1.341082e+03
-4.440600e+00 -1.143076e+02 1.341105e+03
-3.219500e+00 -1.167087e+02 1.341111e+03
-2.051900e+00 -1.161138e+02 1.341255e+03
-3.131900e+00 -1.142084e+02 1.341319e+03
-3.981600e+00 -1.143501e+02 1.341411e+03
-4.679300e+00 -1.154467e+02 1.341428e+03
-2.034900e+00 -1.149948e+02 1.341447e+03
-4.491000e+00 -1.146325e+02 1.341466e+03
-1.913700e+00 -1.155805e+02 1.341498e+03
-4.711200e+00 -1.150322e+02 1.341516e+03
-4.342600e+00 -1.160778e+02 1.341607e+03
-2.505900e+00 -1.144436e+02 1.341651e+03
-3.764100e+00 -1.167896e+02 1.341766e+03
-2.169400e+00 -1.167665e+02 1.341803e+03
-4.285900e+00 -1.149743e+02 1.342061e+03
-1.789900e+00 -1.155623e+02 1.342068e+03
-2.521300e+00 -1.172118e+02 1.342104e+03
-3.445100e+00 -1.146171e+02 1.342106e+03
-4.612700e+00 -1.156388e+02 1.342133e+03
-1.712500e+00 -1.161347e+02 1.342135e+03
-4.483300e+00 -1.161849e+02 1.342233e+03
-1.910500e+00 -1.151153e+02 1.342242e+03
-3.219800e+00 -1.174166e+02 1.342315e+03
-2.686700e+00 -1.146754e+02 1.342425e+03
-4.264300e+00 -1.167426e+02 1.342554e+03
-4.451400e+00 -1.153885e+02 1.342565e+03
-4.593700e+00 -1.157034e+02 1.342646e+03
-1.708000e+00 -1.167529e+02 1.342660e+03
-1.587300e+00 -1.162194e+02 1.342739e+03
-2.078000e+00 -1.173070e+02 1.342740e+03
-1.657400e+00 -1.156956e+02 1.342744e+03
-3.851900e+00 -1.151004e+02 1.342778e+03
-2.118000e+00 -1.150064e+02 1.342785e+03
-3.891500e+00 -1.173929e+02 1.342798e+03
-3.094100e+00 -1.148334e+02 1.342798e+03
-4.528600e+00 -1.161531e+02 1.342800e+03
-4.363600e+00 -1.156377e+02 1.342992e+03
-2.606500e+00 -1.179001e+02 1.343055e+03
-4.531900e+00 -1.162849e+02 1.343228e+03
-4.421800e+00 -1.159860e+02 1.343283e+03
-1.472900e+00 -1.167368e+02 1.343339e+03
-1.666900e+00 -1.156259e+02 1.343350e+03
-2.565300e+00 -1.150615e+02 1.343353e+03
-1.467400e+00 -1.162107e+02 1.343373e+03
-4.206000e+00 -1.174359e+02 1.343405e+03
-4.407800e+00 -1.167213e+02 1.343419e+03
-3.840000e+00 -1.179004e+02 1.343454e+03
-4.374200e+00 -1.161425e+02 1.343465e+03
-3.235800e+00 -1.152020e+02 1.343478e+03
-1.934500e+00 -1.179320e+02 1.343551e+03
-3.293900e+00 -1.182412e+02 1.343566e+03
-3.969900e+00 -1.157095e+02 1.343630e+03
-4.345200e+00 -1.174667e+02 1.343890e+03
-1.458500e+00 -1.175710e+02 1.343891e+03
-4.175500e+00 -1.178585e+02 1.343901e+03
-1.627300e+00 -1.179801e+02 1.343916e+03
-2.034500e+00 -1.155052e+02 1.343921e+03
-4.349500e+00 -1.167193e+02 1.343938e+03
-1.321100e+00 -1.167107e+02 1.343939e+03
-2.706800e+00 -1.153595e+02 1.343954e+03
-1.518600e+00 -1.160384e+02 1.343965e+03
-4.229400e+00 -1.163213e+02 1.343981e+03
-3.831700e+00 -1.182785e+02 1.344071e+03
-2.052300e+00 -1.186493e+02 1.344201e+03
-2.651600e+00 -1.188341e+02 1.344275e+03
-1.550600e+00 -1.183540e+02 1.344329e+03
-4.377300e+00 -1.173062e+02 1.344360e+03
-1.375500e+00 -1.162882e+02 1.344442e+03
-3.238400e+00 -1.188389e+02 1.344447e+03
-1.159000e+00 -1.167520e+02 1.344455e+03
-4.320800e+00 -1.168408e+02 1.344497e+03
-2.466700e+00 -1.156774e+02 1.344534e+03
-4.199300e+00 -1.180697e+02 1.344559e+03
-3.914300e+00 -1.162406e+02 1.344571e+03
-1.862800e+00 -1.158465e+02 1.344609e+03
-3.281700e+00 -1.159453e+02 1.344622e+03
-3.771700e+00 -1.186729e+02 1.344672e+03
-9.601000e-01 -1.173756e+02 1.344805e+03
-9.649000e-01 -1.179448e+02 1.344927e+03
-2.245900e+00 -1.158722e+02 1.345009e+03
-3.319000e+00 -1.192494e+02 1.345059e+03
-4.033100e+00 -1.186183e+02 1.345059e+03
-1.524600e+00 -1.161451e+02 1.345060e+03
-4.325400e+00 -1.173194e+02 1.345084e+03
-4.155700e+00 -1.168618e+02 1.345126e+03
-2.114200e+00 -1.194486e+02 1.345180e+03
-4.283600e+00 -1.178675e+02 1.345204e+03
-9.538000e-01 -1.184700e+02 1.345302e+03
-9.061000e-01 -1.167604e+02 1.345342e+03
-2.687400e+00 -1.196451e+02 1.345403e+03
-1.509700e+00 -1.192740e+02 1.345407e+03
-2.617200e+00 -1.162101e+02 1.345416e+03
-3.815300e+00 -1.191581e+02 1.345504e+03
-1.929600e+00 -1.161729e+02 1.345580e+03
-3.790700e+00 -1.168266e+02 1.345582e+03
-4.145600e+00 -1.185091e+02 1.345656e+03
-1.300700e+00 -1.163561e+02 1.345690e+03
-4.174100e+00 -1.180168e+02 1.345706e+03
-4.162300e+00 -1.175709e+02 1.345737e+03
-8.856000e-01 -1.165923e+02 1.345785e+03
-4.981000e-01 -1.180291e+02 1.345827e+03
-7.017000e-01 -1.186704e+02 1.345859e+03
-3.269300e+00 -1.198132e+02 1.345870e+03
-4.037000e-01 -1.175153e+02 1.345929e+03
-3.986900e+00 -1.173047e+02 1.346004e+03
-3.210300e+00 -1.168602e+02 1.346034e+03
-9.351000e-01 -1.165243e+02 1.346188e+03
-5.250000e-01 -1.167777e+02 1.346272e+03
-3.154600e+00 -1.201111e+02 1.346276e+03
-4.133800e+00 -1.190605e+02 1.346333e+03
-3.950100e+00 -1.176658e+02 1.346376e+03
-4.105400e+00 -1.181309e+02 1.346377e+03
-4.191600e+00 -1.186141e+02 1.346383e+03
-1.954100e+00 -1.203187e+02 1.346403e+03
-3.797900e+00 -1.197210e+02 1.346419e+03
-7.558000e-01 -1.193816e+02 1.346430e+03
-1.415000e+00 -1.164985e+02 1.346440e+03
-3.663500e+00 -1.174459e+02 1.346554e+03
-1.341200e+00 -1.201175e+02 1.346555e+03
-2.714600e+00 -1.204623e+02 1.346581e+03
-2.238800e+00 -1.168118e+02 1.346619e+03
-2.284000e-01 -1.185857e+02 1.346645e+03
-1.331000e-01 -1.171914e+02 1.346666e+03
-3.266300e+00 -1.203573e+02 1.346734e+03
-4.227100e+00 -1.186724e+02 1.346778e+03
-3.862600e+00 -1.178891e+02 1.346928e+03
5.850000e-02 -1.178938e+02 1.346951e+03
-7.300000e-01 -1.166026e+02 1.346958e+03
-2.279000e-01 -1.167845e+02 1.346982e+03
-3.925500e+00 -1.198023e+02 1.346993e+03
-2.925600e+00 -1.173759e+02 1.347082e+03
-4.153200e+00 -1.192895e+02 1.347106e+03
-1.663000e-01 -1.192679e+02 1.347226e+03
-1.367700e+00 -1.167955e+02 1.347274e+03
-3.687500e+00 -1.203061e+02 1.347290e+03
-3.402000e-01 -1.198159e+02 1.347326e+03
-4.127800e+00 -1.185464e+02 1.347334e+03
-9.464000e-01 -1.206168e+02 1.347340e+03
-3.403400e+00 -1.177109e+02 1.347342e+03
-1.410000e-02 -1.169333e+02 1.347499e+03
-3.975400e+00 -1.198835e+02 1.347510e+03
-1.433300e+00 -1.211720e+02 1.347604e+03
-3.287800e+00 -1.209454e+02 1.347621e+03
-3.367000e-01 -1.166199e+02 1.347636e+03
2.475000e-01 -1.175354e+02 1.347646e+03
-4.203000e+00 -1.191577e+02 1.347652e+03
-3.801800e+00 -1.181207e+02 1.347664e+03
3.315000e-01 -1.180184e+02 1.347681e+03
-2.018800e+00 -1.214516e+02 1.347711e+03
3.518000e-01 -1.185660e+02 1.347751e+03
-1.887300e+00 -1.173550e+02 1.347870e+03
-2.697300e+00 -1.177490e+02 1.347906e+03
-2.667100e+00 -1.215421e+02 1.347920e+03
2.635000e-01 -1.193146e+02 1.347953e+03
-1.168000e-01 -1.167834e+02 1.347976e+03
-4.089000e+00 -1.197308e+02 1.348056e+03
-8.973000e-01 -1.168767e+02 1.348069e+03
-3.870100e+00 -1.204059e+02 1.348082e+03
-4.001500e+00 -1.186468e+02 1.348082e+03
2.040000e-02 -1.201341e+02 1.348103e+03
4.727000e-01 -1.180505e+02 1.348110e+03
-3.399000e-01 -1.209117e+02 1.348151e+03
-4.090400e+00 -1.191784e+02 1.348171e+03
-3.204400e+00 -1.181089e+02 1.348191e+03
5.223000e-01 -1.185008e+02 1.348193e+03
1.611000e-01 -1.172212e+02 1.348202e+03
-3.557900e+00 -1.211411e+02 1.348256e+03
-3.105000e+00 -1.216299e+02 1.348332e+03
5.548000e-01 -1.179113e+02 1.348585e+03
-3.719400e+00 -1.187356e+02 1.348626e+03
-1.359200e+00 -1.174570e+02 1.348644e+03
-7.902000e-01 -1.218815e+02 1.348651e+03
-2.411000e-01 -1.169945e+02 1.348673e+03
-2.063800e+00 -1.223620e+02 1.348684e+03
-3.958400e+00 -1.191841e+02 1.348689e+03
-2.806100e+00 -1.221566e+02 1.348714e+03
6.317000e-01 -1.193728e+02 1.348736e+03
3.900000e-01 -1.201895e+02 1.348747e+03
7.139000e-01 -1.186098e+02 1.348751e+03
-3.977200e+00 -1.203619e+02 1.348787e+03
-3.830300e+00 -1.210393e+02 1.348821e+03
-4.002600e+00 -1.197586e+02 1.348822e+03
2.887000e-01 -1.174665e+02 1.348889e+03
-3.176800e+00 -1.186380e+02 1.348901e+03
-1.514300e+00 -1.224939e+02 1.348977e+03
-3.650500e+00 -1.215439e+02 1.348997e+03
-3.249600e+00 -1.220596e+02 1.349085e+03
-2.123900e+00 -1.182596e+02 1.349087e+03
-2.653000e-01 -1.220085e+02 1.349121e+03
2.831000e-01 -1.210648e+02 1.349204e+03
-3.969800e+00 -1.200328e+02 1.349229e+03
2.250000e-02 -1.172824e+02 1.349244e+03
-2.589000e+00 -1.226949e+02 1.349245e+03
-3.865200e+00 -1.195583e+02 1.349249e+03
6.111000e-01 -1.179882e+02 1.349300e+03
6.103000e-01 -1.203939e+02 1.349311e+03
8.258000e-01 -1.185593e+02 1.349335e+03
8.541000e-01 -1.192330e+02 1.349345e+03
7.903000e-01 -1.198538e+02 1.349362e+03
-3.964800e+00 -1.208586e+02 1.349379e+03
-3.976600e+00 -1.202926e+02 1.349390e+03
2.584000e-01 -1.175890e+02 1.349420e+03
-9.139000e-01 -1.176963e+02 1.349524e+03
-1.431800e+00 -1.181157e+02 1.349528e+03
-3.270600e+00 -1.192913e+02 1.349598e+03
-3.804400e+00 -1.198993e+02 1.349703e+03
-9.900000e-02 -1.175901e+02 1.349831e+03
2.166000e-01 -1.220405e+02 1.349853e+03
-3.985300e+00 -1.205291e+02 1.349853e+03
-1.437100e+00 -1.183704e+02 1.349864e+03
8.208000e-01 -1.204180e+02 1.349879e+03
4.181000e-01 -1.180294e+02 1.349898e+03
-3.825400e+00 -1.216531e+02 1.349899e+03
8.975000e-01 -1.198151e+02 1.349900e+03
6.557000e-01 -1.210528e+02 1.349914e+03
-3.984300e+00 -1.210028e+02 1.349928e+03
7.677000e-01 -1.185700e+02 1.349937e+03
4.816000e-01 -1.215757e+02 1.349957e+03
8.957000e-01 -1.191805e+02 1.349958e+03
-3.293800e+00 -1.226985e+02 1.349962e+03
-2.023800e+00 -1.234007e+02 1.349983e+03
-3.827000e+00 -1.201211e+02 1.350055e+03
-8.618000e-01 -1.232260e+02 1.350147e+03
-1.833000e-01 -1.228377e+02 1.350191e+03
-2.112300e+00 -1.191894e+02 1.350377e+03
-3.278400e+00 -1.198357e+02 1.350387e+03
6.758000e-01 -1.216634e+02 1.350433e+03
-3.772100e+00 -1.223495e+02 1.350443e+03
-3.888200e+00 -1.204329e+02 1.350465e+03
9.179000e-01 -1.197136e+02 1.350502e+03
2.169000e-01 -1.182289e+02 1.350520e+03
5.819000e-01 -1.186590e+02 1.350523e+03
8.760000e-01 -1.210714e+02 1.350532e+03
-3.992600e+00 -1.210660e+02 1.350573e+03
8.237000e-01 -1.192067e+02 1.350591e+03
-3.236100e+00 -1.233119e+02 1.350598e+03
-4.012400e+00 -1.215613e+02 1.350676e+03
-3.535500e+00 -1.229721e+02 1.350709e+03
-9.325000e-01 -1.186503e+02 1.350753e+03
-1.478200e+00 -1.239080e+02 1.350789e+03
-2.719300e+00 -1.237699e+02 1.350817e+03
3.594000e-01 -1.228001e+02 1.350842e+03
9.379000e-01 -1.204208e+02 1.350865e+03
6.613000e-01 -1.222588e+02 1.350887e+03
-3.552600e+00 -1.203376e+02 1.351005e+03
-4.056700e+00 -1.215450e+02 1.351035e+03
8.592000e-01 -1.197182e+02 1.351036e+03
3.492000e-01 -1.187316e+02 1.351038e+03
9.738000e-01 -1.211718e+02 1.351047e+03
8.982000e-01 -1.216551e+02 1.351062e+03
-3.794200e+00 -1.226986e+02 1.351080e+03
6.535000e-01 -1.192327e+02 1.351146e+03
-3.900900e+00 -1.208492e+02 1.351152e+03
-3.997500e+00 -1.221436e+02 1.351217e+03
-2.567700e+00 -1.199595e+02 1.351223e+03
-1.144000e-01 -1.186672e+02 1.351290e+03
-2.664000e-01 -1.239182e+02 1.351535e+03
-1.336400e+00 -1.196001e+02 1.351565e+03
1.024000e+00 -1.212810e+02 1.351617e+03
7.836000e-01 -1.198356e+02 1.351631e+03
-3.643700e+00 -1.233374e+02 1.351667e+03
4.175000e-01 -1.192052e+02 1.351673e+03
-4.028600e+00 -1.215815e+02 1.351676e+03
9.785000e-01 -1.221381e+02 1.351707e+03
-3.805800e+00 -1.209842e+02 1.351708e+03
-3.275300e+00 -1.239007e+02 1.351709e+03
7.485000e-01 -1.228500e+02 1.351722e+03
-3.852100e+00 -1.229194e+02 1.351774e+03
9.641000e-01 -1.205521e+02 1.351794e+03
-7.990000e-01 -1.244303e+02 1.351836e+03
-4.050200e+00 -1.222052e+02 1.351898e+03
3.649000e-01 -1.235625e+02 1.351922e+03
-3.228700e+00 -1.207137e+02 1.351960e+03
-4.833000e-01 -1.194456e+02 1.352043e+03
-4.030900e+00 -1.221393e+02 1.352235e+03
-1.987600e+00 -1.248323e+02 1.352235e+03
6.226000e-01 -1.197468e+02 1.352236e+03
1.176000e+00 -1.217246e+02 1.352301e+03
-3.984000e+00 -1.227215e+02 1.352321e+03
1.057500e+00 -1.227090e+02 1.352327e+03
8.884000e-01 -1.203152e+02 1.352342e+03
-2.628000e-01 -1.245412e+02 1.352353e+03
-2.088100e+00 -1.205131e+02 1.352355e+03
1.086600e+00 -1.210295e+02 1.352360e+03
1.185800e+00 -1.222880e+02 1.352394e+03
-4.018500e+00 -1.218218e+02 1.352426e+03
-3.842800e+00 -1.214340e+02 1.352429e+03
-3.803200e+00 -1.234503e+02 1.352462e+03
-1.385600e+00 -1.249640e+02 1.352466e+03
2.960000e-01 -1.196894e+02 1.352508e+03
-3.596200e+00 -1.240343e+02 1.352642e+03
1.451000e-01 -1.244230e+02 1.352748e+03
-4.006000e+00 -1.222780e+02 1.352765e+03
-2.657100e+00 -1.249450e+02 1.352799e+03
9.467000e-01 -1.233648e+02 1.352829e+03
1.237500e+00 -1.214999e+02 1.352851e+03
-9.714000e-01 -1.204803e+02 1.352907e+03
-3.812400e+00 -1.216413e+02 1.352922e+03
1.226600e+00 -1.227761e+02 1.352930e+03
-3.903700e+00 -1.218423e+02 1.352936e+03
1.055500e+00 -1.209289e+02 1.352940e+03
-2.572000e-01 -1.248749e+02 1.352986e+03
1.309800e+00 -1.221962e+02 1.353056e+03
6.241000e-01 -1.240884e+02 1.353101e+03
6.883000e-01 -1.204573e+02 1.353109e+03
-3.888400e+00 -1.234180e+02 1.353174e+03
-3.186900e+00 -1.247753e+02 1.353187e+03
-3.208000e+00 -1.215452e+02 1.353205e+03
-3.957800e+00 -1.228057e+02 1.353217e+03
3.073000e-01 -1.203894e+02 1.353327e+03
-3.735400e+00 -1.240470e+02 1.353353e+03
-1.573000e-01 -1.204346e+02 1.353354e+03
-8.771000e-01 -1.253231e+02 1.353369e+03
9.946000e-01 -1.210392e+02 1.353425e+03
-1.851600e+00 -1.212442e+02 1.353464e+03
1.217100e+00 -1.216508e+02 1.353469e+03
1.297300e+00 -1.228674e+02 1.353481e+03
-3.807800e+00 -1.222703e+02 1.353495e+03
1.330700e+00 -1.222247e+02 1.353621e+03
9.090000e-01 -1.239975e+02 1.353655e+03
1.178500e+00 -1.234353e+02 1.353656e+03
-3.474700e+00 -1.246614e+02 1.353671e+03
3.983000e-01 -1.246849e+02 1.353730e+03
-2.679100e+00 -1.255065e+02 1.353989e+03
-3.812100e+00 -1.233780e+02 1.354010e+03
1.236100e+00 -1.221454e+02 1.354056e+03
-3.057500e+00 -1.252559e+02 1.354109e+03
1.066700e+00 -1.239662e+02 1.354114e+03
-2.386200e+00 -1.218711e+02 1.354117e+03
1.270700e+00 -1.233430e+02 1.354122e+03
1.318800e+00 -1.227852e+02 1.354151e+03
-3.742000e+00 -1.227678e+02 1.354155e+03
-3.585300e+00 -1.245553e+02 1.354174e+03
3.679000e-01 -1.211068e+02 1.354203e+03
9.120000e-01 -1.215191e+02 1.354205e+03
-3.276800e+00 -1.222527e+02 1.354209e+03
-3.717100e+00 -1.240996e+02 1.354264e+03
-1.224000e+00 -1.216293e+02 1.354290e+03
-1.924000e-01 -1.254232e+02 1.354321e+03
-1.372400e+00 -1.259549e+02 1.354435e+03
-3.379000e+00 -1.225597e+02 1.354533e+03
-2.129900e+00 -1.259756e+02 1.354575e+03
1.301800e+00 -1.234518e+02 1.354624e+03
8.887000e-01 -1.245588e+02 1.354664e+03
-3.676800e+00 -1.233929e+02 1.354664e+03
-3.306800e+00 -1.250724e+02 1.354665e+03
1.146800e+00 -1.223058e+02 1.354709e+03
-3.553700e+00 -1.246466e+02 1.354723e+03
-2.504200e+00 -1.223688e+02 1.354726e+03
-3.542100e+00 -1.230355e+02 1.354762e+03
1.203300e+00 -1.239800e+02 1.354816e+03
-3.655600e+00 -1.239314e+02 1.354819e+03
-3.154800e+00 -1.227441e+02 1.354821e+03
-2.804700e+00 -1.257100e+02 1.354836e+03
1.313800e+00 -1.228281e+02 1.354853e+03
4.782000e-01 -1.251500e+02 1.354853e+03
8.927000e-01 -1.219142e+02 1.354934e+03
-7.427000e-01 -1.260679e+02 1.355090e+03
-3.529600e+00 -1.246437e+02 1.355251e+03
-1.992000e-01 -1.218815e+02 1.355269e+03
9.596000e-01 -1.221885e+02 1.355273e+03
1.206600e+00 -1.226593e+02 1.355317e+03
-3.252400e+00 -1.253434e+02 1.355319e+03
-3.517800e+00 -1.238971e+02 1.355331e+03
1.336300e+00 -1.234041e+02 1.355335e+03
-2.593200e+00 -1.261234e+02 1.355396e+03
6.277000e-01 -1.219679e+02 1.355440e+03
1.088500e+00 -1.246693e+02 1.355447e+03
1.305400e+00 -1.239973e+02 1.355457e+03
-3.208200e+00 -1.233869e+02 1.355497e+03
-1.874000e-01 -1.261246e+02 1.355729e+03
9.850000e-01 -1.224056e+02 1.355752e+03
-2.557400e+00 -1.230406e+02 1.355758e+03
3.810000e-01 -1.257848e+02 1.355809e+03
-3.030000e+00 -1.258524e+02 1.355811e+03
-1.244300e+00 -1.226052e+02 1.355864e+03
9.357000e-01 -1.251972e+02 1.355871e+03
1.225300e+00 -1.245637e+02 1.355895e+03
-3.357600e+00 -1.240161e+02 1.355900e+03
-3.433300e+00 -1.251753e+02 1.355951e+03
1.321000e+00 -1.240703e+02 1.355955e+03
-3.468400e+00 -1.244939e+02 1.355999e+03
1.189800e+00 -1.229594e+02 1.356035e+03
-1.475600e+00 -1.266604e+02 1.356052e+03
1.313900e+00 -1.234524e+02 1.356174e+03
-2.052300e+00 -1.266129e+02 1.356220e+03
-2.887100e+00 -1.234939e+02 1.356239e+03
-2.611900e+00 -1.263945e+02 1.356306e+03
1.323400e+00 -1.239797e+02 1.356407e+03
-3.270000e-01 -1.225530e+02 1.356408e+03
-8.801000e-01 -1.267040e+02 1.356433e+03
-3.457000e-01 -1.265545e+02 1.356436e+03
1.216800e+00 -1.233508e+02 1.356500e+03
-3.175800e+00 -1.240706e+02 1.356551e+03
1.291400e+00 -1.246088e+02 1.356589e+03
-3.191200e+00 -1.257516e+02 1.356601e+03
1.208100e+00 -1.252577e+02 1.356663e+03
-3.419400e+00 -1.247780e+02 1.356674e+03
-5.760000e-01 -1.227739e+02 1.356674e+03
2.286000e-01 -1.226096e+02 1.356739e+03
8.153000e-01 -1.228190e+02 1.356741e+03
-3.386100e+00 -1.253274e+02 1.356762e+03
9.320000e-01 -1.259199e+02 1.356843e+03
3.450000e-01 -1.264814e+02 1.356961e+03
-9.228000e-01 -1.230357e+02 1.357015e+03
1.219000e+00 -1.239131e+02 1.357031e+03
1.044800e+00 -1.234244e+02 1.357101e+03
-2.725700e+00 -1.238056e+02 1.357122e+03
1.289900e+00 -1.246061e+02 1.357139e+03
1.282600e+00 -1.252318e+02 1.357170e+03
-2.788600e+00 -1.263430e+02 1.357173e+03
-1.931000e-01 -1.268252e+02 1.357186e+03
-3.298000e-01 -1.229175e+02 1.357195e+03
1.205700e+00 -1.257860e+02 1.357263e+03
-1.910400e+00 -1.234963e+02 1.357323e+03
-1.355000e+00 -1.270674e+02 1.357341e+03
-7.266000e-01 -1.269874e+02 1.357378e+03
-3.278900e+00 -1.250472e+02 1.357548e+03
-2.116400e+00 -1.269907e+02 1.357549e+03
-3.110000e+00 -1.244693e+02 1.357583e+03
1.284100e+00 -1.251310e+02 1.357655e+03
9.980000e-01 -1.263064e+02 1.357735e+03
-1.948000e-01 -1.269619e+02 1.357740e+03
4.477000e-01 -1.232883e+02 1.357764e+03
4.611000e-01 -1.267666e+02 1.357783e+03
1.240800e+00 -1.257005e+02 1.357791e+03
1.053400e+00 -1.240903e+02 1.357859e+03
1.207200e+00 -1.246874e+02 1.357944e+03
-3.137800e+00 -1.257583e+02 1.357998e+03
-1.762000e-01 -1.233938e+02 1.358092e+03
-1.043500e+00 -1.235430e+02 1.358116e+03
-2.518600e+00 -1.268496e+02 1.358140e+03
7.849000e-01 -1.238538e+02 1.358140e+03
-3.148400e+00 -1.251543e+02 1.358201e+03
2.533000e-01 -1.269019e+02 1.358252e+03
-1.557900e+00 -1.274041e+02 1.358297e+03
-3.061700e+00 -1.247365e+02 1.358304e+03
-2.897900e+00 -1.264203e+02 1.358323e+03
1.218000e+00 -1.253773e+02 1.358345e+03
8.716000e-01 -1.265516e+02 1.358364e+03
-2.690300e+00 -1.242883e+02 1.358391e+03
1.154500e+00 -1.260034e+02 1.358418e+03
1.015900e+00 -1.245549e+02 1.358522e+03
-8.123000e-01 -1.275021e+02 1.358664e+03
2.432000e-01 -1.239847e+02 1.358742e+03
-2.724000e-01 -1.238911e+02 1.358909e+03
1.047800e+00 -1.251432e+02 1.358925e+03
4.342000e-01 -1.269412e+02 1.358930e+03
1.105300e+00 -1.257064e+02 1.358934e+03
9.843000e-01 -1.262384e+02 1.358941e+03
-2.000900e+00 -1.275982e+02 1.358965e+03
7.463000e-01 -1.245982e+02 1.358983e+03
-3.145500e+00 -1.252509e+02 1.359004e+03
-2.973800e+00 -1.247000e+02 1.359022e+03
-2.756800e+00 -1.269772e+02 1.359102e+03
-1.249200e+00 -1.240477e+02 1.359156e+03
-6.632000e-01 -1.240142e+02 1.359237e+03
-3.217900e+00 -1.258524e+02 1.359262e+03
3.969000e-01 -1.245295e+02 1.359275e+03
-1.880000e-01 -1.277573e+02 1.359368e+03
-1.955400e+00 -1.242613e+02 1.359424e+03
7.290000e-01 -1.250341e+02 1.359430e+03
-1.079000e-01 -1.242903e+02 1.359456e+03
6.844000e-01 -1.269425e+02 1.359466e+03
8.789000e-01 -1.265314e+02 1.359536e+03
-2.765800e+00 -1.246125e+02 1.359557e+03
9.499000e-01 -1.257828e+02 1.359608e+03
-3.193900e+00 -1.264136e+02 1.359657e+03
-1.479600e+00 -1.283728e+02 1.359662e+03
-1.013500e+00 -1.283902e+02 1.359766e+03
4.292000e-01 -1.276444e+02 1.359806e+03
-2.554300e+00 -1.277089e+02 1.359844e+03
2.986000e-01 -1.248013e+02 1.359868e+03
-2.038400e+00 -1.283248e+02 1.359897e+03
-4.351000e-01 -1.283219e+02 1.359905e+03
-1.300000e-03 -1.281560e+02 1.359927e+03
2.424000e-01 -1.281257e+02 1.360057e+03
-8.745000e-01 -1.286449e+02 1.360063e+03
9.134000e-01 -1.270414e+02 1.360085e+03
-3.058100e+00 -1.271260e+02 1.360112e+03
-1.855700e+00 -1.286298e+02 1.360141e+03
2.180000e-01 -1.282027e+02 1.360149e+03
-1.062900e+00 -1.243805e+02 1.360161e+03
-7.253000e-01 -1.285312e+02 1.360164e+03
7.151000e-01 -1.254382e+02 1.360194e+03
-3.187300e+00 -1.251279e+02 1.360201e+03
3.390000e-01 -1.281248e+02 1.360240e+03
8.536000e-01 -1.275250e+02 1.360258e+03
-2.504100e+00 -1.280891e+02 1.360294e+03
9.278000e-01 -1.258632e+02 1.360328e+03
-2.940900e+00 -1.275296e+02 1.360395e+03
-2.609200e+00 -1.280119e+02 1.360411e+03
-3.387500e+00 -1.258628e+02 1.360414e+03
1.025500e+00 -1.273441e+02 1.360417e+03
1.049200e+00 -1.265346e+02 1.360434e+03
6.395000e-01 -1.278126e+02 1.360435e+03
-3.444000e-01 -1.245871e+02 1.360504e+03
-1.696800e+00 -1.276758e+02 1.360507e+03
1.008000e+00 -1.272050e+02 1.360579e+03
-3.217700e+00 -1.271778e+02 1.360596e+03
-3.125500e+00 -1.273856e+02 1.360620e+03
2.027000e-01 -1.273655e+02 1.360624e+03
-3.381800e+00 -1.268210e+02 1.360667e+03
1.169700e+00 -1.269381e+02 1.360744e+03
-3.458100e+00 -1.264018e+02 1.360784e+03
-3.167500e+00 -1.269448e+02 1.360791e+03
1.034000e+00 -1.267736e+02 1.360816e+03
9.910000e-01 -1.260377e+02 1.360820e+03
3.099000e-01 -1.251590e+02 1.360856e+03
-2.631800e+00 -1.247186e+02 1.360873e+03
-1.516500e+00 -1.245109e+02 1.360907e+03
-2.048700e+00 -1.245732e+02 1.360944e+03
-3.466800e+00 -1.255331e+02 1.360966e+03
-3.554300e+00 -1.265645e+02 1.360982e+03
7.436000e-01 -1.256599e+02 1.360987e+03
7.556000e-01 -1.261177e+02 1.361081e+03
-3.363500e+00 -1.260330e+02 1.361118e+03
-5.164000e-01 -1.259508e+02 1.361120e+03
-3.238700e+00 -1.251513e+02 1.361143e+03
5.802000e-01 -1.254857e+02 1.361175e+03
9.264000e-01 -1.258152e+02 1.361188e+03
-3.332200e+00 -1.254697e+02 1.361273e+03
-2.241000e+00 -1.256047e+02 1.361309e+03
-9.236000e-01 -1.245450e+02 1.361338e+03
3.278000e-01 -1.252965e+02 1.361365e+03
-2.891100e+00 -1.249017e+02 1.361454e+03
-1.798800e+00 -1.245770e+02 1.361474e+03
-2.898700e+00 -1.251929e+02 1.361480e+03
-4.396000e-01 -1.246530e+02 1.361533e+03
-2.082700e+00 -1.246200e+02 1.361589e+03
-2.368200e+00 -1.247651e+02 1.361615e+03
-1.606600e+00 -1.245932e+02 1.361706e+03
-9.561000e-01 -1.247160e+02 1.361707e+03
-1.015600e+00 -1.244427e+02 1.361865e+03
))

(0 "Boundary and interior triangles:")
(13 (0 1 bf2 0))
(13 (3 1 b8e 3 3)(
5d4 5dd 5d8 0 0
5d4 5e0 5dd 0 0
5c4 5d4 5d8 0 0
5b6 5d4 5c4 0 0
5c4 5d8 5d3 0 0
5c4 5b5 5b6 0 0
5cd 5c4 5d3 0 0
5c4 5bc 5b5 0 0
5b5 5a5 5b6 0 0
5c4 5cd 5bc 0 0
5cd 5d3 5d5 0 0
5b8 5b6 5a7 0 0
5cf 5b8 5ca 0 0
5bc 5a5 5b5 0 0
5a5 5a7 5b6 0 0
5a6 5b8 5a7 0 0
5b8 5b3 5ca 0 0
5a4 5b8 5a6 0 0
59f 5a6 5a7 0 0
5b3 5b8 5a4 0 0
5ca 5b3 5be 0 0
5e2 5ca 5be 0 0
5e2 5ed 5e8 0 0
5a4 5a6 59c 0 0
5a6 59f 59c 0 0
59f 5a7 59d 0 0
5b0 5be 5b3 0 0
5d6 5e2 5be 0 0
5e2 5f2 5ed 0 0
59f 58f 59c 0 0
59f 59d 58b 0 0
5b0 5b3 5a9 0 0
5be 5b0 5b4 0 0
5d6 5be 5b4 0 0
5a1 58c 598 0 0
58f 58a 59c 0 0
5a2 5b0 5a9 0 0
596 5a9 5a0 0 0
5b4 5ae 5d6 0 0
5a1 586 58c 0 0
58c 58e 598 0 0
5a1 5bb 5ba 0 0
58e 579 58b 0 0
5a2 5a9 596 0 0
5a0 590 596 0 0
5a3 5ae 5b4 0 0
5ae 5c8 5d6 0 0
586 581 58c 0 0
5bb 5c0 5c3 0 0
58b 579 578 0 0
591 590 5a0 0 0
58b 578 583 0 0
58d 5a2 596 0 0
5c8 5f1 5d6 0 0
5ae 5ad 5c8 0 0
579 55b 578 0 0
594 5ad 5ae 0 0
5e4 5f1 5c8 0 0
5f1 5fb 5f6 0 0
56c 586 585 0 0
585 599 588 0 0
581 56d 579 0 0
5a8 588 599 0 0
558 55b 579 0 0
578 55b 55e 0 0
57b 57c 590 0 0
5e4 5f9 5f1 0 0
565 56c 585 0 0
56d 558 579 0 0
558 538 55b 0 0
549 55e 55b 0 0
5e4 5f4 5f9 0 0
5b2 5e5 5e4 0 0
5a8 5bf 5bd 0 0
5bd 5ac 5a8 0 0
54b 538 558 0 0
538 549 55b 0 0
582 574 57a 0 0
574 55d 57a 0 0
575 56b 582 0 0
554 575 576 0 0
55d 55a 584 0 0
584 59e 5b2 0 0
5e5 5f4 5e4 0 0
5c5 5ac 5bd 0 0
59b 595 5ac 0 0
51e 538 54b 0 0
549 538 528 0 0
55f 55e 555 0 0
56b 574 582 0 0
55d 574 56b 0 0
54d 56b 575 0 0
554 54d 575 0 0
554 576 559 0 0
542 55a 55d 0 0
584 57d 59e 0 0
59e 5b7 5b2 0 0
5e5 5f7 5f4 0 0
539 51e 54b 0 0
5ac 5c5 5b9 0 0
5bd 5d0 5c5 0 0
59b 580 595 0 0
59b 5ac 5b9 0 0
538 51e 513 0 0
513 528 538 0 0
53d 549 528 0 0
54d 55d 56b 0 0
533 54d 554 0 0
559 54e 554 0 0
542 546 55a 0 0
537 542 55d 0 0
55a 557 568 0 0
59e 57d 589 0 0
5b7 59e 5ab 0 0
5e3 5b7 5cb 0 0
539 506 51e 0 0
569 553 567 0 0
5bd 5ce 5d0 0 0
5b9 5c5 5dc 0 0
580 59b 592 0 0
513 509 528 0 0
54d 537 55d 0 0
533 51d 54d 0 0
533 554 534 0 0
54f 559 564 0 0
54f 54e 559 0 0
554 54e 54a 0 0
542 53a 546 0 0
55a 546 557 0 0
537 52e 542 0 0
57d 568 56f 0 0
57d 56f 589 0 0
59e 589 59a 0 0
59e 59a 5ab 0 0
506 4f3 51e 0 0
55c 553 569 0 0
571 580 592 0 0
5d2 5af 5b9 0 0
4ff 509 513 0 0
528 509 515 0 0
53d 52d 544 0 0
51d 537 54d 0 0
51b 51d 533 0 0
54a 534 554 0 0
54e 540 54a 0 0
542 535 53a 0 0
543 546 53a 0 0
537 520 52e 0 0
52e 535 542 0 0
551 560 557 0 0
589 56f 573 0 0
4d5 506 4f9 0 0
53b 50b 4f9 0 0
547 52c 529 0 0
50b 53b 529 0 0
571 561 55c 0 0
5b9 5de 5d2 0 0
4e6 4ff 4f3 0 0
4f5 515 509 0 0
528 515 525 0 0
51d 50e 537 0 0
534 521 51f 0 0
531 53a 535 0 0
531 543 53a 0 0
520 537 50e 0 0
520 519 52e 0 0
519 535 52e 0 0
563 56f 560 0 0
563 573 56f 0 0
587 597 59a 0 0
4c4 4e6 4f3 0 0
4c2 4d5 4f9 0 0
4f9 50b 4d6 0 0
550 53f 547 0 0
547 53f 52c 0 0
561 550 55c 0 0
587 592 597 0 0
577 561 571 0 0
5cb 5d2 5e6 0 0
4f5 50c 515 0 0
525 515 50c 0 0
50e 51d 4f7 0 0
548 530 540 0 0
530 52b 540 0 0
531 535 523 0 0
50e 500 520 0 0
500 519 520 0 0
563 561 573 0 0
577 587 573 0 0
49e 4c4 4d5 0 0
4c4 4c5 4e6 0 0
4c2 49e 4d5 0 0
4f9 4d6 4c2 0 0
53f 550 54c 0 0
561 577 573 0 0
5de 5e7 5ea 0 0
525 50c 526 0 0
4f7 4e7 50e 0 0
507 51b 516 0 0
51a 531 523 0 0
50e 4e7 500 0 0
4f6 519 500 0 0
541 53f 54c 0 0
49e 491 4c4 0 0
4c2 493 49e 0 0
4c2 4d6 4a6 0 0
4ef 50b 518 0 0
510 50c 4fd 0 0
4d4 4e7 4f7 0 0
4fa 4eb 507 0 0
507 516 4fa 0 0
51a 523 50a 0 0
4e4 500 4e7 0 0
4e4 4f6 500 0 0
50a 523 511 0 0
473 491 49e 0 0
4c2 4a6 493 0 0
508 4ef 518 0 0
4f5 4d7 4f0 0 0
4c6 4e7 4d4 0 0
4e5 4d4 4f7 0 0
4fa 4e9 4eb 0 0
4e5 4eb 4dd 0 0
501 4fe 512 0 0
4fc 51a 50a 0 0
4c6 4e4 4e7 0 0
473 46f 491 0 0
4a0 4a6 4c1 0 0
4d3 4c1 4d1 0 0
4b5 4d9 4d7 0 0
4f0 4d7 4d9 0 0
4c6 4d4 4b7 0 0
4cc 4e5 4dd 0 0
501 4f2 4fe 0 0
502 4ed 4fb 0 0
4fb 4e8 501 0 0
4f8 4fc 50a 0 0
4c6 4c7 4e4 0 0
45c 46f 473 0 0
4a6 4a0 495 0 0
457 473 47a 0 0
47e 47a 493 0 0
4f1 4e0 4ea 0 0
505 4f1 4ea 0 0
4c1 4d3 4c9 0 0
4ed 4f0 4d9 0 0
4b7 4d4 4b0 0 0
4a1 4c6 4b7 0 0
4cc 4b4 4e5 0 0
4f2 4d8 4e9 0 0
4d8 4dc 4e9 0 0
4cc 4dd 4cd 0 0
501 4e8 4f2 0 0
4ed 4e8 4fb 0 0
4fc 4f1 505 0 0
4b2 4c7 4c6 0 0
45c 459 46f 0 0
457 45c 473 0 0
4bc 4bf 4a3 0 0
48d 495 4a0 0 0
495 48d 47e 0 0
45d 457 47a 0 0
45d 47a 47e 0 0
4c9 4d3 4e0 0 0
4d9 4c8 4df 0 0
4df 4ed 4d9 0 0
4b0 4b1 4b7 0 0
4a1 4b7 4b1 0 0
4b0 4b4 492 0 0
4b9 4b4 4cc 0 0
4d8 4cb 4dc 0 0
4e8 4ed 4df 0 0
4b3 4c7 4b2 0 0
4cf 4e2 4ca 0 0
440 459 45c 0 0
4a9 4a3 497 0 0
48d 474 47e 0 0
4e3 4c9 4e0 0 0
492 4b4 4a5 0 0
492 482 4b0 0 0
4b4 4b9 4af 0 0
4de 4ce 4d8 0 0
4e8 4df 4de 0 0
4b3 4c3 4c7 0 0
4b3 4b2 4a7 0 0
4ca 4c3 4b6 0 0
459 46a 46d 0 0
48d 48c 474 0 0
4bd 4ad 4ba 0 0
490 4b0 482 0 0
47c 47d 4a1 0 0
47c 4a1 490 0 0
4a5 4b4 4af 0 0
4b9 4a8 4af 0 0
4ae 4c3 4b3 0 0
4a4 4b3 4a7 0 0
4ae 4b6 4c3 0 0
45f 459 44b 0 0
46a 459 45f 0 0
425 440 43b 0 0
426 43b 43f 0 0
45d 44c 43f 0 0
46c 461 474 0 0
452 45d 461 0 0
4ad 4bd 4b6 0 0
489 48f 49d 0 0
47d 470 489 0 0
4af 49c 4a5 0 0
48b 480 492 0 0
4a8 49c 4af 0 0
4ae 4b3 4a4 0 0
49b 4a7 494 0 0
49b 4a4 4a7 0 0
4ae 4ad 4b6 0 0
427 440 425 0 0
426 425 43b 0 0
49a 483 48c 0 0
45d 452 44c 0 0
44c 436 43f 0 0
45e 47c 46b 0 0
47d 468 470 0 0
470 478 489 0 0
480 471 475 0 0
499 4ae 4a4 0 0
49b 499 4a4 0 0
44a 43d 434 0 0
464 45f 44a 0 0
499 483 49a 0 0
472 46c 483 0 0
44c 442 436 0 0
472 467 46c 0 0
465 45a 46b 0 0
44f 468 45e 0 0
45e 46b 45a 0 0
466 465 475 0 0
471 466 475 0 0
481 472 483 0 0
418 426 42a 0 0
436 432 42a 0 0
458 442 44c 0 0
450 45a 465 0 0
468 44f 45b 0 0
441 44f 45e 0 0
443 45e 45a 0 0
484 478 46e 0 0
465 466 451 0 0
476 460 471 0 0
460 466 471 0 0
479 464 476 0 0
464 460 476 0 0
417 41b 41d 0 0
403 417 40b 0 0
453 442 458 0 0
445 437 442 0 0
446 45a 450 0 0
465 451 450 0 0
431 44f 441 0 0
443 441 45e 0 0
446 443 45a 0 0
463 45b 454 0 0
466 460 451 0 0
3f6 403 40b 0 0
453 469 462 0 0
449 446 450 0 0
451 449 450 0 0
45b 44e 454 0 0
431 444 44f 0 0
42d 431 441 0 0
435 441 443 0 0
438 443 446 0 0
463 454 455 0 0
456 453 462 0 0
433 42b 43e 0 0
3fc 3f6 40b 0 0
3f6 3f3 403 0 0
42e 424 432 0 0
447 445 455 0 0
445 456 455 0 0
449 43e 446 0 0
451 43e 449 0 0
431 42f 444 0 0
421 431 42d 0 0
42d 441 435 0 0
446 43e 438 0 0
420 41b 40e 0 0
3e5 3f6 3fc 0 0
407 3f2 3fc 0 0
3f6 3e5 3f3 0 0
403 3f3 401 0 0
42e 41c 424 0 0
424 41c 414 0 0
43c 447 448 0 0
43a 444 42f 0 0
421 416 431 0 0
41e 421 42d 0 0
430 42d 435 0 0
42b 420 429 0 0
3e7 3e5 3fc 0 0
414 412 407 0 0
3fe 3f2 407 0 0
3fc 3f2 3e7 0 0
439 43c 448 0 0
423 42f 419 0 0
410 421 41e 0 0
41e 42d 430 0 0
429 430 438 0 0
420 422 429 0 0
3f2 3db 3e7 0 0
405 419 416 0 0
415 423 419 0 0
406 410 41e 0 0
41e 430 422 0 0
430 429 422 0 0
409 3fa 3fe 0 0
413 409 3fe 0 0
3f0 3db 3f2 0 0
3e7 3db 3d4 0 0
408 405 416 0 0
413 41f 423 0 0
415 413 423 0 0
415 419 40d 0 0
3fd 408 410 0 0
3fd 410 406 0 0
41e 40f 406 0 0
40c 409 413 0 0
3f0 3e0 3db 0 0
3ee 3e8 3df 0 0
419 40a 40d 0 0
3f7 405 408 0 0
40c 413 415 0 0
40c 415 40d 0 0
3f7 408 3fd 0 0
3cc 3cb 3dc 0 0
3eb 3e0 3f0 0 0
3db 3e0 3d5 0 0
404 3f5 3fb 0 0
405 3f4 3ff 0 0
400 40a 3ff 0 0
3f7 3f4 405 0 0
3b7 3cb 3cc 0 0
3f8 400 3ff 0 0
3f8 3ff 3f4 0 0
3ea 3f4 3f7 0 0
3b7 3ba 3cb 0 0
3b8 3b7 3cc 0 0
3ea 3ed 3f4 0 0
3ea 3f7 3e9 0 0
3ad 3b7 3b8 0 0
3f4 3ed 3ef 0 0
3d9 3e4 3e1 0 0
3d7 3cd 3d1 0 0
3ea 3e6 3ed 0 0
3e9 3de 3ea 0 0
3f1 3e3 3dd 0 0
3b1 3bc 3ba 0 0
3a2 3ad 3b8 0 0
3d8 3d9 3e1 0 0
3c5 3b4 3c7 0 0
3cd 3c0 3d1 0 0
3de 3e9 3d3 0 0
3cf 3d3 3dd 0 0
3e3 3cf 3dd 0 0
3b6 3bc 3b1 0 0
3cd 3bc 3c0 0 0
3a2 399 3ad 0 0
3b8 3b5 3a2 0 0
3da 3e1 3e6 0 0
3d0 3d9 3d8 0 0
3d0 3c5 3d9 0 0
3ca 3de 3d3 0 0
3c4 3d3 3cf 0 0
3b6 3b1 3b2 0 0
3bc 3b6 3c0 0 0
3b5 3a1 3a2 0 0
3d0 3d8 3d2 0 0
3da 3de 3ca 0 0
3be 3d3 3c4 0 0
3cf 3c1 3c4 0 0
3b2 3c1 3b6 0 0
3c0 3b6 3c1 0 0
390 3a4 399 0 0
38f 3a2 3a1 0 0
3da 3ce 3d2 0 0
3ca 3c8 3da 0 0
3c4 3b0 3be 0 0
3c4 3c1 3b0 0 0
3c1 3b2 3b0 0 0
3b2 3a4 3a9 0 0
38f 38a 3a2 0 0
3c8 3ce 3da 0 0
3b9 3aa 3af 0 0
3ca 3bd 3c8 0 0
3be 3ac 3ab 0 0
3b2 3a9 3b0 0 0
3a4 3a5 3a9 0 0
376 38a 38f 0 0
3c8 3c2 3ce 0 0
3c2 3b9 3c9 0 0
3aa 3b9 3bb 0 0
3bd 3bb 3c8 0 0
3ab 3ac 398 0 0
38f 388 376 0 0
3a5 396 39a 0 0
39e 394 3a3 0 0
394 388 38f 0 0
3bb 3c2 3c8 0 0
3c2 3bb 3b9 0 0
3aa 3bb 3b3 0 0
3b3 3bb 3bd 0 0
3ae 3b3 3bd 0 0
3ae 3ab 39b 0 0
387 386 37b 0 0
396 38e 39a 0 0
388 372 376 0 0
39e 392 394 0 0
3aa 3b3 3a8 0 0
39f 3ae 39b 0 0
37e 36a 36f 0 0
37b 36f 371 0 0
35e 36a 376 0 0
372 388 382 0 0
3a0 392 39e 0 0
391 39f 39b 0 0
391 39b 38b 0 0
38b 398 383 0 0
360 36f 36a 0 0
36f 368 371 0 0
35e 360 36a 0 0
3a0 395 392 0 0
39d 3a0 3a6 0 0
391 38c 39f 0 0
384 391 38b 0 0
395 3a0 39d 0 0
39f 39c 3a7 0 0
384 38c 391 0 0
378 36d 37a 0 0
393 395 39d 0 0
389 395 393 0 0
384 36b 38c 0 0
38c 38d 397 0 0
377 36e 367 0 0
367 37d 377 0 0
35c 353 34a 0 0
385 389 393 0 0
347 344 353 0 0
361 356 347 0 0
359 356 36d 0 0
39c 393 39d 0 0
39c 397 393 0 0
375 36b 384 0 0
38c 381 38d 0 0
375 37d 367 0 0
363 367 36e 0 0
344 34a 353 0 0
363 35c 34a 0 0
378 385 380 0 0
347 333 344 0 0
356 339 347 0 0
38c 37c 381 0 0
385 38d 380 0 0
362 375 367 0 0
363 358 367 0 0
33c 34a 344 0 0
374 369 378 0 0
347 32d 333 0 0
347 339 32d 0 0
36b 35b 370 0 0
373 37c 370 0 0
34a 33c 33e 0 0
374 36c 369 0 0
36c 35f 369 0 0
32d 323 333 0 0
339 31f 32d 0 0
34f 36b 350 0 0
362 34e 350 0 0
35b 36b 34f 0 0
35b 364 370 0 0
370 365 373 0 0
358 34c 352 0 0
36c 374 379 0 0
374 37f 379 0 0
32d 31d 323 0 0
34b 348 354 0 0
348 332 339 0 0
32d 31f 31d 0 0
351 35b 34f 0 0
370 364 365 0 0
36c 379 373 0 0
366 373 365 0 0
34c 340 352 0 0
36c 373 366 0 0
323 31d 318 0 0
337 33f 33e 0 0
34b 33a 348 0 0
33a 332 348 0 0
31d 31f 311 0 0
34b 35d 35a 0 0
352 340 34e 0 0
34c 33f 340 0 0
31d 311 318 0 0
332 329 32c 0 0
31f 308 311 0 0
343 342 331 0 0
33b 34f 343 0 0
311 307 318 0 0
329 316 319 0 0
301 311 308 0 0
342 336 331 0 0
32e 343 331 0 0
32e 33b 343 0 0
33b 335 346 0 0
349 351 346 0 0
311 301 307 0 0
318 307 314 0 0
325 320 328 0 0
338 345 341 0 0
336 324 331 0 0
322 33b 32e 0 0
346 33d 349 0 0
301 2f4 307 0 0
320 314 317 0 0
320 317 328 0 0
336 328 324 0 0
334 338 341 0 0
327 31e 316 0 0
304 2f2 2f7 0 0
321 32a 335 0 0
307 2f4 2f3 0 0
314 313 317 0 0
317 324 328 0 0
334 341 33d 0 0
31e 312 316 0 0
312 309 316 0 0
304 2fe 2f2 0 0
2f7 2f2 2e4 0 0
30e 321 322 0 0
31c 32a 321 0 0
334 33d 32f 0 0
2f4 2da 2f3 0 0
307 2f3 2ff 0 0
317 315 324 0 0
312 31e 31b 0 0
2fe 2e8 2f2 0 0
2f2 2de 2e4 0 0
30b 30e 322 0 0
31a 30c 305 0 0
2da 2ed 2f3 0 0
2f3 2ed 2ff 0 0
310 312 31b 0 0
2fd 2e8 2fe 0 0
2e8 2de 2f2 0 0
315 300 30c 0 0
2f9 30e 30b 0 0
305 2f6 30b 0 0
2da 2dc 2ed 0 0
2ff 2ed 2f5 0 0
306 310 30f 0 0
2fd 2ea 2e8 0 0
2e8 2df 2de 0 0
300 2fa 30c 0 0
302 30d 30e 0 0
2f9 302 30e 0 0
2ec 2f9 30b 0 0
2ec 30b 2f6 0 0
2cb 2dc 2da 0 0
2eb 2ed 2dc 0 0
2ed 2eb 2f5 0 0
2ea 2fd 2fc 0 0
2ea 2df 2e8 0 0
2df 2d6 2de 0 0
2ca 2be 2d1 0 0
2de 2d6 2ca 0 0
30d 302 303 0 0
2f9 2f8 302 0 0
2ec 2e9 2f9 0 0
2f6 2e0 2ec 0 0
2eb 2dc 2e6 0 0
2f1 2ea 2fc 0 0
2ea 2e2 2df 0 0
2df 2d3 2d6 0 0
2a5 2be 2ca 0 0
2d6 2c9 2ca 0 0
2b3 2c6 2be 0 0
2f9 2ee 2f8 0 0
2fb 302 2f8 0 0
2e0 2f6 2ef 0 0
2e6 2ef 2fa 0 0
2dc 2d8 2e6 0 0
2f1 2e2 2ea 0 0
2fb 2f1 2fc 0 0
2e2 2d3 2df 0 0
2d3 2c9 2d6 0 0
2ca 2b7 2a5 0 0
2ca 2c9 2b7 0 0
29e 2b3 2be 0 0
2e6 2db 2ef 0 0
2f0 2f1 2fb 0 0
2e2 2cf 2d3 0 0
2d3 2c2 2c9 0 0
2b7 298 2a5 0 0
2c9 2c2 2b7 0 0
29e 29b 2b3 0 0
2e1 2e5 2e9 0 0
2cf 2e2 2e3 0 0
26f 280 2a5 0 0
26f 2a5 298 0 0
2c2 2b8 2b7 0 0
2e7 2ee 2d9 0 0
2e3 2f0 2e7 0 0
2d0 2e1 2d2 0 0
2c3 2af 2ab 0 0
2c3 2b2 2c1 0 0
2ce 2cf 2e3 0 0
26f 256 280 0 0
26f 298 27c 0 0
2dd 2e7 2d9 0 0
2e3 2e7 2dd 0 0
2c4 2d9 2d5 0 0
2af 29f 2ab 0 0
2c3 2ab 2b2 0 0
29b 27f 297 0 0
256 26f 242 0 0
298 2ac 28b 0 0
2ae 2ac 2b8 0 0
298 28b 27c 0 0
27c 25a 26f 0 0
2d7 2dd 2d9 0 0
2c0 2d5 2d0 0 0
2b9 2c0 2d0 0 0
2c4 2c7 2d9 0 0
2ab 2a2 2b2 0 0
256 242 235 0 0
2ae 2a1 2ac 0 0
28b 270 27c 0 0
27c 270 25a 0 0
2d9 2c7 2d7 0 0
2b1 2c7 2c4 0 0
2ab 28f 2a2 0 0
2b2 2a2 2b0 0 0
2c8 2b0 2b5 0 0
27f 259 26c 0 0
237 22c 242 0 0
235 23a 256 0 0
261 25a 270 0 0
25a 243 237 0 0
2bd 2d7 2c7 0 0
2a9 2b9 2bc 0 0
2ad 2c0 2a0 0 0
2b1 2b4 2c7 0 0
2ad 2b1 2c4 0 0
2a2 2a3 2b0 0 0
2a3 2b5 2b0 0 0
215 22c 237 0 0
235 21f 23a 0 0
2a7 295 2a1 0 0
243 25a 261 0 0
270 275 261 0 0
22d 237 243 0 0
2b4 2bd 2c7 0 0
2b9 2a9 299 0 0
2a4 2a9 2bc 0 0
2b5 2a8 2ba 0 0
279 2a0 299 0 0
2b1 2aa 2b4 0 0
2ad 29c 2b1 0 0
2a3 2a8 2b5 0 0
215 212 22c 0 0
22d 215 237 0 0
21c 22c 214 0 0
21c 21f 235 0 0
2a7 288 295 0 0
2b6 2a7 2bb 0 0
275 25f 261 0 0
221 22d 243 0 0
2a4 2ba 2a8 0 0
299 2a9 289 0 0
28d 2a9 2a4 0 0
279 283 2a0 0 0
26d 279 299 0 0
29c 2aa 2b1 0 0
293 29c 2ad 0 0
28f 27b 28c 0 0
2a3 28c 290 0 0
2a3 290 2a8 0 0
215 1eb 212 0 0
22c 212 214 0 0
2a7 2b6 29d 0 0
20b 22d 221 0 0
221 243 249 0 0
2a4 2a8 296 0 0
28d 289 2a9 0 0
26d 299 289 0 0
28d 2a4 28a 0 0
279 267 283 0 0
250 279 26d 0 0
267 293 283 0 0
27b 271 28c 0 0
28c 271 290 0 0
206 218 21f 0 0
246 218 22e 0 0
1f7 1eb 215 0 0
1eb 1fa 212 0 0
214 212 1fa 0 0
202 1f7 215 0 0
249 25f 25b 0 0
221 1f9 20b 0 0
28a 2a4 296 0 0
26e 289 28d 0 0
26e 26d 289 0 0
274 28d 28a 0 0
250 267 279 0 0
293 267 286 0 0
291 29d 2a6 0 0
29a 2aa 28e 0 0
271 27e 290 0 0
218 206 20c 0 0
218 20c 22e 0 0
246 22e 251 0 0
1eb 1f7 1e2 0 0
1d7 1fa 1eb 0 0
1fa 1fc 214 0 0
1f1 1f7 202 0 0
1e0 202 20b 0 0
23b 249 25b 0 0
20a 1f9 221 0 0
1cc 20b 1f9 0 0
296 285 28a 0 0
274 26e 28d 0 0
25c 26d 26e 0 0
238 267 250 0 0
286 267 269 0 0
294 291 2a6 0 0
27e 285 296 0 0
206 1d6 20c 0 0
22e 20c 216 0 0
251 22e 236 0 0
1e2 1f7 1e9 0 0
1c3 1eb 1e2 0 0
1cf 1fa 1d7 0 0
1eb 1c2 1d7 0 0
1cf 1fc 1fa 0 0
1f7 1f1 1e9 0 0
1e0 1f1 202 0 0
23b 25b 265 0 0
1ca 1f9 20a 0 0
228 20a 221 0 0
1ca 1cc 1f9 0 0
23b 224 228 0 0
253 26e 274 0 0
25c 26e 24f 0 0
238 248 267 0 0
220 238 250 0 0
23f 24e 25c 0 0
22f 250 24e 0 0
292 27d 294 0 0
27e 273 285 0 0
216 20c 1f0 0 0
236 22e 216 0 0
245 258 236 0 0
1e2 1e9 209 0 0
1c3 1c2 1eb 0 0
1e2 1d8 1c3 0 0
1af 1cf 1d7 0 0
1c2 1af 1d7 0 0
240 23b 265 0 0
257 265 278 0 0
23b 240 224 0 0
253 24f 26e 0 0
24f 23f 25c 0 0
277 285 273 0 0
25d 274 277 0 0
21a 248 238 0 0
22f 220 250 0 0
226 24e 23f 0 0
226 22f 24e 0 0
264 27a 269 0 0
282 27d 292 0 0
216 1f0 204 0 0
24c 258 245 0 0
236 230 245 0 0
1e9 1e3 209 0 0
1e2 209 1ff 0 0
1c3 1a6 1c2 0 0
1ff 1d8 1e2 0 0
1df 1c3 1d8 0 0
198 1cf 1af 0 0
1a6 1af 1c2 0 0
240 265 257 0 0
257 278 27d 0 0
1aa 1b2 1c9 0 0
253 223 24f 0 0
21e 23f 24f 0 0
21a 219 248 0 0
209 220 22f 0 0
21e 226 23f 0 0
209 22f 226 0 0
264 26b 27a 0 0
27a 281 28e 0 0
26a 27d 282 0 0
198 1a5 1cf 0 0
1f0 1b3 1d4 0 0
1f0 1d4 204 0 0
1e3 208 209 0 0
1ff 209 226 0 0
1a6 1c3 1c8 0 0
1ff 1fb 1d8 0 0
1c8 1c3 1df 0 0
1df 1d8 1fb 0 0
198 1af 1a6 0 0
1e3 1e4 208 0 0
1f5 1e4 1b2 0 0
244 240 257 0 0
1b4 178 1ca 0 0
223 21e 24f 0 0
1f5 219 21a 0 0
219 24a 248 0 0
262 264 24a 0 0
208 1f5 21a 0 0
209 208 220 0 0
1ff 226 21e 0 0
27a 26b 281 0 0
276 26a 282 0 0
1a6 1c8 1c7 0 0
1fb 1ff 21e 0 0
1df 1fb 20f 0 0
194 198 1a6 0 0
1f5 208 1e4 0 0
1f5 1b2 1b8 0 0
244 257 239 0 0
239 225 244 0 0
20f 21e 223 0 0
1dc 219 1f5 0 0
24a 219 21d 0 0
254 262 24a 0 0
268 26a 276 0 0
194 1a6 1c7 0 0
20f 1fb 21e 0 0
1df 20f 1f4 0 0
170 198 194 0 0
1b2 18b 1b8 0 0
1b8 1dc 1f5 0 0
252 239 257 0 0
255 252 26a 0 0
18b 189 169 0 0
13f 163 178 0 0
203 223 22a 0 0
22a 23c 231 0 0
223 1f4 20f 0 0
21d 219 1dc 0 0
24a 21d 23d 0 0
255 268 262 0 0
262 254 255 0 0
23d 254 24a 0 0
255 26a 268 0 0
1d4 19f 1a9 0 0
1c7 1f4 203 0 0
194 1c7 1b9 0 0
170 179 198 0 0
16c 170 194 0 0
18b 195 1b8 0 0
195 1dc 1b8 0 0
247 252 255 0 0
1a0 1d0 1c1 0 0
14b 163 13f 0 0
203 1f4 223 0 0
203 22a 1f6 0 0
1f6 22a 231 0 0
1dc 1e6 21d 0 0
21d 227 23d 0 0
19f 186 1a9 0 0
210 1d1 1f3 0 0
1b9 1c7 203 0 0
16c 15a 170 0 0
16c 194 190 0 0
17e 1dc 195 0 0
181 1a0 1c1 0 0
16d 1a0 181 0 0
14b 157 169 0 0
1e6 1dc 19a 0 0
1e6 227 21d 0 0
227 241 23d 0 0
179 16e 186 0 0
1a9 186 1a3 0 0
1d1 1b7 1f3 0 0
156 15a 16c 0 0
19a 1dc 17e 0 0
20e 21b 22b 0 0
20e 200 21b 0 0
1bf 181 1c1 0 0
14b 13c 157 0 0
1f6 1bb 1c6 0 0
19a 197 1e6 0 0
1e6 211 227 0 0
16e 1a3 186 0 0
14a 15a 156 0 0
16c 17d 156 0 0
19a 17e 15f 0 0
23e 233 247 0 0
13c 129 132 0 0
162 197 19a 0 0
211 232 227 0 0
196 1a3 16e 0 0
1bd 1b7 196 0 0
14a 158 15a 0 0
148 14a 156 0 0
17d 166 156 0 0
17d 1a4 1a1 0 0
15f 162 19a 0 0
234 233 23e 0 0
1d2 177 1bf 0 0
132 129 118 0 0
120 12f 143 0 0
1fd 1bd 1ce 0 0
197 162 149 0 0
211 217 232 0 0
17a 1bd 196 0 0
148 141 14a 0 0
148 156 166 0 0
180 166 17d 0 0
17d 1a1 180 0 0
134 162 15f 0 0
217 233 234 0 0
20e 1fe 1d2 0 0
1d2 1a2 177 0 0
1bd 1a8 1ce 0 0
149 162 134 0 0
1d9 197 1ba 0 0
1d9 207 211 0 0
211 213 217 0 0
217 234 232 0 0
196 16b 17a 0 0
139 141 148 0 0
152 14a 141 0 0
180 16f 166 0 0
188 180 1a1 0 0
146 134 15f 0 0
1d2 1fe 1a2 0 0
165 1a2 184 0 0
ff 113 e8 0 0
149 134 12a 0 0
13b 15c 149 0 0
197 17f 1ba 0 0
1ba 1ef 1d9 0 0
1ef 207 1d9 0 0
211 207 213 0 0
17a 16b 152 0 0
139 12e 141 0 0
148 153 139 0 0
138 152 141 0 0
16f 180 188 0 0
125 134 146 0 0
1a2 1fe 1ae 0 0
1ae 184 1a2 0 0
165 184 14c 0 0
118 105 12b 0 0
12b 125 146 0 0
147 13a 11b 0 0
14c 13a 165 0 0
134 115 12a 0 0
12a 11d 149 0 0
11d 13b 149 0 0
1ed 1ef 1ba 0 0
19c 1a8 192 0 0
17a 15e 192 0 0
139 12d 12e 0 0
138 141 12e 0 0
134 125 115 0 0
184 1ae 1c5 0 0
184 18c 14c 0 0
13a 121 11b 0 0
10c 12a 115 0 0
13b 133 142 0 0
1ba 1bc 1dd 0 0
1ba 1dd 1ed 0 0
19c 192 182 0 0
12e 12d 117 0 0
188 17b 174 0 0
125 104 115 0 0
18c 184 1c5 0 0
18c 155 14c 0 0
102 ea f4 0 0
de e8 f4 0 0
eb f5 e2 0 0
fb 10c 115 0 0
11d 10a 107 0 0
140 142 133 0 0
150 142 140 0 0
11d 107 11e 0 0
150 168 18a 0 0
18a 1ab 1bc 0 0
1bc 1d3 1dd 0 0
114 117 12d 0 0
117 12c 12e 0 0
13e 15e 144 0 0
160 159 174 0 0
17b 16a 174 0 0
fb 115 104 0 0
1dd 1c5 1e8 0 0
1c0 18c 1c5 0 0
155 18c 18d 0 0
155 131 14c 0 0
131 127 14c 0 0
127 10d 121 0 0
102 10d ea 0 0
f4 ea de 0 0
eb e2 cf 0 0
f6 10a 10c 0 0
e9 10c fb 0 0
150 140 14e 0 0
150 14e 168 0 0
168 19d 18a 0 0
18a 19d 1ab 0 0
1bc 1ab 1d3 0 0
117 10e 12c 0 0
13e 161 15e 0 0
160 174 16a 0 0
18c 1c0 1b1 0 0
164 155 18d 0 0
155 140 131 0 0
131 119 127 0 0
127 108 10d 0 0
ea d7 de 0 0
cf e2 ce 0 0
e9 f6 10c 0 0
d5 e9 fb 0 0
11e 119 131 0 0
155 14e 140 0 0
fd 119 11e 0 0
14e 15d 168 0 0
19d 1cb 1ab 0 0
10e 11a 12c 0 0
160 16a 154 0 0
155 164 14e 0 0
164 18d 18f 0 0
119 108 127 0 0
cf ce b9 0 0
e1 f6 e9 0 0
d5 fb dc 0 0
d8 fd f0 0 0
119 fd 108 0 0
14e 167 15d 0 0
1cb 19d 1ad 0 0
135 124 13d 0 0
10e fe 11a 0 0
18f 18d 1be 0 0
167 14e 164 0 0
18f 167 164 0 0
fd ed 108 0 0
ce c4 b9 0 0
cf b9 bc 0 0
cf be dc 0 0
c4 d7 d2 0 0
d4 d8 f0 0 0
167 172 15d 0 0
15d 172 171 0 0
135 11c 124 0 0
13e 128 137 0 0
1be 1da 1e5 0 0
18f 1be 1b6 0 0
9c b9 c4 0 0
ad bc b9 0 0
cf bc be 0 0
b0 ca d5 0 0
d3 e1 ca 0 0
171 17c 191 0 0
172 17c 171 0 0
128 122 137 0 0
1b6 1be 1e5 0 0
187 18f 1b6 0 0
a4 ca b0 0 0
ca c2 d3 0 0
be 9a b0 0 0
17c 193 191 0 0
17c 172 187 0 0
1e5 1e7 1ea 0 0
130 122 11f 0 0
1b6 1e5 1ea 0 0
1b6 199 187 0 0
a7 c0 c6 0 0
a4 b5 ca 0 0
ca b5 c2 0 0
17c 176 193 0 0
ee fa fe 0 0
109 122 10f 0 0
109 11f 122 0 0
11f 126 130 0 0
1ea 1d5 1b6 0 0
1d5 199 1b6 0 0
9a ad 92 0 0
a7 c6 b2 0 0
a4 98 b5 0 0
9a 92 7f 0 0
ee e3 fa 0 0
10f fa ef 0 0
11f 116 126 0 0
199 1d5 1ac 0 0
bf b2 c6 0 0
9f a7 b2 0 0
bf c2 aa 0 0
18e 1a7 193 0 0
1a7 1db 1c4 0 0
d6 da e7 0 0
e3 ef fa 0 0
112 116 11f 0 0
1ac 1d5 1cd 0 0
9f b2 9b 0 0
7b 68 5e 0 0
7d aa a5 0 0
173 199 185 0 0
176 173 175 0 0
103 116 112 0 0
db e3 da 0 0
e3 db ef 0 0
f3 109 f2 0 0
1cd 1d5 1e1 0 0
78 a5 95 0 0
7d 84 aa 0 0
78 7d a5 0 0
db da cc 0 0
f2 d1 f3 0 0
6c 79 8f 0 0
63 7d 78 0 0
c7 c1 cc 0 0
ec d9 f8 0 0
8f 83 6c 0 0
51 48 59 0 0
55 6a 59 0 0
c7 c5 b7 0 0
ec df d9 0 0
83 7a 6c 0 0
5d 78 75 0 0
51 41 48 0 0
67 54 62 0 0
52 67 5f 0 0
7a 62 6c 0 0
4c 4d 58 0 0
5d 75 66 0 0
2f 41 42 0 0
67 52 54 0 0
52 5f 4f 0 0
56 53 5d 0 0
4c 58 54 0 0
46 4f 5a 0 0
4b 53 56 0 0
e0 c8 d0 0 0
39 42 4a 0 0
4f 46 3f 0 0
47 46 5a 0 0
3c 47 53 0 0
3e 53 4b 0 0
ab a0 97 0 0
ba b8 a0 0 0
bb d0 c8 0 0
22 39 31 0 0
1a 2f 1e 0 0
3e 3c 53 0 0
97 a0 81 0 0
ac a0 b8 0 0
97 88 a1 0 0
1a 1e 7 0 0
b 1a 7 0 0
1f 1a b 0 0
24 30 2d 0 0
34 3d 40 0 0
3a 3e 3d 0 0
b1 bd a3 0 0
9e ac b1 0 0
16 11 1c 0 0
30 24 26 0 0
17 24 2d 0 0
18 2d 28 0 0
34 32 3d 0 0
3a 3d 32 0 0
23 34 3b 0 0
8e ac 9e 0 0
73 7e 88 0 0
7e 80 96 0 0
a3 bd b3 0 0
99 b1 a3 0 0
9e b1 99 0 0
2 1 11 0 0
c 11 16 0 0
16 1c 26 0 0
18 17 2d 0 0
2e 3a 32 0 0
8c 8e 9e 0 0
71 70 8e 0 0
73 64 7e 0 0
a9 b6 a8 0 0
99 8c 9e 0 0
2 11 c 0 0
16 17 c 0 0
8 e b 0 0
2a 2e 32 0 0
71 8e 8c 0 0
71 61 70 0 0
a8 b6 ae 0 0
9d a9 a8 0 0
99 8a 8c 0 0
2 c 3 0 0
17 12 c 0 0
8 a e 0 0
60 6f 64 0 0
89 93 91 0 0
a 13 e 0 0
5c 60 64 0 0
5c 61 65 0 0
90 93 89 0 0
9 12 f 0 0
77 8b 86 0 0
5cb 5e6 5ec 0 0
5bd 5bf 5ce 0 0
5c5 5d9 5dc 0 0
5cf 5e1 5d4 0 0
506 4d5 4f3 0 0
4c4 4f3 4d5 0 0
a6 94 a2 0 0
5cd 5d5 5cc 0 0
5b9 5dc 5de 0 0
411 40f 422 0 0
41e 422 40f 0 0
64 6f 7e 0 0
80 7e 6f 0 0
d4 c6 d8 0 0
c0 d8 c6 0 0
4f 3f 52 0 0
49 52 3f 0 0
340 342 34e 0 0
350 34e 342 0 0
35d 34b 35f 0 0
354 35f 34b 0 0
2f0 2e3 2f1 0 0
2e2 2f1 2e3 0 0
17a 192 1bd 0 0
1a8 1bd 192 0 0
df c9 d9 0 0
3c 27 25 0 0
19 25 27 0 0
113 ff 129 0 0
118 129 ff 0 0
3be 3b0 3ac 0 0
48 43 59 0 0
55 59 43 0 0
2aa 29a 2b4 0 0
3a5 3a4 396 0 0
447 43c 445 0 0
39 4a 31 0 0
260 258 271 0 0
27e 271 258 0 0
54c 563 551 0 0
560 551 563 0 0
385 378 389 0 0
37a 389 378 0 0
413 3fe 412 0 0
407 412 3fe 0 0
4bb 4c0 4cb 0 0
4d0 4cb 4c0 0 0
13c 132 157 0 0
151 157 132 0 0
273 263 277 0 0
25d 277 263 0 0
4ab 4aa 4c0 0 0
4be 4c0 4aa 0 0
268 26b 262 0 0
264 262 26b 0 0
32f 326 334 0 0
467 472 469 0 0
be b0 dc 0 0
d5 dc b0 0 0
13c 14b 129 0 0
13f 129 14b 0 0
524 521 52b 0 0
534 52b 521 0 0
3e4 3d9 3e0 0 0
b e 1f 0 0
29d 287 2a7 0 0
288 2a7 287 0 0
5f1 5f6 5d6 0 0
340 33f 330 0 0
337 330 33f 0 0
2bb 2c5 2b6 0 0
5fa 5fb 5f9 0 0
5f1 5f9 5fb 0 0
402 401 3f9 0 0
6a 69 85 0 0
82 85 69 0 0
5f5 5f8 5f3 0 0
4aa 4ab 498 0 0
496 498 4ab 0 0
cc da c7 0 0
41f 42c 423 0 0
273 27e 25e 0 0
e8 10b f4 0 0
122 128 10f 0 0
e0 d0 f9 0 0
e4 f9 d0 0 0
41a 412 41c 0 0
414 41c 412 0 0
536 51c 532 0 0
527 532 51c 0 0
14f 161 137 0 0
13e 137 161 0 0
25b 272 265 0 0
288 275 295 0 0
d7 c4 de 0 0
ce de c4 0 0
199 1ac 185 0 0
5ba 5a8 5a1 0 0
599 5a1 5a8 0 0
412 41a 413 0 0
483 46c 48c 0 0
474 48c 46c 0 0
42b 429 43e 0 0
438 43e 429 0 0
3aa 39e 3af 0 0
3a3 3af 39e 0 0
3cb 3cd 3d6 0 0
1ce 1a1 1bb 0 0
1a4 1bb 1a1 0 0
4ab 4ac 496 0 0
556 552 562 0 0
34a 34c 363 0 0
358 363 34c 0 0
4ee 4e2 4ec 0 0
210 1f3 229 0 0
e1 e9 ca 0 0
d5 ca e9 0 0
5aa 5cb 5ab 0 0
5b7 5ab 5cb 0 0
98 a4 85 0 0
546 543 557 0 0
16f 153 166 0 0
148 166 153 0 0
550 561 54c 0 0
563 54c 561 0 0
57e 57b 591 0 0
590 591 57b 0 0
57c 57b 56e 0 0
35e 353 360 0 0
35c 360 353 0 0
5f3 5e3 5ec 0 0
5cb 5ec 5e3 0 0
422 420 411 0 0
31c 30f 31b 0 0
310 31b 30f 0 0
1b7 1bd 1f3 0 0
169 157 18b 0 0
562 55f 556 0 0
d1 e0 f3 0 0
f9 f3 e0 0 0
ab b7 a0 0 0
be bc 9a 0 0
ad 9a bc 0 0
456 462 455 0 0
25f 275 25b 0 0
272 25b 275 0 0
308 2f7 301 0 0
2f4 301 2f7 0 0
432 437 42e 0 0
35e 376 361 0 0
372 361 376 0 0
3df 3e8 3d6 0 0
566 564 56e 0 0
129 13f 113 0 0
53e 52a 545 0 0
536 545 52a 0 0
587 577 592 0 0
571 592 577 0 0
a5 b5 95 0 0
98 95 b5 0 0
55e 55f 572 0 0
570 572 55f 0 0
541 532 53f 0 0
45f 464 47b 0 0
479 47b 464 0 0
33 37 43 0 0
44 43 37 0 0
442 453 445 0 0
456 445 453 0 0
271 27b 260 0 0
2ce 2c5 2cf 0 0
52f 530 53c 0 0
a7 79 9c 0 0
2a1 2ae 2a7 0 0
2f7 2e4 2f4 0 0
54e 54f 540 0 0
548 540 54f 0 0
5eb 5f2 5fa 0 0
480 48b 471 0 0
224 205 228 0 0
20a 228 205 0 0
f5 ff e2 0 0
e8 e2 ff 0 0
62 54 6c 0 0
58 6c 54 0 0
325 328 330 0 0
336 330 328 0 0
2b8 2c2 2ae 0 0
2bf 2ae 2c2 0 0
12 9 c 0 0
285 277 28a 0 0
274 28a 277 0 0
24b 231 263 0 0
12f 16d 143 0 0
81 73 97 0 0
88 97 73 0 0
52b 530 524 0 0
1a2 165 177 0 0
4bb 4b8 4ac 0 0
4a9 4ac 4b8 0 0
1fd 222 1bd 0 0
1f3 1bd 222 0 0
4f8 4f4 4fc 0 0
cf dc eb 0 0
302 2fb 303 0 0
2fc 303 2fb 0 0
5a3 593 5ae 0 0
594 5ae 593 0 0
205 224 201 0 0
1ab 1cb 1d3 0 0
1da 1d3 1cb 0 0
522 526 510 0 0
50c 510 526 0 0
108 ed 10d 0 0
310 306 312 0 0
426 40b 425 0 0
417 425 40b 0 0
44e 448 454 0 0
78 95 75 0 0
82 75 95 0 0
254 24d 255 0 0
3df 3e2 3ee 0 0
58c 581 58e 0 0
579 58e 581 0 0
b7 c5 a0 0 0
ba a0 c5 0 0
3e3 3e2 3d1 0 0
3d7 3d1 3e2 0 0
12a 10c 11d 0 0
10a 11d 10c 0 0
72 87 6f 0 0
80 6f 87 0 0
315 30c 324 0 0
40e 41b 401 0 0
49b 481 499 0 0
483 499 481 0 0
50d 512 521 0 0
51f 521 512 0 0
32 34 2a 0 0
50 4e 45 0 0
3e6 3e1 3ed 0 0
4fd 502 510 0 0
514 510 502 0 0
2db 2cd 2ef 0 0
2e0 2ef 2cd 0 0
df ec dd 0 0
f7 dd ec 0 0
87 94 af 0 0
a6 af 94 0 0
f0 107 f6 0 0
10a f6 107 0 0
14a 152 158 0 0
565 539 56c 0 0
54b 56c 539 0 0
247 233 252 0 0
52a 517 536 0 0
51c 536 517 0 0
53c 544 52f 0 0
57f 583 572 0 0
104 105 eb 0 0
f5 eb 105 0 0
428 439 42c 0 0
43a 42c 439 0 0
598 59d 5a5 0 0
5a7 5a5 59d 0 0
439 428 43c 0 0
567 588 569 0 0
4d0 4cd 4e1 0 0
41b 420 433 0 0
42b 433 420 0 0
4fa 4fe 4e9 0 0
4f2 4e9 4fe 0 0
1b7 1d1 196 0 0
1a3 196 1d1 0 0
ac 8e a0 0 0
365 35a 366 0 0
120 10b 12f 0 0
4db 4d2 4e3 0 0
5cf 5d4 5b8 0 0
5b6 5b8 5d4 0 0
51 59 5e 0 0
1d0 1a0 1b4 0 0
58a 591 59c 0 0
4de 4df 4ce 0 0
4c8 4ce 4df 0 0
3a2 38a 399 0 0
214 1fc 21c 0 0
7d 5f 84 0 0
67 84 5f 0 0
30 46 2d 0 0
47 2d 46 0 0
51a 4fc 517 0 0
505 517 4fc 0 0
23b 228 249 0 0
221 249 228 0 0
4ac 4ab 4bb 0 0
4c0 4bb 4ab 0 0
244 225 240 0 0
224 240 225 0 0
2e9 2e5 2f9 0 0
2ee 2f9 2e5 0 0
575 58d 576 0 0
6a 7c 59 0 0
5e 59 7c 0 0
3e4 3ef 3e1 0 0
3ed 3e1 3ef 0 0
4eb 4e5 507 0 0
392 382 394 0 0
388 394 382 0 0
5ec 5ef 5f3 0 0
c2 bf d3 0 0
d 8 4 0 0
4bc 4b8 4ce 0 0
120 143 11b 0 0
147 11b 143 0 0
267 248 269 0 0
377 371 36e 0 0
4ae 499 4ad 0 0
49a 4ad 499 0 0
213 20d 217 0 0
b0 9a 7b 0 0
531 51a 52a 0 0
517 52a 51a 0 0
18f 187 167 0 0
172 167 187 0 0
3fd 406 3f1 0 0
2cb 2c3 2dc 0 0
2d8 2dc 2c3 0 0
512 50d 501 0 0
4fb 501 50d 0 0
50d 514 4fb 0 0
502 4fb 514 0 0
79 6b 9c 0 0
92 9c 6b 0 0
20e 1d2 200 0 0
1bf 200 1d2 0 0
280 27f 29e 0 0
29b 29e 27f 0 0
432 424 42a 0 0
361 347 35e 0 0
353 35e 347 0 0
3c9 3b9 3c3 0 0
5d4 5e1 5e0 0 0
fd d8 ed 0 0
2d8 2d4 2e6 0 0
2db 2e6 2d4 0 0
390 386 3a4 0 0
44a 44d 464 0 0
460 464 44d 0 0
fe fa 11a 0 0
10f 11a fa 0 0
150 18a 15c 0 0
17f 15c 18a 0 0
193 176 18e 0 0
183 18e 175 0 0
176 175 18e 0 0
3b4 3c5 3af 0 0
3bf 3af 3c5 0 0
102 11b 10d 0 0
121 10d 11b 0 0
3e7 3d4 3e5 0 0
29d 2b6 2a6 0 0
5a3 5b4 5a2 0 0
5b0 5a2 5b4 0 0
41c 42e 41a 0 0
49a 48c 49f 0 0
33b 322 335 0 0
321 335 322 0 0
498 496 48a 0 0
48 41 35 0 0
182 17b 19c 0 0
188 19c 17b 0 0
57b 57e 56a 0 0
570 56a 57e 0 0
106 fc 114 0 0
114 fc 117 0 0
10e 117 fc 0 0
1d3 1da 1c0 0 0
3a5 39a 3a9 0 0
532 541 536 0 0
3b 34 45 0 0
62 7a 67 0 0
84 67 7a 0 0
481 49b 488 0 0
494 488 49b 0 0
e 13 1d 0 0
44e 45b 444 0 0
44f 444 45b 0 0
247 255 23e 0 0
24d 23e 255 0 0
4aa 4a8 4be 0 0
4b9 4be 4a8 0 0
b6 a9 cb 0 0
b3 cb a9 0 0
2e9 2ec 2e1 0 0
e1 d3 f6 0 0
f6 d3 f0 0 0
d4 f0 d3 0 0
4a3 4a9 4bc 0 0
4b8 4bc 4a9 0 0
252 22b 239 0 0
21b 239 22b 0 0
4be 4b9 4cd 0 0
4cc 4cd 4b9 0 0
588 567 585 0 0
565 585 567 0 0
4ef 508 4ea 0 0
505 4ea 508 0 0
121 13a 127 0 0
14c 127 13a 0 0
5af 592 5b9 0 0
59b 5b9 592 0 0
3fa 3f0 3fe 0 0
3f2 3fe 3f0 0 0
205 1b4 20a 0 0
1ca 20a 1b4 0 0
23c 25d 231 0 0
263 231 25d 0 0
2fd 306 2fc 0 0
297 284 29f 0 0
4d2 4db 4cf 0 0
454 448 455 0 0
447 455 448 0 0
323 318 32b 0 0
325 32b 320 0 0
582 593 575 0 0
58d 575 593 0 0
243 261 249 0 0
25f 249 261 0 0
364 357 365 0 0
2fe 309 2fd 0 0
1f1 1e0 1e9 0 0
1e3 1e9 1e0 0 0
437 432 442 0 0
436 442 432 0 0
3a9 39a 3b0 0 0
41a 428 413 0 0
96 af b4 0 0
bb c8 af 0 0
418 414 3fc 0 0
407 3fc 414 0 0
aa c2 a5 0 0
b5 a5 c2 0 0
3f4 3ef 3f8 0 0
1f8 1c1 201 0 0
1d0 201 1c1 0 0
24b 25e 222 0 0
24c 222 25e 0 0
cc c1 db 0 0
cd db c1 0 0
40 3d 4b 0 0
3e 4b 3d 0 0
4e0 4f1 4e3 0 0
43 44 55 0 0
4e 55 44 0 0
4cb 4d0 4dc 0 0
bb b6 d0 0 0
a6 b6 af 0 0
bb af b6 0 0
4cb 4d8 4bb 0 0
461 46c 458 0 0
467 458 46c 0 0
16d 12f 178 0 0
584 5b2 594 0 0
5ad 594 5b2 0 0
266 26c 246 0 0
259 246 26c 0 0
342 340 336 0 0
330 336 340 0 0
197 1d9 1e6 0 0
211 1e6 1d9 0 0
4a8 4aa 48e 0 0
498 48e 4aa 0 0
1ad 19d 1b5 0 0
334 327 338 0 0
496 497 47f 0 0
485 47f 497 0 0
342 343 350 0 0
34f 350 343 0 0
294 27d 291 0 0
278 291 27d 0 0
ab 97 c1 0 0
e0 d1 c8 0 0
5b 57 6d 0 0
68 6d 57 0 0
3ca 3d3 3ab 0 0
3be 3ab 3d3 0 0
160 14d 159 0 0
14d 135 159 0 0
13d 159 135 0 0
51b 507 51d 0 0
2f 1a 41 0 0
35 41 1a 0 0
32e 331 31a 0 0
25 28 3c 0 0
402 404 411 0 0
40f 411 404 0 0
118 12b 132 0 0
88 7e a1 0 0
96 a1 7e 0 0
de ce e8 0 0
e2 e8 ce 0 0
3a6 3a8 3a7 0 0
3b3 3a7 3a8 0 0
2d2 2e0 2cc 0 0
2cd 2cc 2e0 0 0
2c8 2b5 2cd 0 0
298 2b7 2ac 0 0
2b8 2ac 2b7 0 0
2c8 2c1 2b0 0 0
2b2 2b0 2c1 0 0
433 434 41b 0 0
d7 ea d2 0 0
2ff 2f5 30a 0 0
300 30a 2f5 0 0
c3 b4 d1 0 0
345 338 34b 0 0
33a 34b 338 0 0
169 189 14b 0 0
163 14b 189 0 0
6 3 9 0 0
c 9 3 0 0
42f 423 43a 0 0
42c 43a 423 0 0
591 58a 57e 0 0
57f 57e 58a 0 0
230 229 245 0 0
24c 245 229 0 0
479 476 486 0 0
4cd 4d0 4be 0 0
4c0 4be 4d0 0 0
53c 530 552 0 0
548 552 530 0 0
586 5a1 585 0 0
599 585 5a1 0 0
d6 c5 da 0 0
c7 da c5 0 0
2a1 295 2ac 0 0
1d4 1a9 204 0 0
48f 484 494 0 0
488 494 484 0 0
425 417 427 0 0
41d 427 417 0 0
4bf 4bc 4c8 0 0
4ce 4c8 4bc 0 0
38e 396 387 0 0
590 57c 596 0 0
294 2a6 292 0 0
593 582 594 0 0
57a 594 582 0 0
12e 12c 138 0 0
12c 11a 138 0 0
144 138 11a 0 0
346 335 33d 0 0
16c 190 17d 0 0
15d 171 168 0 0
19d 168 191 0 0
171 191 168 0 0
17e 195 151 0 0
154 16a 14f 0 0
320 32b 314 0 0
318 314 32b 0 0
2d7 2bd 2ce 0 0
3e2 3e3 3ec 0 0
5f2 5e2 5f6 0 0
5d6 5f6 5e2 0 0
594 57a 584 0 0
55d 584 57a 0 0
db cd ef 0 0
3b3 3ae 3a7 0 0
39f 3a7 3ae 0 0
305 30c 2f6 0 0
2fa 2ef 30c 0 0
2f6 30c 2ef 0 0
338 329 33a 0 0
332 33a 329 0 0
598 5a5 5a1 0 0
5b1 5a1 5a5 0 0
26f 25a 242 0 0
237 242 25a 0 0
46 30 3f 0 0
2f 42 1e 0 0
2ee 2e7 2f8 0 0
3c6 3db 3c7 0 0
3d5 3c7 3db 0 0
4b4 4b0 4e5 0 0
4d4 4e5 4b0 0 0
488 477 481 0 0
477 469 481 0 0
472 481 469 0 0
598 58e 59d 0 0
58b 59d 58e 0 0
55f 562 570 0 0
56a 570 562 0 0
2c5 2ce 2b6 0 0
493 47a 49e 0 0
473 49e 47a 0 0
2af 2b3 29f 0 0
567 553 53b 0 0
52d 53d 525 0 0
528 525 53d 0 0
510 514 522 0 0
b8 c9 ac 0 0
3b2 3b1 3a4 0 0
399 3a4 3b1 0 0
3e5 3dc 3f3 0 0
3e8 3f3 3dc 0 0
269 27a 286 0 0
58a 58f 57f 0 0
583 57f 58f 0 0
56e 564 57c 0 0
1e8 1c5 1f2 0 0
5d 53 78 0 0
63 78 53 0 0
5e5 5b2 5e3 0 0
5b7 5e3 5b2 0 0
37d 38b 377 0 0
38b 383 377 0 0
371 377 383 0 0
3bd 3ca 3ae 0 0
3ab 3ae 3ca 0 0
1d4 1b3 19f 0 0
19e 19f 1b3 0 0
39e 3aa 3a0 0 0
fb 104 dc 0 0
eb dc 104 0 0
358 352 367 0 0
57e 57f 570 0 0
572 570 57f 0 0
6e 65 76 0 0
107 f0 11e 0 0
fd 11e f0 0 0
351 349 357 0 0
355 357 349 0 0
47d 489 4a1 0 0
49d 4a1 489 0 0
e6 ee fc 0 0
2f8 2e7 2fb 0 0
2f0 2fb 2e7 0 0
1a 1f 35 0 0
33 35 1f 0 0
37e 36f 386 0 0
37b 386 36f 0 0
5e4 5c8 5b2 0 0
5ad 5b2 5c8 0 0
1bb 1a4 1c6 0 0
3c9 3d2 3c2 0 0
3ce 3c2 3d2 0 0
3fa 409 3f8 0 0
400 3f8 409 0 0
272 287 265 0 0
278 265 287 0 0
51c 508 527 0 0
518 527 508 0 0
15 f 18 0 0
543 531 53e 0 0
52a 53e 531 0 0
146 151 12b 0 0
132 12b 151 0 0
486 476 48e 0 0
395 389 392 0 0
1cb 1e7 1da 0 0
1e5 1da 1e7 0 0
143 15b 147 0 0
230 236 204 0 0
216 204 236 0 0
3f9 3f5 402 0 0
404 402 3f5 0 0
26a 252 27d 0 0
257 27d 252 0 0
61 71 65 0 0
74 65 71 0 0
49f 48c 4a0 0 0
48d 4a0 48c 0 0
15f 17e 146 0 0
151 146 17e 0 0
4f1 4fc 4e3 0 0
4f4 4e3 4fc 0 0
37c 373 381 0 0
379 381 373 0 0
b3 a9 a3 0 0
93 a3 a9 0 0
6c 58 79 0 0
6b 79 58 0 0
5b 6b 4d 0 0
58 4d 6b 0 0
229 230 210 0 0
204 210 230 0 0
360 35c 36f 0 0
368 36f 35c 0 0
1e0 1c9 1e3 0 0
21f 218 23a 0 0
145 154 130 0 0
14f 130 154 0 0
4ca 4b6 4cf 0 0
4bd 4cf 4b6 0 0
46a 45f 47f 0 0
47b 47f 45f 0 0
2b4 29a 2bd 0 0
401 402 40e 0 0
ba d9 b8 0 0
c9 b8 d9 0 0
125 12b 104 0 0
105 104 12b 0 0
29 2a 20 0 0
532 527 53f 0 0
52c 53f 527 0 0
217 1fe 233 0 0
20e 22b 1fe 0 0
3c5 3d0 3bf 0 0
3c3 3bf 3d0 0 0
56d 581 56c 0 0
586 56c 581 0 0
131 140 11e 0 0
133 11e 140 0 0
15c 17f 149 0 0
197 149 17f 0 0
4eb 4e9 4e1 0 0
227 232 241 0 0
e4 cb f7 0 0
dd f7 cb 0 0
3f9 401 3e8 0 0
3f3 3e8 401 0 0
313 30a 317 0 0
1c9 1b2 1e3 0 0
1e4 1e3 1b2 0 0
45d 43f 457 0 0
43b 457 43f 0 0
2cf 2bf 2d3 0 0
2c2 2d3 2bf 0 0
4e0 4d3 4ea 0 0
1a8 19c 1ce 0 0
19c 188 1ce 0 0
1a1 1ce 188 0 0
28f 2ab 27b 0 0
406 40f 3fb 0 0
404 3fb 40f 0 0
386 390 37e 0 0
23d 241 254 0 0
24d 254 241 0 0
76 65 77 0 0
2d5 2e5 2d0 0 0
2e1 2d0 2e5 0 0
f3 f9 109 0 0
309 2fe 316 0 0
3f1 3e9 3fd 0 0
3f7 3fd 3e9 0 0
1d 1b 2c 0 0
3b 2c 23 0 0
1b 23 2c 0 0
178 1b4 16d 0 0
1a0 16d 1b4 0 0
25c 24e 26d 0 0
250 26d 24e 0 0
110 124 111 0 0
11c 111 124 0 0
527 518 52c 0 0
196 16e 16b 0 0
158 152 16e 0 0
16b 16e 152 0 0
210 204 1d1 0 0
47f 485 46a 0 0
46d 46a 485 0 0
2b9 2d0 2bc 0 0
2d2 2bc 2d0 0 0
39a 398 3b0 0 0
3ac 3b0 398 0 0
47f 47b 496 0 0
48a 496 47b 0 0
13d 124 136 0 0
1d 13 1b 0 0
3e6 3ea 3da 0 0
3de 3da 3ea 0 0
487 485 4a3 0 0
497 4a3 485 0 0
4c7 4da 4e4 0 0
4f6 4e4 4da 0 0
283 293 2a0 0 0
2ad 2a0 293 0 0
10 4 3 0 0
2de 2ca 2e4 0 0
2d1 2e4 2ca 0 0
34d 35a 355 0 0
1aa 1cc 189 0 0
1ca 189 1cc 0 0
4c6 4a1 4b2 0 0
49d 4b2 4a1 0 0
305 30b 31a 0 0
555 55e 53d 0 0
549 53d 55e 0 0
3e2 3df 3d7 0 0
3d7 3df 3cd 0 0
3d6 3cd 3df 0 0
24 17 26 0 0
16 26 17 0 0
1a9 1a3 204 0 0
1d1 204 1a3 0 0
2b5 2ba 2cd 0 0
2cc 2cd 2ba 0 0
551 545 54c 0 0
339 356 348 0 0
356 359 348 0 0
354 348 359 0 0
79 a7 8f 0 0
9f 8f a7 0 0
3ec 3e3 3fb 0 0
126 116 11c 0 0
116 100 11c 0 0
111 11c 100 0 0
37c 38c 370 0 0
36b 370 38c 0 0
1f2 20d 1e8 0 0
1ed 1dd 20d 0 0
1e8 20d 1dd 0 0
1ec 1db 1ee 0 0
33b 346 34f 0 0
351 34f 346 0 0
2a3 2a2 28c 0 0
28f 28c 2a2 0 0
5de 5dc 5e7 0 0
200 1bf 1f8 0 0
1c1 1f8 1bf 0 0
352 34e 367 0 0
362 367 34e 0 0
468 45b 470 0 0
54a 540 534 0 0
52b 534 540 0 0
b2 bf 9b 0 0
aa 9b bf 0 0
39f 38c 39c 0 0
397 39c 38c 0 0
2c 37 1d 0 0
28e 281 29a 0 0
292 29a 282 0 0
568 557 56f 0 0
560 56f 557 0 0
545 551 53e 0 0
293 286 29c 0 0
48a 486 498 0 0
48e 498 486 0 0
345 34d 341 0 0
182 192 161 0 0
15e 161 192 0 0
284 297 26c 0 0
27f 26c 297 0 0
3b4 3b5 3c7 0 0
3b8 3c6 3b5 0 0
3c7 3b5 3c6 0 0
b6 a6 ae 0 0
a2 ae a6 0 0
322 32e 30b 0 0
31a 30b 32e 0 0
4c 54 4a 0 0
3c0 3c1 3d1 0 0
3cf 3e3 3c1 0 0
3d1 3c1 3e3 0 0
26c 266 284 0 0
27b 284 266 0 0
19e 1a5 179 0 0
198 179 1a5 0 0
1f2 1c5 1fe 0 0
1ae 1fe 1c5 0 0
203 1f6 1b9 0 0
1c6 1b9 1f6 0 0
194 1b9 190 0 0
497 496 4a9 0 0
4ac 4a9 496 0 0
2b 27 38 0 0
27 3c 38 0 0
4f5 509 4e6 0 0
4ff 4e6 509 0 0
31e 327 31b 0 0
482 492 475 0 0
480 475 492 0 0
170 15a 179 0 0
15a 158 179 0 0
16e 179 158 0 0
3db 3c6 3d4 0 0
101 f7 112 0 0
4e2 4cf 4ec 0 0
4db 4ec 4cf 0 0
5e2 5e8 5ca 0 0
83 9b 7a 0 0
aa 84 9b 0 0
7a 9b 84 0 0
53d 544 555 0 0
556 55f 544 0 0
555 544 55f 0 0
5ac 595 5a8 0 0
588 5a8 595 0 0
490 482 47c 0 0
46b 47c 482 0 0
1f8 225 200 0 0
4bf 4b5 4a3 0 0
31b 326 31c 0 0
32a 31c 32f 0 0
326 32f 31c 0 0
571 55c 580 0 0
569 580 55c 0 0
61 5c 70 0 0
64 73 5c 0 0
fe 10e ee 0 0
fc ee 10e 0 0
38f 3a1 394 0 0
3a3 394 3a1 0 0
553 55c 547 0 0
550 547 55c 0 0
56 50 4b 0 0
4b 50 40 0 0
40 50 34 0 0
45 34 50 0 0
37 2c 44 0 0
2c 3b 44 0 0
44 3b 4e 0 0
45 4e 3b 0 0
324 30c 331 0 0
31a 331 30c 0 0
566 56a 552 0 0
562 552 56a 0 0
51b 533 516 0 0
533 534 516 0 0
51f 516 534 0 0
567 53b 565 0 0
539 565 53b 0 0
486 48a 479 0 0
47b 479 48a 0 0
3c7 3d5 3c5 0 0
307 2ff 314 0 0
313 314 30a 0 0
2ff 30a 314 0 0
378 369 36d 0 0
359 36d 369 0 0
49d 48f 4b2 0 0
4b2 48f 4a7 0 0
494 4a7 48f 0 0
d6 e7 d9 0 0
f8 d9 100 0 0
58d 596 576 0 0
57c 576 596 0 0
541 54c 536 0 0
545 536 54c 0 0
23e 24d 234 0 0
5af 5d2 5aa 0 0
5cb 5aa 5d2 0 0
29b 297 2b3 0 0
29f 2b3 297 0 0
282 29a 276 0 0
281 276 29a 0 0
451 460 43e 0 0
3f1 406 3e3 0 0
3fb 3e3 406 0 0
2e1 2ec 2d2 0 0
2e0 2d2 2ec 0 0
20b 1cc 1e0 0 0
1b 13 20 0 0
114 123 106 0 0
106 123 110 0 0
123 136 110 0 0
124 110 136 0 0
485 487 46d 0 0
46f 459 487 0 0
46d 487 459 0 0
478 463 46e 0 0
462 46e 455 0 0
463 455 46e 0 0
35c 363 368 0 0
246 251 266 0 0
266 251 27b 0 0
260 27b 251 0 0
493 4a6 47e 0 0
495 47e 4a6 0 0
c3 cd a1 0 0
22d 20b 215 0 0
202 215 20b 0 0
3c6 3b8 3d4 0 0
3cc 3d4 3b8 0 0
4f0 4ed 4fd 0 0
502 4fd 4ed 0 0
525 526 52d 0 0
52f 544 526 0 0
52d 526 544 0 0
47d 47c 468 0 0
45e 468 47c 0 0
4c9 4e3 4ba 0 0
4d2 4ba 4e3 0 0
1c9 1e0 1aa 0 0
1cc 1aa 1e0 0 0
484 48f 478 0 0
489 478 48f 0 0
309 312 2fd 0 0
306 2fd 312 0 0
22c 21c 242 0 0
235 242 21c 0 0
1b5 1c4 1e7 0 0
1ea 1e7 1ec 0 0
4f2 4e8 4d8 0 0
4de 4d8 4e8 0 0
174 159 188 0 0
16f 188 159 0 0
434 43d 41b 0 0
142 150 13b 0 0
15c 13b 150 0 0
44d 44a 433 0 0
434 433 44a 0 0
319 304 31f 0 0
4fd 50c 4f0 0 0
4f5 4f0 50c 0 0
5ab 59a 5aa 0 0
597 5aa 59a 0 0
5bf 5c6 5ce 0 0
5d7 5d1 5c6 0 0
387 383 38e 0 0
4c7 4c3 4da 0 0
474 461 47e 0 0
45d 47e 461 0 0
5bb 5a1 5c0 0 0
444 43a 44e 0 0
5cc 5d5 5c9 0 0
2bf 2cf 2bb 0 0
2c5 2bb 2cf 0 0
56c 54b 56d 0 0
558 56d 54b 0 0
8a 99 8b 0 0
99 a3 8b 0 0
93 8b a3 0 0
36e 371 363 0 0
368 363 371 0 0
361 372 356 0 0
36d 356 372 0 0
44b 459 43d 0 0
77 74 8b 0 0
8b 74 8a 0 0
8a 74 8c 0 0
71 8c 74 0 0
2cc 2ba 2d2 0 0
4a2 487 4b5 0 0
4a3 4b5 487 0 0
275 288 272 0 0
287 272 288 0 0
1fc 206 21c 0 0
21f 21c 206 0 0
557 543 551 0 0
53e 551 543 0 0
9c c4 a7 0 0
4f 5f 5a 0 0
63 5a 7d 0 0
5f 7d 5a 0 0
2eb 2e6 2f5 0 0
2fa 300 2e6 0 0
2f5 2e6 300 0 0
380 38d 37f 0 0
9c 92 b9 0 0
ad b9 92 0 0
530 52f 522 0 0
526 522 52f 0 0
4f4 4f8 4ec 0 0
503 4ec 4f8 0 0
3e0 3eb 3e4 0 0
3fb 3f5 3ec 0 0
2aa 29c 28e 0 0
5e8 5e1 5ca 0 0
5cf 5ca 5e1 0 0
7f 92 6d 0 0
17f 18a 1ba 0 0
1bc 1ba 18a 0 0
5e5 5e3 5f7 0 0
112 f7 103 0 0
ec 103 f7 0 0
39b 3ab 38b 0 0
398 38b 3ab 0 0
584 55a 57d 0 0
568 57d 55a 0 0
284 27b 29f 0 0
2ab 29f 27b 0 0
85 82 98 0 0
95 98 82 0 0
56e 57b 566 0 0
56a 566 57b 0 0
af 96 87 0 0
80 87 96 0 0
270 28b 275 0 0
2bb 2a7 2bf 0 0
2ae 2bf 2a7 0 0
319 31f 329 0 0
32c 329 31f 0 0
372 382 36d 0 0
37a 36d 382 0 0
385 393 38d 0 0
397 38d 393 0 0
337 33e 32b 0 0
33e 33c 32b 0 0
435 443 430 0 0
438 430 443 0 0
a1 cd 97 0 0
c1 97 cd 0 0
339 332 31f 0 0
32c 31f 332 0 0
506 539 4f9 0 0
53b 4f9 539 0 0
241 232 24d 0 0
234 24d 232 0 0
4f8 50a 503 0 0
50a 511 503 0 0
503 511 504 0 0
50f 504 511 0 0
59c 591 5a4 0 0
5a0 5a4 591 0 0
452 461 44c 0 0
458 44c 461 0 0
3b5 3b4 3a1 0 0
3a1 3b4 3a3 0 0
3af 3a3 3b4 0 0
38a 37e 399 0 0
390 399 37e 0 0
201 1d0 205 0 0
1b4 205 1d0 0 0
437 445 42e 0 0
508 51c 505 0 0
517 505 51c 0 0
165 13a 177 0 0
436 42a 43f 0 0
426 43f 42a 0 0
52c 518 529 0 0
50b 529 518 0 0
2ce 2e3 2d7 0 0
2dd 2d7 2e3 0 0
34c 34a 33f 0 0
33e 33f 34a 0 0
3c3 3d0 3c9 0 0
3d2 3c9 3d0 0 0
507 4e5 51d 0 0
4f7 51d 4e5 0 0
4d1 4ef 4d3 0 0
4ea 4d3 4ef 0 0
3e8 3ee 3f9 0 0
3f5 3f9 3ee 0 0
176 17c 173 0 0
ee e6 e3 0 0
e3 e6 da 0 0
e5 da e6 0 0
3dc 3e5 3cc 0 0
3d4 3cc 3e5 0 0
1bb 1f6 1ce 0 0
1f6 231 1ce 0 0
1fd 1ce 231 0 0
1c6 1a4 1b9 0 0
138 144 152 0 0
3b7 3ad 3ba 0 0
49f 4ba 49a 0 0
4ad 49a 4ba 0 0
2c1 2c8 2d4 0 0
2cd 2db 2c8 0 0
2d4 2c8 2db 0 0
5ef 5e6 5ea 0 0
130 126 145 0 0
f9 101 109 0 0
26 1c 36 0 0
31 36 1c 0 0
3f 36 49 0 0
17 18 12 0 0
f 12 18 0 0
20 2a 23 0 0
34 23 2a 0 0
110 111 e7 0 0
511 523 50f 0 0
5e9 5e0 5ee 0 0
5e1 5ee 5e0 0 0
4d6 4d1 4a6 0 0
4c1 4a6 4d1 0 0
5c7 5c2 5cc 0 0
46e 462 477 0 0
469 477 462 0 0
4d 4c 42 0 0
4a 42 4c 0 0
519 50f 535 0 0
523 535 50f 0 0
109 10f f2 0 0
ef f2 10f 0 0
222 1fd 24b 0 0
231 24b 1fd 0 0
4c5 4c4 4a2 0 0
491 4a2 4c4 0 0
52 49 54 0 0
4a 54 49 0 0
199 173 187 0 0
17c 187 173 0 0
d0 b6 e4 0 0
cb e4 b6 0 0
7 1 5 0 0
4 5 1 0 0
181 15b 16d 0 0
143 16d 15b 0 0
2e 2b 3a 0 0
38 3a 2b 0 0
f7 101 e4 0 0
f9 e4 101 0 0
193 1a7 191 0 0
1c4 191 1a7 0 0
519 4f6 50f 0 0
458 467 453 0 0
469 453 467 0 0
7 5 b 0 0
8 b 5 0 0
da e5 e7 0 0
f1 e7 e5 0 0
5f8 5f7 5f3 0 0
5e3 5f3 5f7 0 0
2c3 2cb 2af 0 0
ac c9 b1 0 0
1c4 1db 1e7 0 0
1ec 1e7 1db 0 0
4e3 4f4 4db 0 0
4ec 4db 4f4 0 0
4cf 4bd 4d2 0 0
4ba 4d2 4bd 0 0
2da 2f4 2d1 0 0
2e4 2d1 2f4 0 0
9b 83 9f 0 0
8f 9f 83 0 0
1cf 1a5 1fc 0 0
382 392 37a 0 0
389 37a 392 0 0
544 53c 556 0 0
552 556 53c 0 0
3e8 3dc 3d6 0 0
3cb 3d6 3dc 0 0
145 14d 154 0 0
160 154 14d 0 0
5ea 5e6 5de 0 0
5d2 5de 5e6 0 0
152 144 17a 0 0
15e 17a 144 0 0
40a 400 40d 0 0
40d 400 40c 0 0
409 40c 400 0 0
357 355 365 0 0
35a 365 355 0 0
1b5 1e7 1ad 0 0
1cb 1ad 1e7 0 0
70 5c 81 0 0
73 81 5c 0 0
a9 9d 93 0 0
91 93 9d 0 0
cb b3 dd 0 0
bd dd b3 0 0
11e 133 11d 0 0
13b 11d 133 0 0
504 50f 4ee 0 0
5bc 5cd 5c2 0 0
5cc 5c2 5cd 0 0
1d5 1ea 1e1 0 0
2da 2d1 2c6 0 0
2be 2c6 2d1 0 0
86 8b 90 0 0
93 90 8b 0 0
22a 223 23c 0 0
253 23c 223 0 0
34d 355 341 0 0
35f 36c 35d 0 0
4f3 4ff 51e 0 0
513 51e 4ff 0 0
514 50d 524 0 0
521 524 50d 0 0
487 4a2 46f 0 0
491 46f 4a2 0 0
40a 419 3ff 0 0
405 3ff 419 0 0
3f8 3eb 3fa 0 0
3f0 3fa 3eb 0 0
bd b1 dd 0 0
dd b1 df 0 0
c9 df b1 0 0
4f5 4e6 4d7 0 0
4c5 4d7 4e6 0 0
178 163 1ca 0 0
189 1ca 163 0 0
482 475 46b 0 0
465 46b 475 0 0
17b 182 16a 0 0
1c5 1dd 1c0 0 0
1d3 1c0 1dd 0 0
69 66 82 0 0
75 82 66 0 0
3f 30 36 0 0
26 36 30 0 0
43d 459 427 0 0
440 427 459 0 0
6d 92 5b 0 0
6b 5b 92 0 0
136 123 153 0 0
139 153 123 0 0
32b 33c 323 0 0
28e 29c 27a 0 0
286 27a 29c 0 0
4e1 4e9 4d0 0 0
4dc 4d0 4e9 0 0
d9 ba d6 0 0
c5 d6 ba 0 0
8d a2 72 0 0
341 355 33d 0 0
349 33d 355 0 0
25e 24b 273 0 0
263 273 24b 0 0
161 14f 182 0 0
16a 182 14f 0 0
37f 38d 379 0 0
381 379 38d 0 0
d3 bf d4 0 0
c6 d4 bf 0 0
177 13a 15b 0 0
147 15b 13a 0 0
5b1 5c1 5a1 0 0
5c0 5a1 5c1 0 0
185 1ac 183 0 0
c0 a7 d2 0 0
c4 d2 a7 0 0
1f0 20c 1b3 0 0
1d6 1b3 20c 0 0
e6 fc e5 0 0
fc 106 e5 0 0
f1 e5 106 0 0
386 387 3a4 0 0
396 3a4 387 0 0
5a2 58d 5a3 0 0
593 5a3 58d 0 0
290 27e 2a8 0 0
296 2a8 27e 0 0
48b 48e 471 0 0
476 471 48e 0 0
427 41d 43d 0 0
41b 43d 41d 0 0
4a0 4c1 49f 0 0
4c1 4c9 49f 0 0
4ba 49f 4c9 0 0
3d9 3c5 3e0 0 0
3d5 3e0 3c5 0 0
11b 102 120 0 0
5d9 5c5 5da 0 0
488 484 477 0 0
46e 477 484 0 0
4ee 50f 4da 0 0
4f6 4da 50f 0 0
5a4 5a0 5b3 0 0
5a9 5b3 5a0 0 0
38 3c 3a 0 0
3e 3a 3c 0 0
383 398 38e 0 0
39a 38e 398 0 0
357 364 351 0 0
35b 351 364 0 0
4b5 4d7 4a2 0 0
4c5 4a2 4d7 0 0
2c0 2ad 2d5 0 0
2c4 2d5 2ad 0 0
5aa 597 5af 0 0
592 5af 597 0 0
264 269 24a 0 0
248 24a 269 0 0
5c1 5b1 5c2 0 0
5b1 5a5 5c2 0 0
5bc 5c2 5a5 0 0
572 583 55e 0 0
578 55e 583 0 0
32f 33d 32a 0 0
335 32a 33d 0 0
1f4 1c7 1df 0 0
1c8 1df 1c7 0 0
2a5 280 2be 0 0
29e 2be 280 0 0
1fe 217 1f2 0 0
20d 1f2 217 0 0
53 47 63 0 0
5a 63 47 0 0
4b8 4bb 4ce 0 0
4d8 4ce 4bb 0 0
4a1 4b1 490 0 0
4b0 490 4b1 0 0
2e5 2d5 2ee 0 0
2d9 2ee 2d5 0 0
19f 19e 186 0 0
179 186 19e 0 0
e7 111 d9 0 0
100 d9 111 0 0
7 1e 1 0 0
11 1 22 0 0
1e 22 1 0 0
8e 70 a0 0 0
81 a0 70 0 0
31 4a 36 0 0
49 36 4a 0 0
af c8 b4 0 0
d1 b4 c8 0 0
177 15b 1bf 0 0
181 1bf 15b 0 0
d8 c0 ed 0 0
d2 ed c0 0 0
1a5 19e 1d6 0 0
1b3 1d6 19e 0 0
291 278 29d 0 0
287 29d 278 0 0
ff f5 118 0 0
105 118 f5 0 0
100 116 f8 0 0
157 151 18b 0 0
195 18b 151 0 0
5c9 5c6 5c3 0 0
5bb 5c3 5ba 0 0
5c6 5ba 5c3 0 0
229 1f3 24c 0 0
222 24c 1f3 0 0
110 e7 106 0 0
f1 106 e7 0 0
580 569 595 0 0
588 595 569 0 0
376 36a 38a 0 0
37e 38a 36a 0 0
6d 68 7f 0 0
7b 9a 68 0 0
7f 68 9a 0 0
440 45c 43b 0 0
457 43b 45c 0 0
564 566 54f 0 0
54f 566 548 0 0
552 548 566 0 0
b4 c3 96 0 0
a1 96 c3 0 0
35 33 48 0 0
43 48 33 0 0
2d 47 28 0 0
3c 28 47 0 0
27f 280 259 0 0
256 23a 280 0 0
259 280 23a 0 0
589 573 59a 0 0
587 59a 573 0 0
303 2fc 30f 0 0
306 30f 2fc 0 0
418 3fc 426 0 0
40b 426 3fc 0 0
41b 417 401 0 0
403 401 417 0 0
233 1fe 252 0 0
22b 252 1fe 0 0
3a7 39c 3a6 0 0
39d 3a6 39c 0 0
4dd 4eb 4cd 0 0
4e1 4cd 4eb 0 0
112 11f 101 0 0
109 101 11f 0 0
1d6 206 1a5 0 0
1fc 1a5 206 0 0
5ba 5c6 5a8 0 0
5bf 5a8 5c6 0 0
359 369 354 0 0
35f 354 369 0 0
a4 b0 85 0 0
85 b0 6a 0 0
7c 6a b0 0 0
34b 35a 345 0 0
34d 345 35a 0 0
201 224 1f8 0 0
225 1f8 224 0 0
504 4ee 503 0 0
4ec 503 4ee 0 0
378 380 374 0 0
37f 374 380 0 0
b7 ab c7 0 0
c1 c7 ab 0 0
53b 553 529 0 0
547 529 553 0 0
43d 44a 44b 0 0
45f 44b 44a 0 0
4fe 4fa 512 0 0
512 4fa 51f 0 0
516 51f 4fa 0 0
7b 5e b0 0 0
7c b0 5e 0 0
102 f4 120 0 0
10b 120 f4 0 0
145 126 14d 0 0
135 14d 11c 0 0
126 11c 14d 0 0
2a6 2bd 292 0 0
29a 292 2bd 0 0
220 208 238 0 0
21a 238 208 0 0
326 31b 334 0 0
327 334 31b 0 0
4b5 4bf 4d9 0 0
4c8 4d9 4bf 0 0
40e 402 420 0 0
411 420 402 0 0
530 522 524 0 0
514 524 522 0 0
3b1 3ba 399 0 0
3ad 399 3ba 0 0
1b2 1aa 18b 0 0
189 18b 1aa 0 0
58b 583 59f 0 0
58f 59f 583 0 0
3cd 3cb 3bc 0 0
3ba 3bc 3cb 0 0
383 387 371 0 0
37b 371 387 0 0
470 45b 478 0 0
463 478 45b 0 0
2d4 2d8 2c1 0 0
2c3 2c1 2d8 0 0
448 44e 439 0 0
43a 439 44e 0 0
2b3 2af 2c6 0 0
1db 1b0 1ee 0 0
1de 1ee 1b0 0 0
3da 3d2 3e1 0 0
3d8 3e1 3d2 0 0
410 408 421 0 0
416 421 408 0 0
30f 31c 303 0 0
30d 303 31c 0 0
69 6a 4e 0 0
55 4e 6a 0 0
1ef 1ed 207 0 0
207 1ed 213 0 0
20d 213 1ed 0 0
31c 321 30d 0 0
30e 30d 321 0 0
246 259 218 0 0
23a 218 259 0 0
f2 ef d1 0 0
d1 ef c3 0 0
cd c3 ef 0 0
3eb 3f8 3e4 0 0
3ef 3e4 3f8 0 0
308 31f 2f7 0 0
304 2f7 31f 0 0
428 41a 43c 0 0
304 319 2fe 0 0
316 2fe 319 0 0
130 14f 122 0 0
137 122 14f 0 0
2b6 2ce 2a6 0 0
2bd 2a6 2ce 0 0
136 153 13d 0 0
159 13d 16f 0 0
153 16f 13d 0 0
258 24c 27e 0 0
25e 27e 24c 0 0
366 35a 36c 0 0
35d 36c 35a 0 0
4d 42 5b 0 0
57 5b 41 0 0
42 41 5b 0 0
103 ec 116 0 0
f8 116 ec 0 0
69 4e 66 0 0
50 66 4e 0 0
3ec 3f5 3e2 0 0
3ee 3e2 3f5 0 0
32b 325 337 0 0
330 337 325 0 0
37d 375 38b 0 0
384 38b 375 0 0
123 114 139 0 0
12d 139 114 0 0
26b 268 281 0 0
276 281 268 0 0
5d 66 56 0 0
50 56 66 0 0
428 42c 413 0 0
41f 413 42c 0 0
1e 42 22 0 0
39 22 42 0 0
300 315 30a 0 0
317 30a 315 0 0
43e 460 433 0 0
44d 433 460 0 0
253 274 23c 0 0
25d 23c 274 0 0
564 559 57c 0 0
576 57c 559 0 0
1b1 1be 18c 0 0
18d 18c 1be 0 0
258 260 236 0 0
251 236 260 0 0
49c 48b 4a5 0 0
492 4a5 48b 0 0
13f 178 113 0 0
12f 113 178 0 0
3a0 3aa 3a6 0 0
3a8 3a6 3aa 0 0
42e 445 41a 0 0
43c 41a 445 0 0
424 414 42a 0 0
418 42a 414 0 0
5df 5e7 5da 0 0
5dc 5d9 5e7 0 0
419 42f 416 0 0
431 416 42f 0 0
5e 68 51 0 0
57 41 68 0 0
51 68 41 0 0
31 1c 22 0 0
11 22 1c 0 0
225 239 200 0 0
21b 200 239 0 0
13e 144 128 0 0
11a 10f 144 0 0
128 144 10f 0 0
1e1 1ea 1ee 0 0
1ec 1ee 1ea 0 0
295 275 2ac 0 0
28b 2ac 275 0 0
49c 4a8 48b 0 0
48e 48b 4a8 0 0
10b e8 12f 0 0
113 12f e8 0 0
4e2 4ee 4ca 0 0
4ca 4ee 4c3 0 0
4da 4c3 4ee 0 0
4d6 50b 4d1 0 0
4ef 4d1 50b 0 0
3dd 3d3 3f1 0 0
3e9 3f1 3d3 0 0
37 33 1d 0 0
1d 33 e 0 0
1f e 33 0 0
2c6 2af 2da 0 0
2cb 2da 2af 0 0
362 350 375 0 0
36b 375 350 0 0
2bc 2d2 2a4 0 0
2ba 2a4 2d2 0 0
190 1b9 17d 0 0
1a4 17d 1b9 0 0
3bf 3c3 3af 0 0
3b9 3af 3c3 0 0
ea 10d d2 0 0
ed d2 10d 0 0
327 316 338 0 0
329 338 316 0 0
1b5 19d 1c4 0 0
191 1c4 19d 0 0
1da 1be 1c0 0 0
1b1 1c0 1be 0 0
333 323 344 0 0
33c 344 323 0 0
2b9 299 2c0 0 0
2a0 2c0 299 0 0
))

(13 (4 b8f bb9 3 3)(
5c9 5db 5d7 0 0
5e9 5f2 5eb 0 0
5c9 5d7 5c6 0 0
5db 5d5 5d8 0 0
5e9 5ee 5f2 0 0
5df 5f0 5ea 0 0
5d1 5df 5da 0 0
5d5 5d3 5d8 0 0
5df 5ea 5e7 0 0
5ee 5e1 5e8 0 0
5f9 5f8 5f0 0 0
5f8 5f5 5f0 0 0
5e0 5e9 5db 0 0
5eb 5db 5e9 0 0
5f4 5f7 5f9 0 0
5f8 5f9 5f7 0 0
5e6 5ef 5ec 0 0
5c3 5c0 5c9 0 0
5f3 5ef 5f5 0 0
5f0 5f5 5ea 0 0
5ef 5ea 5f5 0 0
5c0 5c1 5c7 0 0
5c2 5c7 5c1 0 0
5ce 5c6 5d1 0 0
5f0 5d7 5eb 0 0
5db 5eb 5d7 0 0
5db 5c9 5d5 0 0
5eb 5fa 5f0 0 0
5f9 5f0 5fa 0 0
5f2 5ee 5ed 0 0
5e8 5ed 5ee 0 0
5cc 5c9 5c7 0 0
5c0 5c7 5c9 0 0
5fa 5f2 5fb 0 0
5f6 5fb 5f2 0 0
5ce 5d1 5d0 0 0
5da 5d0 5d1 0 0
5df 5d1 5f0 0 0
5d7 5f0 5d1 0 0
5d0 5da 5c5 0 0
5da 5e7 5d9 0 0
5d8 5dd 5db 0 0
5e0 5db 5dd 0 0
))

(13 (5 bba bc5 3 3)(
19b 1ac 1b0 0 0
1a7 1b0 1db 0 0
1ac 1de 1b0 0 0
1ac 1e1 1de 0 0
1ac 1cd 1e1 0 0
1de 1e1 1ee 0 0
183 175 185 0 0
173 185 175 0 0
19b 183 1ac 0 0
19b 1b0 183 0 0
18e 183 1a7 0 0
1b0 1a7 183 0 0
))

(13 (6 bc6 be0 3 3)(
d 21 14 0 0
29 21 2e 0 0
29 2e 2a 0 0
1b 20 23 0 0
10 19 27 0 0
10 15 19 0 0
15 25 19 0 0
15 18 25 0 0
6 9 f 0 0
18 28 25 0 0
2 3 1 0 0
6 10 3 0 0
5 4 8 0 0
2b 21 27 0 0
29 20 21 0 0
14 21 20 0 0
1 3 4 0 0
14 20 13 0 0
4 10 d 0 0
21 2b 2e 0 0
13 a 14 0 0
f 15 6 0 0
10 6 15 0 0
21 d 27 0 0
10 27 d 0 0
8 d a 0 0
14 a d 0 0
))

(13 (7 be1 bf2 3 3)(
a8 ae a2 0 0
91 9d 8d 0 0
76 89 91 0 0
76 77 89 0 0
60 72 6f 0 0
77 86 89 0 0
90 89 86 0 0
87 72 94 0 0
74 77 65 0 0
72 60 8d 0 0
76 91 6e 0 0
5c 65 60 0 0
6e 60 65 0 0
8d 9d a2 0 0
a8 a2 9d 0 0
6e 91 60 0 0
8d 60 91 0 0
94 72 a2 0 0
))

(0 "Empty volume mesh:")
(12 (0 1 0 0))

(0 "Zone variables:")
(45 (3 wall AirwaySurface)())
(45 (4 wall TrachealOutlet)())
(45 (5 wall RightUpperLobeOutlet)())
(45 (6 wall RightMainBronchusOutlet)())
(45 (7 wall LeftMainBronchusOutlet)())
