time_s,courant_mean,courant_max,delta_t_s,pimple_converged,pimple_iterations,continuity_local,continuity_global,continuity_cumulative,execution_time_s,clock_time_s
1.19976e-05,0.0,0.0,1.19976e-05,False,3,1.1948532e-12,-1.0965436e-13,5.2612483e-10,0.41,0.0
2.63982e-05,6.3709986e-05,0.0013801917,1.4400578e-05,False,3,1.0635233e-12,-2.2580699e-13,-9.4285683e-11,0.69,1.0
4.36764e-05,0.00016932486,0.0035725096,1.7278202e-05,False,3,1.4948649e-12,-3.3073968e-13,-2.7402983e-10,0.97,1.0
6.43995e-05,0.00033593682,0.0069030483,2.0723077e-05,False,3,1.6271187e-12,-2.5787841e-13,-1.9466816e-10,1.25,1.0
8.92568e-05,0.00059356288,0.011838631,2.4857357e-05,False,3,1.674886e-12,-3.8453154e-13,-4.8685873e-09,1.54,1.0
0.000119063,0.00098618925,0.019082516,2.9806502e-05,False,3,3.0167901e-12,-6.8782818e-13,-1.1681952e-08,1.82,2.0
0.00015482,0.0015764946,0.029615916,3.575708e-05,False,3,3.5555889e-12,-7.3128068e-13,-2.1665049e-08,2.11,2.0
0.000197683,0.0024576019,0.044873031,4.2862159e-05,False,3,6.8980716e-12,1.1878185e-12,-3.2395816e-08,2.39,2.0
0.000249117,0.0037589165,0.066763641,5.1434591e-05,False,3,9.4021592e-12,-1.5809998e-12,-2.7736643e-08,2.68,3.0
0.000310839,0.0056801304,0.098146489,6.1721509e-05,False,3,1.9037834e-11,-2.3582191e-12,-1.9716894e-08,2.97,3.0
0.000384858,0.008498169,0.14241759,7.4019404e-05,False,3,2.0245067e-11,3.2323606e-12,-5.6910469e-09,3.26,3.0
0.000473614,0.012607358,0.20399384,8.8756298e-05,False,3,3.758993e-11,6.6458648e-12,-1.0944801e-08,3.55,3.0
0.000580316,0.018586118,0.28935881,0.00010670156,False,3,2.7242852e-11,4.9887922e-12,-1.4856522e-08,3.85,4.0
0.000708077,0.027349124,0.40835758,0.00012776108,False,3,5.0510765e-11,9.4065087e-12,-1.5120356e-08,4.15,4.0
0.000861187,0.039910553,0.56927639,0.0001531105,False,3,7.2953051e-11,1.0638604e-11,-1.0855461e-07,4.45,4.0
0.00104521,0.058098796,0.7880668,0.00018402704,False,3,5.7139383e-11,1.0362582e-11,-1.8390208e-07,4.75,5.0
0.00124474,0.084637902,1.0913647,0.00019952406,False,3,7.6822901e-11,1.374353e-11,-2.7810641e-07,5.06,5.0
0.00144426,0.10913957,1.348733,0.00019952406,False,3,8.0935646e-11,1.4576889e-11,-3.7470744e-07,5.37,5.0
0.00164379,0.12648465,1.5037949,0.00019952406,False,3,8.4582459e-11,1.5356364e-11,-4.7121919e-07,5.68,6.0
0.00184331,0.14380452,1.6498788,0.00019952406,False,3,1.6127328e-10,-1.6060694e-11,-6.6345213e-07,5.98,6.0
0.00204283,0.16110273,1.7896986,0.00019952406,False,3,8.345423e-11,1.350126e-11,-8.5759673e-07,6.3,6.0
0.00224236,0.17838257,1.9253494,0.00019952406,False,3,8.6735659e-11,1.4372862e-11,-1.0551412e-06,6.61,6.0
0.00244188,0.19564677,2.0576941,0.00019952406,False,3,9.0829529e-11,1.5505067e-11,-1.2539196e-06,6.92,7.0
0.00264141,0.21289768,2.1878852,0.00019952406,False,3,9.4396508e-11,1.6310827e-11,-1.4532352e-06,7.23,7.0
0.00284093,0.23013738,2.3333642,0.00019952406,False,3,9.7813499e-11,1.7005423e-11,-1.6567476e-06,7.54,7.0
0.00304046,0.24736766,2.5296459,0.00019952406,False,3,1.7289954e-10,-2.5048037e-11,-1.6180576e-06,7.84,8.0
0.00323998,0.26459028,2.7267306,0.00019952406,False,3,1.7800828e-10,-2.7279367e-11,-1.5811983e-06,8.14,8.0
0.0034395,0.28180612,2.9245367,0.00019952406,False,3,1.8691943e-10,-3.0211061e-11,-1.5434937e-06,8.44,8.0
0.00363903,0.29901627,3.1230021,0.00019952406,False,3,1.9657601e-10,-3.3091849e-11,-1.5052712e-06,8.74,9.0
0.00383855,0.31622175,3.3219439,0.00019952406,False,3,2.0612771e-10,-3.5601727e-11,-1.4666136e-06,9.06,9.0
0.00403808,0.33342345,3.5210108,0.00019952406,False,3,2.1576778e-10,-3.793618e-11,-1.4274007e-06,9.36,9.0
0.0042376,0.35062206,3.7200203,0.00019952406,False,3,2.2563261e-10,-4.0193274e-11,-1.388017e-06,9.65,10.0
0.00443712,0.36781823,3.9189434,0.00019952406,False,3,2.3555878e-10,-4.2373316e-11,-1.3485779e-06,9.95,10.0
0.00463665,0.38501249,4.1177344,0.00019952406,False,3,2.476422e-10,-4.5059086e-11,-1.1375565e-06,10.24,10.0
0.00483617,0.40220531,4.3164789,0.00019952406,False,3,2.5726501e-10,-4.7061899e-11,-9.2421698e-07,10.54,10.0
0.0050357,0.41939711,4.5150928,0.00019952406,False,3,2.6680412e-10,-4.9014341e-11,-6.6842588e-07,10.84,11.0
0.00523522,0.4365874,4.7135836,0.00019952406,False,3,2.7662795e-10,-5.1054299e-11,-4.0982578e-07,11.14,11.0
0.00543474,0.45377371,4.9119572,0.00019952406,False,3,1.0942876e-10,-2.0300885e-11,-1.4928781e-07,11.44,11.0
0.00562895,0.47095999,5.110169,0.00019420342,False,3,2.7357783e-10,-5.093881e-11,9.3762007e-08,11.73,12.0
0.00581804,0.47468332,5.1612979,0.0001890928,False,3,2.5851119e-10,-4.8271339e-11,-4.885763e-08,12.04,12.0
0.00599986,0.47762878,5.2026804,0.00018182,False,3,2.3792059e-10,-4.4763359e-11,-1.8100083e-07,12.33,12.0
0.00617486,0.47353163,5.1659877,0.00017500175,False,3,2.1935557e-10,-4.1561116e-11,-3.0437493e-07,12.63,13.0
0.00634554,0.46899771,5.1232216,0.00017068072,False,3,2.0970684e-10,-3.9935788e-11,-4.2075667e-07,12.92,13.0
0.00651206,0.46999682,5.1399621,0.00016651777,False,3,2.0100387e-10,-3.8455448e-11,-5.3070397e-07,13.22,13.0
0.00667457,0.47050741,5.1506188,0.0001625053,False,3,1.9285611e-10,-3.7061536e-11,-6.3448715e-07,13.52,13.0
0.00683134,0.47057447,5.1557446,0.00015676982,False,3,1.7987418e-10,-3.4773363e-11,-7.2933645e-07,13.81,14.0
0.00698446,0.46458052,5.0936932,0.00015312401,False,3,1.7295426e-10,-3.3588663e-11,-8.183252e-07,14.1,14.0
0.00713406,0.46390362,5.0893162,0.00014960392,False,3,1.6690219e-10,-3.2558229e-11,-9.0234364e-07,14.39,14.0
0.00728195,0.46290693,5.0809427,0.00014788433,False,3,1.656436e-10,-3.2404692e-11,-9.8363848e-07,14.68,15.0
0.00742647,0.46703363,5.1284525,0.00014452332,False,3,1.1738405e-10,-2.1770332e-11,-1.2256726e-06,14.97,15.0
0.00756775,0.46544307,5.1127992,0.00014127561,False,3,1.1211595e-10,-2.0938996e-11,-1.4546503e-06,15.26,15.0
0.00770588,0.46360712,5.0940661,0.00013813615,False,3,1.0690165e-10,-2.0082927e-11,-1.6728603e-06,15.55,15.0
0.00784248,0.46154983,5.0725579,0.0001366013,False,3,1.0508225e-10,-1.9809858e-11,-1.886075e-06,15.84,16.0
0.00797608,0.46448501,5.1056659,0.00013359908,False,3,9.9660405e-11,-1.8851952e-11,-2.0872772e-06,16.13,16.0
0.00810821,0.46199015,5.0788114,0.00013213096,False,3,9.8005883e-11,-1.8598064e-11,-2.2837569e-06,16.42,16.0
0.00823747,0.46445895,5.1062917,0.00012925854,False,3,9.3748999e-11,-1.7875168e-11,-2.470971e-06,16.71,17.0
0.00836533,0.46158373,5.0747895,0.00012785356,False,3,9.2194437e-11,-1.7631356e-11,-2.6538073e-06,17.0,17.0
0.00849043,0.4636327,5.0972449,0.00012510402,False,3,8.8177843e-11,-1.6938801e-11,-2.8280743e-06,17.29,17.0
0.00861419,0.46042823,5.0617604,0.00012375882,False,3,8.6963019e-11,-1.6754071e-11,-2.998266e-06,17.58,17.0
0.00873662,0.46209934,5.0797296,0.00012242808,False,3,8.576816e-11,-1.6568559e-11,-3.1645482e-06,17.87,18.0
0.00885644,0.46361137,5.0958193,0.00011982322,False,3,8.2355898e-11,-1.5979992e-11,-3.3230837e-06,18.15,18.0
0.00897499,0.45995583,5.0549741,0.00011854851,False,3,8.1151341e-11,-1.5789772e-11,-3.4779456e-06,18.45,18.0
0.00909228,0.46114031,5.0672108,0.00011728735,False,3,8.0302264e-11,-1.5672975e-11,-3.6293572e-06,18.74,19.0
0.00920832,0.46218405,5.0778004,0.00011603962,False,3,7.9102137e-11,-1.5472257e-11,-3.7773581e-06,19.03,19.0
0.00932191,0.46309123,5.0867965,0.00011359668,False,3,7.6509992e-11,-1.5036356e-11,-3.9186048e-06,19.31,19.0
0.00943431,0.45892378,5.039963,0.00011240092,False,3,7.4901136e-11,-1.4755432e-11,-4.0566071e-06,19.6,19.0
0.00954553,0.45955837,5.0457961,0.00011121775,False,3,7.4657605e-11,-1.4771756e-11,-4.0407062e-06,19.89,20.0
0.00965558,0.46007229,5.0502367,0.00011004704,False,3,7.1930937e-11,-1.4233305e-11,-4.0242219e-06,20.18,20.0
0.00976447,0.46046916,5.0533321,0.00010888865,False,3,7.0849426e-11,-1.405401e-11,-4.0074385e-06,20.46,20.0
0.00987221,0.46075253,5.0551284,0.00010774245,False,3,7.1562761e-11,-1.4280599e-11,-3.9242942e-06,20.75,21.0
0.00997882,0.46092584,5.0556677,0.00010660832,False,3,1.7524842e-10,-3.5677901e-11,-3.8416887e-06,21.04,21.0
0.0100843,0.46099254,5.054992,0.00010548613,False,3,1.2305416e-10,-2.5289389e-11,-3.7597903e-06,21.32,21.0
0.0101887,0.46095376,5.0531295,0.00010437575,False,3,1.2080718e-10,-2.4705504e-11,-3.678472e-06,21.6,21.0
0.010292,0.46081457,5.0501321,0.00010327706,False,3,1.1847319e-10,-2.4104063e-11,-3.5979656e-06,21.88,22.0
0.0103941,0.46057858,5.0460436,0.00010218993,False,3,1.1624391e-10,-2.354845e-11,-3.5183099e-06,22.17,22.0
0.0104953,0.46024881,5.040904,0.00010111425,False,3,1.1401606e-10,-2.3002819e-11,-3.4393986e-06,22.44,22.0
0.0105953,0.45982825,5.0347518,0.00010004989,False,3,1.1179126e-10,-2.2466384e-11,-3.3612904e-06,22.73,23.0
0.0106943,0.45931982,5.0276233,9.8996731e-05,False,3,1.0954934e-10,-2.1933842e-11,-3.2840392e-06,23.01,23.0
0.0107933,0.45872634,5.0195538,9.8996731e-05,False,3,1.1036485e-10,-2.2068656e-11,-3.2065948e-06,23.3,23.0
0.0108912,0.4629681,5.0643703,9.7943574e-05,False,3,1.0820777e-10,-2.1557514e-11,-3.1298392e-06,23.58,23.0
0.0109881,0.46219521,5.0543113,9.6901621e-05,False,3,1.0584742e-10,-2.1012822e-11,-3.0539766e-06,23.86,24.0
0.011084,0.46134296,5.0433769,9.5870753e-05,False,3,1.0346824e-10,-2.0469403e-11,-2.9790289e-06,24.15,24.0
0.0111789,0.46041403,5.0316022,9.4850851e-05,False,3,1.0106968e-10,-1.9927389e-11,-2.9050043e-06,24.44,24.0
0.0112737,0.45941106,5.0190209,9.4850851e-05,False,3,1.0166583e-10,-2.0022259e-11,-2.8308736e-06,24.72,25.0
0.0113676,0.46330638,5.0599404,9.3830949e-05,False,3,9.9379152e-11,-1.9509283e-11,-2.7574867e-06,25.0,25.0
0.0114604,0.46213689,5.0455355,9.2822015e-05,False,3,9.6877679e-11,-1.8955511e-11,-2.6850649e-06,25.28,25.0
0.0115522,0.46089869,5.0303845,9.1823928e-05,False,3,9.435931e-11,-1.8404878e-11,-2.6136259e-06,25.56,25.0
0.011644,0.45959426,5.0145169,9.1823928e-05,False,3,9.4850507e-11,-1.8482349e-11,-2.5420886e-06,25.84,26.0
0.0117348,0.46324599,5.0527156,9.0825842e-05,False,3,9.6747232e-11,-1.8607832e-11,-2.4391468e-06,26.12,26.0
0.0118247,0.46178374,5.0351467,8.9838605e-05,False,3,9.3927325e-11,-1.8013939e-11,-2.337658e-06,26.39,26.0
0.0119145,0.46026039,5.016914,8.9838605e-05,False,3,9.432782e-11,-1.8074846e-11,-2.2358695e-06,26.67,27.0
0.0120034,0.46375667,5.0533858,8.8851367e-05,False,3,9.1876212e-11,-1.7568647e-11,-2.1622144e-06,26.95,27.0
0.0120913,0.46208055,5.0334938,8.7874979e-05,False,3,8.8823892e-11,-1.6941137e-11,-2.0894302e-06,27.24,27.0
0.0121791,0.46034831,5.0130036,8.7874979e-05,False,3,8.9099345e-11,-1.6980513e-11,-2.016462e-06,27.53,27.0
0.012266,0.4636941,5.0478064,8.689859e-05,False,3,8.5993717e-11,-1.6355006e-11,-1.9448952e-06,27.81,28.0
0.0123529,0.46181402,5.0257221,8.689859e-05,False,3,8.6413948e-11,-1.6413489e-11,-1.8721177e-06,28.09,28.0
0.0124388,0.46508631,5.0597055,8.5922201e-05,False,3,8.3155191e-11,-1.5768698e-11,-1.8009078e-06,28.38,28.0
0.0125238,0.46306002,5.036047,8.4956783e-05,False,3,7.9765945e-11,-1.5102062e-11,-1.7308243e-06,28.66,29.0
0.0126088,0.4609852,5.0118782,8.4956783e-05,False,3,7.9902908e-11,-1.5120196e-11,-1.6606196e-06,28.94,29.0
0.0126928,0.4641135,5.0442778,8.3991365e-05,False,3,6.1458214e-11,-1.2051679e-11,-1.5916305e-06,29.22,29.0
0.0127767,0.46189727,5.0185949,8.3991365e-05,False,3,6.1625212e-11,-1.2076967e-11,-1.5224761e-06,29.51,29.0
0.0128598,0.46495525,5.0502175,8.3025947e-05,False,3,1.5120923e-10,-3.0376599e-11,-1.4546782e-06,29.79,30.0
0.0129428,0.46259923,5.0230407,8.3025947e-05,False,3,1.5161433e-10,-3.0437876e-11,-1.3867767e-06,30.07,30.0
0.0130249,0.46558773,5.053896,8.2060529e-05,False,3,1.455622e-10,-2.918935e-11,-1.3203398e-06,30.34,30.0
0.0131069,0.46309352,5.0252439,8.2060529e-05,False,3,1.4570038e-10,-2.9205132e-11,-1.2538489e-06,30.63,31.0
0.013188,0.46601331,5.055343,8.1095111e-05,False,3,1.3887937e-10,-2.783491e-11,-1.1888734e-06,30.9,31.0
0.0132691,0.46338249,5.0252373,8.1095111e-05,False,3,1.3878732e-10,-2.7813838e-11,-1.1238695e-06,31.17,31.0
0.0133492,0.46623435,5.0545927,8.0129693e-05,False,3,1.312593e-10,-2.6329981e-11,-1.060486e-06,31.45,31.0
0.0134294,0.46346849,5.0230547,8.0129693e-05,False,3,1.3104311e-10,-2.6283642e-11,-9.9708493e-07,31.71,32.0
0.0135085,0.4662532,5.0516778,7.9164275e-05,False,3,1.2271966e-10,-2.4636666e-11,-9.3536299e-07,32.0,32.0
0.0135877,0.46335389,5.018728,7.9164275e-05,False,3,1.222748e-10,-2.4542448e-11,-8.7370106e-07,32.27,32.0
0.0136659,0.46607226,5.0466302,7.8198857e-05,False,3,1.1303699e-10,-2.2683565e-11,-8.1376658e-07,32.55,32.0
0.0137441,0.4630411,5.0122891,7.8198857e-05,False,3,1.1240251e-10,-2.2545405e-11,-7.5386714e-07,32.82,33.0
0.0138213,0.46569392,5.0394818,7.7233439e-05,False,3,1.0241692e-10,-2.0496448e-11,-6.9583198e-07,33.09,33.0
0.0138986,0.46253251,5.0037691,7.7233439e-05,False,3,1.020503e-10,-2.0387815e-11,-6.3784888e-07,33.36,33.0
0.0139758,0.46512056,5.0302618,7.7233439e-05,False,3,1.0182654e-10,-2.0328845e-11,-5.7981398e-07,33.64,34.0
0.014052,0.46770878,5.056746,7.6255801e-05,False,3,9.1447782e-11,-1.821698e-11,-5.2371602e-07,33.92,34.0
0.0141283,0.46431167,5.0185295,7.6255801e-05,False,3,9.0617554e-11,-1.8045764e-11,-4.6769086e-07,34.2,34.0
0.0142036,0.46683507,5.04431,7.5278163e-05,False,3,8.1039091e-11,-1.6234089e-11,-4.1366262e-07,34.47,34.0
0.0142789,0.46330927,5.00474,7.5278163e-05,False,3,8.0353585e-11,-1.6131892e-11,-3.5971603e-07,34.74,35.0
0.0143541,0.46576867,5.02983,7.5278163e-05,False,3,8.0001585e-11,-1.6099857e-11,-3.0606826e-07,35.02,35.0
0.0144284,0.46822821,5.054911,7.428766e-05,False,3,6.242016e-11,-1.3356923e-11,-2.6085834e-07,35.3,35.0
0.0145027,0.46446272,5.0128167,7.428766e-05,False,3,6.1870278e-11,-1.3257386e-11,-2.1544578e-07,35.57,35.0
0.014576,0.46685828,5.0372164,7.3297158e-05,False,3,1.3311098e-10,-3.1202969e-11,-1.7043693e-07,35.84,36.0
0.0146493,0.46296577,4.9937823,7.3297158e-05,False,3,1.3292367e-10,-3.1091764e-11,-1.2537332e-07,36.11,36.0
0.0147226,0.46529817,5.0175015,7.3297158e-05,False,3,1.3343958e-10,-3.1151413e-11,-8.0162201e-08,36.38,36.0
0.0147949,0.46763072,5.0412142,7.2293088e-05,False,3,1.2977494e-10,-2.972562e-11,-3.5397973e-08,36.64,37.0
0.0148672,0.46349404,4.9952011,7.2293088e-05,False,3,1.3121127e-10,-2.9958104e-11,9.4128542e-09,36.92,37.0
0.0149395,0.4657634,5.0182359,7.2293088e-05,False,3,1.3281464e-10,-3.0244665e-11,5.4363417e-08,37.2,37.0
0.0150108,0.46803291,5.0412636,7.1274875e-05,False,3,5.8485806e-11,-1.2010262e-11,9.8857088e-08,37.48,37.0
0.015082,0.46364684,4.9926183,7.1274875e-05,False,3,5.9492181e-11,-1.2169081e-11,1.4339849e-07,37.75,38.0
0.0151533,0.46585149,5.0149549,7.1274875e-05,False,3,6.0293871e-11,-1.2301806e-11,1.8806161e-07,38.03,38.0
0.0152236,0.46805627,5.0372848,7.0241906e-05,False,3,6.4120036e-11,-1.271181e-11,2.3218683e-07,38.3,38.0
0.0152938,0.46341432,4.9859448,7.0241906e-05,False,3,6.4912014e-11,-1.2820813e-11,2.7636239e-07,38.58,38.0
0.015364,0.46555591,5.0075991,7.0241906e-05,False,3,6.5678511e-11,-1.2931224e-11,3.2068491e-07,38.85,39.0
0.0154343,0.46769765,5.0292471,7.0241906e-05,False,3,6.6398726e-11,-1.3044438e-11,3.6516547e-07,39.13,39.0
0.0155035,0.4698395,5.0508868,6.9177635e-05,False,3,6.8990413e-11,-1.3131065e-11,4.0903964e-07,39.39,39.0
0.0155726,0.4647983,4.9953229,6.9177635e-05,False,3,6.9637383e-11,-1.3208284e-11,4.5294159e-07,39.68,40.0
0.0156418,0.46687599,5.016279,6.9177635e-05,False,3,7.0308407e-11,-1.3303576e-11,4.9696594e-07,39.95,40.0
0.015711,0.46895379,5.03723,6.9177635e-05,False,3,7.0937644e-11,-1.3391032e-11,5.4112458e-07,40.22,40.0
0.0157791,0.47103172,5.0581736,6.8079577e-05,False,3,7.2183308e-11,-1.3229309e-11,5.8465972e-07,40.5,40.0
0.0158471,0.46556765,4.9981445,6.8079577e-05,False,3,7.2704043e-11,-1.3286015e-11,6.2821763e-07,40.78,41.0
0.0159152,0.46758037,5.0183953,6.8079577e-05,False,3,7.3285946e-11,-1.3363992e-11,6.7189364e-07,41.05,41.0
0.0159833,0.46959322,5.038641,6.8079577e-05,False,3,7.3852793e-11,-1.3440408e-11,7.1569785e-07,41.33,41.0
0.0160502,0.47160619,5.0588792,6.6944917e-05,False,3,7.4105155e-11,-1.3157738e-11,7.5887325e-07,41.6,42.0
0.0161172,0.46569265,4.9941087,6.6944917e-05,False,3,7.4527148e-11,-1.3204587e-11,8.0208265e-07,41.88,42.0
0.0161841,0.46763931,5.0136446,6.6944917e-05,False,3,7.5056294e-11,-1.3279306e-11,8.4540926e-07,42.15,42.0
0.0162511,0.46958608,5.0331761,6.6944917e-05,False,3,7.5566175e-11,-1.3351869e-11,8.8886445e-07,42.42,42.0
0.0163169,0.47153298,5.0527006,6.5770445e-05,False,3,7.4975228e-11,-1.3063556e-11,9.3171396e-07,42.69,43.0
0.0163826,0.46513977,4.9828768,6.5770445e-05,False,3,7.5311963e-11,-1.3112743e-11,9.7468836e-07,42.96,43.0
0.0164484,0.46701916,5.0016895,6.5770445e-05,False,3,7.5803763e-11,-1.3190885e-11,1.0176895e-06,43.24,43.0
0.0165142,0.46889866,5.0204985,6.5770445e-05,False,3,7.6297319e-11,-1.3267384e-11,1.0607272e-06,43.51,43.0
0.0165799,0.47077827,5.0393014,6.5770445e-05,False,3,7.6818114e-11,-1.3344517e-11,1.1037968e-06,43.78,44.0
0.0166445,0.47265799,5.0580962,6.4529493e-05,False,3,1.1637447e-10,1.9853704e-11,1.1000426e-06,44.06,44.0
0.016709,0.46554949,4.9807124,6.4529493e-05,False,3,1.1727452e-10,2.008797e-11,1.0961622e-06,44.33,44.0
0.0167735,0.46735915,4.9987641,6.4529493e-05,False,3,1.1830671e-10,2.030963e-11,1.0920884e-06,44.61,45.0
0.0168381,0.46916892,5.0168164,6.4529493e-05,False,3,1.193114e-10,2.052894e-11,1.0878328e-06,44.88,45.0
0.0169026,0.47097879,5.0348644,6.4529493e-05,False,3,1.2030586e-10,2.0747473e-11,1.0833986e-06,45.15,45.0
0.0169658,0.47278877,5.0529059,6.3212565e-05,False,3,1.2330491e-10,2.2224975e-11,1.0756105e-06,45.42,45.0
0.017029,0.46487701,4.9670726,6.3212565e-05,False,3,1.2409723e-10,2.243311e-11,1.0676062e-06,45.69,46.0
0.0170922,0.46661408,4.9843547,6.3212565e-05,False,3,1.250609e-10,2.2641104e-11,1.0594229e-06,45.97,46.0
0.0171554,0.46835126,5.0016357,6.3212565e-05,False,3,1.2600819e-10,2.2846738e-11,1.0516139e-06,46.25,46.0
0.0172186,0.47008853,5.0189128,6.3212565e-05,False,3,1.2706944e-10,2.3078307e-11,1.0435012e-06,46.52,46.0
0.0172819,0.47182589,5.0361839,6.3212565e-05,False,3,1.2799638e-10,2.3278774e-11,1.0349469e-06,46.79,47.0
0.0173451,0.47356336,5.0534481,6.3212565e-05,False,3,1.2892212e-10,2.3478987e-11,1.0259621e-06,47.06,47.0
0.0174068,0.47530093,5.0707053,6.1742505e-05,False,3,5.1125104e-11,9.3976942e-12,1.0135913e-06,47.33,47.0
0.0174686,0.46590522,4.9692183,6.1742505e-05,False,3,5.133577e-11,9.4536744e-12,1.0010231e-06,47.61,48.0
0.0175303,0.4675631,4.98565,6.1742505e-05,False,3,5.166277e-11,9.5206216e-12,9.8832778e-07,47.88,48.0
0.017592,0.46922107,5.0020814,6.1742505e-05,False,3,5.1981488e-11,9.5862042e-12,9.7545782e-07,48.16,48.0
0.0176538,0.47087912,5.0185091,6.1742505e-05,False,3,5.2297292e-11,9.6512319e-12,9.6241629e-07,48.43,48.0
0.0177155,0.47253726,5.034931,6.1742505e-05,False,3,5.2613362e-11,9.7162667e-12,9.4920041e-07,48.71,49.0
0.0177773,0.47419549,5.0513463,6.1742505e-05,False,3,5.2929873e-11,9.7814025e-12,9.3581757e-07,48.99,49.0
0.017839,0.4758538,5.0677549,6.1742505e-05,False,3,5.3246309e-11,9.8464137e-12,9.2228156e-07,49.27,49.0
0.017899,0.47751219,5.0841567,6.0027436e-05,False,3,5.2324025e-11,9.9367535e-12,9.0495266e-07,49.54,49.0
0.0179591,0.46581562,4.9584039,6.0027436e-05,False,3,5.2382795e-11,9.9562407e-12,8.8743893e-07,49.81,50.0
0.0180191,0.46738333,4.9738738,6.0027436e-05,False,3,5.2643773e-11,1.0007569e-11,8.6978776e-07,50.1,50.0
0.0180791,0.46895111,4.9893454,6.0027436e-05,False,3,5.2953397e-11,1.0072967e-11,8.5213903e-07,50.38,50.0
0.0181391,0.47051895,5.0048151,6.0027436e-05,False,3,5.3207896e-11,1.0123542e-11,8.3434064e-07,50.65,51.0
0.0181992,0.47208687,5.0202801,6.0027436e-05,False,3,5.3463254e-11,1.0174424e-11,8.1639354e-07,50.93,51.0
0.0182592,0.47365486,5.0357396,6.0027436e-05,False,3,5.3720487e-11,1.0225361e-11,7.9829829e-07,51.2,51.0
0.0203794,0.47522373,5.0126631,5.3755089e-05,True,2,1.0649341e-10,-2.0985571e-11,-2.105099e-07,58.06,58.0
0.0239572,0.48125341,5.0068109,4.6366452e-05,True,2,1.1205648e-10,-2.3658777e-11,-5.1316961e-07,70.96,71.0
0.0271001,0.48748431,5.0146661,4.1345988e-05,True,2,9.7291823e-11,1.7369708e-11,-5.9925962e-07,83.74,84.0
0.0299404,0.4914196,5.007356,3.7818063e-05,True,2,5.3710367e-11,1.0285948e-11,-4.5127072e-07,96.78,97.0
0.0325546,0.49413166,4.9941624,3.4954871e-05,True,2,5.952719e-11,1.1610601e-11,-2.3871114e-07,109.84,110.0
0.0349909,0.49767632,4.994014,3.2739471e-05,True,2,6.5253876e-11,1.2986008e-11,5.1960175e-08,122.86,123.0
0.0372823,0.50036114,4.988834,3.0883404e-05,True,2,6.7822671e-11,1.3638551e-11,3.7355576e-07,135.86,136.0
0.0394607,0.51393692,5.0942828,2.9961817e-05,True,2,7.1819365e-11,1.4450709e-11,7.1183807e-07,148.87,149.0
0.0415415,0.50744192,5.0029412,2.8095113e-05,True,2,7.1801874e-11,1.4408453e-11,1.0567347e-06,161.87,162.0
0.0435203,0.50961209,4.999768,2.6927625e-05,True,2,7.2907187e-11,1.4584533e-11,1.4028365e-06,174.86,175.0
0.0454214,0.51245437,5.0049894,2.5894535e-05,True,2,7.3713952e-11,1.470767e-11,1.7444504e-06,188.02,188.0
0.0472537,0.51469632,5.005925,2.4992724e-05,True,2,7.4332661e-11,1.4798721e-11,2.0822365e-06,201.29,201.0
0.0490245,0.51668361,5.0057376,2.4175158e-05,True,2,7.4792398e-11,1.486251e-11,2.414692e-06,214.55,215.0
0.0507397,0.51877667,5.0077915,2.3443686e-05,True,2,7.5235566e-11,1.4924286e-11,2.7439907e-06,227.76,228.0
0.0524038,0.51847119,4.9967094,2.2743138e-05,True,2,7.5349735e-11,1.4926685e-11,3.0654015e-06,241.02,241.0
0.0540174,0.51876893,4.9986034,2.2076122e-05,True,2,7.5304668e-11,1.4899231e-11,3.3831669e-06,254.24,254.0
0.0555844,0.51830841,4.9929661,2.1434876e-05,True,2,7.5070216e-11,1.4836881e-11,3.695841e-06,267.48,268.0
0.0571091,0.52041546,5.011865,2.0948483e-05,True,2,7.5493656e-11,1.4902877e-11,4.0036383e-06,280.77,281.0
0.0585943,0.5192442,4.9990188,2.0372368e-05,True,2,7.5055481e-11,1.4803892e-11,4.307465e-06,294.07,294.0
0.0600597,0.51988335,5.0034454,1.9880676e-05,True,2,7.4996516e-11,1.4778848e-11,4.6085657e-06,307.46,308.0
0.0614749,0.51973462,5.0002816,1.9438668e-05,True,2,7.4950766e-11,1.4757267e-11,4.904686e-06,320.85,321.0
0.062859,0.5200655,5.0016356,1.9024419e-05,True,2,7.4651594e-11,1.4680186e-11,5.1975797e-06,334.11,334.0
0.0642138,0.52043422,5.0032941,1.8615766e-05,True,2,7.4720629e-11,1.4689189e-11,5.4870415e-06,347.41,348.0
0.0655413,0.52026167,4.9997563,1.8255977e-05,True,2,7.4704846e-11,1.4675081e-11,5.7738003e-06,360.86,361.0
0.066843,0.52090933,5.0040931,1.7900669e-05,True,2,7.4562013e-11,1.4636879e-11,6.0576792e-06,374.25,375.0
0.0681205,0.52115391,5.0045381,1.7573225e-05,True,2,7.4465314e-11,1.4607956e-11,6.3394972e-06,387.46,388.0
0.0693751,0.52095355,5.0007076,1.7276224e-05,True,2,7.4448287e-11,1.4594659e-11,6.6193255e-06,400.7,401.0
0.070608,0.52116458,5.0008534,1.6983692e-05,True,2,2.9201913e-11,5.6199403e-12,6.8973483e-06,414.08,415.0
0.0718205,0.52095677,4.9969959,1.6692906e-05,True,2,2.9065968e-11,5.5905449e-12,7.1742601e-06,427.47,428.0
0.0730134,0.5214818,5.0001745,1.6439139e-05,True,2,2.9370425e-11,5.6486119e-12,7.44366e-06,440.89,441.0
0.0741877,0.52177793,5.0011759,1.619036e-05,True,2,2.9085782e-11,5.5890285e-12,7.7120804e-06,454.31,455.0
0.0753443,0.5217834,4.9994246,1.5944344e-05,True,2,2.9031502e-11,5.5760416e-12,7.9795757e-06,467.77,468.0
0.076484,0.52134256,4.9934398,1.5696284e-05,True,2,2.892187e-11,5.552752e-12,8.2456295e-06,481.3,482.0
0.0776077,0.52344803,5.0118522,1.5534155e-05,True,2,2.9074971e-11,5.5785029e-12,8.509448e-06,494.76,495.0
0.0787156,0.52252427,5.0012807,1.5290996e-05,True,2,2.8916106e-11,5.5462117e-12,8.7708181e-06,508.22,509.0
0.0798165,0.52974797,5.0686677,1.5290996e-05,True,2,2.9603594e-11,5.6714465e-12,9.0310603e-06,521.64,522.0
0.0808981,0.52269293,4.9995182,1.4888468e-05,True,2,2.8815922e-11,5.522394e-12,9.2897371e-06,535.08,536.0
0.0819633,0.52318963,5.0026324,1.46998e-05,True,2,2.8764963e-11,5.5104132e-12,9.5471454e-06,548.57,549.0
0.0830154,0.52322911,5.0013956,1.4529129e-05,True,2,2.8747809e-11,5.5048377e-12,9.8032593e-06,562.0,563.0
0.0840549,0.52322898,4.9998106,1.4352016e-05,True,2,2.868554e-11,5.4909012e-12,1.0057982e-05,575.4,576.0
0.0850822,0.52369763,5.0027361,1.4180439e-05,True,2,2.8635946e-11,5.4794337e-12,1.0312251e-05,588.81,590.0
0.0860977,0.52366185,5.0008879,1.4028557e-05,True,2,2.8617248e-11,5.4737192e-12,1.0564915e-05,602.21,603.0
0.0871019,0.52363321,4.999123,1.3868938e-05,True,2,2.8550862e-11,5.4591593e-12,1.0815244e-05,615.65,616.0
0.0880952,0.52423438,5.0033922,1.3715253e-05,True,2,2.849433e-11,5.44646e-12,1.1063905e-05,629.06,630.0
0.0890778,0.52433504,5.0029115,1.3584816e-05,True,2,2.8500068e-11,5.4454155e-12,1.1311034e-05,642.51,643.0
0.0900502,0.52453011,5.0033624,1.3445656e-05,True,2,2.8469277e-11,5.4376909e-12,1.1556734e-05,655.94,657.0
0.0910127,0.52407039,4.9976136,1.3294826e-05,True,2,2.8363321e-11,5.4160374e-12,1.1801106e-05,669.37,670.0
0.0919656,0.52451801,5.0005334,1.317122e-05,True,2,2.834974e-11,5.4115403e-12,1.2044698e-05,682.83,684.0
0.0929091,0.52429447,4.9970757,1.3034682e-05,True,2,2.8267257e-11,5.3943161e-12,1.2287015e-05,696.26,697.0
0.0938437,0.52534448,5.0057822,1.2906344e-05,True,2,2.8212649e-11,5.3822495e-12,1.2528058e-05,709.7,711.0
0.0947694,0.52448974,4.9963634,1.2788803e-05,True,2,2.8169227e-11,5.372401e-12,1.2767846e-05,723.12,724.0
0.0956865,0.52521616,5.00205,1.2686662e-05,True,2,2.819465e-11,5.3753674e-12,1.3006381e-05,736.65,738.0
0.0965954,0.52491758,4.99799,1.256308e-05,True,2,2.8107109e-11,5.3574008e-12,1.3243671e-05,750.15,751.0
0.0974963,0.52519001,4.9993815,1.2456285e-05,True,2,2.8077697e-11,5.3502173e-12,1.3479746e-05,763.6,765.0
0.0983898,0.5269088,5.014553,1.2386305e-05,True,2,2.8195911e-11,5.3703656e-12,1.3714265e-05,777.07,778.0
0.0992752,0.52714315,5.0156104,1.2283939e-05,True,2,2.8421133e-11,5.415489e-12,1.3946014e-05,790.72,792.0
0.100158,0.52562373,5.0000059,1.2143223e-05,True,2,2.8345323e-11,5.4024074e-12,1.4173918e-05,804.29,805.0
0.101029,0.5257876,5.0004598,1.2045293e-05,True,2,2.8409937e-11,5.4147947e-12,1.440673e-05,817.74,819.0
0.101892,0.52606053,5.0019612,1.1944391e-05,True,2,2.8427452e-11,5.41795e-12,1.4628754e-05,831.26,832.0
0.102749,0.52610129,5.0012723,1.1856303e-05,True,2,2.8408825e-11,5.412914e-12,1.4845638e-05,844.8,846.0
0.103599,0.52626283,5.0017529,1.1765319e-05,True,2,2.8372649e-11,5.4046979e-12,1.5059107e-05,858.28,859.0
0.104443,0.52617436,4.9998783,1.1670943e-05,True,2,2.8300537e-11,5.3896577e-12,1.5272877e-05,871.75,873.0
0.10528,0.52621224,4.999243,1.1581637e-05,True,2,2.7943142e-11,5.3159597e-12,1.5493464e-05,885.3,886.0
0.106111,0.52639514,5.0000053,1.1497845e-05,True,2,2.7675639e-11,5.2606169e-12,1.5718787e-05,898.75,900.0
0.106935,0.52676912,5.002583,1.1410127e-05,True,2,2.7626372e-11,5.2501475e-12,1.5942475e-05,912.19,913.0
0.107754,0.52689071,5.002777,1.1328193e-05,True,2,2.7583142e-11,5.2408019e-12,1.6165092e-05,925.64,927.0
0.108567,0.52671821,5.0001967,1.1252743e-05,True,2,2.759759e-11,5.2427867e-12,1.6391763e-05,939.05,940.0
0.109375,0.52675086,4.9995803,1.1172965e-05,True,2,2.7539908e-11,5.2307003e-12,1.6623845e-05,952.46,954.0
0.110176,0.52703774,5.0013964,1.1100308e-05,True,2,2.7517902e-11,5.2252693e-12,1.6852589e-05,965.91,967.0
0.110972,0.52699319,5.0000924,1.1022599e-05,True,2,2.7453426e-11,5.211994e-12,1.7077892e-05,979.36,981.0
0.111763,0.5272572,5.0017214,1.0952869e-05,True,2,2.7420052e-11,5.2044743e-12,1.729923e-05,992.8,994.0
0.112549,0.52716137,4.9999478,1.0877149e-05,True,2,2.735128e-11,5.1904624e-12,1.7517022e-05,1006.22,1008.0
0.11333,0.52744919,5.0018266,1.0810775e-05,True,2,2.7320317e-11,5.1834067e-12,1.7721418e-05,1019.78,1021.0
0.114105,0.5273152,4.9997204,1.0737146e-05,True,2,2.7249602e-11,5.1691065e-12,1.7918081e-05,1033.22,1035.0
0.114876,0.52768237,5.0023781,1.0675054e-05,True,2,2.7229859e-11,5.1642259e-12,1.8113567e-05,1046.7,1048.0
0.115642,0.52752387,5.0000808,1.0603951e-05,True,2,2.7167785e-11,5.1516255e-12,1.8308003e-05,1060.26,1062.0
0.116403,0.52808347,5.0045946,1.0548565e-05,True,2,2.7168993e-11,5.150661e-12,1.8501535e-05,1073.79,1075.0
0.117159,0.52802447,5.0032537,1.0481996e-05,True,2,2.7109436e-11,5.1385444e-12,1.8694251e-05,1087.25,1089.0
0.117912,0.52663093,4.9892796,1.0390277e-05,True,2,2.6918586e-11,5.1022998e-12,1.888615e-05,1100.72,1102.0
0.11866,0.52983981,5.018915,1.0390277e-05,True,2,2.7246909e-11,5.1623384e-12,1.9090279e-05,1114.2,1116.0
0.119402,0.52889253,5.0092024,1.0309732e-05,True,2,2.7108806e-11,5.1359327e-12,1.9298877e-05,1127.62,1129.0
0.120143,0.52793664,4.9994156,1.0230133e-05,True,2,2.698081e-11,5.111456e-12,1.9507832e-05,1141.09,1143.0
0.120878,0.52825001,5.0016747,1.017136e-05,True,2,2.6944626e-11,5.1038675e-12,1.9718941e-05,1154.57,1156.0
0.121608,0.5281523,5.0000435,1.0116478e-05,True,2,2.6918764e-11,5.0981882e-12,1.9931253e-05,1168.03,1170.0
0.122335,0.528204,4.9998337,1.0060041e-05,True,2,2.6882923e-11,5.0906789e-12,2.0144713e-05,1181.48,1183.0
0.123057,0.52842374,5.0012252,1.0007735e-05,True,2,2.686399e-11,5.0862603e-12,2.0358501e-05,1195.0,1197.0
0.123775,0.5285097,5.0013605,9.9537945e-06,True,2,2.684458e-11,5.0818788e-12,2.0573205e-05,1208.55,1210.0
0.12449,0.52844916,5.0001189,9.898002e-06,True,2,2.6777955e-11,5.0690079e-12,2.0775856e-05,1222.09,1224.0
0.125201,0.52857184,5.0006252,9.8466103e-06,True,2,2.6748e-11,5.0628284e-12,2.0971885e-05,1235.7,1237.0
0.125908,0.52852933,4.9995855,9.7932368e-06,True,2,2.6721936e-11,5.0567546e-12,2.1166693e-05,1249.28,1251.0
0.126611,0.52870087,5.0005722,9.7446445e-06,True,2,2.6701081e-11,5.0521015e-12,2.1360235e-05,1262.78,1264.0
0.127311,0.52871741,5.0000982,9.6939835e-06,True,2,2.6665423e-11,5.0447477e-12,2.1552511e-05,1276.29,1278.0
0.128007,0.52898176,5.0019752,9.6486235e-06,True,2,2.6654289e-11,5.0419107e-12,2.1743519e-05,1289.78,1292.0
0.128699,0.52909039,5.0023876,9.5930104e-06,True,2,2.6588429e-11,5.029029e-12,2.1933317e-05,1303.3,1305.0
0.129389,0.52901978,5.0011139,9.5511765e-06,True,2,2.6585579e-11,5.0277668e-12,2.2121884e-05,1316.84,1319.0
0.130074,0.52924078,5.002605,9.4981178e-06,True,2,2.6534729e-11,5.0176785e-12,2.2309244e-05,1330.63,1332.0
0.130757,0.52926307,5.0022386,9.4606415e-06,True,2,2.654695e-11,5.0192145e-12,2.2495494e-05,1344.42,1346.0
0.131436,0.52906426,4.9997831,9.4108238e-06,True,2,2.6502942e-11,5.0103845e-12,2.2680531e-05,1357.98,1360.0
0.132112,0.52922187,5.0006991,9.3680173e-06,True,2,2.6483891e-11,5.0061736e-12,2.2864623e-05,1371.47,1373.0
0.132785,0.52915111,4.9994646,9.3218126e-06,True,2,2.6443113e-11,4.9979969e-12,2.3047818e-05,1384.95,1387.0
0.133455,0.52953678,5.0025492,9.284257e-06,True,2,2.644731e-11,4.9981017e-12,2.3229904e-05,1398.45,1400.0
0.134121,0.52970301,5.0035678,9.2434301e-06,True,2,2.6429265e-11,4.993984e-12,2.3410886e-05,1411.92,1414.0
0.134785,0.52957758,5.0018387,9.19812e-06,True,2,2.6383904e-11,4.9849971e-12,2.3590769e-05,1425.42,1427.0
0.135445,0.52902212,4.9960653,9.1461801e-06,True,2,2.6305698e-11,4.9700183e-12,2.3769656e-05,1438.91,1441.0
0.136103,0.52909035,4.9961897,9.1057392e-06,True,2,2.6279954e-11,4.9646586e-12,2.3947484e-05,1452.38,1454.0
0.136757,0.53014841,5.0056578,9.0828028e-06,True,2,2.6350056e-11,4.9768627e-12,2.4124223e-05,1465.86,1468.0
0.137409,0.52928291,4.9969726,9.0274496e-06,True,2,2.6234558e-11,4.9550826e-12,2.4299887e-05,1479.38,1481.0
0.138058,0.52946819,4.998212,8.9906029e-06,True,2,2.6220962e-11,4.9519784e-12,2.4474466e-05,1492.93,1495.0
0.138705,0.52846062,4.9882007,8.9340582e-06,True,2,2.6092785e-11,4.9279012e-12,2.4647907e-05,1506.39,1508.0
0.139348,0.53077103,5.0095041,8.9340582e-06,True,2,2.6284478e-11,4.9623797e-12,2.4820356e-05,1519.84,1522.0
0.139991,0.53308148,5.0308038,8.9340582e-06,True,2,2.6476665e-11,4.996963e-12,2.4991359e-05,1533.35,1535.0
0.140629,0.52978874,4.9992641,8.8411327e-06,True,2,2.6137083e-11,4.9342479e-12,2.5161756e-05,1546.85,1549.0
0.141264,0.53006436,5.0013901,8.8043223e-06,True,2,2.6111758e-11,4.9290408e-12,2.5331025e-05,1560.31,1562.0
0.141897,0.53001143,5.0004175,8.7707759e-06,True,2,2.6099036e-11,4.9261765e-12,2.5499243e-05,1573.77,1576.0
0.142527,0.53012925,5.0010612,8.7363676e-06,True,2,2.6083016e-11,4.9227402e-12,2.5666411e-05,1587.2,1589.0
0.143155,0.53016251,5.000912,8.7010014e-06,True,2,2.6057194e-11,4.9174831e-12,2.5832539e-05,1600.72,1603.0
0.14378,0.5301035,4.9998968,8.6645585e-06,True,2,2.6022842e-11,4.9106768e-12,2.5997629e-05,1614.18,1616.0
0.144403,0.53023668,5.0006986,8.6316793e-06,True,2,2.6007519e-11,4.9073616e-12,2.6161592e-05,1627.65,1630.0
0.145023,0.53028029,5.00066,8.5977553e-06,True,2,2.6031813e-11,4.9082603e-12,2.6324533e-05,1641.13,1643.0
0.14564,0.53020925,4.9995577,8.5626372e-06,True,2,2.5996233e-11,4.9015393e-12,2.6486621e-05,1654.59,1657.0
0.146256,0.53035767,5.0005227,8.5314558e-06,True,2,2.5974344e-11,4.8976728e-12,2.6647702e-05,1668.04,1670.0
0.146869,0.53041182,5.0005995,8.4991351e-06,True,2,2.5943886e-11,4.8922599e-12,2.6807776e-05,1681.53,1684.0
0.14748,0.53036029,4.9996839,8.4655028e-06,True,2,2.5903755e-11,4.8851048e-12,2.6966846e-05,1695.02,1697.0
0.148088,0.53056462,5.0011851,8.4363194e-06,True,2,2.5889236e-11,4.8825828e-12,2.7124917e-05,1708.46,1711.0
0.148694,0.53067028,5.0017601,8.4059151e-06,True,2,2.5865684e-11,4.8784294e-12,2.7281992e-05,1721.9,1724.0
0.149298,0.53066362,5.0012805,8.3740868e-06,True,2,2.5831899e-11,4.8724296e-12,2.7438079e-05,1735.37,1738.0
0.1499,0.53052704,4.9995802,8.3405705e-06,True,2,2.578621e-11,4.8642817e-12,2.759318e-05,1748.85,1751.0
0.150499,0.53068961,5.0007142,8.3123029e-06,True,2,2.5777638e-11,4.8628742e-12,2.7747461e-05,1762.29,1765.0
0.151096,0.53072894,5.0006869,8.2824743e-06,True,2,2.5750562e-11,4.8580902e-12,2.7900784e-05,1775.75,1778.0
0.151692,0.53062404,4.9993008,8.2507284e-06,True,2,2.5741126e-11,4.8532388e-12,2.8053148e-05,1789.18,1792.0
0.152285,0.53091029,5.0016019,8.2253781e-06,True,2,2.5743242e-11,4.8532227e-12,2.820462e-05,1802.63,1805.0
0.152876,0.53107194,5.0027332,8.1983899e-06,True,2,2.5733931e-11,4.851128e-12,2.8355186e-05,1816.09,1819.0
0.153465,0.53108161,5.0024364,8.1693598e-06,True,2,2.5710449e-11,4.8464522e-12,2.8504814e-05,1829.53,1832.0
0.154051,0.53089787,5.0003212,8.1376718e-06,True,2,2.5668854e-11,4.8384733e-12,2.865351e-05,1842.98,1846.0
0.154636,0.53125691,5.0033194,8.1145935e-06,True,2,2.567874e-11,4.8399035e-12,2.8801265e-05,1856.44,1859.0
0.155219,0.53056359,4.9964164,8.0758403e-06,True,2,2.5596973e-11,4.824586e-12,2.8948185e-05,1869.92,1873.0
0.1558,0.53143914,5.0042953,8.0613933e-06,True,2,2.5655702e-11,4.834944e-12,2.9094276e-05,1883.37,1886.0
0.156379,0.5311186,5.0009126,8.0290583e-06,True,2,2.5549822e-11,4.8144513e-12,2.9239573e-05,1896.84,1900.0
0.156956,0.53168768,5.0059029,8.0104294e-06,True,2,2.5561082e-11,4.8158708e-12,2.9383691e-05,1910.28,1913.0
0.157531,0.53038775,4.9933032,7.9639553e-06,True,2,2.5410104e-11,4.7878833e-12,2.9526722e-05,1923.77,1926.0
0.158105,0.53216681,5.0096853,7.9639553e-06,True,2,2.562963e-11,4.8287693e-12,2.9668814e-05,1937.18,1940.0
0.158676,0.53166688,5.0046231,7.9300662e-06,True,2,2.5563456e-11,4.8164141e-12,2.9810415e-05,1950.62,1953.0
0.159247,0.53343099,5.0208651,7.9300662e-06,True,2,2.5707178e-11,4.8423176e-12,2.9950799e-05,1964.11,1967.0
0.159818,0.53519513,5.0371044,7.9300662e-06,True,2,2.5851229e-11,4.8682751e-12,3.0089904e-05,1977.64,1980.0
0.160385,0.53124917,4.9996338,7.8460451e-06,True,2,2.5465233e-11,4.7975176e-12,3.0228607e-05,1991.13,1994.0
0.160949,0.5314505,5.001191,7.82063e-06,True,2,2.5443896e-11,4.7933155e-12,3.0366778e-05,2004.56,2007.0
0.161511,0.53138065,5.0001939,7.7978769e-06,True,2,2.5434873e-11,4.7913894e-12,3.0504078e-05,2017.99,2021.0
0.162072,0.5314778,5.000771,7.7745983e-06,True,2,2.542226e-11,4.7887801e-12,3.0640507e-05,2031.43,2034.0
0.162631,0.53152016,5.0008345,7.7507439e-06,True,2,2.540536e-11,4.7854157e-12,3.0776071e-05,2044.9,2048.0
0.163188,0.53150337,5.0003432,7.7262539e-06,True,2,2.5383114e-11,4.7810831e-12,3.0910773e-05,2058.34,2061.0
0.163743,0.53142251,4.9992509,7.7010614e-06,True,2,2.5355297e-11,4.7757341e-12,3.1044522e-05,2071.81,2075.0
0.164297,0.53153174,4.999949,7.6788434e-06,True,2,2.5345213e-11,4.7736292e-12,3.1177369e-05,2085.27,2088.0
0.164849,0.53158215,5.0000956,7.6559859e-06,True,2,2.5329816e-11,4.7705624e-12,3.1309363e-05,2098.8,2102.0
0.165399,0.531558,4.9995524,7.6324145e-06,True,2,2.5314892e-11,4.767555e-12,3.1440664e-05,2112.26,2115.0
0.165948,0.53174649,5.00101,7.612157e-06,True,2,2.5312876e-11,4.7669427e-12,3.1571156e-05,2125.9,2129.0
0.166495,0.53157982,4.9991254,7.5870194e-06,True,2,2.5277931e-11,4.7603298e-12,3.1700821e-05,2139.45,2142.0
0.167041,0.5316375,4.9993519,7.5652901e-06,True,2,2.5264121e-11,4.7575754e-12,3.182966e-05,2153.03,2156.0
0.167585,0.53162454,4.998917,7.5427526e-06,True,2,2.5243892e-11,4.7536534e-12,3.1957696e-05,2166.58,2170.0
0.168127,0.53186949,5.0009095,7.5240604e-06,True,2,2.5248351e-11,4.7541776e-12,3.2084929e-05,2180.14,2183.0
0.168668,0.53170392,4.9990436,7.49975e-06,True,2,2.5214465e-11,4.7477758e-12,3.2211489e-05,2193.65,2197.0
0.169207,0.53180756,4.9997109,7.4794294e-06,True,2,2.5208166e-11,4.7464767e-12,3.2337263e-05,2207.14,2210.0
0.169745,0.5318342,4.9996555,7.4582073e-06,True,2,2.5192449e-11,4.7433661e-12,3.2462251e-05,2220.58,2224.0
0.170281,0.53176552,4.9987124,7.4359348e-06,True,2,2.5174333e-11,4.7397915e-12,3.2586575e-05,2234.02,2237.0
0.170816,0.53201767,5.0007896,7.4184174e-06,True,2,2.5178832e-11,4.740368e-12,3.2710195e-05,2247.46,2251.0
0.171349,0.53219939,5.0022015,7.3937573e-06,True,2,2.5139123e-11,4.7329129e-12,3.2833045e-05,2260.9,2264.0
0.171881,0.53181794,4.9983216,7.374088e-06,True,2,2.5124953e-11,4.7301571e-12,3.2955149e-05,2274.37,2278.0
0.172412,0.53230458,5.0026022,7.3531779e-06,True,2,2.5108794e-11,4.7269939e-12,3.3076494e-05,2287.84,2291.0
0.17294,0.53219357,5.0012689,7.3384102e-06,True,2,2.5125094e-11,4.7298021e-12,3.3197104e-05,2301.28,2305.0
0.173468,0.53193882,4.9985874,7.3147156e-06,True,2,2.5084373e-11,4.722196e-12,3.3316965e-05,2314.73,2318.0
0.173994,0.53215325,5.0003154,7.2976395e-06,True,2,2.5087177e-11,4.7225255e-12,3.3436093e-05,2328.2,2332.0
0.174519,0.53226092,5.001042,7.2792496e-06,True,2,2.5080258e-11,4.7210883e-12,3.3554488e-05,2341.64,2345.0
0.175042,0.53222956,5.0004649,7.259128e-06,True,2,2.506739e-11,4.718522e-12,3.367219e-05,2355.14,2359.0
0.175564,0.53199915,4.9980309,7.2366312e-06,True,2,2.5029598e-11,4.7114721e-12,3.3789304e-05,2368.62,2372.0
0.176085,0.53249471,5.002411,7.2241543e-06,True,2,2.5058981e-11,4.7166599e-12,3.3905713e-05,2382.06,2385.0
0.176604,0.53177899,4.9954124,7.1954013e-06,True,2,2.497678e-11,4.7015248e-12,3.40214e-05,2395.51,2399.0
0.177122,0.53189091,4.9961925,7.1780211e-06,True,2,2.497203e-11,4.7005304e-12,3.4136412e-05,2408.95,2412.0
0.177638,0.53171549,4.9942738,7.1569093e-06,True,2,2.4939954e-11,4.6945351e-12,3.4250703e-05,2422.35,2426.0
0.178154,0.53310087,5.0070116,7.1569093e-06,True,2,2.5051751e-11,4.714745e-12,3.4364312e-05,2435.76,2439.0
0.178667,0.53225507,4.9988013,7.1270888e-06,True,2,2.4958165e-11,4.6975544e-12,3.4477295e-05,2449.13,2453.0
0.17918,0.53362893,5.0114316,7.1270888e-06,True,2,2.5069062e-11,4.7176043e-12,3.4589416e-05,2462.53,2466.0
0.179694,0.53500281,5.0240595,7.1270888e-06,True,2,2.518017e-11,4.7376893e-12,3.4700513e-05,2475.93,2479.0
0.180205,0.53241732,4.9995247,7.0745955e-06,True,2,2.4933219e-11,4.692538e-12,3.4811034e-05,2489.33,2493.0
0.180714,0.53259998,5.0009866,7.0566889e-06,True,2,2.4918449e-11,4.6897088e-12,3.4921437e-05,2502.78,2506.0
0.181222,0.53255214,5.0002808,7.0410194e-06,True,2,2.4915518e-11,4.6890571e-12,3.5031191e-05,2516.23,2520.0
0.181728,0.5326655,5.0010893,7.0223286e-06,True,2,2.4893756e-11,4.6849606e-12,3.5140289e-05,2529.71,2533.0
0.182233,0.53253332,4.9995939,7.0059269e-06,True,2,2.4884094e-11,4.6830902e-12,3.5248742e-05,2543.21,2547.0
0.182737,0.53256722,4.9996589,6.989142e-06,True,2,2.4872604e-11,4.6808809e-12,3.5356551e-05,2556.76,2560.0
0.183239,0.53255967,4.9993365,6.9719381e-06,True,2,2.4857406e-11,4.6780016e-12,3.546372e-05,2570.29,2574.0
0.183741,0.53273539,5.0007356,6.9572522e-06,True,2,2.4859136e-11,4.6782041e-12,3.5570255e-05,2583.85,2588.0
0.184241,0.53264171,4.9996069,6.9391682e-06,True,2,2.4836327e-11,4.6739438e-12,3.567616e-05,2597.32,2601.0
0.18474,0.53273794,5.0002618,6.9236794e-06,True,2,2.4831012e-11,4.6728725e-12,3.578144e-05,2610.81,2615.0
0.185238,0.53278683,5.0004792,6.9077691e-06,True,2,2.482793e-11,4.6721497e-12,3.5886199e-05,2624.29,2628.0
0.185735,0.53278364,5.0002119,6.8913893e-06,True,2,2.4813855e-11,4.669491e-12,3.5990406e-05,2637.9,2642.0
0.18623,0.53273105,4.9994776,6.874487e-06,True,2,2.4795453e-11,4.6660489e-12,3.6094006e-05,2651.45,2655.0
0.186725,0.53289949,5.0008175,6.8605472e-06,True,2,2.4797338e-11,4.6663001e-12,3.6197006e-05,2665.1,2669.0
0.187218,0.53274289,4.9991082,6.8425343e-06,True,2,2.4769609e-11,4.661165e-12,3.6299411e-05,2678.7,2683.0
0.18771,0.53281693,4.9995651,6.8275969e-06,True,2,2.4763073e-11,4.6598884e-12,3.6401227e-05,2692.16,2696.0
0.188201,0.53284139,4.9995576,6.8121306e-06,True,2,2.4751976e-11,4.6577858e-12,3.6502457e-05,2705.73,2710.0
0.188691,0.53281046,4.9990312,6.7960644e-06,True,2,2.4735922e-11,4.6547837e-12,3.6603105e-05,2719.24,2723.0
0.18918,0.5330517,5.0010595,6.7835705e-06,True,2,2.4744796e-11,4.6563211e-12,3.670318e-05,2732.73,2737.0
0.189668,0.53290414,4.9994416,6.7662317e-06,True,2,2.4718328e-11,4.6514297e-12,3.6802686e-05,2746.25,2750.0
0.190155,0.53304031,5.0004899,6.7526492e-06,True,2,2.4724075e-11,4.6523334e-12,3.6901703e-05,2759.86,2764.0
0.19064,0.53311428,5.0009615,6.7384873e-06,True,2,2.4718079e-11,4.6511733e-12,3.7000249e-05,2773.36,2777.0
0.191125,0.53312728,5.0008581,6.7236529e-06,True,2,2.4706613e-11,4.64902e-12,3.7098253e-05,2786.79,2791.0
0.191608,0.53306936,5.000089,6.7080247e-06,True,2,2.4688789e-11,4.6457136e-12,3.7195718e-05,2800.37,2804.0
0.192091,0.53292816,4.9985394,6.6914518e-06,True,2,2.4663492e-11,4.6410488e-12,3.729265e-05,2813.85,2818.0
0.192572,0.53316874,5.0005722,6.6797671e-06,True,2,2.4672971e-11,4.6427146e-12,3.7389061e-05,2827.32,2831.0
0.193052,0.53335458,5.0020922,6.6674801e-06,True,2,2.4677565e-11,4.6434942e-12,3.7484948e-05,2841.04,2845.0
0.193532,0.5329304,4.9978927,6.647669e-06,True,2,2.4626832e-11,4.6342119e-12,3.7580334e-05,2854.67,2859.0
0.19401,0.5329333,4.9976996,6.6332905e-06,True,2,2.4614986e-11,4.6320051e-12,3.7675226e-05,2868.24,2872.0
0.194487,0.53347187,5.00253,6.6256572e-06,True,2,2.4651872e-11,4.638664e-12,3.7769639e-05,2881.83,2886.0
0.194964,0.53330033,5.0007031,6.6092871e-06,True,2,2.4624404e-11,4.6336212e-12,3.7864551e-05,2895.31,2899.0
0.195439,0.53295124,4.9972221,6.5909594e-06,True,2,2.4587128e-11,4.626722e-12,3.7960489e-05,2908.83,2913.0
0.195913,0.53325189,4.9998305,6.5807724e-06,True,2,2.4602694e-11,4.6295136e-12,3.8055423e-05,2922.24,2926.0
0.196387,0.53347138,5.0016749,6.5696563e-06,True,2,2.4611345e-11,4.6310349e-12,3.8156633e-05,2935.72,2940.0
0.196859,0.53358066,5.0024869,6.5572607e-06,True,2,2.4609666e-11,4.6306924e-12,3.8261213e-05,2949.27,2954.0
0.19733,0.53353174,5.0018176,6.5430058e-06,True,2,2.4593757e-11,4.6277622e-12,3.8363601e-05,2962.72,2967.0
0.197801,0.53321483,4.9986381,6.5255578e-06,True,2,2.4553673e-11,4.6204373e-12,3.8463944e-05,2976.22,2981.0
0.198271,0.53431924,5.0087788,6.5255578e-06,True,2,2.4642339e-11,4.6365215e-12,3.8562453e-05,2989.71,2994.0
0.198739,0.53336835,4.9996607,6.5005556e-06,True,2,2.4545071e-11,4.6188052e-12,3.8659972e-05,3003.2,3008.0
0.199207,0.53446431,5.0097226,6.5005556e-06,True,2,2.4633036e-11,4.6347701e-12,3.8756977e-05,3016.63,3021.0
0.199675,0.53556029,5.0197829,6.5005556e-06,True,2,2.4721131e-11,4.6507581e-12,3.8852634e-05,3030.09,3034.0
0.200142,0.53346975,4.9999903,6.462022e-06,True,2,2.4526811e-11,4.6153325e-12,3.8946848e-05,3043.63,3048.0
0.200607,0.53348559,4.9999439,6.4492815e-06,True,2,2.4517392e-11,4.6136035e-12,3.9039387e-05,3057.1,3062.0
0.201071,0.5334734,4.999631,6.4362791e-06,True,2,2.4505504e-11,4.6114263e-12,3.9130456e-05,3070.61,3075.0
0.201534,0.53361686,5.0007765,6.4252274e-06,True,2,2.4507771e-11,4.611825e-12,3.9220053e-05,3084.07,3089.0
0.201996,0.53354758,4.9999292,6.411688e-06,True,2,2.4490895e-11,4.6087454e-12,3.9308172e-05,3097.53,3102.0
0.202457,0.53363902,5.0005884,6.4001541e-06,True,2,2.4488584e-11,4.608316e-12,3.9394817e-05,3110.96,3115.0
0.202917,0.53370408,5.001001,6.3859866e-06,True,2,2.4467426e-11,4.6044526e-12,3.9479989e-05,3124.43,3129.0
0.203377,0.53353652,4.9992348,6.3738849e-06,True,2,2.4458491e-11,4.6028362e-12,3.9563693e-05,3137.88,3142.0
0.203835,0.5337478,5.0010189,6.3614895e-06,True,2,2.4449708e-11,4.601223e-12,3.9645929e-05,3151.36,3156.0
0.204293,0.53372226,5.000585,6.3513452e-06,True,2,2.445451e-11,4.6021058e-12,3.97267e-05,3164.85,3169.0
0.20475,0.53366154,4.999822,6.3383516e-06,True,2,2.4438804e-11,4.5992525e-12,3.9806005e-05,3178.35,3183.0
0.205206,0.5337857,5.0007967,6.3276849e-06,True,2,2.4445695e-11,4.6004192e-12,3.98839e-05,3191.86,3197.0
0.205661,0.53364052,4.9992521,6.3139743e-06,True,2,2.44226e-11,4.5962281e-12,3.9960368e-05,3205.34,3210.0
0.206115,0.53369309,4.999557,6.3026733e-06,True,2,2.4417394e-11,4.5952867e-12,4.0035405e-05,3218.78,3223.0
0.206569,0.53371232,4.9995484,6.2910439e-06,True,2,2.4409265e-11,4.593818e-12,4.010902e-05,3232.25,3237.0
0.207021,0.53369535,4.9992012,6.2790542e-06,True,2,2.4397948e-11,4.5917709e-12,4.0181217e-05,3245.74,3250.0
0.207473,0.53390555,5.0009828,6.2697986e-06,True,2,2.4407089e-11,4.5934427e-12,4.0252007e-05,3259.21,3264.0
0.207924,0.53381466,4.9999452,6.2570698e-06,True,2,2.4389233e-11,4.5902107e-12,4.0321396e-05,3272.63,3277.0
0.208374,0.5339623,5.0011417,6.2471999e-06,True,2,2.4392457e-11,4.5908058e-12,4.0389454e-05,3286.04,3291.0
0.208823,0.53378166,4.9992648,6.2335538e-06,True,2,2.4366688e-11,4.58614e-12,4.0456596e-05,3299.29,3304.0
0.209272,0.53385224,4.9997414,6.2229072e-06,True,2,2.4362646e-11,4.585395e-12,4.0522361e-05,3312.54,3317.0
0.209719,0.5338832,4.9998475,6.2118593e-06,True,2,2.4355973e-11,4.5842026e-12,4.0586758e-05,3325.92,3331.0
0.210166,0.53386536,4.9995014,6.2003542e-06,True,2,2.4350761e-11,4.5831808e-12,4.0649832e-05,3339.17,3344.0
0.210612,0.53378909,4.9986128,6.1883203e-06,True,2,2.4335101e-11,4.5803407e-12,4.0726276e-05,3352.4,3357.0
0.211058,0.53402477,5.0006427,6.1799599e-06,True,2,2.434708e-11,4.5825403e-12,4.0805208e-05,3365.66,3371.0
0.211502,0.53384352,4.9987672,6.1668323e-06,True,2,2.4321751e-11,4.5779637e-12,4.0883762e-05,3378.92,3384.0
0.211946,0.53399636,5.0000209,6.1576235e-06,True,2,2.4326397e-11,4.5788346e-12,4.0961947e-05,3392.14,3397.0
0.212389,0.53410778,5.0008871,6.1479894e-06,True,2,2.4327384e-11,4.5790433e-12,4.1039757e-05,3405.36,3410.0
0.212831,0.5341714,5.0013066,6.1378591e-06,True,2,2.4324128e-11,4.5784828e-12,4.1117196e-05,3418.7,3424.0
0.213272,0.53417854,5.0011981,6.1271354e-06,True,2,2.4315867e-11,4.5770132e-12,4.1194269e-05,3431.93,3437.0
0.213713,0.53411819,5.0004582,6.1156953e-06,True,2,2.4301619e-11,4.5744588e-12,4.1270975e-05,3445.37,3450.0
0.214153,0.53397494,4.9989433,6.1033659e-06,True,2,2.4280038e-11,4.570574e-12,4.1347311e-05,3458.7,3464.0
0.214592,0.53433051,5.0020968,6.096789e-06,True,2,2.4303138e-11,4.5748073e-12,4.1423277e-05,3472.17,3477.0
0.215031,0.53401125,4.9989364,6.0825746e-06,True,2,2.4271584e-11,4.5690112e-12,4.1498916e-05,3485.44,3491.0
0.215468,0.5342413,5.0009262,6.0747963e-06,True,2,2.4283619e-11,4.5712388e-12,4.1574283e-05,3498.64,3504.0
0.215905,0.53441561,5.0023907,6.0664288e-06,True,2,2.4290732e-11,4.5725723e-12,4.1649275e-05,3511.87,3517.0
0.216341,0.53451925,5.0031921,6.0573064e-06,True,2,2.429157e-11,4.5727683e-12,4.1723896e-05,3525.11,3530.0
0.216777,0.5345281,5.0031066,6.0471601e-06,True,2,2.4283968e-11,4.5714326e-12,4.1798147e-05,3538.31,3543.0
0.217212,0.53440104,5.0017504,6.035531e-06,True,2,2.4264262e-11,4.5678989e-12,4.1872017e-05,3551.53,3557.0
0.217646,0.5340498,4.9982973,6.0214293e-06,True,2,2.422456e-11,4.5607368e-12,4.1944822e-05,3564.74,3570.0
0.218079,0.53494612,5.0065166,6.0214293e-06,True,2,2.4296288e-11,4.5738127e-12,4.2015776e-05,3577.96,3583.0
0.218512,0.534089,4.9983318,6.0017514e-06,True,2,2.4211562e-11,4.5584756e-12,4.2086974e-05,3591.19,3596.0
0.218944,0.53497946,5.0064967,6.0017514e-06,True,2,2.4282831e-11,4.5714704e-12,4.2158447e-05,3604.47,3610.0
0.219376,0.53586993,5.0146599,6.0017514e-06,True,2,2.4354196e-11,4.5844822e-12,4.2230245e-05,3617.69,3623.0
0.219808,0.53676041,5.0228222,6.0017514e-06,True,2,2.4425654e-11,4.5975085e-12,4.2302891e-05,3630.94,3636.0
0.220239,0.53432969,4.9999235,5.9647761e-06,True,2,2.4206124e-11,4.557592e-12,4.2376377e-05,3644.36,3650.0
0.220668,0.53438225,5.0002604,5.9556931e-06,True,2,2.4202914e-11,4.5570666e-12,4.2450428e-05,3657.6,3663.0
0.221096,0.53441561,5.0004143,5.9464414e-06,True,2,2.4198042e-11,4.5562399e-12,4.2525042e-05,3670.94,3676.0
0.221524,0.53442863,5.0003782,5.9370088e-06,True,2,2.4191394e-11,4.5550963e-12,4.2597565e-05,3684.21,3690.0
0.221951,0.53442011,5.0001405,5.9273829e-06,True,2,2.4182871e-11,4.5536106e-12,4.266892e-05,3697.43,3703.0
0.222378,0.53438865,4.9996881,5.9175488e-06,True,2,2.4172345e-11,4.5517628e-12,4.273991e-05,3710.67,3716.0
0.222803,0.53451636,5.0007252,5.9095207e-06,True,2,2.4176038e-11,4.5524999e-12,4.2810549e-05,3723.87,3729.0
0.223228,0.53443887,4.9998429,5.8992676e-06,True,2,2.4160609e-11,4.5497458e-12,4.2880847e-05,3737.05,3743.0
0.223653,0.53452632,5.0005039,5.8908795e-06,True,2,2.4161065e-11,4.5500223e-12,4.2949655e-05,3750.32,3756.0
0.224077,0.53459377,5.0009779,5.8801407e-06,True,2,2.4143585e-11,4.5468821e-12,4.3017516e-05,3763.56,3769.0
0.2245,0.5344376,4.9993607,5.8713294e-06,True,2,2.4138537e-11,4.5460153e-12,4.3085625e-05,3776.9,3782.0
0.224922,0.53445565,4.9993737,5.8623066e-06,True,2,2.4132786e-11,4.545005e-12,4.3154085e-05,3790.18,3796.0
0.225344,0.534653,5.0010723,5.8530494e-06,True,2,2.4131038e-11,4.5446186e-12,4.3222714e-05,3803.44,3809.0
0.225765,0.53461382,5.0005575,5.8459402e-06,True,2,2.4136784e-11,4.5457077e-12,4.3291667e-05,3816.7,3822.0
0.226186,0.53454544,4.9997686,5.8362165e-06,True,2,2.4088341e-11,4.5369391e-12,4.3358159e-05,3829.98,3836.0
0.226606,0.53467781,5.0008538,5.8287263e-06,True,2,2.4128938e-11,4.5443832e-12,4.3427297e-05,3843.28,3849.0
0.227025,0.53455074,4.9995152,5.8184477e-06,True,2,2.4110413e-11,4.5410856e-12,4.3496765e-05,3856.54,3862.0
0.227444,0.5346339,5.0001431,5.8104985e-06,True,2,2.4110576e-11,4.5411914e-12,4.3566051e-05,3869.79,3875.0
0.227862,0.53469267,5.000543,5.8023218e-06,True,2,2.4108624e-11,4.5409207e-12,4.3635007e-05,3883.0,3889.0
0.228279,0.53472482,5.0006942,5.7938943e-06,True,2,2.4104465e-11,4.5403003e-12,4.3703094e-05,3896.24,3902.0
0.228696,0.53472766,5.0005718,5.7851881e-06,True,2,2.4097724e-11,4.5391598e-12,4.3770502e-05,3909.5,3915.0
0.229112,0.53469817,5.0001473,5.7761729e-06,True,2,2.4091432e-11,4.5380413e-12,4.3838417e-05,3922.69,3928.0
0.229527,0.53463254,4.9993822,5.7668083e-06,True,2,3.0495015e-11,6.0522738e-12,4.3906949e-05,3935.87,3942.0
0.229942,0.53483284,5.0011058,5.7603465e-06,True,2,3.0498574e-11,6.0525185e-12,4.3975616e-05,3949.1,3955.0
0.230357,0.53468592,4.9995922,5.750282e-06,True,2,3.0468074e-11,6.0462749e-12,4.4044112e-05,3962.27,3968.0
0.230771,0.53481959,5.0006998,5.7432902e-06,True,2,3.0464042e-11,6.045063e-12,4.411232e-05,3975.39,3981.0
0.231184,0.53492635,5.0015541,5.7360425e-06,True,2,3.0456883e-11,6.0432478e-12,4.4180251e-05,3988.47,3994.0
0.231596,0.53463986,4.9987322,5.7246176e-06,True,2,3.040238e-11,6.0322812e-12,4.424792e-05,4001.67,4008.0
0.232008,0.53466482,4.9988229,5.7165678e-06,True,2,3.0385607e-11,6.0286118e-12,4.4315325e-05,4014.77,4021.0
0.23242,0.53464796,4.9985227,5.7081067e-06,True,2,3.0363996e-11,6.0240098e-12,4.4382467e-05,4027.82,4034.0
0.23283,0.5350079,5.0017454,5.7036989e-06,True,2,3.038784e-11,6.0281958e-12,4.4449354e-05,4040.93,4047.0
0.233241,0.53491274,5.0007144,5.6944709e-06,True,2,3.0356983e-11,6.0218107e-12,4.4515994e-05,4054.03,4060.0
0.23365,0.53475257,4.9990763,5.6845898e-06,True,2,3.031847e-11,6.0139502e-12,4.4582379e-05,4067.15,4073.0
0.234059,0.53502596,5.0014901,5.6793506e-06,True,2,3.0332266e-11,6.0161991e-12,4.4648513e-05,4080.28,4086.0
0.234468,0.53473317,4.9986136,5.6681364e-06,True,2,3.0278075e-11,6.0053132e-12,4.4714406e-05,4093.41,4099.0
0.234876,0.53492362,5.0002528,5.6620806e-06,True,2,3.0282126e-11,6.0056844e-12,4.4780063e-05,4106.48,4113.0
0.235283,0.5350683,5.0014715,5.6556465e-06,True,2,3.0287993e-11,6.0064988e-12,4.4845553e-05,4119.59,4126.0
0.23569,0.53516217,5.0022156,5.6487409e-06,True,2,3.0280834e-11,6.0047134e-12,4.491081e-05,4132.71,4139.0
0.236096,0.53519661,5.0024017,5.6412393e-06,True,2,3.0266641e-11,6.0015712e-12,4.497584e-05,4145.97,4152.0
0.236502,0.53515254,5.0018537,5.6329433e-06,True,2,3.0243145e-11,5.9966327e-12,4.5040646e-05,4159.25,4165.0
0.236907,0.53499836,5.0002772,5.6235237e-06,True,2,3.020661e-11,5.989178e-12,4.5105227e-05,4172.36,4178.0
0.237312,0.53466889,4.9970632,5.6122991e-06,True,2,2.9971591e-11,5.9424621e-12,4.5165265e-05,4185.52,4192.0
0.237716,0.53540624,5.0038167,5.6122991e-06,True,2,3.0042307e-11,5.9557285e-12,4.5215582e-05,4198.76,4205.0
0.238119,0.53472783,4.9973435,5.5974909e-06,True,2,2.9956488e-11,5.9388312e-12,4.5266485e-05,4211.85,4218.0
0.238522,0.5354613,5.0040613,5.5974909e-06,True,2,3.0029803e-11,5.9526233e-12,4.5317781e-05,4224.97,4231.0
0.238925,0.53619477,5.0107775,5.5974909e-06,True,2,3.0103203e-11,5.9664286e-12,4.536894e-05,4238.11,4244.0
0.239328,0.53692825,5.0174931,5.5974909e-06,True,2,3.017665e-11,5.9802401e-12,4.5419962e-05,4251.21,4257.0
0.239731,0.53766172,5.0242077,5.5974909e-06,True,2,3.0250104e-11,5.9940492e-12,4.5470848e-05,4264.36,4271.0
0.240134,0.53509951,5.0001411,5.5632763e-06,True,2,2.9959353e-11,5.9377515e-12,4.5522479e-05,4277.47,4284.0
0.240534,0.53505599,4.9996106,5.5554165e-06,True,2,2.9945617e-11,5.9347692e-12,4.5576103e-05,4290.55,4297.0
0.240934,0.53515036,5.0003651,5.549017e-06,True,2,2.9947605e-11,5.9348203e-12,4.5630164e-05,4303.74,4310.0
0.241333,0.5350732,4.9995163,5.5408679e-06,True,2,2.9930231e-11,5.9311392e-12,4.5684658e-05,4316.94,4323.0
0.241732,0.53513837,4.9999974,5.534222e-06,True,2,2.9929188e-11,5.9306073e-12,4.5739596e-05,4330.07,4336.0
0.24213,0.53518923,5.000344,5.5274552e-06,True,2,2.992641e-11,5.929741e-12,4.579497e-05,4343.19,4350.0
0.242527,0.53522498,5.0005495,5.5205597e-06,True,2,2.9922029e-11,5.9285673e-12,4.5850785e-05,4356.25,4363.0
0.242925,0.53524473,5.0006058,5.5135269e-06,True,2,2.991593e-11,5.927063e-12,4.5907044e-05,4369.37,4376.0
0.243321,0.5352475,5.0005035,5.5063469e-06,True,2,2.9908058e-11,5.9252174e-12,4.5963749e-05,4382.48,4389.0
0.243717,0.53523217,5.0002326,5.4990091e-06,True,2,2.989827e-11,5.9230042e-12,4.60209e-05,4395.51,4402.0
0.244113,0.5351975,4.9997812,5.4915009e-06,True,2,2.9886424e-11,5.9203946e-12,4.6078499e-05,4408.56,4415.0
0.244508,0.53533151,5.0009054,5.4838086e-06,True,2,2.9877875e-11,5.9181153e-12,4.6136541e-05,4421.65,4428.0
0.244903,0.53525892,5.0001007,5.4779083e-06,True,2,2.9884635e-11,5.919144e-12,4.6195041e-05,4434.73,4441.0
0.245297,0.53535382,5.0008673,5.4718862e-06,True,2,2.9893647e-11,5.9206502e-12,4.6254069e-05,4447.84,4454.0
0.245691,0.53522684,4.9995612,5.463651e-06,True,2,2.9874072e-11,5.9166052e-12,4.6313548e-05,4460.88,4467.0
0.246084,0.53528243,4.9999581,5.4573067e-06,True,2,2.987386e-11,5.9162886e-12,4.6373466e-05,4473.94,4481.0
0.246477,0.53532026,5.0001884,5.4508061e-06,True,2,2.9870582e-11,5.9153845e-12,4.6433824e-05,4486.97,4494.0
0.246869,0.53533878,5.0002386,5.444134e-06,True,2,2.9863852e-11,5.913817e-12,4.6494617e-05,4500.06,4507.0
0.24726,0.53533652,5.0000951,5.437276e-06,True,2,2.9888495e-11,5.9184338e-12,4.6555852e-05,4513.12,4520.0
0.247652,0.53531153,4.9997397,5.430213e-06,True,2,2.9870241e-11,5.9146468e-12,4.6617523e-05,4526.17,4533.0
0.248042,0.53526162,4.9991512,5.4229235e-06,True,2,2.9848991e-11,5.9102809e-12,4.6679637e-05,4539.26,4546.0
0.248433,0.53543563,5.0006548,5.4179264e-06,True,2,2.9855952e-11,5.9112798e-12,4.6742553e-05,4552.29,4559.0
0.248823,0.53533758,4.999618,5.4102004e-06,True,2,2.9829194e-11,5.9058546e-12,4.6806078e-05,4565.37,4572.0
0.249212,0.53547544,5.0007839,5.404883e-06,True,2,2.9801997e-11,5.9001237e-12,4.6870055e-05,4578.46,4585.0
0.249601,0.53531945,4.9992064,5.3966244e-06,True,2,2.9768791e-11,5.8934219e-12,4.6934486e-05,4591.57,4598.0
0.249989,0.53541318,4.9999611,5.3909088e-06,True,2,2.9764279e-11,5.8922421e-12,4.6999375e-05,4604.68,4611.0
0.250377,0.53547625,5.0004381,5.3850053e-06,True,2,2.9770359e-11,5.8932011e-12,4.7064831e-05,4617.82,4625.0
0.250764,0.53551532,5.0006879,5.3788872e-06,True,2,2.9760363e-11,5.8909688e-12,4.7130709e-05,4631.01,4638.0
0.251151,0.53552815,5.0006908,5.3725285e-06,True,2,2.9748036e-11,5.8882838e-12,4.7197034e-05,4644.12,4651.0
0.251538,0.53551146,5.0004178,5.365897e-06,True,2,2.9782041e-11,5.8945337e-12,4.7263809e-05,4657.17,4664.0
0.251924,0.53546086,4.9998287,5.3589497e-06,True,2,2.9769323e-11,5.8917851e-12,4.7331026e-05,4670.26,4677.0
0.25231,0.53537132,4.9988762,5.3516373e-06,True,2,2.9752312e-11,5.8882112e-12,4.7398677e-05,4683.48,4690.0
0.252695,0.53562962,5.0011708,5.3478229e-06,True,2,2.9773803e-11,5.8920503e-12,4.7466775e-05,4696.6,4704.0
0.25308,0.53546633,4.9995304,5.3398209e-06,True,2,2.9748629e-11,5.8869059e-12,4.7535316e-05,4709.67,4717.0
0.253464,0.53568066,5.0014146,5.3356063e-06,True,2,2.9765302e-11,5.8898174e-12,4.7604271e-05,4722.74,4730.0
0.253848,0.53541809,4.9988481,5.3266649e-06,True,2,2.9729216e-11,5.882576e-12,4.7673682e-05,4735.78,4743.0
0.254231,0.53557127,5.000162,5.3218833e-06,True,2,2.9739117e-11,5.8841857e-12,4.7743525e-05,4748.84,4756.0
0.254614,0.53569757,5.0012251,5.3168532e-06,True,2,2.9746043e-11,5.8852245e-12,4.781362e-05,4761.88,4769.0
0.254997,0.53579249,5.0019957,5.311531e-06,True,2,2.9749507e-11,5.885597e-12,4.7884106e-05,4774.99,4782.0
0.255379,0.53583935,5.0023265,5.3058502e-06,True,2,2.9753792e-11,5.886224e-12,4.7955146e-05,4788.11,4795.0
0.25576,0.53583811,5.0022053,5.2997163e-06,True,2,2.9746702e-11,5.8845715e-12,4.802659e-05,4801.2,4808.0
0.256141,0.53577568,5.0015112,5.2929993e-06,True,2,2.9732887e-11,5.8816263e-12,4.8098465e-05,4814.26,4821.0
0.256522,0.53562978,5.0000378,5.2854808e-06,True,2,2.9709866e-11,5.8769091e-12,4.8170751e-05,4827.31,4834.0
0.256903,0.53536089,4.9974172,5.2767733e-06,True,2,2.9673284e-11,5.8695858e-12,4.8243393e-05,4840.37,4848.0
0.257282,0.53597367,5.003024,5.2767733e-06,True,2,2.973418e-11,5.8810192e-12,4.8316491e-05,4853.49,4861.0
0.257662,0.53549069,4.9984079,5.2660043e-06,True,2,2.9442044e-11,5.8207618e-12,4.8381333e-05,4866.63,4874.0
0.258041,0.53610088,5.0039887,5.2660043e-06,True,2,2.9524077e-11,5.8390102e-12,4.8442412e-05,4879.76,4887.0
0.25842,0.53506419,4.9942045,5.249851e-06,True,2,2.939245e-11,5.8134521e-12,4.8498156e-05,4892.99,4900.0
0.258798,0.53567073,4.9997539,5.249851e-06,True,2,2.944968e-11,5.8241772e-12,4.8553969e-05,4906.14,4913.0
0.259176,0.53627728,5.0053021,5.249851e-06,True,2,2.9506965e-11,5.8349104e-12,4.8609557e-05,4919.33,4927.0
0.259554,0.53688383,5.01085,5.249851e-06,True,2,2.956427e-11,5.8456471e-12,4.8664929e-05,4932.47,4940.0
0.259932,0.53749038,5.0163972,5.249851e-06,True,2,2.9621611e-11,5.8563883e-12,4.8720095e-05,4945.57,4953.0
0.260309,0.53578194,5.0003553,5.227362e-06,True,2,2.9416644e-11,5.8167144e-12,4.8775514e-05,4958.65,4966.0
0.260685,0.53579943,5.0004154,5.2217722e-06,True,2,2.9406235e-11,5.8144209e-12,4.8830967e-05,4971.73,4979.0
0.26106,0.53580501,5.0003619,5.216085e-06,True,2,2.9394511e-11,5.8118758e-12,4.8886389e-05,4984.87,4992.0
0.261436,0.53579802,5.000191,5.2102944e-06,True,2,2.9381403e-11,5.8090644e-12,4.8941783e-05,4997.97,5005.0
0.261811,0.53577783,4.9998965,5.2043944e-06,True,2,2.9366843e-11,5.8059766e-12,4.8997157e-05,5011.03,5018.0
0.262185,0.53574351,4.9994698,5.1983762e-06,True,2,2.93506e-11,5.8025625e-12,4.9052509e-05,5024.14,5032.0
0.262559,0.53585403,5.0003949,5.1937812e-06,True,2,2.9351258e-11,5.8024056e-12,4.9107846e-05,5037.23,5045.0
0.262933,0.5357926,4.9997157,5.1875375e-06,True,2,2.9332086e-11,5.7984309e-12,4.9163164e-05,5050.41,5058.0
0.263306,0.53588093,5.0004337,5.1827616e-06,True,2,2.9330186e-11,5.7977836e-12,4.921846e-05,5063.5,5071.0
0.263679,0.53578899,4.9994698,5.1762605e-06,True,2,2.9307643e-11,5.7931632e-12,4.9273729e-05,5076.73,5084.0
0.264052,0.53585232,4.9999552,5.1712778e-06,True,2,2.9302983e-11,5.7919857e-12,4.9328965e-05,5090.07,5098.0
0.264424,0.53590377,5.0003296,5.1661973e-06,True,2,2.9296976e-11,5.7905505e-12,4.9383928e-05,5103.21,5111.0
0.264796,0.53594259,5.0005864,5.1610119e-06,True,2,2.92896e-11,5.7888534e-12,4.9438634e-05,5116.28,5124.0
0.265167,0.53596368,5.0006822,5.1557141e-06,True,2,2.9285059e-11,5.7877869e-12,4.9493284e-05,5129.38,5137.0
0.265538,0.53596473,5.0005941,5.1502937e-06,True,2,2.927363e-11,5.7853145e-12,4.9547842e-05,5142.44,5150.0
0.265909,0.53595005,5.0003565,5.1447396e-06,True,2,2.9260491e-11,5.7825151e-12,4.9602315e-05,5155.57,5163.0
0.266279,0.5359186,4.9999614,5.1390419e-06,True,2,2.9245485e-11,5.7793575e-12,4.9656702e-05,5168.67,5176.0
0.266649,0.53586883,4.9993951,5.1331862e-06,True,2,2.9228472e-11,5.7758129e-12,4.9711117e-05,5181.83,5190.0
0.267018,0.53601126,5.0006223,5.1291875e-06,True,2,2.9233366e-11,5.7764852e-12,4.9765712e-05,5195.09,5203.0
0.267387,0.53592689,4.9997341,5.1230344e-06,True,2,2.9212417e-11,5.7721849e-12,4.9820171e-05,5208.28,5216.0
0.267756,0.53604366,5.0007219,5.1188204e-06,True,2,2.9214445e-11,5.7723069e-12,4.9874483e-05,5221.47,5229.0
0.268124,0.53591879,4.9994562,5.1123155e-06,True,2,2.9188953e-11,5.7671336e-12,4.9928643e-05,5234.59,5242.0
0.268492,0.53600527,5.0001619,5.1078436e-06,True,2,2.9187648e-11,5.7666153e-12,4.9982645e-05,5247.72,5256.0
0.26886,0.53607787,5.0007381,5.1032541e-06,True,2,2.918484e-11,5.7658091e-12,5.0036485e-05,5260.84,5269.0
0.269227,0.53613541,5.0011741,5.0985363e-06,True,2,2.9180376e-11,5.7646854e-12,5.0090164e-05,5273.99,5282.0
0.269594,0.53591452,4.9990134,5.0911884e-06,True,2,2.9144271e-11,5.7574772e-12,5.014369e-05,5287.18,5295.0
0.26996,0.53592824,4.9990377,5.0860892e-06,True,2,2.9347222e-11,5.8018941e-12,5.0197311e-05,5300.38,5308.0
0.270326,0.53591249,4.9987985,5.0808045e-06,True,2,2.9161627e-11,5.7644861e-12,5.0254194e-05,5313.55,5321.0
0.270692,0.53616484,5.0010585,5.078086e-06,True,2,2.9169312e-11,5.7644318e-12,5.0307355e-05,5326.73,5335.0
0.271057,0.53611063,5.0004575,5.0724773e-06,True,2,2.9137187e-11,5.7560952e-12,5.0360598e-05,5339.98,5348.0
0.271422,0.53602756,4.9995863,5.0666124e-06,True,2,2.9126608e-11,5.7527989e-12,5.0416376e-05,5353.33,5361.0
0.271787,0.53624175,5.0014861,5.0635712e-06,True,2,2.9138385e-11,5.7548332e-12,5.0473049e-05,5366.48,5374.0
0.272151,0.53610643,5.0001276,5.0572444e-06,True,2,2.9109659e-11,5.7490811e-12,5.0528628e-05,5379.53,5388.0
0.272515,0.53629015,5.0017434,5.0505333e-06,True,2,2.9078212e-11,5.7427833e-12,5.0583046e-05,5392.64,5401.0
0.272879,0.53608736,4.9997561,5.0470113e-06,True,2,2.9079498e-11,5.7428261e-12,5.0636235e-05,5405.73,5414.0
0.273242,0.53623115,5.0009999,5.0433593e-06,True,2,2.9081339e-11,5.7429505e-12,5.0688144e-05,5418.9,5427.0
0.273605,0.5359365,4.9981554,5.0355997e-06,True,2,2.9031302e-11,5.7331003e-12,5.0738729e-05,5432.04,5440.0
0.273967,0.53602406,4.9988765,5.0314483e-06,True,2,2.9027194e-11,5.7320828e-12,5.0787955e-05,5445.17,5453.0
0.274329,0.53608679,4.9993652,5.027077e-06,True,2,2.9018852e-11,5.7302499e-12,5.0835814e-05,5458.36,5466.0
0.274691,0.53612058,4.9995844,5.022448e-06,True,2,2.901147e-11,5.7285556e-12,5.0882753e-05,5471.49,5480.0
0.275053,0.53611754,4.9994616,5.0174997e-06,True,2,2.9005192e-11,5.727186e-12,5.0929746e-05,5484.6,5493.0
0.275414,0.53606242,4.9988604,5.0121563e-06,True,2,2.8987451e-11,5.7235362e-12,5.0976632e-05,5497.67,5506.0
0.275775,0.53594947,4.9977169,5.0062873e-06,True,2,2.8963695e-11,5.7187292e-12,5.1022994e-05,5510.79,5519.0
0.276135,0.53646369,5.002418,5.0062873e-06,True,2,2.9023576e-11,5.7299396e-12,5.106981e-05,5523.9,5532.0
0.276495,0.53627082,5.0005277,4.9997e-06,True,2,2.8991922e-11,5.7236167e-12,5.1119178e-05,5537.03,5545.0
0.276855,0.53596017,4.9975397,4.9920318e-06,True,2,2.8946907e-11,5.7147266e-12,5.1168857e-05,5550.14,5558.0
0.277214,0.53647145,5.0022133,4.9920318e-06,True,2,2.8994779e-11,5.7236915e-12,5.1219077e-05,5563.36,5572.0
0.277574,0.53594767,4.9972389,4.9824132e-06,True,2,2.892579e-11,5.7101976e-12,5.1269788e-05,5576.46,5585.0
0.277932,0.53645698,5.0018944,4.9824132e-06,True,2,2.8973435e-11,5.7191176e-12,5.1320498e-05,5589.58,5598.0
0.278291,0.53696629,5.0065488,4.9824132e-06,True,2,2.9021119e-11,5.7280443e-12,5.1371047e-05,5602.71,5611.0
0.278649,0.53583578,4.9959206,4.9672229e-06,True,2,2.8883903e-11,5.7014468e-12,5.1421758e-05,5615.82,5624.0
0.279007,0.536342,5.0005473,4.9672229e-06,True,2,2.893124e-11,5.7103098e-12,5.1472405e-05,5628.93,5637.0
0.279364,0.53684822,5.0051731,4.9672229e-06,True,2,2.8978582e-11,5.7191718e-12,5.1522883e-05,5642.01,5650.0
0.279722,0.53735445,5.0097987,4.9672229e-06,True,2,2.9025955e-11,5.7280394e-12,5.1573191e-05,5655.18,5664.0
0.280079,0.5363124,4.9999964,4.9529452e-06,True,2,2.8903041e-11,5.7042791e-12,5.1623425e-05,5668.26,5677.0
0.280436,0.53626748,4.9994943,4.9479759e-06,True,2,2.8888471e-11,5.7012549e-12,5.1673849e-05,5681.38,5690.0
0.280792,0.53634926,5.0001703,4.9441879e-06,True,2,2.8888357e-11,5.7010085e-12,5.172423e-05,5694.51,5703.0
0.281148,0.53628343,4.9994692,4.9390516e-06,True,2,2.8871195e-11,5.6974869e-12,5.1774565e-05,5707.68,5716.0
0.281503,0.53634833,4.9999867,4.9351316e-06,True,2,2.8869537e-11,5.696944e-12,5.1824856e-05,5720.81,5729.0
0.281858,0.53640535,5.0004302,4.9311505e-06,True,2,2.8866643e-11,5.6961645e-12,5.18751e-05,5733.95,5743.0
0.282213,0.53630559,4.9994123,4.9257407e-06,True,2,2.8845765e-11,5.6919312e-12,5.1925294e-05,5747.05,5756.0
0.282568,0.53634293,4.9996726,4.9216029e-06,True,2,2.8841134e-11,5.6908191e-12,5.1975442e-05,5760.2,5769.0
0.282922,0.53637099,4.9998462,4.9173915e-06,True,2,2.8835069e-11,5.6894324e-12,5.202554e-05,5773.33,5782.0
0.283276,0.53638918,4.9999277,4.9131013e-06,True,2,2.8827924e-11,5.6878394e-12,5.2075587e-05,5786.45,5795.0
0.283629,0.53639696,4.9999123,4.9087274e-06,True,2,2.8819663e-11,5.6860324e-12,5.2125584e-05,5799.6,5808.0
0.283983,0.53639378,4.9997949,4.9042653e-06,True,2,2.8810192e-11,5.6839944e-12,5.217553e-05,5812.72,5821.0
0.284336,0.53637889,4.9995683,4.8997082e-06,True,2,2.8799434e-11,5.6817099e-12,5.2225425e-05,5825.86,5835.0
0.284688,0.53652297,5.0008234,4.895049e-06,True,2,2.8788487e-11,5.67938e-12,5.2275268e-05,5838.93,5848.0
0.285041,0.53648548,5.0003875,4.8918821e-06,True,2,2.8797215e-11,5.6809332e-12,5.2325082e-05,5852.03,5861.0
0.285393,0.5364254,4.9997486,4.8870331e-06,True,2,2.8781609e-11,5.6777247e-12,5.2374826e-05,5865.14,5874.0
0.285744,0.5365338,5.0006761,4.8837299e-06,True,2,2.8784907e-11,5.6781472e-12,5.2424519e-05,5878.24,5887.0
0.286096,0.536447,4.9997834,4.8786611e-06,True,2,2.8766389e-11,5.67438e-12,5.2474165e-05,5891.32,5900.0
0.286447,0.53653572,5.0005258,4.8751998e-06,True,2,2.8767513e-11,5.6743856e-12,5.2523759e-05,5904.41,5913.0
0.286798,0.53641807,4.9993453,4.8698745e-06,True,2,2.8747195e-11,5.6702737e-12,5.2573376e-05,5917.48,5926.0
0.287148,0.53648405,4.9998763,4.8662279e-06,True,2,2.8745816e-11,5.6697997e-12,5.2623147e-05,5930.57,5939.0
0.287499,0.53653967,5.0003106,4.8624974e-06,True,2,2.8743323e-11,5.6691125e-12,5.2672864e-05,5943.66,5953.0
0.287848,0.53658422,5.0006417,4.8586768e-06,True,2,2.8739612e-11,5.6681924e-12,5.2722525e-05,5956.71,5966.0
0.288198,0.53661682,5.0008616,4.8547584e-06,True,2,2.8734584e-11,5.667021e-12,5.2772128e-05,5969.82,5979.0
0.288547,0.53663668,5.0009629,4.8507351e-06,True,2,2.8728128e-11,5.6655749e-12,5.2821675e-05,5983.02,5992.0
0.288896,0.53664254,5.0009338,4.8465961e-06,True,2,2.8720113e-11,5.6638294e-12,5.2871161e-05,5996.1,6005.0
0.289245,0.53663307,5.0007621,4.8423294e-06,True,2,2.8710405e-11,5.6617616e-12,5.2920585e-05,6009.2,6018.0
0.289594,0.53660679,5.0004338,4.837922e-06,True,2,2.8699542e-11,5.659472e-12,5.2969955e-05,6022.24,6031.0
0.289942,0.53656208,4.999934,4.8333596e-06,True,2,2.8685841e-11,5.6566382e-12,5.3019356e-05,6035.35,6044.0
0.29029,0.53648896,4.9991763,4.8286206e-06,True,2,2.8673147e-11,5.6540858e-12,5.3068718e-05,6048.42,6057.0
0.290637,0.53666814,5.0007675,4.8261769e-06,True,2,2.8684597e-11,5.6560844e-12,5.3117987e-05,6061.59,6071.0
0.290985,0.53655592,4.9996425,4.8211227e-06,True,2,2.8663626e-11,5.6518636e-12,5.3167169e-05,6074.67,6084.0
0.291332,0.53671368,5.0010316,4.8185039e-06,True,2,2.8672723e-11,5.6534115e-12,5.321626e-05,6087.7,6097.0
0.291678,0.53655541,4.9994772,4.8130582e-06,True,2,2.8646667e-11,5.6482154e-12,5.3265266e-05,6100.76,6110.0
0.292025,0.53668653,5.0006185,4.8102187e-06,True,2,2.8652819e-11,5.6492003e-12,5.3314183e-05,6113.83,6123.0
0.292371,0.5364695,4.9985162,4.8042693e-06,True,2,2.861938e-11,5.6425878e-12,5.3363006e-05,6126.92,6136.0
0.292717,0.53656606,4.9993365,4.8011395e-06,True,2,2.86226e-11,5.6430116e-12,5.3411752e-05,6140.0,6149.0
0.293062,0.53664818,5.0000212,4.7978889e-06,True,2,2.8623348e-11,5.6429618e-12,5.3460405e-05,6153.06,6162.0
0.293408,0.53671419,5.0005559,4.7945029e-06,True,2,2.8622337e-11,5.6425756e-12,5.3508966e-05,6166.19,6175.0
0.293753,0.53676184,5.0009196,4.7909619e-06,True,2,2.8619315e-11,5.6418042e-12,5.3557438e-05,6179.26,6189.0
0.294097,0.53678811,5.0010842,4.7872393e-06,True,2,2.8613937e-11,5.6405814e-12,5.3605821e-05,6192.37,6202.0
0.294442,0.53678964,5.0010185,4.7833057e-06,True,2,2.8605844e-11,5.6388379e-12,5.3654116e-05,6205.45,6215.0
0.294786,0.53676186,5.00068,4.7791208e-06,True,2,2.8594514e-11,5.6364748e-12,5.3702325e-05,6218.59,6228.0
0.29513,0.53669468,4.9999778,4.774625e-06,True,2,2.8582813e-11,5.6341245e-12,5.3750481e-05,6231.78,6241.0
0.295474,0.53657488,4.9987893,4.7697229e-06,True,2,2.8561472e-11,5.6298453e-12,5.3798556e-05,6244.9,6254.0
0.295817,0.53700579,5.0027265,4.7697229e-06,True,2,2.8601154e-11,5.637273e-12,5.3846533e-05,6257.96,6267.0
0.29616,0.53682272,5.0009447,4.764278e-06,True,2,2.8572838e-11,5.6316564e-12,5.3894466e-05,6271.01,6280.0
0.296503,0.53655012,4.998329,4.7580502e-06,True,2,2.8534632e-11,5.6241433e-12,5.3942289e-05,6284.03,6293.0
0.296845,0.53697892,5.002245,4.7580502e-06,True,2,2.8574068e-11,5.6315236e-12,5.399003e-05,6297.1,6307.0
0.297188,0.53655836,4.9982514,4.7505335e-06,True,2,2.8520384e-11,5.6210254e-12,5.4037746e-05,6310.16,6320.0
0.29753,0.53698581,5.0021548,4.7505335e-06,True,2,2.8559816e-11,5.6284035e-12,5.4085579e-05,6323.21,6333.0
0.297872,0.53624737,4.9952012,4.7402287e-06,True,2,2.8470424e-11,5.6110729e-12,5.4133306e-05,6336.32,6346.0
0.298213,0.53667297,4.9990876,4.7402287e-06,True,2,2.8509622e-11,5.6184074e-12,5.4181128e-05,6349.42,6359.0
0.298554,0.53709865,5.0029754,4.7402287e-06,True,2,2.8530772e-11,5.6200754e-12,5.4229135e-05,6362.61,6372.0
0.298896,0.53752431,5.0068622,4.7402287e-06,True,2,2.855708e-11,5.6234488e-12,5.4277076e-05,6375.74,6385.0
0.299237,0.53794996,5.0107484,4.7402287e-06,True,2,2.8585571e-11,5.6275055e-12,5.4324975e-05,6388.83,6398.0
0.299578,0.53837562,5.0146339,4.7402287e-06,True,2,2.8615747e-11,5.6320798e-12,5.4372881e-05,6401.95,6412.0
0.299919,0.53880121,5.0185174,4.7402287e-06,True,2,2.8662594e-11,5.6417342e-12,5.4420656e-05,6415.1,6425.0
0.30026,0.53682543,5.000048,4.7191907e-06,True,2,2.8482787e-11,5.6119916e-12,5.4468009e-05,6428.2,6438.0
0.300599,0.53685002,5.0002071,4.7157817e-06,True,2,2.848017e-11,5.6115551e-12,5.4515721e-05,6441.3,6451.0
0.300939,0.53686765,5.0002992,4.7123195e-06,True,2,2.8474685e-11,5.610326e-12,5.4563417e-05,6454.35,6464.0
0.301278,0.53687802,5.0003232,4.7088016e-06,True,2,2.8468408e-11,5.6089454e-12,5.4611082e-05,6467.39,6477.0
0.301617,0.53688072,5.0002753,4.7052246e-06,True,2,2.8461292e-11,5.6074049e-12,5.4658717e-05,6480.5,6490.0
0.301955,0.53687536,5.0001521,4.7015852e-06,True,2,2.8453351e-11,5.6057077e-12,5.4706437e-05,6493.56,6503.0
0.302294,0.53686152,4.9999498,4.6978798e-06,True,2,2.8444467e-11,5.6038301e-12,5.4754376e-05,6506.62,6516.0
0.302632,0.5368387,4.9996639,4.6941043e-06,True,2,2.8434634e-11,5.6017706e-12,5.4802401e-05,6519.72,6529.0
0.30297,0.53695426,5.0006664,4.6915462e-06,True,2,2.8440025e-11,5.6026312e-12,5.4850422e-05,6532.78,6543.0
0.303307,0.53691499,5.0002274,4.6876429e-06,True,2,2.8428408e-11,5.6002306e-12,5.4898416e-05,6545.86,6556.0
0.303645,0.53686519,4.9996905,4.6836563e-06,True,2,2.8415684e-11,5.5976196e-12,5.4946378e-05,6558.95,6569.0
0.303982,0.53696123,5.0005115,4.6809497e-06,True,2,2.8419036e-11,5.5980909e-12,5.4994313e-05,6572.04,6582.0
0.304319,0.53689202,4.9997941,4.6768104e-06,True,2,2.8404247e-11,5.5950853e-12,5.5042219e-05,6585.17,6595.0
0.304655,0.53697392,5.0004835,4.6739951e-06,True,2,2.8406011e-11,5.595254e-12,5.5089991e-05,6598.29,6608.0
0.304992,0.53688279,4.9995622,4.6696817e-06,True,2,2.838881e-11,5.5917834e-12,5.5137463e-05,6611.42,6621.0
0.305328,0.53694014,5.0000324,4.6667415e-06,True,2,2.8370773e-11,5.5857897e-12,5.5185227e-05,6624.59,6635.0
0.305664,0.53698985,5.0004279,4.6637451e-06,True,2,2.8360455e-11,5.5826206e-12,5.5232943e-05,6637.78,6648.0
0.305999,0.53703191,5.0007502,4.6606894e-06,True,2,2.8351008e-11,5.5798239e-12,5.528071e-05,6650.91,6661.0
0.306335,0.53688284,4.9992897,4.6559844e-06,True,2,2.8360207e-11,5.5851469e-12,5.5328124e-05,6664.0,6674.0
0.30667,0.53690354,4.9994089,4.6527605e-06,True,2,2.8401048e-11,5.5984558e-12,5.5375327e-05,6677.2,6687.0
0.307005,0.53691475,4.999442,4.6494605e-06,True,2,2.841279e-11,5.602603e-12,5.5423122e-05,6690.35,6700.0
0.307339,0.53691563,4.9993791,4.6460783e-06,True,2,2.8418387e-11,5.605182e-12,5.5471248e-05,6703.45,6713.0
0.307674,0.53690551,4.9992138,4.6426083e-06,True,2,2.8423633e-11,5.6074157e-12,5.5519082e-05,6716.58,6727.0
0.308008,0.53709121,5.0008718,4.6408377e-06,True,2,2.8448346e-11,5.6132102e-12,5.557108e-05,6729.68,6740.0
0.308342,0.53706236,5.0005327,4.6372196e-06,True,2,2.8448214e-11,5.6141038e-12,5.5625153e-05,6742.79,6753.0
0.308676,0.53701977,5.0000663,4.6334902e-06,True,2,2.8440356e-11,5.6128621e-12,5.5680898e-05,6755.84,6766.0
0.309009,0.5369621,4.9994598,4.6296383e-06,True,2,2.8427074e-11,5.6101867e-12,5.5736584e-05,6769.01,6779.0
0.309342,0.53712137,5.000875,4.6276624e-06,True,2,2.8397818e-11,5.599772e-12,5.5788764e-05,6782.15,6792.0
0.309675,0.53703783,5.0000318,4.6236009e-06,True,2,2.8329172e-11,5.5799558e-12,5.5836767e-05,6795.26,6805.0
0.310008,0.53693435,4.9989997,4.619378e-06,True,2,2.8299791e-11,5.5724662e-12,5.5883981e-05,6808.33,6819.0
0.310341,0.53705874,5.0000961,4.617198e-06,True,2,2.8305959e-11,5.5734636e-12,5.5931028e-05,6821.45,6832.0
0.310673,0.53717665,5.0011286,4.6149674e-06,True,2,2.8312331e-11,5.5745263e-12,5.5978045e-05,6834.56,6845.0
0.311005,0.53701472,4.9995551,4.6103402e-06,True,2,2.8288125e-11,5.5697305e-12,5.6025048e-05,6847.67,6858.0
0.311337,0.53711068,5.0003811,4.6079339e-06,True,2,2.8292111e-11,5.5703354e-12,5.6072026e-05,6860.76,6871.0
0.311669,0.53719785,5.0011253,4.6054579e-06,True,2,2.8295135e-11,5.5707578e-12,5.6118977e-05,6873.82,6884.0
0.312,0.53696799,4.9989192,4.6002716e-06,True,2,2.8263533e-11,5.564548e-12,5.616591e-05,6886.97,6897.0
0.312331,0.53702429,4.9993763,4.5975447e-06,True,2,2.8263169e-11,5.5643222e-12,5.6212826e-05,6900.15,6911.0
0.312662,0.53706773,4.9997135,4.5947137e-06,True,2,2.8261427e-11,5.5638336e-12,5.6259717e-05,6913.28,6924.0
0.312993,0.53709686,4.9999175,4.5917665e-06,True,2,2.8255418e-11,5.562502e-12,5.6306499e-05,6926.38,6937.0
0.313323,0.53710952,4.9999682,4.5886848e-06,True,2,2.8250337e-11,5.561375e-12,5.6353155e-05,6939.49,6950.0
0.313654,0.53710361,4.9998462,4.585451e-06,True,2,2.8243236e-11,5.5598606e-12,5.6399791e-05,6952.62,6963.0
0.313984,0.53707576,4.9995202,4.5820367e-06,True,2,2.823376e-11,5.5578914e-12,5.6446405e-05,6965.82,6976.0
0.314314,0.53702173,4.9989506,4.5784059e-06,True,2,2.8221452e-11,5.5553799e-12,5.6492996e-05,6978.92,6989.0
0.314643,0.53693607,4.9980861,4.5745127e-06,True,2,2.8205758e-11,5.5522206e-12,5.6539562e-05,6992.06,7003.0
0.314973,0.53730677,5.0014696,4.5745127e-06,True,2,2.8239659e-11,5.558562e-12,5.6586124e-05,7005.27,7016.0
0.315302,0.53717242,5.0001599,4.5702849e-06,True,2,2.8222154e-11,5.5551494e-12,5.6632671e-05,7018.53,7029.0
0.315631,0.53698342,4.9983397,4.565607e-06,True,2,2.8195307e-11,5.5498573e-12,5.6679164e-05,7031.62,7042.0
0.315959,0.53734397,5.001631,4.565607e-06,True,2,2.8228319e-11,5.5560324e-12,5.6725651e-05,7044.65,7055.0
0.316288,0.53707756,4.999088,4.5602858e-06,True,2,2.8193094e-11,5.5491373e-12,5.6772125e-05,7057.71,7068.0
0.316616,0.53743725,5.0023709,4.5602858e-06,True,2,2.8226024e-11,5.5552961e-12,5.6818559e-05,7070.8,7081.0
0.316944,0.53704864,4.998691,4.5539433e-06,True,2,2.817754e-11,5.5458629e-12,5.6865006e-05,7083.85,7094.0
0.317272,0.53740733,5.0019645,4.5539433e-06,True,2,2.8210369e-11,5.5520037e-12,5.6911415e-05,7096.9,7108.0
0.3176,0.53677372,4.996005,4.5455412e-06,True,2,2.8135312e-11,5.5374813e-12,5.6957768e-05,7109.95,7121.0
0.317927,0.53713109,4.9992664,4.5455412e-06,True,2,2.8167979e-11,5.5435922e-12,5.7004209e-05,7123.1,7134.0
0.318255,0.53748846,5.0025271,4.5455412e-06,True,2,2.8200671e-11,5.5497056e-12,5.7050556e-05,7136.26,7147.0
0.318582,0.53784583,5.0057876,4.5455412e-06,True,2,2.8233365e-11,5.5558209e-12,5.7096807e-05,7149.34,7160.0
0.318909,0.5382032,5.0090478,4.5455412e-06,True,2,2.8266077e-11,5.5619379e-12,5.7142963e-05,7162.42,7173.0
0.319236,0.53856058,5.0123074,4.5455412e-06,True,2,2.8298825e-11,5.5680617e-12,5.7189025e-05,7175.47,7186.0
0.319564,0.53891796,5.015567,4.5455412e-06,True,2,2.8331584e-11,5.5741869e-12,5.7234992e-05,7188.54,7199.0
0.319891,0.53927539,5.0188276,4.5455412e-06,True,2,2.8352202e-11,5.5766488e-12,5.7280957e-05,7201.66,7212.0
0.320217,0.53729496,5.0003454,4.5259043e-06,True,2,2.8124939e-11,5.5320556e-12,5.7327191e-05,7214.78,7226.0
0.320543,0.53726911,5.0000491,4.5227779e-06,True,2,2.8108387e-11,5.5278892e-12,5.7373609e-05,7227.86,7239.0
0.320869,0.53723613,4.9996837,4.5195975e-06,True,2,2.8091904e-11,5.5238323e-12,5.7420086e-05,7240.94,7252.0
0.321194,0.53732481,5.0004496,4.5174458e-06,True,2,2.8089341e-11,5.5225257e-12,5.7466614e-05,7254.07,7265.0
0.321519,0.53727893,4.999963,4.5141682e-06,True,2,2.8072716e-11,5.5185867e-12,5.7513172e-05,7267.22,7278.0
0.321844,0.5373583,5.000641,4.5108276e-06,True,2,2.8056638e-11,5.5148066e-12,5.755981e-05,7280.36,7291.0
0.322169,0.53729825,5.0000215,4.5085634e-06,True,2,2.8057445e-11,5.5147888e-12,5.7606461e-05,7293.51,7304.0
0.322493,0.5373674,5.0006038,4.506268e-06,True,2,2.8059001e-11,5.5149367e-12,5.7653089e-05,7306.66,7318.0
0.322817,0.5372917,4.9998384,4.5027635e-06,True,2,2.804766e-11,5.5129156e-12,5.7699683e-05,7319.8,7331.0
0.323142,0.53734947,5.0003134,4.5003836e-06,True,2,2.8074152e-11,5.5206802e-12,5.7745888e-05,7332.99,7344.0
0.323465,0.53725621,4.9993832,4.4967443e-06,True,2,2.8080461e-11,5.5242292e-12,5.7791897e-05,7346.08,7357.0
0.323789,0.53730141,4.9997429,4.4942691e-06,True,2,2.8082474e-11,5.5247619e-12,5.7837992e-05,7359.17,7370.0
0.324113,0.53734101,5.0000505,4.491752e-06,True,2,2.8080942e-11,5.5243315e-12,5.7884091e-05,7372.41,7383.0
0.324436,0.53737474,5.0003036,4.4891907e-06,True,2,2.8078783e-11,5.5237791e-12,5.7930178e-05,7385.62,7397.0
0.324759,0.53740229,5.0004993,4.4865829e-06,True,2,2.8075958e-11,5.5231009e-12,5.7976254e-05,7398.79,7410.0
0.325082,0.53742127,5.0006171,4.4839257e-06,True,2,2.8075611e-11,5.5229915e-12,5.8022332e-05,7411.97,7423.0
0.325405,0.53742668,5.0006138,4.4812147e-06,True,2,2.8070559e-11,5.521892e-12,5.8068367e-05,7425.08,7436.0
0.325727,0.5374246,5.000538,4.4784463e-06,True,2,2.806471e-11,5.5206385e-12,5.8114394e-05,7438.24,7449.0
0.32605,0.5374145,5.0003862,4.4756162e-06,True,2,2.8058001e-11,5.5192223e-12,5.8160411e-05,7451.31,7462.0
0.326372,0.53739576,5.0001536,4.4727192e-06,True,2,2.8050364e-11,5.5176271e-12,5.8206418e-05,7464.4,7476.0
0.326694,0.53736777,4.9998351,4.4697507e-06,True,2,2.8041741e-11,5.5158448e-12,5.8252415e-05,7477.52,7489.0
0.327015,0.5373299,4.9994267,4.4667042e-06,True,2,2.7995839e-11,5.5029946e-12,5.8298682e-05,7490.71,7502.0
0.327337,0.53747079,5.0006768,4.46515e-06,True,2,2.8038435e-11,5.5145904e-12,5.8344573e-05,7503.81,7515.0
0.327658,0.53741608,5.0001094,4.4619746e-06,True,2,2.8030248e-11,5.51325e-12,5.8390524e-05,7516.89,7528.0
0.327979,0.53734901,4.9994272,4.458702e-06,True,2,2.8017474e-11,5.5106734e-12,5.8436483e-05,7529.98,7541.0
0.3283,0.53747384,5.0005299,4.4570264e-06,True,2,2.8025394e-11,5.5120587e-12,5.8482435e-05,7543.07,7554.0
0.328621,0.53738574,4.9996521,4.4535897e-06,True,2,2.8010345e-11,5.5090478e-12,5.8528379e-05,7556.37,7568.0
0.328942,0.53749883,5.0006456,4.4518252e-06,True,2,2.8017049e-11,5.5102012e-12,5.8574221e-05,7569.57,7581.0
0.329262,0.5373861,4.9995389,4.4481952e-06,True,2,2.7999366e-11,5.5066866e-12,5.8620029e-05,7582.77,7594.0
0.329582,0.53748543,5.0004044,4.4463254e-06,True,2,2.8004564e-11,5.5075514e-12,5.8665835e-05,7595.87,7607.0
0.329902,0.53734325,4.9990235,4.4424627e-06,True,2,2.7983599e-11,5.5034095e-12,5.8711633e-05,7608.98,7620.0
0.330222,0.53742016,4.9996866,4.4404643e-06,True,2,2.7989968e-11,5.5045955e-12,5.875744e-05,7622.07,7634.0
0.330542,0.53748775,5.0002624,4.4384152e-06,True,2,2.7991913e-11,5.504842e-12,5.8803219e-05,7635.13,7647.0
0.330861,0.53754816,5.0007694,4.4363107e-06,True,2,2.7993096e-11,5.5049436e-12,5.8848993e-05,7648.22,7660.0
0.33118,0.53760087,5.0012039,4.4341466e-06,True,2,2.7993445e-11,5.504884e-12,5.8894764e-05,7661.27,7673.0
0.3315,0.537366,4.9989639,4.4296162e-06,True,2,2.7962849e-11,5.4989051e-12,5.8940537e-05,7674.4,7686.0
0.331818,0.53739131,4.9991438,4.427236e-06,True,2,2.7960263e-11,5.4982856e-12,5.8986308e-05,7687.51,7699.0
0.332137,0.53740504,4.9992108,4.4247668e-06,True,2,2.8038042e-11,5.5219234e-12,5.9033144e-05,7700.59,7712.0
0.332456,0.53740629,4.9991667,4.4221972e-06,True,2,2.8031254e-11,5.5202907e-12,5.9087166e-05,7713.71,7725.0
0.332774,0.53739337,4.9989907,4.4195155e-06,True,2,2.8022874e-11,5.5183481e-12,5.9141158e-05,7726.84,7738.0
0.333092,0.53736389,4.9986606,4.4167023e-06,True,2,2.8012702e-11,5.5160598e-12,5.9195118e-05,7739.91,7752.0
0.33341,0.5376763,5.0015102,4.4167023e-06,True,2,2.8039382e-11,5.5208257e-12,5.9249049e-05,7753.0,7765.0
0.333728,0.53762724,5.0009989,4.4137361e-06,True,2,2.8020762e-11,5.5162248e-12,5.9302925e-05,7766.08,7778.0
0.334046,0.53755569,5.0002786,4.4105901e-06,True,2,2.7997972e-11,5.5106395e-12,5.9356625e-05,7779.17,7791.0
0.334363,0.53745661,4.9993024,4.4072233e-06,True,2,2.7970803e-11,5.5040702e-12,5.941012e-05,7792.29,7804.0
0.33468,0.53732329,4.998007,4.4035809e-06,True,2,2.7935233e-11,5.4956644e-12,5.9456272e-05,7805.41,7817.0
0.334998,0.53763392,5.000842,4.4035809e-06,True,2,2.794882e-11,5.4964504e-12,5.9502232e-05,7818.48,7830.0
0.335314,0.53744715,4.999058,4.3995777e-06,True,2,2.7912021e-11,5.487796e-12,5.9548083e-05,7831.56,7843.0
0.335631,0.53774874,5.0018114,4.3995777e-06,True,2,2.7939362e-11,5.4929079e-12,5.9593803e-05,7844.69,7856.0
0.335948,0.53749826,4.9994298,4.3950653e-06,True,2,2.7907392e-11,5.4866728e-12,5.9639543e-05,7857.86,7870.0
0.336264,0.53779922,5.002175,4.3950653e-06,True,2,2.7934662e-11,5.4917714e-12,5.9685253e-05,7871.18,7883.0
0.33658,0.53745085,4.9988827,4.3897637e-06,True,2,2.7892196e-11,5.4835284e-12,5.9730991e-05,7884.32,7896.0
0.336896,0.53775097,5.0016178,4.3897637e-06,True,2,2.795613e-11,5.4996331e-12,5.9776519e-05,7897.44,7909.0
0.337212,0.53722339,4.99666,4.3830102e-06,True,2,2.7881785e-11,5.4839072e-12,5.9822215e-05,7910.53,7922.0
0.337528,0.53752276,4.9993918,4.3830102e-06,True,2,2.7889364e-11,5.4831198e-12,5.9868029e-05,7923.66,7936.0
0.337844,0.53782209,5.0021215,4.3830102e-06,True,2,2.7911884e-11,5.4868195e-12,5.9913762e-05,7936.78,7949.0
0.338159,0.5381214,5.0048507,4.3830102e-06,True,2,2.7938972e-11,5.4918832e-12,5.9959407e-05,7949.93,7962.0
0.338474,0.53697311,4.9941214,4.3712279e-06,True,2,2.7810868e-11,5.4672612e-12,6.0005079e-05,7963.03,7975.0
0.338789,0.53727081,4.9968368,4.3712279e-06,True,2,2.7837783e-11,5.4722926e-12,6.00509e-05,7976.13,7988.0
0.339104,0.53756852,4.9995515,4.3712279e-06,True,2,2.7863592e-11,5.4771359e-12,6.0096528e-05,7989.26,8001.0
0.339419,0.53786623,5.0022664,4.3712279e-06,True,2,2.7890558e-11,5.4821764e-12,6.0141927e-05,8002.42,8014.0
0.339733,0.53816394,5.0049807,4.3712279e-06,True,2,2.7917543e-11,5.4872209e-12,6.0187271e-05,8015.5,8028.0
0.340048,0.5376817,5.0004449,4.3649062e-06,True,2,2.7864195e-11,5.4769987e-12,6.0232591e-05,8028.66,8041.0
0.340362,0.53761477,4.9997767,4.362023e-06,True,2,2.785226e-11,5.474603e-12,6.0277999e-05,8041.76,8054.0
0.340676,0.53766203,5.0001672,4.3600702e-06,True,2,2.7851739e-11,5.4744172e-12,6.032319e-05,8054.83,8067.0
0.34099,0.53770573,5.0005235,4.358092e-06,True,2,2.7851781e-11,5.4743096e-12,6.0368367e-05,8067.9,8080.0
0.341304,0.53762069,4.9996826,4.3550743e-06,True,2,2.7838064e-11,5.4715695e-12,6.0413585e-05,8081.0,8093.0
0.341617,0.53765497,4.9999507,4.353027e-06,True,2,2.7837106e-11,5.4712707e-12,6.0458842e-05,8094.11,8106.0
0.341931,0.53768513,5.0001806,4.3509499e-06,True,2,2.7835723e-11,5.4708915e-12,6.0504138e-05,8107.19,8119.0
0.342244,0.53771099,5.0003703,4.3488413e-06,True,2,2.7833885e-11,5.4704239e-12,6.0549475e-05,8120.27,8132.0
0.342557,0.53773237,5.0005184,4.3467e-06,True,2,2.783159e-11,5.4698716e-12,6.0594853e-05,8133.36,8146.0
0.34287,0.53774905,5.0006227,4.3445242e-06,True,2,2.7828795e-11,5.4692207e-12,6.0640272e-05,8146.45,8159.0
0.343182,0.53776076,5.0006808,4.3411912e-06,True,2,2.7811596e-11,5.4658104e-12,6.0685732e-05,8159.58,8172.0
0.343495,0.53776727,5.0006906,4.3389203e-06,True,2,2.7807486e-11,5.4649094e-12,6.0731234e-05,8172.75,8185.0
0.343807,0.53776829,5.0006494,4.3377694e-06,True,2,2.7817198e-11,5.4666598e-12,6.0776778e-05,8185.92,8198.0
0.344119,0.53776354,5.0005547,4.335435e-06,True,2,2.7812159e-11,5.4655825e-12,6.0822364e-05,8199.09,8211.0
0.344431,0.53775266,5.000403,4.3330548e-06,True,2,2.7806475e-11,5.464381e-12,6.0867989e-05,8212.19,8225.0
0.344743,0.53773523,5.0001904,4.3306256e-06,True,2,2.7800096e-11,5.4630473e-12,6.0913655e-05,8225.26,8238.0
0.345055,0.53770955,4.9999024,4.3281445e-06,True,2,2.779575e-11,5.4622078e-12,6.0959362e-05,8238.35,8251.0
0.345366,0.53766943,4.9994859,4.3256066e-06,True,2,2.7787104e-11,5.4604436e-12,6.1005016e-05,8251.49,8264.0
0.345678,0.53778377,5.0005025,4.3243146e-06,True,2,2.7794922e-11,5.4618296e-12,6.1050712e-05,8264.61,8277.0
0.345989,0.53773097,4.9999639,4.3216818e-06,True,2,2.7784937e-11,5.4598098e-12,6.1096448e-05,8277.7,8290.0
0.3463,0.53766904,4.9993397,4.3189793e-06,True,2,2.7773998e-11,5.4576081e-12,6.114222e-05,8290.83,8303.0
0.346611,0.53777147,5.0002439,4.3176003e-06,True,2,2.778058e-11,5.4587574e-12,6.1188035e-05,8303.89,8316.0
0.346922,0.53769415,4.999477,4.3147814e-06,True,2,2.7768031e-11,5.4562481e-12,6.1233885e-05,8317.05,8330.0
0.347233,0.53778805,5.0003015,4.3133398e-06,True,2,2.7773712e-11,5.4572257e-12,6.1279775e-05,8330.11,8343.0
0.347543,0.53769316,4.9993711,4.3103873e-06,True,2,2.7759302e-11,5.4543611e-12,6.1325701e-05,8343.18,8356.0
0.347853,0.53777736,5.0001054,4.3088738e-06,True,2,2.7763954e-11,5.4551408e-12,6.1371667e-05,8356.25,8369.0
0.348163,0.53785793,5.0008059,4.3073338e-06,True,2,2.7768195e-11,5.4558424e-12,6.1417581e-05,8369.36,8382.0
0.348473,0.5377349,4.9996143,4.304167e-06,True,2,2.7750837e-11,5.4524147e-12,6.1463514e-05,8382.41,8395.0
0.348783,0.53780348,5.0002034,4.3025372e-06,True,2,2.7818144e-11,5.4650949e-12,6.1509477e-05,8395.52,8408.0
0.349093,0.53786747,5.0007499,4.3008734e-06,True,2,2.7816153e-11,5.4646e-12,6.1555469e-05,8408.59,8421.0
0.349403,0.53770924,4.9992311,4.2974364e-06,True,2,2.7788938e-11,5.4592824e-12,6.1601493e-05,8421.71,8434.0
0.349712,0.53775793,4.9996357,4.2956569e-06,True,2,2.7784924e-11,5.4584059e-12,6.1647551e-05,8434.83,8447.0
0.350021,0.53780024,4.9999812,4.2938329e-06,True,2,2.7795112e-11,5.4603506e-12,6.1693646e-05,8448.06,8461.0
0.35033,0.53782826,5.0002006,4.2919595e-06,True,2,2.7789059e-11,5.4590877e-12,6.1739677e-05,8461.26,8474.0
0.350639,0.53784916,5.0003512,4.2900322e-06,True,2,2.7782155e-11,5.4576639e-12,6.1785736e-05,8474.49,8487.0
0.350948,0.53786219,5.000427,4.2880452e-06,True,2,2.7774294e-11,5.4560592e-12,6.1831823e-05,8487.63,8500.0
0.351257,0.53786662,5.0004224,4.2859925e-06,True,2,2.7765404e-11,5.4542627e-12,6.1877936e-05,8500.73,8514.0
0.351565,0.53786159,5.0003298,4.2838676e-06,True,2,2.775541e-11,5.4522592e-12,6.1924076e-05,8513.92,8527.0
0.351873,0.53784601,5.0001392,4.2816617e-06,True,2,2.7744211e-11,5.450028e-12,6.1970241e-05,8527.1,8540.0
0.352182,0.53781842,4.999837,4.2793634e-06,True,2,2.7731693e-11,5.4475484e-12,6.201643e-05,8540.31,8553.0
0.35249,0.5377773,4.9994088,4.2769606e-06,True,2,2.7715754e-11,5.4444288e-12,6.2062495e-05,8553.45,8566.0
0.352798,0.5377206,4.998836,4.2744373e-06,True,2,2.7700069e-11,5.4413548e-12,6.2108418e-05,8566.51,8579.0
0.353105,0.53798104,5.0012102,4.2744373e-06,True,2,2.7720238e-11,5.445127e-12,6.2154345e-05,8579.62,8593.0
0.353413,0.53790579,5.0004649,4.2717725e-06,True,2,2.7666914e-11,5.4345998e-12,6.2200016e-05,8592.74,8606.0
0.35372,0.53780871,4.9995168,4.2689379e-06,True,2,2.7644943e-11,5.4303762e-12,6.2245138e-05,8605.8,8619.0
0.354028,0.53768524,4.9983227,4.2658973e-06,True,2,2.762195e-11,5.425941e-12,6.2290093e-05,8618.89,8632.0
0.354335,0.53794465,5.0006881,4.2658973e-06,True,2,2.7642001e-11,5.429708e-12,6.2335068e-05,8632.0,8645.0
0.354642,0.53778707,4.999178,4.262593e-06,True,2,2.7615363e-11,5.4245803e-12,6.2380029e-05,8645.09,8658.0
0.354949,0.53804607,5.0015389,4.262593e-06,True,2,2.7635439e-11,5.428353e-12,6.2424984e-05,8658.18,8671.0
0.355256,0.53783737,4.9995598,4.2589435e-06,True,2,2.7617834e-11,5.4249323e-12,6.2469947e-05,8671.19,8684.0
0.355562,0.53808778,5.0018458,4.2589435e-06,True,2,2.7637239e-11,5.4285798e-12,6.2514864e-05,8684.26,8697.0
0.355869,0.53781281,4.9992478,4.2547884e-06,True,2,2.7597914e-11,5.4210388e-12,6.2559807e-05,8697.39,8710.0
0.356175,0.53806272,5.0015266,4.2547884e-06,True,2,2.7617362e-11,5.4246953e-12,6.2604729e-05,8710.49,8724.0
0.356481,0.53768366,4.9979607,4.2498179e-06,True,2,2.7608157e-11,5.4230969e-12,6.2649646e-05,8723.64,8737.0
0.356787,0.53793299,5.0002341,4.2498179e-06,True,2,2.7629403e-11,5.4270931e-12,6.2694593e-05,8736.77,8750.0
0.357093,0.53818232,5.0025068,4.2498179e-06,True,2,2.7650818e-11,5.4311219e-12,6.273949e-05,8750.06,8763.0
0.357399,0.53759152,4.9969734,4.2431879e-06,True,2,2.7582452e-11,5.418041e-12,6.2784399e-05,8763.18,8776.0
0.357704,0.53784007,4.9992394,4.2431879e-06,True,2,2.760434e-11,5.42216e-12,6.2829363e-05,8776.33,8790.0
0.35801,0.53808863,5.0015048,4.2431879e-06,True,2,2.7626382e-11,5.4263078e-12,6.2874277e-05,8789.55,8803.0
0.358315,0.53833719,5.0037701,4.2431879e-06,True,2,2.7648567e-11,5.430482e-12,6.2919142e-05,8802.65,8816.0
0.358621,0.53858575,5.0060352,4.2431879e-06,True,2,2.7670892e-11,5.4346834e-12,6.2963957e-05,8815.81,8829.0
0.358926,0.53883431,5.0082999,4.2431879e-06,True,2,2.7693352e-11,5.4389094e-12,6.3008722e-05,8828.92,8842.0
0.359232,0.53908287,5.0105645,4.2431879e-06,True,2,2.7715935e-11,5.443159e-12,6.3053439e-05,8842.1,8855.0
0.359537,0.53933143,5.012829,4.2431879e-06,True,2,2.7738628e-11,5.4474279e-12,6.3098105e-05,8855.17,8868.0
0.359843,0.53957999,5.0150935,4.2431879e-06,True,2,2.7761433e-11,5.4517174e-12,6.3142723e-05,8868.28,8882.0
0.360148,0.53793346,4.9997551,4.2283251e-06,True,2,2.7586829e-11,5.4183863e-12,6.3187459e-05,8881.41,8895.0
0.360452,0.53794087,4.9997874,4.226508e-06,True,2,2.7584754e-11,5.4179345e-12,6.3232343e-05,8894.56,8908.0
0.360757,0.53794457,4.9997823,4.2246641e-06,True,2,2.75955e-11,5.4191783e-12,6.3277224e-05,8907.75,8921.0
0.361061,0.53794435,4.9997403,4.2227921e-06,True,2,2.7591698e-11,5.4183576e-12,6.3322104e-05,8920.89,8934.0
0.361365,0.53794006,4.9996597,4.2208905e-06,True,2,2.7587452e-11,5.4174532e-12,6.3366983e-05,8933.99,8947.0
0.361669,0.53793148,4.9995385,4.2189578e-06,True,2,2.7582724e-11,5.4164572e-12,6.341186e-05,8947.13,8961.0
0.361972,0.53804431,5.0005455,4.2179794e-06,True,2,2.7590807e-11,5.4179094e-12,6.3456736e-05,8960.24,8974.0
0.362276,0.53802879,5.0003597,4.215997e-06,True,2,2.7585328e-11,5.4167703e-12,6.3501612e-05,8973.41,8987.0
0.362579,0.53800844,5.000129,4.2139793e-06,True,2,2.7579326e-11,5.4155308e-12,6.3546487e-05,8986.55,9000.0
0.362883,0.53798295,4.9998504,4.2119239e-06,True,2,2.7572773e-11,5.4141876e-12,6.3591359e-05,8999.66,9013.0
0.363186,0.537952,4.9995209,4.2098283e-06,True,2,2.7565649e-11,5.4127346e-12,6.363623e-05,9012.76,9026.0
0.363489,0.53805263,5.0004142,4.2087647e-06,True,2,2.7572393e-11,5.4139325e-12,6.36811e-05,9025.93,9040.0
0.363792,0.53801278,5.0000022,4.2066044e-06,True,2,2.7564297e-11,5.4122947e-12,6.3725969e-05,9039.04,9053.0
0.364095,0.5379666,4.9995314,4.2043973e-06,True,2,2.7555541e-11,5.4105299e-12,6.3770836e-05,9052.16,9066.0
0.364397,0.53805892,5.0003475,4.2032749e-06,True,2,2.7561408e-11,5.4115603e-12,6.3815702e-05,9065.26,9079.0
0.3647,0.53800228,4.9997796,4.200991e-06,True,2,2.7551538e-11,5.4095844e-12,6.3860567e-05,9078.36,9092.0
0.365002,0.53808891,5.0005428,4.1998283e-06,True,2,2.755666e-11,5.4104688e-12,6.3906655e-05,9091.51,9105.0
0.365305,0.53801253,4.9997985,4.1974577e-06,True,2,2.7548219e-11,5.4088824e-12,6.3951491e-05,9104.62,9118.0
0.365607,0.5380846,5.0004308,4.1962481e-06,True,2,2.7552101e-11,5.4095374e-12,6.3996322e-05,9117.81,9132.0
0.365909,0.53799463,4.999556,4.193777e-06,True,2,2.7538864e-11,5.4069215e-12,6.4041152e-05,9130.97,9145.0
0.366211,0.5380593,5.0001174,4.1925139e-06,True,2,2.7541936e-11,5.4074224e-12,6.4085982e-05,9144.09,9158.0
0.366513,0.53812122,5.000653,4.191231e-06,True,2,2.7546325e-11,5.4081932e-12,6.413343e-05,9157.28,9171.0
0.366814,0.53800997,4.99958,4.1886018e-06,True,2,2.7530826e-11,5.4051452e-12,6.4192574e-05,9170.45,9184.0
0.367116,0.53806296,5.0000326,4.1872537e-06,True,2,2.7532666e-11,5.4054111e-12,6.425191e-05,9183.58,9197.0
0.367417,0.53811259,5.0004539,4.1858813e-06,True,2,2.7534139e-11,5.4056067e-12,6.4311232e-05,9196.7,9211.0
0.367719,0.53815868,5.0008423,4.1844832e-06,True,2,2.7535246e-11,5.4057328e-12,6.4370543e-05,9209.76,9224.0
0.36802,0.53801396,4.9994582,4.181604e-06,True,2,2.7516213e-11,5.402011e-12,6.4429846e-05,9222.89,9237.0
0.368321,0.5380483,4.9997373,4.180119e-06,True,2,2.7516076e-11,5.4018996e-12,6.4489138e-05,9236.02,9250.0
0.368622,0.53807815,4.9999749,4.1786012e-06,True,2,2.751547e-11,5.4016976e-12,6.4548418e-05,9249.12,9263.0
0.368922,0.53810324,5.0001682,4.1770484e-06,True,2,2.7514357e-11,5.401401e-12,6.4607688e-05,9262.22,9276.0
0.369223,0.5381232,5.0003138,4.1754577e-06,True,2,2.7512698e-11,5.4009984e-12,6.4666947e-05,9275.28,9289.0
0.369524,0.5381376,5.000408,4.1738261e-06,True,2,2.7510457e-11,5.4004863e-12,6.4726194e-05,9288.36,9302.0
0.369824,0.53814608,5.000447,4.1721505e-06,True,2,2.7507589e-11,5.3998535e-12,6.4785432e-05,9301.48,9315.0
0.370124,0.53814483,5.0003989,4.1704265e-06,True,2,2.7507131e-11,5.3997901e-12,6.4844672e-05,9314.6,9329.0
0.370425,0.53813151,5.0002414,4.168648e-06,True,2,2.7502116e-11,5.3987506e-12,6.4903886e-05,9327.68,9342.0
0.370725,0.53811012,5.0000066,4.1668092e-06,True,2,2.7496245e-11,5.3975478e-12,6.4963089e-05,9340.74,9355.0
0.371025,0.53807975,4.9996873,4.1649031e-06,True,2,2.7489427e-11,5.3961644e-12,6.5022281e-05,9353.83,9368.0
0.371324,0.53803925,4.9992737,4.1629207e-06,True,2,2.7481539e-11,5.3945765e-12,6.5081461e-05,9366.93,9381.0
0.371624,0.53825478,5.001238,4.1629207e-06,True,2,2.7500638e-11,5.398144e-12,6.5140629e-05,9380.07,9394.0
0.371924,0.5382027,5.0007168,4.1608527e-06,True,2,2.7491534e-11,5.3963233e-12,6.5199795e-05,9393.18,9407.0
0.372223,0.53813766,5.000075,4.1586867e-06,True,2,2.7481057e-11,5.3942411e-12,6.5258949e-05,9406.34,9420.0
0.372523,0.53805756,4.9992933,4.1564067e-06,True,2,2.7468993e-11,5.3918559e-12,6.5318088e-05,9419.5,9434.0
0.372822,0.53827241,5.0012511,4.1564067e-06,True,2,2.7488005e-11,5.3954066e-12,6.5377215e-05,9432.59,9447.0
0.373121,0.53817426,5.0003017,4.1539916e-06,True,2,2.7474039e-11,5.3926566e-12,6.5436342e-05,9445.74,9460.0
0.37342,0.53805462,4.9991528,4.1514131e-06,True,2,2.7457816e-11,5.3894772e-12,6.549545e-05,9458.88,9473.0
0.373719,0.53826895,5.0011057,4.1514131e-06,True,2,2.7476774e-11,5.3930185e-12,6.5554549e-05,9472.15,9486.0
0.374018,0.53812276,4.9997101,4.1486344e-06,True,2,2.7457761e-11,5.389306e-12,6.5613644e-05,9485.32,9500.0
0.374316,0.5383368,5.0016604,4.1486344e-06,True,2,2.7476688e-11,5.3928405e-12,6.5672713e-05,9498.43,9513.0
0.374615,0.53815617,4.9999451,4.1455951e-06,True,2,2.7454048e-11,5.3884353e-12,6.5731796e-05,9511.64,9526.0
0.374913,0.5383699,5.0018923,4.1455951e-06,True,2,2.7472936e-11,5.3919632e-12,6.579084e-05,9524.81,9539.0
0.375212,0.53813759,4.9997023,4.1422054e-06,True,2,2.7448411e-11,5.3873089e-12,6.5849919e-05,9538.07,9552.0
0.37551,0.53834305,5.0015777,4.1422054e-06,True,2,2.7466583e-11,5.3907031e-12,6.5908945e-05,9551.22,9566.0
0.375808,0.53803792,4.9987092,4.1382791e-06,True,2,2.7431011e-11,5.383832e-12,6.5967975e-05,9564.33,9579.0
0.376106,0.53824299,5.0005784,4.1382791e-06,True,2,2.7449143e-11,5.3872192e-12,6.6026999e-05,9577.51,9592.0
0.376404,0.53844805,5.002447,4.1382791e-06,True,2,2.7467267e-11,5.3906039e-12,6.6085981e-05,9590.62,9605.0
0.376702,0.53802071,4.9984428,4.133422e-06,True,2,2.7418837e-11,5.3812772e-12,6.6144994e-05,9603.79,9618.0
0.376999,0.53822529,5.0003071,4.133422e-06,True,2,2.7436906e-11,5.3846524e-12,6.6203993e-05,9616.92,9631.0
0.377297,0.53842987,5.002171,4.133422e-06,True,2,2.7454975e-11,5.3880267e-12,6.6262949e-05,9630.02,9645.0
0.377594,0.53863445,5.0040347,4.133422e-06,True,2,2.747305e-11,5.3914029e-12,6.6321862e-05,9643.13,9658.0
0.377892,0.5378934,4.9971171,4.1261704e-06,True,2,2.7391646e-11,5.3757796e-12,6.6380855e-05,9656.4,9671.0
0.378189,0.53809726,4.9989747,4.1261704e-06,True,2,2.7409641e-11,5.3791405e-12,6.6439836e-05,9669.56,9684.0
0.378486,0.53830112,5.000832,4.1261704e-06,True,2,2.7427622e-11,5.3824979e-12,6.6498775e-05,9682.7,9697.0
0.378783,0.53850498,5.0026892,4.1261704e-06,True,2,2.744561e-11,5.3858582e-12,6.6557672e-05,9695.86,9710.0
0.37908,0.53870885,5.004546,4.1261704e-06,True,2,2.746359e-11,5.3892165e-12,6.6616526e-05,9709.03,9724.0
0.379377,0.53891271,5.0064025,4.1261704e-06,True,2,2.7481579e-11,5.392576e-12,6.6675338e-05,9722.19,9737.0
0.379674,0.53911657,5.008259,4.1261704e-06,True,2,2.7499566e-11,5.395935e-12,6.6734108e-05,9735.39,9750.0
0.379971,0.53932043,5.0101155,4.1261704e-06,True,2,2.7517556e-11,5.3992943e-12,6.6792835e-05,9748.59,9763.0
0.380268,0.53819493,4.9996344,4.1160602e-06,True,2,2.7399346e-11,5.3767548e-12,6.6851702e-05,9761.76,9776.0
0.380564,0.53827676,5.0003637,4.1151953e-06,True,2,2.740465e-11,5.3776967e-12,6.6910567e-05,9774.91,9790.0
0.38086,0.53824234,5.0000117,4.1134432e-06,True,2,2.7397722e-11,5.3763009e-12,6.6969422e-05,9788.08,9803.0
0.381156,0.53820353,4.9996183,4.1116594e-06,True,2,2.7390343e-11,5.3748192e-12,6.7028266e-05,9801.18,9816.0
0.381452,0.53827966,5.0002919,4.1107551e-06,True,2,2.7395029e-11,5.3756427e-12,6.7087102e-05,9814.3,9829.0
0.381748,0.53823374,4.9998319,4.1089203e-06,True,2,2.7386898e-11,5.3740178e-12,6.7145927e-05,9827.39,9842.0
0.382044,0.53830602,5.0004693,4.1079894e-06,True,2,2.7391187e-11,5.3747645e-12,6.7204742e-05,9840.5,9855.0
0.38234,0.53825232,4.9999368,4.1060987e-06,True,2,2.7382249e-11,5.3729869e-12,6.7263548e-05,9853.58,9868.0
0.382635,0.53832039,5.0005349,4.1051384e-06,True,2,2.7386095e-11,5.3736493e-12,6.7322343e-05,9866.7,9882.0
0.382931,0.53825819,4.9999233,4.1031863e-06,True,2,2.7376274e-11,5.371703e-12,6.7381129e-05,9879.82,9895.0
0.383226,0.53832166,5.0004786,4.1021938e-06,True,2,2.7379646e-11,5.3722758e-12,6.7439904e-05,9892.96,9908.0
0.383521,0.53825004,4.9997796,4.1001734e-06,True,2,2.736884e-11,5.3701413e-12,6.749867e-05,9906.13,9921.0
0.383817,0.5383084,5.0002874,4.0991448e-06,True,2,2.7371681e-11,5.3706128e-12,6.7557424e-05,9919.25,9934.0
0.384112,0.53822627,4.9994905,4.0970479e-06,True,2,2.7359782e-11,5.3682701e-12,6.7616168e-05,9932.33,9947.0
0.384407,0.53827892,4.9999456,4.0959788e-06,True,2,2.7362019e-11,5.3686263e-12,6.7674903e-05,9945.45,9960.0
0.384701,0.53832947,5.0003809,4.0948949e-06,True,2,2.7364051e-11,5.3689449e-12,6.7733627e-05,9958.56,9974.0
0.384996,0.53823121,4.9994343,4.0926807e-06,True,2,2.7350473e-11,5.3662815e-12,6.7792339e-05,9971.63,9987.0
0.385291,0.53826735,4.9997428,4.0915483e-06,True,2,2.7354672e-11,5.3671261e-12,6.7851057e-05,9984.75,10000.0
0.385585,0.53830073,5.0000231,4.0903977e-06,True,2,2.7355045e-11,5.3671297e-12,6.790975e-05,9997.8,10013.0
0.38588,0.53833139,5.0002764,4.0892276e-06,True,2,2.7355134e-11,5.3670799e-12,6.7968433e-05,10010.88,10026.0
0.386174,0.53835918,5.0005026,4.0880372e-06,True,2,2.7354915e-11,5.3669709e-12,6.8027104e-05,10023.97,10039.0
0.386469,0.53838397,5.0007008,4.0868252e-06,True,2,2.7354378e-11,5.3668009e-12,6.8085766e-05,10037.07,10052.0
0.386763,0.53823972,4.9993292,4.0843319e-06,True,2,2.7336128e-11,5.3632493e-12,6.8144419e-05,10050.17,10065.0
0.387057,0.53825456,4.9994351,4.0830475e-06,True,2,2.7334532e-11,5.3628778e-12,6.8203062e-05,10063.28,10078.0
0.387351,0.53826563,4.9995057,4.0817359e-06,True,2,2.733255e-11,5.3624321e-12,6.8261696e-05,10076.46,10092.0
0.387645,0.53827266,4.9995387,4.0803949e-06,True,2,2.7330147e-11,5.361907e-12,6.8320319e-05,10089.57,10105.0
0.387938,0.5382754,4.9995319,4.0790229e-06,True,2,2.7327293e-11,5.3612948e-12,6.8378931e-05,10102.59,10118.0
0.388232,0.53827346,4.9994816,4.0776168e-06,True,2,2.7323946e-11,5.3605884e-12,6.8437533e-05,10115.64,10131.0
0.388526,0.53826654,4.9993851,4.0761745e-06,True,2,2.7320085e-11,5.3597844e-12,6.8496125e-05,10128.71,10144.0
0.388819,0.53825423,4.9992384,4.0746928e-06,True,2,2.7315665e-11,5.3588733e-12,6.8554706e-05,10141.79,10157.0
0.389112,0.53843752,5.0009081,4.0746928e-06,True,2,2.7331724e-11,5.3618738e-12,6.8613277e-05,10154.87,10170.0
0.389406,0.53841917,5.0007055,4.0731678e-06,True,2,2.7326701e-11,5.3608488e-12,6.8671735e-05,10167.92,10183.0
0.389699,0.53839439,5.0004433,4.0715958e-06,True,2,2.7320973e-11,5.3596891e-12,6.8730157e-05,10180.98,10196.0
0.389992,0.53836261,5.0001161,4.0699723e-06,True,2,2.7314518e-11,5.3583898e-12,6.8788568e-05,10194.05,10209.0
0.390285,0.53831536,4.9996517,4.0682898e-06,True,2,2.7310173e-11,5.3576078e-12,6.8846983e-05,10207.1,10222.0
0.390578,0.53825867,4.9990975,4.06654e-06,True,2,2.7301263e-11,5.3558432e-12,6.8905371e-05,10220.17,10236.0
0.390871,0.53843345,5.0006907,4.06654e-06,True,2,2.7316581e-11,5.3587044e-12,6.8963755e-05,10233.28,10249.0
0.391163,0.53836631,5.0000373,4.064714e-06,True,2,2.7306571e-11,5.3567305e-12,6.902213e-05,10246.35,10262.0
0.391456,0.53828735,4.9992741,4.0628003e-06,True,2,2.7295325e-11,5.3545197e-12,6.9080489e-05,10259.42,10275.0
0.391748,0.53846179,5.0008634,4.0628003e-06,True,2,2.7306655e-11,5.3566813e-12,6.9138198e-05,10272.48,10288.0
0.392041,0.53836886,4.9999702,4.060784e-06,True,2,2.7294218e-11,5.3542402e-12,6.9195515e-05,10285.56,10301.0
0.392333,0.53825968,4.998926,4.0586468e-06,True,2,2.727992e-11,5.3514031e-12,6.9252801e-05,10298.65,10314.0
0.392625,0.53843377,5.0005117,4.0586468e-06,True,2,2.7295439e-11,5.354302e-12,6.931014e-05,10311.71,10327.0
0.392918,0.53830489,4.9992846,4.056364e-06,True,2,2.727956e-11,5.3512037e-12,6.9367559e-05,10324.76,10340.0
0.39321,0.53847879,5.0008684,4.056364e-06,True,2,2.7295062e-11,5.354099e-12,6.9425073e-05,10337.86,10353.0
0.393502,0.53832537,4.9994136,4.0538997e-06,True,2,2.7276641e-11,5.3505156e-12,6.9482689e-05,10350.91,10367.0
0.393793,0.53849906,5.0009956,4.0538997e-06,True,2,2.7292122e-11,5.3534069e-12,6.9540387e-05,10364.03,10380.0
0.394085,0.53831404,4.9992474,4.0512007e-06,True,2,2.7270434e-11,5.3491999e-12,6.9598192e-05,10377.15,10393.0
0.394377,0.53848749,5.0008272,4.0512007e-06,True,2,2.7285892e-11,5.3520867e-12,6.9656086e-05,10390.3,10406.0
0.394669,0.53825952,4.9986803,4.0481819e-06,True,2,2.7259757e-11,5.3470307e-12,6.9714059e-05,10403.51,10419.0
0.39496,0.53843271,5.0002578,4.0481819e-06,True,2,2.7275186e-11,5.3499129e-12,6.9772163e-05,10416.75,10432.0
0.395251,0.53859933,5.0017798,4.0481819e-06,True,2,2.7292295e-11,5.3532374e-12,6.9830031e-05,10429.88,10446.0
0.395543,0.53829861,4.9989623,4.04468e-06,True,2,2.7258753e-11,5.3467711e-12,6.9887997e-05,10442.98,10459.0
0.395834,0.53846376,5.0004678,4.04468e-06,True,2,2.7273481e-11,5.3495216e-12,6.9946036e-05,10456.03,10472.0
0.396125,0.53862891,5.0019724,4.04468e-06,True,2,2.7288199e-11,5.3522697e-12,7.0004104e-05,10469.12,10485.0
0.396416,0.53821086,4.9980631,4.0403026e-06,True,2,2.7242509e-11,5.343483e-12,7.0062311e-05,10482.22,10498.0
0.396707,0.53837564,4.9995646,4.0403026e-06,True,2,2.7257182e-11,5.3462231e-12,7.0120655e-05,10495.54,10511.0
0.396998,0.53854043,5.0010655,4.0403026e-06,True,2,2.7271856e-11,5.3489642e-12,7.0179028e-05,10508.64,10524.0
0.397289,0.53870522,5.0025664,4.0403026e-06,True,2,2.7286533e-11,5.3517046e-12,7.0237428e-05,10521.76,10538.0
0.39758,0.53887,5.0040669,4.0403026e-06,True,2,2.7301208e-11,5.3544448e-12,7.0295856e-05,10534.85,10551.0
0.39787,0.53812555,4.9971279,4.0334893e-06,True,2,2.7221726e-11,5.3392065e-12,7.0354616e-05,10547.94,10564.0
0.398161,0.53828978,4.9986238,4.0334893e-06,True,2,2.7236345e-11,5.3419362e-12,7.041344e-05,10561.01,10577.0
0.398451,0.53845401,5.0001196,4.0334893e-06,True,2,2.725095e-11,5.3446633e-12,7.0472292e-05,10574.06,10590.0
0.398742,0.53861824,5.0016154,4.0334893e-06,True,2,2.7265559e-11,5.3473913e-12,7.0531171e-05,10587.16,10603.0
0.399032,0.53878247,5.0031107,4.0334893e-06,True,2,2.7280174e-11,5.3501214e-12,7.0590076e-05,10600.29,10616.0
0.399322,0.53894671,5.0046058,4.0334893e-06,True,2,2.7294785e-11,5.3528488e-12,7.0649009e-05,10613.43,10629.0
0.399613,0.53911094,5.0061009,4.0334893e-06,True,2,2.73094e-11,5.3555779e-12,7.0707968e-05,10626.59,10643.0
0.399903,0.53927517,5.0075959,4.0334893e-06,True,2,2.7324022e-11,5.3583093e-12,7.0766953e-05,10639.63,10656.0
0.400193,0.53850953,5.0004646,4.0265754e-06,True,2,2.7244755e-11,5.3432352e-12,7.0825995e-05,10652.68,10669.0
0.400483,0.53844528,4.9998451,4.0249297e-06,True,2,2.7235847e-11,5.3414773e-12,7.0885108e-05,10665.73,10682.0
0.400773,0.53848926,5.0002278,4.0240939e-06,True,2,2.7238135e-11,5.3418556e-12,7.09443e-05,10678.78,10695.0
0.401063,0.53841764,4.9995367,4.0223954e-06,True,2,2.7228457e-11,5.3399496e-12,7.1003571e-05,10691.86,10708.0
0.401352,0.53845765,4.9998819,4.0215321e-06,True,2,2.7230324e-11,5.3402481e-12,7.1062929e-05,10704.93,10721.0
0.401642,0.53849623,5.0002132,4.0206588e-06,True,2,2.7232042e-11,5.340518e-12,7.1122364e-05,10717.99,10734.0
0.401931,0.53853331,5.0005304,4.0197751e-06,True,2,2.7233606e-11,5.3407585e-12,7.1181875e-05,10731.11,10747.0
0.40222,0.53844752,4.9997071,4.0179755e-06,True,2,2.7222454e-11,5.3385716e-12,7.1241472e-05,10744.23,10760.0
0.40251,0.53847991,4.9999806,4.0170587e-06,True,2,2.7223529e-11,5.3387187e-12,7.1301146e-05,10757.31,10774.0
0.402799,0.53851056,5.0002379,4.0161299e-06,True,2,2.7224423e-11,5.3388322e-12,7.1360897e-05,10770.4,10787.0
0.403088,0.53853943,5.0004787,4.0151887e-06,True,2,2.7225137e-11,5.3389112e-12,7.1420723e-05,10783.48,10800.0
0.403377,0.53843661,4.9994969,4.0132668e-06,True,2,2.7212229e-11,5.3363884e-12,7.1480629e-05,10796.57,10813.0
0.403666,0.53845974,4.9996845,4.0122848e-06,True,2,2.7212335e-11,5.3363505e-12,7.1540615e-05,10809.65,10826.0
0.403955,0.53848076,4.9998524,4.011288e-06,True,2,2.7212229e-11,5.3362729e-12,7.1600675e-05,10822.7,10839.0
0.404244,0.53849956,4.9999996,4.0102756e-06,True,2,2.7211892e-11,5.3361508e-12,7.1660809e-05,10835.75,10852.0
0.404532,0.53851604,5.0001254,4.0092468e-06,True,2,2.7211314e-11,5.3359835e-12,7.1721018e-05,10848.92,10865.0
0.404821,0.53853009,5.0002287,4.0082008e-06,True,2,2.7210483e-11,5.3357668e-12,7.1781301e-05,10862.14,10879.0
0.405109,0.53853874,5.0002845,4.0071365e-06,True,2,2.7211642e-11,5.336055e-12,7.1841563e-05,10875.25,10892.0
0.405398,0.53853974,5.0002724,4.0060523e-06,True,2,2.7209591e-11,5.3356092e-12,7.1901701e-05,10888.35,10905.0
0.405686,0.53853776,5.0002303,4.0049469e-06,True,2,2.7207229e-11,5.3351042e-12,7.196191e-05,10901.47,10918.0
0.405975,0.5385326,5.0001575,4.0038187e-06,True,2,2.7204533e-11,5.3345349e-12,7.202219e-05,10914.58,10931.0
0.406263,0.53852403,5.0000529,4.0026662e-06,True,2,2.7201476e-11,5.3338973e-12,7.208254e-05,10927.65,10944.0
0.406551,0.53851187,4.9999148,4.0014879e-06,True,2,2.7198044e-11,5.3331876e-12,7.2142959e-05,10940.73,10957.0
0.406839,0.53849581,4.9997404,4.0002815e-06,True,2,2.7194202e-11,5.3324005e-12,7.2203445e-05,10953.83,10970.0
0.407127,0.53847561,4.9995275,3.9990454e-06,True,2,2.7189928e-11,5.3315292e-12,7.2263998e-05,10966.92,10984.0
0.407415,0.53845089,4.9992722,3.9977766e-06,True,2,2.7185187e-11,5.3305706e-12,7.2324616e-05,10980.02,10997.0
0.407703,0.53859696,5.0006028,3.9977766e-06,True,2,2.7198109e-11,5.3329837e-12,7.2385307e-05,10993.09,11010.0
0.407991,0.53856728,5.0003017,3.9964727e-06,True,2,2.7185937e-11,5.3306927e-12,7.2444722e-05,11006.15,11023.0
0.408278,0.53853228,4.9999512,3.9951303e-06,True,2,2.7179768e-11,5.3294658e-12,7.2503891e-05,11019.23,11036.0
0.408566,0.53849149,4.999547,3.993746e-06,True,2,2.7172984e-11,5.3281192e-12,7.2563043e-05,11032.33,11049.0
0.408853,0.53863727,5.0008744,3.993746e-06,True,2,2.7185656e-11,5.3304881e-12,7.2622179e-05,11045.4,11062.0
0.409141,0.53858996,5.0004097,3.992315e-06,True,2,2.7178188e-11,5.3290123e-12,7.2681301e-05,11058.51,11075.0
0.409428,0.53853556,4.9998792,3.9908325e-06,True,2,2.7169979e-11,5.3273962e-12,7.2740401e-05,11071.61,11088.0
0.409716,0.53847329,4.9992758,3.9892929e-06,True,2,2.7157158e-11,5.3248929e-12,7.2799246e-05,11084.7,11101.0
0.410003,0.53861875,5.0006001,3.9892929e-06,True,2,2.7169721e-11,5.3272348e-12,7.285753e-05,11097.77,11115.0
0.41029,0.53853967,4.9998472,3.9876869e-06,True,2,2.7166888e-11,5.3267691e-12,7.2916617e-05,11110.82,11128.0
0.410577,0.53844979,4.9989912,3.9860022e-06,True,2,2.7155005e-11,5.3244542e-12,7.297568e-05,11123.91,11141.0
0.410864,0.53858737,5.0002455,3.9860022e-06,True,2,2.7163278e-11,5.3259791e-12,7.3033957e-05,11136.97,11154.0
0.411151,0.53848486,4.9992706,3.9842259e-06,True,2,2.7150241e-11,5.3234423e-12,7.3092193e-05,11150.09,11167.0
0.411438,0.53862231,5.0005226,3.9842259e-06,True,2,2.7162194e-11,5.3256763e-12,7.3150421e-05,11163.16,11180.0
0.411725,0.53850464,4.9994068,3.9823394e-06,True,2,2.7147582e-11,5.3228389e-12,7.3208635e-05,11176.32,11193.0
0.412011,0.53864196,5.0006574,3.9823394e-06,True,2,2.7159516e-11,5.3250682e-12,7.3266838e-05,11189.39,11206.0
0.412298,0.53850604,4.999372,3.98032e-06,True,2,2.7143007e-11,5.3218696e-12,7.332503e-05,11202.45,11219.0
0.412585,0.53864322,5.0006212,3.98032e-06,True,2,2.7154934e-11,5.3240971e-12,7.3383212e-05,11215.54,11233.0
0.412871,0.5384845,4.9991242,3.9781342e-06,True,2,2.7136062e-11,5.3204478e-12,7.344138e-05,11228.63,11246.0
0.413158,0.53862153,5.0003719,3.9781342e-06,True,2,2.7147971e-11,5.3226725e-12,7.3499545e-05,11241.69,11259.0
0.413444,0.53843322,4.9986,3.9757319e-06,True,2,2.7126051e-11,5.31844e-12,7.3557685e-05,11254.77,11272.0
0.41373,0.53857008,4.9998465,3.9757319e-06,True,2,2.7137927e-11,5.3206593e-12,7.3615838e-05,11267.85,11285.0
0.414017,0.53870695,5.0010925,3.9757319e-06,True,2,2.7149823e-11,5.3228814e-12,7.3673963e-05,11280.91,11298.0
0.414303,0.53847746,4.9989388,3.9730292e-06,True,2,2.7123608e-11,5.3178305e-12,7.3732084e-05,11293.94,11311.0
0.414589,0.53861414,5.0001833,3.9730292e-06,True,2,2.7135484e-11,5.3200491e-12,7.3790204e-05,11307.0,11324.0
0.414875,0.53875082,5.0014275,3.9730292e-06,True,2,2.7147361e-11,5.3222674e-12,7.3848296e-05,11320.07,11337.0
0.415161,0.53845524,4.9986645,3.9698735e-06,True,2,2.7118152e-11,5.3167626e-12,7.390641e-05,11333.19,11350.0
0.415447,0.5385841,4.9998417,3.9698735e-06,True,2,2.7129352e-11,5.3188555e-12,7.3964515e-05,11346.36,11364.0
0.415732,0.53871295,5.0010165,3.9698735e-06,True,2,2.7140552e-11,5.3209477e-12,7.4022594e-05,11359.46,11377.0
0.416018,0.5388418,5.0021903,3.9698735e-06,True,2,2.7151747e-11,5.3230392e-12,7.4080646e-05,11372.54,11390.0
0.416304,0.53842227,4.9982751,3.965835e-06,True,2,2.7105918e-11,5.3142484e-12,7.4138725e-05,11385.66,11403.0
0.416589,0.53855085,4.9994464,3.965835e-06,True,2,2.7117078e-11,5.3163337e-12,7.4196802e-05,11398.76,11416.0
0.416875,0.53867944,5.0006174,3.965835e-06,True,2,2.7128244e-11,5.318419e-12,7.4254854e-05,11411.83,11429.0
0.41716,0.53880802,5.0017882,3.965835e-06,True,2,2.7139413e-11,5.320506e-12,7.4312879e-05,11424.97,11442.0
0.417446,0.5389366,5.0029588,3.965835e-06,True,2,2.7150579e-11,5.3225916e-12,7.4370879e-05,11438.06,11455.0
0.417732,0.53906519,5.0041291,3.965835e-06,True,2,2.7161746e-11,5.3246777e-12,7.4428853e-05,11451.16,11469.0
0.418017,0.53820428,4.9961179,3.9585582e-06,True,2,2.7070088e-11,5.3071422e-12,7.4486883e-05,11464.19,11482.0
0.418302,0.53833239,4.9972849,3.9585582e-06,True,2,2.7081202e-11,5.3092192e-12,7.4544946e-05,11477.3,11495.0
0.418587,0.5384605,4.9984515,3.9585582e-06,True,2,2.7092311e-11,5.3112941e-12,7.4602984e-05,11490.37,11508.0
0.418872,0.53858861,4.9996181,3.9585582e-06,True,2,2.7103422e-11,5.3133692e-12,7.4660997e-05,11503.45,11521.0
0.419157,0.53871672,5.0007844,3.9585582e-06,True,2,2.7114533e-11,5.3154457e-12,7.4718984e-05,11516.53,11534.0
0.419442,0.53884483,5.0019504,3.9585582e-06,True,2,2.7125642e-11,5.3175202e-12,7.4776947e-05,11529.62,11547.0
0.419727,0.53897294,5.0031163,3.9585582e-06,True,2,2.7136755e-11,5.3195964e-12,7.4834883e-05,11542.75,11560.0
0.420012,0.53860455,4.999674,3.954914e-06,True,2,2.7099931e-11,5.3126417e-12,7.489281e-05,11555.82,11573.0
0.420297,0.53861715,4.9997762,3.9541233e-06,True,2,2.7099338e-11,5.3124872e-12,7.4950774e-05,11568.97,11587.0
0.420581,0.53862827,4.9998611,3.9533224e-06,True,2,2.7098436e-11,5.3122731e-12,7.5008731e-05,11582.15,11600.0
0.420866,0.53863785,4.9999303,3.9525108e-06,True,2,2.709737e-11,5.3120276e-12,7.5066681e-05,11595.31,11613.0
0.42115,0.53864584,4.9999842,3.951688e-06,True,2,2.7096135e-11,5.3117495e-12,7.5124625e-05,11608.39,11626.0
0.421435,0.53865216,5.0000224,3.9508536e-06,True,2,2.7094727e-11,5.3114397e-12,7.5182561e-05,11621.5,11639.0
0.421719,0.53865674,5.0000443,3.9500071e-06,True,2,2.7093141e-11,5.3110954e-12,7.5240492e-05,11634.63,11652.0
0.422004,0.53865952,5.0000494,3.9491478e-06,True,2,2.7091365e-11,5.3107141e-12,7.5298416e-05,11647.75,11665.0
0.422288,0.53866037,5.0000365,3.9482751e-06,True,2,2.70894e-11,5.310297e-12,7.5356334e-05,11660.86,11679.0
0.422572,0.53865925,5.0000052,3.9473884e-06,True,2,2.7087226e-11,5.3098407e-12,7.5414246e-05,11673.94,11692.0
0.422856,0.53865603,4.9999545,3.946487e-06,True,2,2.7084839e-11,5.3093439e-12,7.5472152e-05,11687.06,11705.0
0.423141,0.53865061,4.9998833,3.9455701e-06,True,2,2.7082221e-11,5.3088022e-12,7.5530051e-05,11700.24,11718.0
0.423425,0.53864289,4.9997907,3.9446369e-06,True,2,2.7079367e-11,5.3082157e-12,7.5587945e-05,11713.33,11731.0
0.423709,0.53863273,4.9996755,3.9436864e-06,True,2,2.7076265e-11,5.3075825e-12,7.5645832e-05,11726.42,11744.0
0.423993,0.53861996,4.999536,3.9427174e-06,True,2,2.7072892e-11,5.3068977e-12,7.5703713e-05,11739.45,11757.0
0.424276,0.5387395,5.0006243,3.9427174e-06,True,2,2.7083248e-11,5.3088318e-12,7.5761588e-05,11752.56,11770.0
0.42456,0.53872394,5.0004589,3.941729e-06,True,2,2.7079584e-11,5.3080912e-12,7.581946e-05,11765.63,11784.0
0.424844,0.53870548,5.0002668,3.9407201e-06,True,2,2.7075624e-11,5.3072937e-12,7.5877325e-05,11778.71,11797.0
0.425128,0.53868062,5.0000182,3.939689e-06,True,2,2.7074861e-11,5.3072255e-12,7.5935198e-05,11791.78,11810.0
0.425411,0.53864801,4.9997003,3.9386331e-06,True,2,2.7069571e-11,5.3061773e-12,7.599305e-05,11804.83,11823.0
0.425695,0.53861159,4.9993443,3.9375499e-06,True,2,2.7063813e-11,5.3050402e-12,7.6050894e-05,11817.94,11836.0
0.425978,0.53872327,5.0003622,3.9375499e-06,True,2,2.7073556e-11,5.3068599e-12,7.6108738e-05,11831.05,11849.0
0.426262,0.53868263,4.9999662,3.9364369e-06,True,2,2.7067429e-11,5.3056527e-12,7.6166575e-05,11844.16,11862.0
0.426545,0.53863752,4.9995286,3.935292e-06,True,2,2.7060842e-11,5.3043576e-12,7.6224404e-05,11857.29,11875.0
0.426829,0.53874907,5.0005444,3.935292e-06,True,2,2.7070492e-11,5.3061588e-12,7.628223e-05,11870.4,11888.0
0.427112,0.53869897,5.0000603,3.9341116e-06,True,2,2.7063385e-11,5.3047642e-12,7.6340052e-05,11883.55,11902.0
0.427395,0.53864348,4.9995261,3.9328925e-06,True,2,2.7055722e-11,5.3032633e-12,7.6397865e-05,11896.74,11915.0
0.427678,0.53875489,5.0005404,3.9328925e-06,True,2,2.7065361e-11,5.3050642e-12,7.6455675e-05,11909.87,11928.0
0.427961,0.53869334,4.9999499,3.9316303e-06,True,2,2.705707e-11,5.3034435e-12,7.6513482e-05,11923.01,11941.0
0.428244,0.53862514,4.9992976,3.9303202e-06,True,2,2.7048092e-11,5.301692e-12,7.6571277e-05,11936.13,11954.0
0.428527,0.53873641,5.0003106,3.9303202e-06,True,2,2.7057712e-11,5.3034892e-12,7.6629075e-05,11949.2,11967.0
0.42881,0.53866062,4.9995879,3.928956e-06,True,2,2.7047946e-11,5.3015868e-12,7.6686863e-05,11962.29,11980.0
0.429093,0.53877182,5.0006001,3.928956e-06,True,2,2.7057563e-11,5.3033834e-12,7.6744646e-05,11975.37,11994.0
0.429376,0.53868745,4.9997979,3.9275304e-06,True,2,2.7046906e-11,5.3013114e-12,7.6802428e-05,11988.47,12007.0
0.429659,0.53879856,5.0008094,3.9275304e-06,True,2,2.705651e-11,5.3031053e-12,7.6860197e-05,12001.56,12020.0
0.429942,0.53870426,4.999915,3.9260336e-06,True,2,2.7044827e-11,5.3008376e-12,7.6917971e-05,12014.63,12033.0
0.430224,0.53880943,5.0008765,3.9260336e-06,True,2,2.7057741e-11,5.303383e-12,7.6975741e-05,12027.83,12046.0
0.430507,0.53869577,4.9998072,3.9244518e-06,True,2,2.7044185e-11,5.3007607e-12,7.7033505e-05,12040.95,12059.0
0.430789,0.53879918,5.0007499,3.9244518e-06,True,2,2.705313e-11,5.3024321e-12,7.7091254e-05,12054.06,12072.0
0.431072,0.53867068,4.9995403,3.9227632e-06,True,2,2.7038039e-11,5.2995174e-12,7.7149005e-05,12067.2,12086.0
0.431354,0.538774,5.0004814,3.9227632e-06,True,2,2.7046962e-11,5.3011837e-12,7.7206749e-05,12080.34,12099.0
0.431637,0.53862702,4.9991,3.9209412e-06,True,2,2.7029955e-11,5.2979028e-12,7.7264483e-05,12093.47,12112.0
0.431919,0.53873024,5.0000401,3.9209412e-06,True,2,2.7038873e-11,5.2995692e-12,7.7322225e-05,12106.6,12125.0
0.432201,0.53883347,5.0009798,3.9209412e-06,True,2,2.7047787e-11,5.3012326e-12,7.7379947e-05,12119.76,12138.0
0.432483,0.5386628,4.9993786,3.9189488e-06,True,2,2.7028336e-11,5.2974866e-12,7.7437677e-05,12132.92,12151.0
0.432766,0.53876592,5.0003174,3.9189488e-06,True,2,2.7037244e-11,5.2991508e-12,7.7495401e-05,12146.01,12164.0
0.433048,0.53886904,5.0012559,3.9189488e-06,True,2,2.7046151e-11,5.3008148e-12,7.7553106e-05,12159.07,12178.0
0.43333,0.5386664,4.999358,3.9167259e-06,True,2,2.7023392e-11,5.2964369e-12,7.7610828e-05,12172.22,12191.0
0.433612,0.5387694,5.0002956,3.9167259e-06,True,2,2.7032288e-11,5.2980987e-12,7.7668539e-05,12185.35,12204.0
0.433894,0.5388724,5.0012331,3.9167259e-06,True,2,2.7041187e-11,5.2997609e-12,7.7726231e-05,12198.46,12217.0
0.434176,0.53862309,4.9989022,3.914166e-06,True,2,2.70136e-11,5.2944627e-12,7.7783932e-05,12211.56,12230.0
0.434458,0.53872596,4.9998387,3.914166e-06,True,2,2.7022481e-11,5.2961207e-12,7.7841636e-05,12224.67,12243.0
0.434739,0.53882882,5.0007749,3.914166e-06,True,2,2.7031361e-11,5.2977799e-12,7.7899322e-05,12237.85,12256.0
0.435021,0.53893123,5.0017073,3.914166e-06,True,2,2.7044084e-11,5.3002893e-12,7.7957003e-05,12250.96,12270.0
0.435303,0.53859498,4.9985763,3.9110321e-06,True,2,2.7007586e-11,5.2932944e-12,7.8014688e-05,12264.1,12283.0
0.435584,0.53869019,4.9994457,3.9110321e-06,True,2,2.7015812e-11,5.2948304e-12,7.8072377e-05,12277.21,12296.0
0.435866,0.5387854,5.0003134,3.9110321e-06,True,2,2.7024035e-11,5.2963662e-12,7.813005e-05,12290.3,12309.0
0.436148,0.5388806,5.0011806,3.9110321e-06,True,2,2.7032254e-11,5.2979023e-12,7.8187705e-05,12303.4,12322.0
0.436429,0.5389758,5.0020474,3.9110321e-06,True,2,2.7040476e-11,5.2994369e-12,7.8245343e-05,12316.48,12335.0
0.436711,0.539071,5.0029141,3.9110321e-06,True,2,2.7048697e-11,5.3009731e-12,7.8302963e-05,12329.56,12348.0
0.436992,0.53852116,4.9977972,3.9063539e-06,True,2,2.6990145e-11,5.2897691e-12,7.8360648e-05,12342.66,12361.0
0.437273,0.53861612,4.998662,3.9063539e-06,True,2,2.6998341e-11,5.2912994e-12,7.8418326e-05,12355.72,12375.0
0.437555,0.53871109,4.9995268,3.9063539e-06,True,2,2.7006534e-11,5.2928304e-12,7.8475987e-05,12368.8,12388.0
0.437836,0.53880606,5.0003914,3.9063539e-06,True,2,2.7014728e-11,5.2943612e-12,7.853363e-05,12381.94,12401.0
0.438117,0.53890103,5.0012557,3.9063539e-06,True,2,2.7022926e-11,5.2958921e-12,7.8591256e-05,12395.06,12414.0
0.438398,0.538996,5.0021199,3.9063539e-06,True,2,2.7031128e-11,5.2974245e-12,7.8648864e-05,12408.17,12427.0
0.43868,0.53909097,5.002984,3.9063539e-06,True,2,2.7039327e-11,5.2989556e-12,7.8706455e-05,12421.19,12440.0
0.438961,0.53918598,5.0038492,3.9063539e-06,True,2,2.7030772e-11,5.2959304e-12,7.8764096e-05,12434.27,12453.0
0.439242,0.53928099,5.0047143,3.9063539e-06,True,2,2.7022154e-11,5.2929009e-12,7.8821759e-05,12447.36,12466.0
0.439523,0.53937599,5.0055792,3.9063539e-06,True,2,2.7015595e-11,5.2904399e-12,7.8879461e-05,12460.49,12479.0
0.439805,0.53947099,5.006444,3.9063539e-06,True,2,2.701055e-11,5.2883959e-12,7.8937223e-05,12473.61,12493.0
0.440086,0.53881276,5.0003235,3.9009167e-06,True,2,2.6933554e-11,5.2729019e-12,7.8994841e-05,12486.69,12506.0
0.440367,0.53879414,5.000141,3.9001505e-06,True,2,2.692059e-11,5.2696499e-12,7.9048572e-05,12499.78,12519.0
0.440647,0.5387736,4.9999382,3.8993708e-06,True,2,2.6906227e-11,5.2661522e-12,7.9095974e-05,12512.9,12532.0
0.440928,0.53875109,4.9997159,3.8985771e-06,True,2,2.6893838e-11,5.263095e-12,7.9144035e-05,12526.02,12545.0
0.441209,0.53883822,5.0005102,3.8985771e-06,True,2,2.6893183e-11,5.26231e-12,7.9192737e-05,12539.17,12558.0
0.441489,0.53881352,5.0002668,3.8977682e-06,True,2,2.6881354e-11,5.2594251e-12,7.9242072e-05,12552.2,12571.0
0.44177,0.53878659,5.0000026,3.8969437e-06,True,2,2.6869797e-11,5.2566281e-12,7.9292195e-05,12565.3,12584.0
0.442051,0.53875725,4.9997158,3.896102e-06,True,2,2.6858258e-11,5.2538612e-12,7.9343134e-05,12578.39,12598.0
0.442331,0.53884426,5.0005083,3.896102e-06,True,2,2.6859236e-11,5.2535116e-12,7.9394787e-05,12591.52,12611.0
0.442612,0.53881234,5.0001974,3.8952423e-06,True,2,2.6848113e-11,5.2508818e-12,7.9447546e-05,12604.61,12624.0
0.442892,0.53877771,4.9998612,3.8943634e-06,True,2,2.6837024e-11,5.2482843e-12,7.9500726e-05,12617.69,12637.0
0.443172,0.53874016,4.9994979,3.8934638e-06,True,2,2.6825889e-11,5.2456987e-12,7.9554308e-05,12630.75,12650.0
0.443453,0.53882705,5.0002891,3.8934638e-06,True,2,2.6827862e-11,5.2456363e-12,7.9608292e-05,12643.89,12663.0
0.443733,0.53878632,4.9998962,3.8925419e-06,True,2,2.6816922e-11,5.2431295e-12,7.9662649e-05,12656.94,12676.0
0.444013,0.53874222,4.999472,3.8915959e-06,True,2,2.6805838e-11,5.2406117e-12,7.9717363e-05,12670.03,12689.0
0.444294,0.53882903,5.0002624,3.8915959e-06,True,2,2.6808459e-11,5.2407246e-12,7.9772438e-05,12683.13,12702.0
0.444574,0.53878123,4.999804,3.890624e-06,True,2,2.6797929e-11,5.2383839e-12,7.9827842e-05,12696.21,12716.0
0.444854,0.53886797,5.0005934,3.890624e-06,True,2,2.6806132e-11,5.2399725e-12,7.9883334e-05,12709.35,12729.0
0.445134,0.53881266,5.0000683,3.8896236e-06,True,2,2.6804032e-11,5.2397208e-12,7.9938756e-05,12722.52,12742.0
0.445414,0.5387487,4.9994651,3.8885899e-06,True,2,2.6796584e-11,5.2383088e-12,7.9994053e-05,12735.62,12755.0
0.445694,0.53882789,5.0001874,3.8885899e-06,True,2,2.6815715e-11,5.2428563e-12,8.0049076e-05,12748.73,12768.0
0.445974,0.53875855,4.9995306,3.8875184e-06,True,2,2.683011e-11,5.2473235e-12,8.0102514e-05,12761.9,12781.0
0.446254,0.53883767,5.0002504,3.8875184e-06,True,2,2.6863194e-11,5.2556274e-12,8.0153146e-05,12775.04,12795.0
0.446534,0.53876235,4.9995371,3.8864045e-06,True,2,2.6887523e-11,5.2627262e-12,8.0201952e-05,12788.18,12808.0
0.446813,0.53884139,5.0002555,3.8864045e-06,True,2,2.6932195e-11,5.2742053e-12,8.0258198e-05,12801.28,12821.0
0.447093,0.53875932,4.9994792,3.8852426e-06,True,2,2.6956495e-11,5.2815468e-12,8.0315643e-05,12814.4,12834.0
0.447373,0.53883836,5.0001983,3.8852426e-06,True,2,2.697445e-11,5.2858465e-12,8.0373122e-05,12827.5,12847.0
0.447653,0.53874864,4.9993522,3.8840258e-06,True,2,2.6964597e-11,5.2840021e-12,8.0430628e-05,12840.59,12860.0
0.447932,0.53882766,5.0000715,3.8840258e-06,True,2,2.6971417e-11,5.2852771e-12,8.0488142e-05,12853.67,12873.0
0.448212,0.53890667,5.0007906,3.8840258e-06,True,2,2.6978233e-11,5.28655e-12,8.0545642e-05,12866.78,12886.0
0.448492,0.53880795,4.9998612,3.8827452e-06,True,2,2.696668e-11,5.2843206e-12,8.0603152e-05,12879.87,12900.0
0.448771,0.53888692,5.0005799,3.8827452e-06,True,2,2.697349e-11,5.2855926e-12,8.0660649e-05,12892.98,12913.0
0.449051,0.53877768,4.9995528,3.8813895e-06,True,2,2.6960851e-11,5.2831545e-12,8.0718147e-05,12906.09,12926.0
0.44933,0.53885659,5.000271,3.8813895e-06,True,2,2.6967653e-11,5.2844256e-12,8.0775643e-05,12919.16,12939.0
0.44961,0.5387347,4.9991262,3.8799434e-06,True,2,2.6953721e-11,5.2817416e-12,8.0833126e-05,12932.24,12952.0
0.449889,0.53881355,4.9998442,3.8799434e-06,True,2,2.6960509e-11,5.2830099e-12,8.0890622e-05,12945.35,12965.0
0.450168,0.53888802,5.0005253,3.8799434e-06,True,2,2.6970798e-11,5.2850663e-12,8.0948115e-05,12958.58,12978.0
0.450448,0.53874228,4.9991646,3.8783802e-06,True,2,2.6954528e-11,5.2819396e-12,8.1005587e-05,12971.68,12991.0
0.450727,0.53881363,4.9998158,3.8783802e-06,True,2,2.6960683e-11,5.2830885e-12,8.1063069e-05,12984.84,13005.0
0.451006,0.53888498,5.0004658,3.8783802e-06,True,2,2.6966831e-11,5.284238e-12,8.112054e-05,12998.0,13018.0
0.451285,0.53895633,5.0011157,3.8766557e-06,True,2,2.694981e-11,5.2809585e-12,8.1177996e-05,13011.17,13031.0
0.451564,0.53878796,4.9995421,3.8766557e-06,True,2,2.6954362e-11,5.2818103e-12,8.1235476e-05,13024.25,13044.0
0.451844,0.53885924,5.0001912,3.8766557e-06,True,2,2.6960501e-11,5.2829575e-12,8.1292942e-05,13037.35,13057.0
0.452123,0.53893052,5.0008401,3.8766557e-06,True,2,2.6966642e-11,5.2841049e-12,8.1350395e-05,13050.46,13070.0
0.452402,0.53873052,4.9989727,3.8747047e-06,True,2,2.6944761e-11,5.2799066e-12,8.1407849e-05,13063.59,13084.0
0.452681,0.53880173,4.999621,3.8747047e-06,True,2,2.6950897e-11,5.2810535e-12,8.1465315e-05,13076.68,13097.0
0.45296,0.53887294,5.0002691,3.8747047e-06,True,2,2.6957031e-11,5.2821994e-12,8.1522769e-05,13089.78,13110.0
0.453239,0.53894414,5.0009171,3.8747047e-06,True,2,2.6963166e-11,5.2833457e-12,8.1580211e-05,13102.88,13123.0
0.453518,0.53869508,4.9985943,3.8724024e-06,True,2,2.6936236e-11,5.2781835e-12,8.1637643e-05,13115.97,13136.0
0.453796,0.5387662,4.9992418,3.8724024e-06,True,2,2.6942353e-11,5.2793271e-12,8.1695105e-05,13129.08,13149.0
0.454075,0.53883732,4.9998891,3.8724024e-06,True,2,2.6948479e-11,5.2804716e-12,8.1752553e-05,13142.18,13162.0
0.454354,0.53890844,5.0005364,3.8724024e-06,True,2,2.6954606e-11,5.2816164e-12,8.1809989e-05,13155.27,13175.0
0.454633,0.53897956,5.0011836,3.8724024e-06,True,2,2.6960735e-11,5.2827611e-12,8.1867412e-05,13168.35,13188.0
0.454912,0.53905068,5.0018307,3.8724024e-06,True,2,2.6966864e-11,5.283907e-12,8.1924823e-05,13181.45,13202.0
0.45519,0.538704,4.9986073,3.8694373e-06,True,2,2.6933822e-11,5.2777016e-12,8.1982281e-05,13194.52,13215.0
0.455469,0.5387676,4.9991898,3.8694373e-06,True,2,2.6939308e-11,5.2787265e-12,8.2039721e-05,13207.62,13228.0
0.455747,0.5388312,4.9997702,3.8694373e-06,True,2,2.6944795e-11,5.2797519e-12,8.2097151e-05,13220.74,13241.0
0.456026,0.53889479,5.0003498,3.8694373e-06,True,2,2.6950272e-11,5.2807753e-12,8.2154569e-05,13233.8,13254.0
0.456305,0.53895838,5.000929,3.8694373e-06,True,2,2.695575e-11,5.2817993e-12,8.2211976e-05,13246.92,13267.0
0.456583,0.53902197,5.001508,3.8694373e-06,True,2,2.6961228e-11,5.2828221e-12,8.2269371e-05,13260.03,13280.0
0.456862,0.53908556,5.0020868,3.8694373e-06,True,2,2.6966703e-11,5.2838445e-12,8.2326755e-05,13273.18,13293.0
0.45714,0.53914915,5.0026655,3.8694373e-06,True,2,2.6972181e-11,5.2848683e-12,8.2384128e-05,13286.28,13307.0
0.457419,0.53921274,5.0032442,3.8694373e-06,True,2,2.6977659e-11,5.2858915e-12,8.244149e-05,13299.47,13320.0
0.457698,0.53927633,5.0038227,3.8694373e-06,True,2,2.6983137e-11,5.2869153e-12,8.249884e-05,13312.8,13333.0
0.457976,0.53933992,5.0044012,3.8694373e-06,True,2,2.6988612e-11,5.2879376e-12,8.2556179e-05,13326.12,13346.0
0.458255,0.53940351,5.0049797,3.8694373e-06,True,2,2.6994096e-11,5.288963e-12,8.2613507e-05,13339.29,13360.0
0.458533,0.5394671,5.0055582,3.8694373e-06,True,2,2.6999574e-11,5.2899855e-12,8.2670823e-05,13352.42,13373.0
0.458812,0.53953069,5.0061367,3.8694373e-06,True,2,2.7005054e-11,5.2910098e-12,8.2728128e-05,13365.54,13386.0
0.459091,0.53959428,5.0067152,3.8694373e-06,True,2,2.7010536e-11,5.292034e-12,8.2785422e-05,13378.62,13399.0
0.459369,0.53965787,5.0072936,3.8694373e-06,True,2,2.7016016e-11,5.2930574e-12,8.2842705e-05,13391.72,13412.0
0.459648,0.53972146,5.0078721,3.8694373e-06,True,2,2.7021495e-11,5.2940812e-12,8.2899976e-05,13404.93,13425.0
0.459926,0.53978505,5.0084505,3.8694373e-06,True,2,2.7026977e-11,5.2951057e-12,8.2957236e-05,13418.07,13439.0
0.460205,0.53887466,5.0000008,3.8624952e-06,True,2,2.6935861e-11,5.2778274e-12,8.3014592e-05,13431.21,13452.0
0.460483,0.53882405,4.9995255,3.8617314e-06,True,2,2.692964e-11,5.276622e-12,8.3071963e-05,13444.33,13465.0
0.460761,0.53887997,5.0000368,3.8617314e-06,True,2,2.6934511e-11,5.2775319e-12,8.312934e-05,13457.4,13478.0
0.461039,0.53882629,4.9995304,3.860946e-06,True,2,2.692802e-11,5.2762748e-12,8.3186708e-05,13470.5,13491.0
0.461317,0.53888219,5.0000401,3.860946e-06,True,2,2.6932831e-11,5.2771736e-12,8.324408e-05,13483.63,13504.0
0.461595,0.53882515,4.9995017,3.8601369e-06,True,2,2.6925988e-11,5.2758488e-12,8.3301443e-05,13496.72,13517.0
0.461873,0.53888102,5.0000108,3.8601369e-06,True,2,2.6930797e-11,5.2767479e-12,8.3358812e-05,13509.78,13530.0
0.462151,0.5389369,5.0005195,3.8601369e-06,True,2,2.6935607e-11,5.2776469e-12,8.3416171e-05,13522.82,13544.0
0.462429,0.53887614,4.9999465,3.8593017e-06,True,2,2.6928385e-11,5.276251e-12,8.3473535e-05,13535.9,13557.0
0.462706,0.53893199,5.0004549,3.8593017e-06,True,2,2.6933192e-11,5.2771487e-12,8.3530891e-05,13548.98,13570.0
0.462984,0.5388672,4.9998442,3.858438e-06,True,2,2.6925551e-11,5.2756718e-12,8.358825e-05,13562.01,13583.0
0.463262,0.53892302,5.0003523,3.858438e-06,True,2,2.693036e-11,5.2765715e-12,8.3645603e-05,13575.07,13596.0
0.46354,0.5388537,4.9996996,3.8575421e-06,True,2,2.6922254e-11,5.2750061e-12,8.3702955e-05,13588.12,13609.0
0.463818,0.5389095,5.0002074,3.8575421e-06,True,2,2.6927058e-11,5.2759042e-12,8.3760306e-05,13601.2,13622.0
0.464095,0.53883511,4.9995077,3.8566104e-06,True,2,2.6918426e-11,5.2742392e-12,8.381765e-05,13614.28,13635.0
0.464373,0.53889088,5.0000153,3.8566104e-06,True,2,2.6923227e-11,5.2751353e-12,8.3875e-05,13627.36,13648.0
0.464651,0.53894665,5.0005228,3.8566104e-06,True,2,2.6928025e-11,5.2760321e-12,8.3932339e-05,13640.42,13661.0
0.464928,0.53886651,4.9997698,3.8556379e-06,True,2,2.6918807e-11,5.2742563e-12,8.3989684e-05,13653.53,13674.0
0.465206,0.53891688,5.0002321,3.8556379e-06,True,2,2.6927037e-11,5.2759287e-12,8.4047033e-05,13666.64,13688.0
0.465484,0.53882219,4.9993483,3.8546147e-06,True,2,2.69162e-11,5.2738492e-12,8.4104359e-05,13679.72,13701.0
0.465761,0.53887052,4.99979,3.8546147e-06,True,2,2.6920615e-11,5.2746714e-12,8.4161697e-05,13692.77,13714.0
0.466039,0.53891884,5.0002305,3.8546147e-06,True,2,2.6924776e-11,5.2754489e-12,8.4219026e-05,13705.82,13727.0
0.466316,0.53896715,5.0006707,3.8546147e-06,True,2,2.692893e-11,5.2762253e-12,8.4276347e-05,13718.95,13740.0
0.466594,0.53886345,4.9997009,3.8535276e-06,True,2,2.6917406e-11,5.2740099e-12,8.4333678e-05,13731.99,13753.0
0.466871,0.53891174,5.0001407,3.8535276e-06,True,2,2.6921558e-11,5.2747861e-12,8.4391004e-05,13745.01,13766.0
0.467148,0.53896003,5.0005803,3.8535276e-06,True,2,2.6925709e-11,5.2755609e-12,8.444832e-05,13758.07,13779.0
0.467426,0.53884537,4.9995086,3.8523627e-06,True,2,2.6913057e-11,5.2731325e-12,8.4505642e-05,13771.09,13792.0
0.467703,0.53889362,4.9999479,3.8523627e-06,True,2,2.6917207e-11,5.2739073e-12,8.4562965e-05,13784.16,13805.0
0.467981,0.53894188,5.0003871,3.8523627e-06,True,2,2.6921353e-11,5.2746813e-12,8.4620279e-05,13797.23,13818.0
0.468258,0.53881348,4.9991873,3.8511001e-06,True,2,2.6906978e-11,5.271928e-12,8.4677585e-05,13810.28,13831.0
0.468535,0.53886171,4.9996268,3.8511001e-06,True,2,2.6911434e-11,5.2727573e-12,8.4734907e-05,13823.33,13844.0
0.468813,0.53890993,5.0000657,3.8511001e-06,True,2,2.6915583e-11,5.2735331e-12,8.4792221e-05,13836.37,13858.0
0.46909,0.53895816,5.0005045,3.8511001e-06,True,2,2.6919728e-11,5.2743074e-12,8.4849527e-05,13849.44,13871.0
0.469367,0.53881173,4.9991378,3.8497093e-06,True,2,2.6903813e-11,5.2712551e-12,8.4906825e-05,13862.46,13884.0
0.469644,0.53885992,4.9995766,3.8497093e-06,True,2,2.6907951e-11,5.2720293e-12,8.4964141e-05,13875.51,13897.0
0.469921,0.53890811,5.0000152,3.8497093e-06,True,2,2.6912096e-11,5.2728025e-12,8.5021449e-05,13888.58,13910.0
0.470199,0.53895112,5.0004103,3.8497093e-06,True,2,2.6919696e-11,5.2743584e-12,8.5078758e-05,13901.65,13923.0
0.470476,0.53899193,5.000785,3.8497093e-06,True,2,2.6923214e-11,5.2750161e-12,8.5136045e-05,13914.7,13936.0
0.470753,0.53881072,4.9990988,3.8481237e-06,True,2,2.6903833e-11,5.2713053e-12,8.5193335e-05,13927.8,13949.0
0.47103,0.53885149,4.9994706,3.8481237e-06,True,2,2.6907339e-11,5.2719611e-12,8.5250639e-05,13940.87,13962.0
0.471307,0.53889225,4.9998421,3.8481237e-06,True,2,2.6910849e-11,5.272617e-12,8.5307936e-05,13953.93,13975.0
0.471584,0.53893302,5.0002136,3.8481237e-06,True,2,2.691435e-11,5.2732702e-12,8.5365226e-05,13967.03,13988.0
0.471861,0.53897378,5.0005849,3.8481237e-06,True,2,2.6917857e-11,5.2739261e-12,8.5422509e-05,13980.08,14001.0
0.472138,0.53901454,5.000956,3.8481237e-06,True,2,2.6921363e-11,5.274581e-12,8.5479785e-05,13993.14,14015.0
0.472415,0.53878388,4.9988096,3.8461861e-06,True,2,2.6896881e-11,5.2698974e-12,8.553706e-05,14006.23,14028.0
0.472692,0.5388246,4.9991804,3.8461861e-06,True,2,2.6900382e-11,5.2705514e-12,8.5594359e-05,14019.32,14041.0
0.472969,0.53886532,4.9995511,3.8461861e-06,True,2,2.6903885e-11,5.2712062e-12,8.5651652e-05,14032.4,14054.0
0.473246,0.53890604,4.9999218,3.8461861e-06,True,2,2.690739e-11,5.2718612e-12,8.5708937e-05,14045.49,14067.0
0.473523,0.53894676,5.0002924,3.8461861e-06,True,2,2.6910889e-11,5.2725143e-12,8.5766215e-05,14058.6,14080.0
0.4738,0.53898748,5.0006629,3.8461861e-06,True,2,2.6914398e-11,5.2731707e-12,8.5823486e-05,14071.7,14093.0
0.474077,0.5390282,5.0010333,3.8461861e-06,True,2,2.6917902e-11,5.273825e-12,8.588075e-05,14084.81,14106.0
0.474354,0.53906893,5.0014037,3.8461861e-06,True,2,2.6921408e-11,5.2744801e-12,8.5938007e-05,14097.93,14120.0
0.474631,0.53910965,5.0017742,3.8461861e-06,True,2,2.6924912e-11,5.2751352e-12,8.5995257e-05,14110.97,14133.0
0.474907,0.53876358,4.9985577,3.843427e-06,True,2,2.6888543e-11,5.268185e-12,8.6052549e-05,14124.04,14146.0
0.475184,0.53879944,4.9988878,3.843427e-06,True,2,2.6895533e-11,5.2696266e-12,8.6109849e-05,14137.11,14159.0
0.475461,0.53883274,4.9991945,3.843427e-06,True,2,2.6898399e-11,5.2701616e-12,8.6167128e-05,14150.26,14172.0
0.475738,0.53886603,4.9994991,3.843427e-06,True,2,2.6901276e-11,5.2707003e-12,8.6224401e-05,14163.3,14185.0
0.476014,0.53889932,4.9998028,3.843427e-06,True,2,2.6904137e-11,5.2712337e-12,8.6281669e-05,14176.43,14198.0
0.476291,0.5389326,5.0001062,3.843427e-06,True,2,2.6907005e-11,5.2717704e-12,8.6338931e-05,14189.58,14211.0
0.476568,0.53896589,5.0004094,3.843427e-06,True,2,2.6909864e-11,5.2723042e-12,8.6396186e-05,14202.72,14224.0
0.476845,0.53899917,5.0007126,3.843427e-06,True,2,2.6912727e-11,5.2728394e-12,8.6453436e-05,14215.84,14238.0
0.477121,0.53903246,5.0010156,3.843427e-06,True,2,2.6915587e-11,5.2733727e-12,8.651068e-05,14229.0,14251.0
0.477398,0.53906574,5.0013185,3.843427e-06,True,2,2.6918448e-11,5.2739075e-12,8.6567919e-05,14242.15,14264.0
0.477675,0.53909902,5.0016213,3.843427e-06,True,2,2.6921312e-11,5.2744428e-12,8.6625151e-05,14255.37,14277.0
0.477951,0.53913231,5.0019241,3.843427e-06,True,2,2.6924173e-11,5.2749774e-12,8.6682377e-05,14268.53,14290.0
0.478228,0.53916559,5.0022269,3.843427e-06,True,2,2.6927037e-11,5.275513e-12,8.6739598e-05,14281.58,14303.0
0.478505,0.53919887,5.0025297,3.843427e-06,True,2,2.69299e-11,5.2760477e-12,8.6796813e-05,14294.65,14317.0
0.478782,0.53923216,5.0028324,3.843427e-06,True,2,2.6932761e-11,5.2765819e-12,8.6854022e-05,14307.74,14330.0
0.479058,0.53926544,5.0031352,3.843427e-06,True,2,2.6935627e-11,5.2771177e-12,8.6911225e-05,14320.83,14343.0
0.479335,0.53929872,5.003438,3.843427e-06,True,2,2.693849e-11,5.2776521e-12,8.6968422e-05,14333.96,14356.0
0.479612,0.53933201,5.0037407,3.843427e-06,True,2,2.6941349e-11,5.2781859e-12,8.7025613e-05,14347.05,14369.0
0.479889,0.53936529,5.0040434,3.843427e-06,True,2,2.6944213e-11,5.2787215e-12,8.7082799e-05,14360.13,14382.0
0.480165,0.5389478,5.0001699,3.8402458e-06,True,2,2.6904568e-11,5.271271e-12,8.7140025e-05,14373.22,14395.0
0.480442,0.53897367,5.0004093,3.8402458e-06,True,2,2.69068e-11,5.271688e-12,8.7197257e-05,14386.3,14408.0
0.480718,0.53889319,4.9996604,3.8394882e-06,True,2,2.6898065e-11,5.270013e-12,8.7254495e-05,14399.44,14422.0
0.480995,0.53891904,4.9998968,3.8394882e-06,True,2,2.6900291e-11,5.2704284e-12,8.7311734e-05,14412.51,14435.0
0.481271,0.53894489,5.0001328,3.8394882e-06,True,2,2.6902515e-11,5.270845e-12,8.7368968e-05,14425.56,14448.0
0.481547,0.53897073,5.0003685,3.8394882e-06,True,2,2.6904736e-11,5.2712596e-12,8.7426198e-05,14438.67,14461.0
0.481824,0.53888334,4.9995539,3.8386816e-06,True,2,2.6895285e-11,5.2694489e-12,8.7483429e-05,14451.74,14474.0
0.4821,0.53890918,4.9997893,3.8386816e-06,True,2,2.6897502e-11,5.2698626e-12,8.7540665e-05,14464.83,14487.0
0.482377,0.53893501,5.0000245,3.8386816e-06,True,2,2.6899724e-11,5.2702772e-12,8.7597898e-05,14477.92,14500.0
0.482653,0.53896084,5.0002597,3.8386816e-06,True,2,2.6901942e-11,5.270692e-12,8.7655125e-05,14490.99,14513.0
0.482929,0.53898668,5.0004948,3.8386816e-06,True,2,2.6904165e-11,5.2711073e-12,8.7712348e-05,14504.09,14526.0
0.483206,0.53889075,4.9996008,3.8378145e-06,True,2,2.6893832e-11,5.2691287e-12,8.7769578e-05,14517.19,14539.0
0.483482,0.53891657,4.9998358,3.8378145e-06,True,2,2.6896052e-11,5.2695423e-12,8.782681e-05,14530.33,14553.0
0.483758,0.53894239,5.0000708,3.8378145e-06,True,2,2.6898272e-11,5.2699577e-12,8.7884036e-05,14543.42,14566.0
0.484035,0.53896821,5.0003058,3.8378145e-06,True,2,2.6900494e-11,5.2703725e-12,8.7941258e-05,14556.53,14579.0
0.484311,0.53899403,5.0005407,3.8378145e-06,True,2,2.6902715e-11,5.2707873e-12,8.7998476e-05,14569.63,14592.0
0.484587,0.53888731,4.9995465,3.8368708e-06,True,2,2.6891271e-11,5.2685962e-12,8.8055701e-05,14582.73,14605.0
0.484864,0.53891312,4.9997814,3.8368708e-06,True,2,2.6893492e-11,5.269011e-12,8.8112928e-05,14595.89,14618.0
0.48514,0.53893531,4.9999861,3.8368708e-06,True,2,2.6899298e-11,5.2702323e-12,8.8170162e-05,14609.01,14631.0
0.485416,0.53895377,5.0001579,3.8368708e-06,True,2,2.6900893e-11,5.2705305e-12,8.8227376e-05,14622.07,14645.0
0.485692,0.53897222,5.0003276,3.8368708e-06,True,2,2.6902484e-11,5.2708276e-12,8.8284587e-05,14635.22,14658.0
0.485969,0.53899066,5.0004962,3.8368708e-06,True,2,2.690407e-11,5.2711235e-12,8.8341795e-05,14648.3,14671.0
0.486245,0.5390091,5.0006646,3.8368708e-06,True,2,2.6905657e-11,5.2714207e-12,8.8398999e-05,14661.46,14684.0
0.486521,0.5388766,4.999433,3.8357964e-06,True,2,2.6891678e-11,5.2687476e-12,8.8456217e-05,14674.54,14697.0
0.486797,0.53889503,4.9996012,3.8357964e-06,True,2,2.6893263e-11,5.2690433e-12,8.8513436e-05,14687.61,14710.0
0.487073,0.53891346,4.9997692,3.8357964e-06,True,2,2.6894844e-11,5.2693386e-12,8.8570653e-05,14700.7,14723.0
0.48735,0.53893189,4.9999371,3.8357964e-06,True,2,2.6896429e-11,5.2696354e-12,8.8627866e-05,14713.78,14736.0
0.487626,0.53895031,5.0001049,3.8357964e-06,True,2,2.6898011e-11,5.2699305e-12,8.8685075e-05,14726.86,14749.0
0.487902,0.53896874,5.0002726,3.8357964e-06,True,2,2.6899593e-11,5.2702264e-12,8.8742282e-05,14739.95,14763.0
0.488178,0.53898717,5.0004403,3.8357964e-06,True,2,2.6901177e-11,5.2705221e-12,8.8799485e-05,14753.02,14776.0
0.488454,0.5390056,5.000608,3.8357964e-06,True,2,2.6902763e-11,5.2708185e-12,8.8856685e-05,14766.1,14789.0
0.48873,0.53902403,5.0007756,3.8357964e-06,True,2,2.6904351e-11,5.2711159e-12,8.8913882e-05,14779.16,14802.0
0.489007,0.53885677,4.9992213,3.834475e-06,True,2,2.6886794e-11,5.2677609e-12,8.8971088e-05,14792.24,14815.0
0.489283,0.53887519,4.999389,3.834475e-06,True,2,2.6888376e-11,5.2680561e-12,8.9028304e-05,14805.35,14828.0
0.489559,0.5388936,4.9995567,3.834475e-06,True,2,2.688996e-11,5.2683517e-12,8.9085517e-05,14818.46,14841.0
0.489835,0.53891202,4.9997244,3.834475e-06,True,2,2.6891546e-11,5.2686485e-12,8.9142727e-05,14831.6,14854.0
0.490111,0.53892759,4.9998682,3.834475e-06,True,2,2.6896774e-11,5.2697611e-12,8.9199945e-05,14844.76,14868.0
0.490387,0.53893866,4.9999731,3.834475e-06,True,2,2.6897738e-11,5.2699414e-12,8.9257145e-05,14857.83,14881.0
0.490663,0.53894972,5.0000757,3.834475e-06,True,2,2.689869e-11,5.2701188e-12,8.9314343e-05,14870.94,14894.0
0.490939,0.53896078,5.0001772,3.834475e-06,True,2,2.6899645e-11,5.2702979e-12,8.9371538e-05,14884.01,14907.0
0.491215,0.53897184,5.0002784,3.834475e-06,True,2,2.6900594e-11,5.2704747e-12,8.9428732e-05,14897.12,14920.0
0.491491,0.53898289,5.0003794,3.834475e-06,True,2,2.6901543e-11,5.2706523e-12,8.9485924e-05,14910.22,14933.0
0.491767,0.53899395,5.0004804,3.834475e-06,True,2,2.6902491e-11,5.2708294e-12,8.9543114e-05,14923.34,14946.0
0.492043,0.539005,5.0005812,3.834475e-06,True,2,2.6903438e-11,5.2710064e-12,8.9600303e-05,14936.44,14959.0
0.49232,0.53901605,5.0006819,3.834475e-06,True,2,2.6904389e-11,5.2711841e-12,8.9657489e-05,14949.56,14973.0
0.492596,0.53902711,5.0007826,3.834475e-06,True,2,2.690534e-11,5.2713612e-12,8.9714673e-05,14962.69,14986.0
0.492872,0.53903816,5.0008832,3.834475e-06,True,2,2.6906289e-11,5.2715385e-12,8.9771855e-05,14975.84,14999.0
0.493148,0.53904921,5.0009838,3.834475e-06,True,2,2.6907242e-11,5.2717174e-12,8.9829036e-05,14988.98,15012.0
0.493424,0.53906027,5.0010843,3.834475e-06,True,2,2.690819e-11,5.271894e-12,8.9886214e-05,15002.21,15025.0
0.4937,0.53907132,5.0011849,3.834475e-06,True,2,2.6909139e-11,5.2720709e-12,8.9943391e-05,15015.28,15038.0
0.493976,0.53908237,5.0012854,3.834475e-06,True,2,2.6910092e-11,5.2722495e-12,9.0000565e-05,15028.42,15052.0
0.494252,0.53909343,5.001386,3.834475e-06,True,2,2.6911043e-11,5.2724275e-12,9.0057738e-05,15041.5,15065.0
0.494528,0.53910448,5.0014865,3.834475e-06,True,2,2.691199e-11,5.2726041e-12,9.0114909e-05,15054.68,15078.0
0.494804,0.53911553,5.0015871,3.834475e-06,True,2,2.6912944e-11,5.272783e-12,9.0172077e-05,15067.83,15091.0
0.49508,0.53912455,5.0016706,3.834475e-06,True,2,2.6917605e-11,5.2737887e-12,9.0229256e-05,15080.95,15104.0
0.495356,0.53912825,5.0017087,3.834475e-06,True,2,2.6917931e-11,5.2738501e-12,9.0286417e-05,15094.1,15117.0
0.495633,0.53913194,5.0017445,3.834475e-06,True,2,2.6918254e-11,5.2739109e-12,9.0343577e-05,15107.22,15130.0
0.495909,0.53913564,5.0017791,3.834475e-06,True,2,2.6918578e-11,5.2739715e-12,9.0400737e-05,15120.34,15144.0
0.496185,0.53913932,5.0018132,3.834475e-06,True,2,2.6918894e-11,5.2740297e-12,9.0457896e-05,15133.43,15157.0
0.496461,0.53914301,5.0018472,3.834475e-06,True,2,2.691921e-11,5.2740893e-12,9.0515054e-05,15146.53,15170.0
0.496737,0.5391467,5.0018812,3.834475e-06,True,2,2.6919524e-11,5.2741483e-12,9.0572212e-05,15159.62,15183.0
0.497013,0.53915038,5.001915,3.834475e-06,True,2,2.6919842e-11,5.2742072e-12,9.0629369e-05,15172.7,15196.0
0.497289,0.53915407,5.0019487,3.834475e-06,True,2,2.6920155e-11,5.2742659e-12,9.0686526e-05,15185.8,15209.0
0.497565,0.53915775,5.0019823,3.834475e-06,True,2,2.6920472e-11,5.2743248e-12,9.0743682e-05,15198.9,15222.0
0.497841,0.53916144,5.0020159,3.834475e-06,True,2,2.6920788e-11,5.2743841e-12,9.0800837e-05,15211.99,15235.0
0.498117,0.53916512,5.0020495,3.834475e-06,True,2,2.6921104e-11,5.2744428e-12,9.0857992e-05,15225.13,15249.0
0.498393,0.5391688,5.0020831,3.834475e-06,True,2,2.6921421e-11,5.2745018e-12,9.0915146e-05,15238.22,15262.0
0.498669,0.53917249,5.0021166,3.834475e-06,True,2,2.6921739e-11,5.2745608e-12,9.0972299e-05,15251.33,15275.0
0.498946,0.53917617,5.0021501,3.834475e-06,True,2,2.6922057e-11,5.2746208e-12,9.1029452e-05,15264.46,15288.0
0.499222,0.53917986,5.0021837,3.834475e-06,True,2,2.692237e-11,5.2746794e-12,9.1086604e-05,15277.55,15301.0
0.499498,0.53918354,5.0022172,3.834475e-06,True,2,2.6922688e-11,5.2747389e-12,9.1143755e-05,15290.62,15314.0
0.499774,0.53918723,5.0022507,3.834475e-06,True,2,2.6923006e-11,5.2747985e-12,9.1200906e-05,15303.68,15327.0
0.50005,0.53896626,5.000202,3.8328862e-06,True,2,2.6904055e-11,5.271303e-12,9.1258073e-05,15316.78,15340.0
0.500326,0.5389626,5.0001737,3.8328862e-06,True,2,2.6903749e-11,5.2712465e-12,9.131525e-05,15329.84,15353.0
0.500602,0.53895893,5.0001428,3.8328862e-06,True,2,2.690344e-11,5.2711884e-12,9.1372427e-05,15342.91,15367.0
0.500878,0.53895525,5.0001106,3.8328862e-06,True,2,2.6903126e-11,5.2711299e-12,9.1429606e-05,15355.99,15380.0
0.501154,0.53895157,5.000078,3.8328862e-06,True,2,2.690281e-11,5.2710713e-12,9.1486785e-05,15369.1,15393.0
0.50143,0.53894789,5.0000451,3.8328862e-06,True,2,2.6902492e-11,5.2710114e-12,9.1543964e-05,15382.18,15406.0
0.501706,0.53894421,5.0000121,3.8328862e-06,True,2,2.6902174e-11,5.270952e-12,9.1601145e-05,15395.33,15419.0
0.501982,0.53894053,4.9999789,3.8328862e-06,True,2,2.6901853e-11,5.2708918e-12,9.1658326e-05,15408.55,15432.0
0.502258,0.53893685,4.9999456,3.8328862e-06,True,2,2.6901537e-11,5.2708327e-12,9.1715508e-05,15421.72,15445.0
0.502534,0.53893317,4.9999123,3.8328862e-06,True,2,2.690122e-11,5.2707732e-12,9.177269e-05,15434.91,15459.0
0.50281,0.53892949,4.9998789,3.8328862e-06,True,2,2.6900903e-11,5.2707149e-12,9.1829873e-05,15448.05,15472.0
0.503085,0.53892581,4.9998455,3.8328862e-06,True,2,2.6900585e-11,5.2706548e-12,9.1887057e-05,15461.21,15485.0
0.503361,0.53892212,4.999812,3.8328862e-06,True,2,2.6900272e-11,5.2705961e-12,9.1944241e-05,15474.38,15498.0
0.503637,0.53891844,4.9997786,3.8328862e-06,True,2,2.6899955e-11,5.2705369e-12,9.2001426e-05,15487.57,15511.0
0.503913,0.53891476,4.9997451,3.8328862e-06,True,2,2.6899636e-11,5.2704775e-12,9.2058612e-05,15500.71,15525.0
0.504189,0.53891108,4.9997116,3.8328862e-06,True,2,2.6899322e-11,5.2704189e-12,9.2115798e-05,15513.81,15538.0
0.504465,0.5389074,4.9996782,3.8328862e-06,True,2,2.6899006e-11,5.2703592e-12,9.2172985e-05,15527.03,15551.0
0.504741,0.53890372,4.9996447,3.8328862e-06,True,2,2.6898689e-11,5.2703006e-12,9.2230173e-05,15540.14,15564.0
0.505017,0.53889968,4.9996082,3.8328862e-06,True,2,2.6902277e-11,5.2711061e-12,9.2287374e-05,15553.28,15577.0
0.505293,0.53888865,4.9995129,3.8328862e-06,True,2,2.6901262e-11,5.2709164e-12,9.2344559e-05,15566.34,15590.0
0.505569,0.53887762,4.9994151,3.8328862e-06,True,2,2.6900319e-11,5.2707409e-12,9.2401746e-05,15579.46,15603.0
0.505845,0.53901226,5.000667,3.8339224e-06,True,2,2.6914396e-11,5.2734292e-12,9.2458933e-05,15592.59,15617.0
0.506121,0.53900121,5.0005669,3.8339224e-06,True,2,2.6913447e-11,5.2732514e-12,9.2516103e-05,15605.73,15630.0
0.506397,0.53899017,5.0004669,3.8339224e-06,True,2,2.6912496e-11,5.2730736e-12,9.2573276e-05,15618.9,15643.0
0.506673,0.53897912,5.0003667,3.8339224e-06,True,2,2.6911545e-11,5.2728965e-12,9.263045e-05,15632.07,15656.0
0.506949,0.53896807,5.0002664,3.8339224e-06,True,2,2.6910591e-11,5.2727178e-12,9.2687626e-05,15645.34,15669.0
0.507225,0.53895702,5.0001661,3.8339224e-06,True,2,2.6909638e-11,5.2725398e-12,9.2744804e-05,15658.57,15683.0
0.507501,0.53894597,5.0000657,3.8339224e-06,True,2,2.6908684e-11,5.2723612e-12,9.2801985e-05,15672.04,15696.0
0.507777,0.53893492,4.9999653,3.8339224e-06,True,2,2.6907732e-11,5.2721835e-12,9.2859167e-05,15685.18,15709.0
0.508053,0.53892387,4.9998648,3.8339224e-06,True,2,2.690678e-11,5.2720055e-12,9.2916351e-05,15698.37,15723.0
0.50833,0.53891282,4.9997644,3.8339224e-06,True,2,2.6905829e-11,5.2718279e-12,9.2973537e-05,15711.6,15736.0
0.508606,0.53890177,4.9996639,3.8339224e-06,True,2,2.6904877e-11,5.2716497e-12,9.3030725e-05,15724.77,15749.0
0.508882,0.53889072,4.9995634,3.8339224e-06,True,2,2.6903933e-11,5.2714737e-12,9.3087915e-05,15737.96,15762.0
0.509158,0.53887967,4.999463,3.8339224e-06,True,2,2.6902979e-11,5.271295e-12,9.3145107e-05,15751.13,15775.0
0.509434,0.53886862,4.9993625,3.8339224e-06,True,2,2.690203e-11,5.2711181e-12,9.3202301e-05,15764.25,15789.0
0.50971,0.53885757,4.999262,3.8339224e-06,True,2,2.6901077e-11,5.2709394e-12,9.3259497e-05,15777.29,15802.0
0.509986,0.53884651,4.9991615,3.8339224e-06,True,2,2.6900128e-11,5.2707632e-12,9.3316695e-05,15790.36,15815.0
0.510262,0.53904024,5.0009662,3.8354282e-06,True,2,2.6924267e-11,5.2754934e-12,9.3373902e-05,15803.51,15828.0
0.510538,0.53902182,5.0008012,3.8354282e-06,True,2,2.6922694e-11,5.2751989e-12,9.3431071e-05,15816.57,15841.0
0.510814,0.53900341,5.0006347,3.8354282e-06,True,2,2.6921109e-11,5.2749038e-12,9.3488244e-05,15829.67,15854.0
0.51109,0.53898499,5.0004677,3.8354282e-06,True,2,2.6919525e-11,5.2746068e-12,9.354542e-05,15842.76,15867.0
0.511366,0.53896656,5.0003005,3.8354282e-06,True,2,2.6917939e-11,5.27431e-12,9.3602599e-05,15855.85,15880.0
0.511643,0.53894814,5.0001333,3.8354282e-06,True,2,2.6916351e-11,5.2740135e-12,9.3659781e-05,15868.98,15893.0
0.511919,0.53892971,4.9999661,3.8354282e-06,True,2,2.6914759e-11,5.273716e-12,9.3716967e-05,15882.08,15907.0
0.512195,0.53891129,4.9997987,3.8354282e-06,True,2,2.6913172e-11,5.2734192e-12,9.3774156e-05,15895.19,15920.0
0.512471,0.53889286,4.9996312,3.8354282e-06,True,2,2.6911585e-11,5.2731228e-12,9.3831348e-05,15908.28,15933.0
0.512747,0.53887444,4.9994637,3.8354282e-06,True,2,2.6909997e-11,5.2728252e-12,9.3888544e-05,15921.39,15946.0
0.513023,0.53885601,4.9992962,3.8354282e-06,True,2,2.6908409e-11,5.2725291e-12,9.3945743e-05,15934.52,15959.0
0.5133,0.53883759,4.9991287,3.8354282e-06,True,2,2.6906822e-11,5.2722324e-12,9.4002945e-05,15947.63,15972.0
0.513576,0.53881916,4.9989611,3.8354282e-06,True,2,2.6905237e-11,5.2719368e-12,9.4060151e-05,15960.77,15985.0
0.513852,0.53880073,4.9987936,3.8354282e-06,True,2,2.690365e-11,5.27164e-12,9.411736e-05,15973.93,15999.0
0.514128,0.53878231,4.998626,3.8354282e-06,True,2,2.6902065e-11,5.2713438e-12,9.4174572e-05,15987.01,16012.0
0.514404,0.53876388,4.9984584,3.8354282e-06,True,2,2.6900478e-11,5.2710464e-12,9.4231787e-05,16000.16,16025.0
0.51468,0.53874546,4.9982908,3.8354282e-06,True,2,2.6898891e-11,5.2707498e-12,9.4289006e-05,16013.37,16038.0
0.514956,0.53872703,4.9981233,3.8354282e-06,True,2,2.6897306e-11,5.2704546e-12,9.4346228e-05,16026.6,16051.0
0.515233,0.53911849,5.0017622,3.8383899e-06,True,2,2.6941968e-11,5.2791011e-12,9.4403421e-05,16039.89,16065.0
0.515509,0.53909268,5.00153,3.8383899e-06,True,2,2.6939746e-11,5.2786859e-12,9.4460588e-05,16053.24,16078.0
0.515785,0.53906686,5.0012962,3.8383899e-06,True,2,2.6937527e-11,5.2782716e-12,9.4517759e-05,16066.51,16091.0
0.516062,0.53904103,5.0010617,3.8383899e-06,True,2,2.6935302e-11,5.277856e-12,9.4574935e-05,16079.69,16104.0
0.516338,0.53901521,5.0008272,3.8383899e-06,True,2,2.6933075e-11,5.2774397e-12,9.4632116e-05,16092.8,16118.0
0.516615,0.53898938,5.0005927,3.8383899e-06,True,2,2.6930847e-11,5.277023e-12,9.4689302e-05,16105.94,16131.0
0.516891,0.53896355,5.0003581,3.8383899e-06,True,2,2.692862e-11,5.2766069e-12,9.4746492e-05,16119.08,16144.0
0.517167,0.53893772,5.0001233,3.8383899e-06,True,2,2.6926392e-11,5.2761906e-12,9.4803687e-05,16132.24,16157.0
0.517444,0.53891189,4.9998886,3.8383899e-06,True,2,2.6924166e-11,5.2757741e-12,9.4860886e-05,16145.35,16170.0
0.51772,0.53888606,4.9996537,3.8383899e-06,True,2,2.6921938e-11,5.2753582e-12,9.491809e-05,16158.39,16183.0
0.517996,0.53886023,4.9994189,3.8383899e-06,True,2,2.6919712e-11,5.274942e-12,9.4975299e-05,16171.52,16196.0
0.518273,0.5388344,4.999184,3.8383899e-06,True,2,2.6917487e-11,5.2745255e-12,9.5032512e-05,16184.68,16210.0
0.518549,0.53880857,4.9989491,3.8383899e-06,True,2,2.691526e-11,5.2741096e-12,9.508973e-05,16197.81,16223.0
0.518825,0.53878275,4.9987142,3.8383899e-06,True,2,2.6913038e-11,5.2736953e-12,9.5146953e-05,16210.94,16236.0
0.519102,0.53875692,4.9984793,3.8383899e-06,True,2,2.6910811e-11,5.2732793e-12,9.520418e-05,16224.11,16249.0
0.519378,0.53873109,4.9982444,3.8383899e-06,True,2,2.6908587e-11,5.2728624e-12,9.5261412e-05,16237.23,16262.0
0.519655,0.53870526,4.9980094,3.8383899e-06,True,2,2.690636e-11,5.2724468e-12,9.5318649e-05,16250.36,16275.0
0.519931,0.53867943,4.9977745,3.8383899e-06,True,2,2.6904136e-11,5.2720309e-12,9.537589e-05,16263.45,16288.0
0.520207,0.53890861,4.9999094,3.8402458e-06,True,2,2.6932148e-11,5.277504e-12,9.543312e-05,16276.51,16302.0
0.520484,0.53887539,4.9996103,3.8402458e-06,True,2,2.6929292e-11,5.2769707e-12,9.549033e-05,16289.57,16315.0
0.52076,0.53894875,5.0002977,3.8410053e-06,True,2,2.6937438e-11,5.2785353e-12,9.5547538e-05,16302.63,16328.0
0.521037,0.53891551,4.9999958,3.8410053e-06,True,2,2.693457e-11,5.2780001e-12,9.5604746e-05,16315.7,16341.0
0.521314,0.53888227,4.9996939,3.8410053e-06,True,2,2.6931704e-11,5.2774638e-12,9.566196e-05,16328.81,16354.0
0.52159,0.53896097,5.00043,3.8418032e-06,True,2,2.6940398e-11,5.279134e-12,9.5719175e-05,16341.89,16367.0
0.521867,0.53892771,5.0001277,3.8418032e-06,True,2,2.6937522e-11,5.2785958e-12,9.5776386e-05,16354.97,16380.0
0.522143,0.53889446,4.9998253,3.8418032e-06,True,2,2.6934651e-11,5.2780596e-12,9.5833602e-05,16368.1,16393.0
0.52242,0.5388612,4.9995229,3.8418032e-06,True,2,2.6931781e-11,5.2775231e-12,9.5890824e-05,16381.15,16406.0
0.522697,0.53894613,5.0003165,3.8426459e-06,True,2,2.6941116e-11,5.2793147e-12,9.5948039e-05,16394.26,16419.0
0.522973,0.53891286,5.0000138,3.8426459e-06,True,2,2.6938244e-11,5.2787773e-12,9.6005256e-05,16407.4,16433.0
0.52325,0.53887959,4.9997111,3.8426459e-06,True,2,2.6935375e-11,5.2782416e-12,9.606248e-05,16420.73,16446.0
0.523527,0.53897196,5.000574,3.8435418e-06,True,2,2.6945538e-11,5.2801905e-12,9.6119709e-05,16433.92,16459.0
0.523803,0.53893867,5.0002708,3.8435418e-06,True,2,2.6942609e-11,5.2796436e-12,9.6176926e-05,16447.06,16472.0
0.52408,0.53890539,4.9999679,3.8435418e-06,True,2,2.6939733e-11,5.2791053e-12,9.6234149e-05,16460.22,16486.0
0.524357,0.5388721,4.9996651,3.8435418e-06,True,2,2.693686e-11,5.2785689e-12,9.6291379e-05,16473.33,16499.0
0.524634,0.53897349,5.0006116,3.8445025e-06,True,2,2.6947902e-11,5.2806866e-12,9.6348613e-05,16486.49,16512.0
0.52491,0.53894019,5.0003082,3.8445025e-06,True,2,2.6945025e-11,5.2801487e-12,9.6405836e-05,16499.55,16525.0
0.525187,0.53890201,4.9999645,3.8445025e-06,True,2,2.6945535e-11,5.2803783e-12,9.6463075e-05,16512.66,16538.0
0.525464,0.53886134,4.9995978,3.8445025e-06,True,2,2.6942029e-11,5.2797219e-12,9.6520307e-05,16525.76,16551.0
0.525741,0.53896519,5.0005698,3.8455337e-06,True,2,2.695346e-11,5.281917e-12,9.6577541e-05,16538.86,16564.0
0.526018,0.53892449,5.0002001,3.8455337e-06,True,2,2.6949942e-11,5.2812587e-12,9.6634768e-05,16551.97,16577.0
0.526295,0.53888379,4.9998303,3.8455337e-06,True,2,2.6946429e-11,5.2806019e-12,9.6692001e-05,16565.01,16591.0
0.526571,0.53884308,4.9994604,3.8455337e-06,True,2,2.6942913e-11,5.2799448e-12,9.6749242e-05,16578.11,16604.0
0.526848,0.53895827,5.0005363,3.8466464e-06,True,2,2.6955506e-11,5.2823606e-12,9.680648e-05,16591.2,16617.0
0.527125,0.53891754,5.0001658,3.8466464e-06,True,2,2.6951988e-11,5.2817034e-12,9.6863714e-05,16604.27,16630.0
0.527402,0.53887681,4.9997954,3.8466464e-06,True,2,2.6948468e-11,5.281045e-12,9.6920955e-05,16617.38,16643.0
0.527679,0.53883608,4.9994249,3.8466464e-06,True,2,2.6944955e-11,5.2803892e-12,9.6978203e-05,16630.45,16656.0
0.527956,0.53896579,5.0006352,3.8478633e-06,True,2,2.6959057e-11,5.2830922e-12,9.7035449e-05,16643.49,16669.0
0.528233,0.53892503,5.0002643,3.8478633e-06,True,2,2.6955536e-11,5.2824337e-12,9.7092688e-05,16656.59,16682.0
0.52851,0.53888428,4.9998934,3.8478633e-06,True,2,2.6952016e-11,5.2817761e-12,9.7149934e-05,16669.67,16695.0
0.528787,0.53884352,4.9995226,3.8478633e-06,True,2,2.6948499e-11,5.2811185e-12,9.7207188e-05,16682.73,16708.0
0.529064,0.53880276,4.9991518,3.8478633e-06,True,2,2.6944981e-11,5.2804615e-12,9.7264449e-05,16695.76,16721.0
0.529342,0.53895203,5.0005434,3.8492206e-06,True,2,2.6961106e-11,5.2835517e-12,9.7321693e-05,16708.87,16735.0
0.529619,0.53891125,5.0001722,3.8492206e-06,True,2,2.6957585e-11,5.2828933e-12,9.7378942e-05,16721.96,16748.0
0.529896,0.53887046,4.9998011,3.8492206e-06,True,2,2.6954062e-11,5.2822346e-12,9.7436198e-05,16735.02,16761.0
0.530173,0.53882517,4.9993924,3.8492206e-06,True,2,2.6953939e-11,5.2823447e-12,9.7493473e-05,16748.11,16774.0
0.53045,0.53899364,5.0009672,3.8507683e-06,True,2,2.6972176e-11,5.28584e-12,9.755074e-05,16761.17,16787.0
0.530727,0.53894544,5.0005299,3.8507683e-06,True,2,2.696803e-11,5.2850649e-12,9.7607988e-05,16774.25,16800.0
0.531005,0.53889722,5.000092,3.8507683e-06,True,2,2.6963865e-11,5.284287e-12,9.7665244e-05,16787.48,16813.0
0.531282,0.53884901,4.9996538,3.8507683e-06,True,2,2.69597e-11,5.2835082e-12,9.7722509e-05,16800.58,16826.0
0.531559,0.53880079,4.9992156,3.8507683e-06,True,2,2.695553e-11,5.2827283e-12,9.7779783e-05,16813.73,16840.0
0.531836,0.53900586,5.0011266,3.8525788e-06,True,2,2.6977557e-11,5.2869467e-12,9.7837063e-05,16826.84,16853.0
0.532114,0.5389576,5.0006875,3.8525788e-06,True,2,2.6973388e-11,5.2861676e-12,9.7894318e-05,16839.97,16866.0
0.532391,0.53890934,5.0002484,3.8525788e-06,True,2,2.6969213e-11,5.2853866e-12,9.7951583e-05,16853.07,16879.0
0.532669,0.53886107,4.9998093,3.8525788e-06,True,2,2.6965044e-11,5.2846077e-12,9.8008856e-05,16866.21,16892.0
0.532946,0.53881281,4.9993702,3.8525788e-06,True,2,2.6960874e-11,5.2838282e-12,9.8066138e-05,16879.33,16905.0
0.533223,0.53876454,4.9989312,3.8525788e-06,True,2,2.6956702e-11,5.2830485e-12,9.8123429e-05,16892.4,16918.0
0.533501,0.53903467,5.0014457,3.8548557e-06,True,2,2.6985456e-11,5.2885506e-12,9.8180726e-05,16905.49,16932.0
0.533778,0.53898635,5.0010054,3.8548557e-06,True,2,2.698129e-11,5.2877713e-12,9.8237989e-05,16918.61,16945.0
0.534056,0.53893803,5.0005657,3.8548557e-06,True,2,2.6977112e-11,5.2869901e-12,9.8295261e-05,16931.69,16958.0
0.534333,0.53888971,5.0001259,3.8548557e-06,True,2,2.6972938e-11,5.2862099e-12,9.8352542e-05,16944.79,16971.0
0.534611,0.53884139,4.9996862,3.8548557e-06,True,2,2.6968759e-11,5.2854287e-12,9.8409832e-05,16957.83,16984.0
0.534888,0.53879307,4.9992466,3.8548557e-06,True,2,2.6964583e-11,5.2846484e-12,9.8467131e-05,16970.93,16997.0
0.535166,0.53874043,4.998771,3.8548557e-06,True,2,2.6963794e-11,5.2846326e-12,9.8524451e-05,16984.02,17010.0
0.535444,0.53868473,4.9982679,3.8548557e-06,True,2,2.6958986e-11,5.2837347e-12,9.8581768e-05,16997.1,17023.0
0.535721,0.53862901,4.9977628,3.8548557e-06,True,2,2.6954175e-11,5.2828349e-12,9.8639095e-05,17010.19,17036.0
0.535999,0.53905977,5.0017684,3.858338e-06,True,2,2.6999704e-11,5.2915397e-12,9.8696367e-05,17023.28,17050.0
0.536277,0.53900395,5.0012609,3.858338e-06,True,2,2.6994871e-11,5.290636e-12,9.8753645e-05,17036.52,17063.0
0.536555,0.53894813,5.0007532,3.858338e-06,True,2,2.6990043e-11,5.2897335e-12,9.8810934e-05,17049.67,17076.0
0.536832,0.53889231,5.0002455,3.858338e-06,True,2,2.6985212e-11,5.2888306e-12,9.8868234e-05,17062.74,17089.0
0.53711,0.53883649,4.9997379,3.858338e-06,True,2,2.6980379e-11,5.2879264e-12,9.8925544e-05,17075.9,17102.0
0.537388,0.53878067,4.9992302,3.858338e-06,True,2,2.6975549e-11,5.2870236e-12,9.8982864e-05,17088.98,17115.0
0.537666,0.53872484,4.9987225,3.858338e-06,True,2,2.6970721e-11,5.2861215e-12,9.9040195e-05,17102.07,17128.0
0.537944,0.53866902,4.9982148,3.858338e-06,True,2,2.6965891e-11,5.2852182e-12,9.9097536e-05,17115.15,17141.0
0.538221,0.5386132,4.9977071,3.858338e-06,True,2,2.6961065e-11,5.284316e-12,9.9154887e-05,17128.25,17155.0
0.538499,0.53855738,4.9971994,3.858338e-06,True,2,2.695624e-11,5.283414e-12,9.9212249e-05,17141.39,17168.0
0.538777,0.53850155,4.9966917,3.858338e-06,True,2,2.6951415e-11,5.2825126e-12,9.9269622e-05,17154.54,17181.0
0.539055,0.53844573,4.9961839,3.858338e-06,True,2,2.6946587e-11,5.2816099e-12,9.9327005e-05,17167.63,17194.0
0.539333,0.53838991,4.9956762,3.858338e-06,True,2,2.6941761e-11,5.2807069e-12,9.9384398e-05,17180.73,17207.0
0.53961,0.53833409,4.9951684,3.858338e-06,True,2,2.6936938e-11,5.2798059e-12,9.9441802e-05,17193.79,17220.0
0.539888,0.53827826,4.9946607,3.858338e-06,True,2,2.6932116e-11,5.2789044e-12,9.9499216e-05,17206.89,17233.0
0.540166,0.53890289,5.0004684,3.8632471e-06,True,2,2.7001593e-11,5.2922963e-12,9.9556608e-05,17219.98,17246.0
0.540444,0.53883952,4.9998946,3.8632471e-06,True,2,2.6996067e-11,5.2912636e-12,9.9613949e-05,17233.08,17260.0
0.540722,0.53888364,5.0003163,3.8640179e-06,True,2,2.7001721e-11,5.2923642e-12,9.9671297e-05,17246.19,17273.0
0.541001,0.53882024,4.9997396,3.8640179e-06,True,2,2.6996236e-11,5.2913386e-12,9.9728647e-05,17259.33,17286.0
0.541279,0.53886711,5.0001859,3.8648089e-06,True,2,2.7002169e-11,5.2924916e-12,9.9786001e-05,17272.46,17299.0
0.541557,0.53880368,4.999609,3.8648089e-06,True,2,2.6996673e-11,5.2914638e-12,9.984336e-05,17285.52,17312.0
0.541835,0.53885353,5.0000829,3.8656217e-06,True,2,2.7002913e-11,5.2926749e-12,9.9900718e-05,17298.63,17325.0
0.542114,0.53879007,4.9995056,3.8656217e-06,True,2,2.6997418e-11,5.2916478e-12,9.9958085e-05,17311.69,17338.0
0.542392,0.53884318,5.0000095,3.8664582e-06,True,2,2.7003998e-11,5.292924e-12,0.00010001545,17324.78,17351.0
0.542671,0.53889987,5.0005469,3.8673207e-06,True,2,2.701117e-11,5.2943113e-12,0.00010007282,17337.82,17365.0
0.542949,0.53883635,4.9999686,3.8673207e-06,True,2,2.7005452e-11,5.2932439e-12,0.00010013019,17350.9,17378.0
0.543227,0.53889694,5.0005421,3.8682115e-06,True,2,2.7012803e-11,5.2946675e-12,0.00010018758,17363.98,17391.0
0.543506,0.5388334,4.9999636,3.8682115e-06,True,2,2.7007309e-11,5.2936408e-12,0.00010024495,17377.06,17404.0
0.543784,0.53889831,5.0005772,3.8691339e-06,True,2,2.7015179e-11,5.2951631e-12,0.00010030234,17390.16,17417.0
0.544063,0.53883473,4.9999983,3.8691339e-06,True,2,2.7009613e-11,5.2941222e-12,0.00010035973,17403.31,17430.0
0.544342,0.53877115,4.9994198,3.8691339e-06,True,2,2.7004104e-11,5.2930931e-12,0.00010041712,17416.41,17443.0
0.54462,0.53884084,5.0000773,3.8700911e-06,True,2,2.7012414e-11,5.2946991e-12,0.00010047452,17429.51,17456.0
0.544899,0.53877723,4.9994984,3.8700911e-06,True,2,2.7006905e-11,5.29367e-12,0.00010053192,17442.62,17469.0
0.545178,0.53884768,5.0001674,3.8710875e-06,True,2,2.7019122e-11,5.2961398e-12,0.00010058934,17455.69,17483.0
0.545456,0.53877663,4.9995243,3.8710875e-06,True,2,2.7012971e-11,5.2949895e-12,0.00010064675,17468.79,17496.0
0.545735,0.53884978,5.000217,3.8721239e-06,True,2,2.7021775e-11,5.2966929e-12,0.00010070417,17481.9,17509.0
0.546014,0.53877867,4.9995707,3.8721239e-06,True,2,2.7015617e-11,5.295542e-12,0.00010076159,17494.97,17522.0
0.546293,0.53885795,5.0003191,3.8732049e-06,True,2,2.7025053e-11,5.2973657e-12,0.00010081902,17508.07,17535.0
0.546572,0.5387868,4.999672,3.8732049e-06,True,2,2.701889e-11,5.2962146e-12,0.00010087645,17521.23,17548.0
0.546851,0.53887307,5.0004852,3.8743368e-06,True,2,2.7029051e-11,5.2981759e-12,0.00010093389,17534.33,17561.0
0.547129,0.53880187,4.9998375,3.8743368e-06,True,2,2.7022883e-11,5.2970227e-12,0.00010099133,17547.42,17574.0
0.547408,0.53889624,5.0007258,3.8755274e-06,True,2,2.7033879e-11,5.2991452e-12,0.00010104878,17560.62,17588.0
0.547687,0.538825,5.0000773,3.8755274e-06,True,2,2.702772e-11,5.2979935e-12,0.00010110622,17573.76,17601.0
0.547966,0.53875377,4.9994291,3.8755274e-06,True,2,2.7021547e-11,5.2968395e-12,0.00010116368,17586.9,17614.0
0.548246,0.53885753,5.0004041,3.8767865e-06,True,2,2.7033533e-11,5.29915e-12,0.00010122114,17600.02,17627.0
0.548525,0.53878624,4.9997554,3.8767865e-06,True,2,2.7027355e-11,5.2979946e-12,0.00010127861,17613.38,17640.0
0.548804,0.5389013,5.0008357,3.8781275e-06,True,2,2.7040521e-11,5.3005309e-12,0.00010133609,17626.74,17654.0
0.549083,0.53882997,5.0001861,3.8781275e-06,True,2,2.703434e-11,5.2993746e-12,0.00010139356,17639.88,17667.0
0.549362,0.53875864,4.999537,3.8781275e-06,True,2,2.7028157e-11,5.2982195e-12,0.00010145104,17652.96,17680.0
0.549642,0.53888748,5.0007447,3.8795687e-06,True,2,2.7042757e-11,5.3010289e-12,0.00010150853,17666.07,17693.0
0.549921,0.53881609,5.000095,3.8795687e-06,True,2,2.7036566e-11,5.2998714e-12,0.00010156602,17679.2,17706.0
0.5502,0.53873949,4.9994018,3.8795687e-06,True,2,2.7037409e-11,5.3001705e-12,0.0001016241,17692.33,17720.0
0.55048,0.5388775,5.0006994,3.8811305e-06,True,2,2.7053138e-11,5.3031958e-12,0.00010168242,17705.43,17733.0
0.550759,0.53879862,4.999983,3.8811305e-06,True,2,2.7046318e-11,5.3019212e-12,0.00010174075,17718.51,17746.0
0.551038,0.53871972,4.9992658,3.8811305e-06,True,2,2.7039489e-11,5.3006431e-12,0.0001017991,17731.59,17759.0
0.551318,0.53887789,5.0007475,3.8828387e-06,True,2,2.7057295e-11,5.3040652e-12,0.00010185746,17744.69,17772.0
0.551598,0.53879893,5.0000292,3.8828387e-06,True,2,2.7050454e-11,5.3027868e-12,0.00010191582,17757.77,17785.0
0.551877,0.53871996,4.999311,3.8828387e-06,True,2,2.7043609e-11,5.3015065e-12,0.00010197419,17770.81,17798.0
0.552157,0.53890528,5.0010443,3.884744e-06,True,2,2.7064232e-11,5.3054669e-12,0.00010203258,17783.92,17811.0
0.552436,0.53882624,5.0003249,3.884744e-06,True,2,2.7057376e-11,5.3041836e-12,0.00010209095,17797.01,17824.0
0.552716,0.53874719,4.9996057,3.884744e-06,True,2,2.7050518e-11,5.3029014e-12,0.00010214935,17810.07,17837.0
0.552996,0.53866815,4.9988865,3.884744e-06,True,2,2.7043663e-11,5.3016193e-12,0.00010220776,17823.16,17851.0
0.553276,0.53889285,5.0009849,3.886935e-06,True,2,2.7074629e-11,5.3074579e-12,0.00010226706,17836.35,17864.0
0.553555,0.53881372,5.0002647,3.886935e-06,True,2,2.7067196e-11,5.3060198e-12,0.00010232694,17849.45,17877.0
0.553835,0.53873492,4.9995542,3.886935e-06,True,2,2.6881097e-11,5.2570537e-12,0.0001023811,17862.59,17890.0
0.554115,0.53865579,4.9988342,3.886935e-06,True,2,2.6873564e-11,5.2555915e-12,0.00010243593,17875.82,17903.0
0.554395,0.53894553,5.0015358,3.8895973e-06,True,2,2.6908383e-11,5.262529e-12,0.00010249064,17888.98,17917.0
0.554675,0.53886628,5.0008142,3.8895973e-06,True,2,2.6905627e-11,5.2623484e-12,0.00010254494,17902.1,17930.0
0.554955,0.53878703,5.0000928,3.8895973e-06,True,2,2.6903055e-11,5.2622182e-12,0.00010259886,17915.35,17943.0
0.555235,0.53870163,4.9993197,3.8895973e-06,True,2,2.6904767e-11,5.2630908e-12,0.00010265239,17928.44,17956.0
0.555515,0.53861492,4.9985336,3.8895973e-06,True,2,2.6902579e-11,5.2631199e-12,0.00010270544,17941.49,17969.0
0.555795,0.53852821,4.9977458,3.8895973e-06,True,2,2.6900617e-11,5.2632109e-12,0.000102758,17954.73,17982.0
0.556076,0.53894183,5.0015984,3.8932122e-06,True,2,2.695059e-11,5.2732182e-12,0.00010280997,17967.82,17995.0
0.556356,0.53885495,5.0008079,3.8932122e-06,True,2,2.6949082e-11,5.2734376e-12,0.0001028614,17980.94,18009.0
0.556636,0.53876806,5.0000173,3.8932122e-06,True,2,2.694778e-11,5.2737143e-12,0.0001029123,17993.98,18022.0
0.556917,0.53868118,4.9992266,3.8932122e-06,True,2,2.6946774e-11,5.2740727e-12,0.00010296264,18007.02,18035.0
0.557197,0.53859429,4.9984359,3.8932122e-06,True,2,2.6946139e-11,5.2745327e-12,0.00010301239,18020.09,18048.0
0.557477,0.53850741,4.9976453,3.8932122e-06,True,2,2.6945894e-11,5.2751014e-12,0.00010306154,18033.16,18061.0
0.557758,0.53842052,4.9968546,3.8932122e-06,True,2,2.6946087e-11,5.2757906e-12,0.00010311006,18046.26,18074.0
0.558038,0.53833363,4.9960638,3.8932122e-06,True,2,2.6946783e-11,5.2766201e-12,0.00010315792,18059.35,18087.0
0.558318,0.53824674,4.995273,3.8932122e-06,True,2,2.6948067e-11,5.2776121e-12,0.00010320509,18072.43,18100.0
0.558598,0.53815984,4.9944821,3.8932122e-06,True,2,2.6950034e-11,5.2787929e-12,0.00010325155,18085.58,18113.0
0.558879,0.53807295,4.9936912,3.8932122e-06,True,2,2.695269e-11,5.2801721e-12,0.00010329949,18098.7,18127.0
0.559159,0.53798605,4.9929001,3.8932122e-06,True,2,2.6956545e-11,5.2818699e-12,0.00010334954,18111.8,18140.0
0.559439,0.53789915,4.992109,3.8932122e-06,True,2,2.6965217e-11,5.2845789e-12,0.00010339997,18125.02,18153.0
0.55972,0.53781225,4.9913178,3.8932122e-06,True,2,2.6977046e-11,5.2879229e-12,0.00010345135,18138.16,18166.0
0.56,0.53772534,4.9905266,3.8932122e-06,True,2,2.6982064e-11,5.2902464e-12,0.00010350162,18151.3,18179.0
0.560281,0.53869489,4.9995422,3.9009167e-06,True,2,2.7089087e-11,5.3112145e-12,0.0001035461,18164.54,18193.0
0.560562,0.53870682,4.9996715,3.901689e-06,True,2,2.709169e-11,5.3117464e-12,0.00010359052,18177.71,18206.0
0.560843,0.53872051,4.9998156,3.9024745e-06,True,2,2.709448e-11,5.3123132e-12,0.00010363489,18190.85,18219.0
0.561124,0.53873607,4.9999767,3.9032741e-06,True,2,2.7097455e-11,5.3129155e-12,0.00010367919,18203.93,18232.0
0.561405,0.5387536,5.0001563,3.9040883e-06,True,2,2.710063e-11,5.3135561e-12,0.00010372344,18217.02,18245.0
0.561686,0.53877323,5.0003553,3.904918e-06,True,2,2.7104022e-11,5.3142378e-12,0.00010376764,18230.09,18258.0
0.561967,0.53867833,4.9994919,3.904918e-06,True,2,2.7095616e-11,5.3126672e-12,0.00010381178,18243.12,18271.0
0.562248,0.53870012,4.9997109,3.9057642e-06,True,2,2.7099229e-11,5.3133912e-12,0.00010385585,18256.2,18284.0
0.56253,0.53872424,4.9999515,3.9066277e-06,True,2,2.7103088e-11,5.3141626e-12,0.00010389986,18269.26,18297.0
0.562811,0.53875087,5.0002153,3.9075098e-06,True,2,2.7107201e-11,5.3149832e-12,0.00010394383,18282.45,18311.0
0.563092,0.53878015,5.0005039,3.9084116e-06,True,2,2.7111581e-11,5.3158533e-12,0.00010398773,18295.52,18324.0
0.563374,0.53868509,4.9996385,3.9084116e-06,True,2,2.7103169e-11,5.3142811e-12,0.00010403157,18308.57,18337.0
0.563655,0.53871721,4.9999532,3.9093347e-06,True,2,2.7107852e-11,5.3152096e-12,0.00010407536,18321.64,18350.0
0.563937,0.53875237,5.0002963,3.9102803e-06,True,2,2.711285e-11,5.3161985e-12,0.00010411908,18334.73,18363.0
0.564218,0.53865721,4.9994302,3.9102803e-06,True,2,2.7104419e-11,5.314623e-12,0.00010416276,18347.82,18376.0
0.5645,0.53869564,4.9998034,3.9112504e-06,True,2,2.7109752e-11,5.3156763e-12,0.00010420636,18360.88,18389.0
0.564781,0.53873761,5.0002095,3.9122466e-06,True,2,2.7115446e-11,5.3167986e-12,0.00010424991,18373.91,18402.0
0.565063,0.53878182,5.0006383,3.913271e-06,True,2,2.7123943e-11,5.3185767e-12,0.00010429335,18386.93,18415.0
0.565345,0.53867902,4.9997069,3.913271e-06,True,2,2.7114554e-11,5.3168245e-12,0.00010433642,18399.97,18428.0
0.565627,0.53872117,5.0001184,3.9143244e-06,True,2,2.7120381e-11,5.3179751e-12,0.00010437944,18413.06,18441.0
0.565908,0.53876754,5.0005677,3.915409e-06,True,2,2.7126637e-11,5.3192061e-12,0.00010442241,18426.15,18455.0
0.56619,0.53866461,4.9996315,3.915409e-06,True,2,2.7117509e-11,5.3175008e-12,0.0001044653,18439.23,18468.0
0.566472,0.53871554,5.0001226,3.9165277e-06,True,2,2.712423e-11,5.3188208e-12,0.00010450812,18452.41,18481.0
0.566754,0.53877157,5.0006612,3.917684e-06,True,2,2.7131474e-11,5.3202411e-12,0.0001045509,18465.55,18494.0
0.567036,0.53866852,4.9997233,3.917684e-06,True,2,2.7122336e-11,5.3185332e-12,0.00010459359,18478.68,18507.0
0.567318,0.53873011,5.0003131,3.9188817e-06,True,2,2.7130162e-11,5.3200652e-12,0.00010463622,18491.84,18520.0
0.567601,0.53862699,4.9993746,3.9188817e-06,True,2,2.7121009e-11,5.3183541e-12,0.0001046788,18504.97,18533.0
0.567883,0.53869476,5.0000216,3.9201254e-06,True,2,2.7129471e-11,5.3200074e-12,0.0001047213,18518.09,18547.0
0.568165,0.53876956,5.000734,3.9214209e-06,True,2,2.7138661e-11,5.3218e-12,0.00010476375,18531.18,18560.0
0.568447,0.53866632,4.9997942,3.9214209e-06,True,2,2.7129504e-11,5.320089e-12,0.00010480612,18544.29,18573.0
0.56873,0.53874909,5.0005805,3.9227755e-06,True,2,2.71398e-11,5.3221331e-12,0.00010484847,18557.37,18586.0
0.569012,0.53864577,4.9996402,3.9227755e-06,True,2,2.7130711e-11,5.3204345e-12,0.00010489083,18570.51,18599.0
0.569295,0.53873763,5.0005108,3.9241973e-06,True,2,2.7141855e-11,5.3225996e-12,0.00010493317,18583.9,18613.0
0.569577,0.53863424,4.9995698,3.9241973e-06,True,2,2.7132762e-11,5.3209013e-12,0.00010497548,18597.01,18626.0
0.56986,0.53873677,5.0005394,3.9256979e-06,True,2,2.7149103e-11,5.3239816e-12,0.00010501826,18610.22,18639.0
0.570143,0.53862961,4.9995669,3.9256979e-06,True,2,2.7143285e-11,5.3230208e-12,0.00010506164,18623.41,18652.0
0.570425,0.53873671,5.0005843,3.9272879e-06,True,2,2.7156336e-11,5.3255488e-12,0.00010510501,18636.71,18665.0
0.570708,0.53862562,4.999575,3.9272879e-06,True,2,2.7146641e-11,5.3237353e-12,0.00010514837,18650.14,18679.0
0.570991,0.53874673,5.0007193,3.9289814e-06,True,2,2.7161154e-11,5.3265439e-12,0.00010519173,18663.46,18692.0
0.571274,0.53863554,4.9997077,3.9289814e-06,True,2,2.7151434e-11,5.3247263e-12,0.00010523509,18676.63,18705.0
0.571557,0.53877378,5.0010105,3.9308013e-06,True,2,2.7167727e-11,5.3278738e-12,0.00010527847,18689.72,18719.0
0.57184,0.53866248,4.9999978,3.9308013e-06,True,2,2.7158001e-11,5.3260558e-12,0.00010532182,18702.87,18732.0
0.572123,0.53855119,4.9989851,3.9308013e-06,True,2,2.7148275e-11,5.3242368e-12,0.0001053652,18716.15,18745.0
0.572406,0.53871097,5.0004875,3.9327805e-06,True,2,2.7166818e-11,5.3278146e-12,0.00010540856,18729.54,18758.0
0.572689,0.53859956,4.9994735,3.9327805e-06,True,2,2.7157081e-11,5.3259938e-12,0.00010545193,18742.69,18772.0
0.572972,0.53878781,5.00124,3.934969e-06,True,2,2.7178595e-11,5.3301381e-12,0.00010549531,18755.84,18785.0
0.573255,0.53867627,5.0002247,3.934969e-06,True,2,2.7168846e-11,5.328315e-12,0.00010553866,18768.95,18798.0
0.573539,0.53856474,4.9992097,3.934969e-06,True,2,2.7159091e-11,5.3264912e-12,0.00010558203,18782.0,18811.0
0.573822,0.5387927,5.0013446,3.9374501e-06,True,2,2.7184756e-11,5.3314274e-12,0.00010562541,18795.07,18824.0
0.574106,0.53868103,5.000328,3.9374501e-06,True,2,2.7174989e-11,5.3296015e-12,0.00010566877,18808.17,18837.0
0.574389,0.53856936,4.9993116,3.9374501e-06,True,2,2.716522e-11,5.3277757e-12,0.00010571214,18821.27,18850.0
0.574673,0.53845768,4.9982952,3.9374501e-06,True,2,2.7155452e-11,5.3259492e-12,0.00010575553,18834.66,18864.0
0.574956,0.53874739,5.0010031,3.9403863e-06,True,2,2.7187568e-11,5.3321178e-12,0.00010579889,18847.79,18877.0
0.57524,0.53862927,4.9999324,3.9403863e-06,True,2,2.7180724e-11,5.3309633e-12,0.00010584224,18860.91,18890.0
0.575524,0.53850988,4.9988488,3.9403863e-06,True,2,2.7170285e-11,5.3290115e-12,0.00010588559,18874.05,18903.0
0.575807,0.53839049,4.9977635,3.9403863e-06,True,2,2.7159841e-11,5.3270587e-12,0.00010592897,18887.15,18916.0
0.576091,0.5387812,5.0014107,3.9441213e-06,True,2,2.7202642e-11,5.3352694e-12,0.00010597229,18900.24,18929.0
0.576375,0.53866157,5.0003222,3.9441213e-06,True,2,2.7192159e-11,5.3333092e-12,0.00010601562,18913.28,18942.0
0.576659,0.53854194,4.9992337,3.9441213e-06,True,2,2.7181684e-11,5.3313503e-12,0.00010605897,18926.34,18956.0
0.576943,0.53842231,4.9981452,3.9441213e-06,True,2,2.7171208e-11,5.329392e-12,0.00010610234,18939.51,18969.0
0.577227,0.53830268,4.9970567,3.9441213e-06,True,2,2.7160735e-11,5.3274336e-12,0.00010614573,18952.61,18982.0
0.577511,0.53902525,5.0037835,3.9502936e-06,True,2,2.7238201e-11,5.342262e-12,0.00010618913,18965.67,18995.0
0.577796,0.53890525,5.0026906,3.9502936e-06,True,2,2.7227709e-11,5.3403e-12,0.00010623241,18978.78,19008.0
0.57808,0.53878525,5.0015981,3.9502936e-06,True,2,2.7217186e-11,5.3383326e-12,0.00010627571,18991.88,19021.0
0.578365,0.53866524,5.0005054,3.9502936e-06,True,2,2.7206674e-11,5.336367e-12,0.00010631904,19004.95,19034.0
0.578649,0.53854523,4.999413,3.9502936e-06,True,2,2.7196159e-11,5.3344011e-12,0.00010636239,19018.06,19047.0
0.578933,0.53842523,4.9983208,3.9502936e-06,True,2,2.7185647e-11,5.3324349e-12,0.00010640575,19031.17,19061.0
0.579218,0.53830522,4.9972288,3.9502936e-06,True,2,2.7175137e-11,5.3304698e-12,0.00010644914,19044.25,19074.0
0.579502,0.53818521,4.9961369,3.9502936e-06,True,2,2.7164623e-11,5.3285043e-12,0.00010649256,19057.45,19087.0
0.579787,0.53806521,4.9950449,3.9502936e-06,True,2,2.7154115e-11,5.3265389e-12,0.00010653599,19070.53,19100.0
0.580071,0.53857258,4.9997764,3.954914e-06,True,2,2.7212587e-11,5.3378543e-12,0.00010657943,19083.66,19113.0
0.580356,0.53855194,4.9996119,3.9557017e-06,True,2,2.7212589e-11,5.3378981e-12,0.00010662274,19096.74,19126.0
0.580641,0.53864264,5.0004786,3.9573079e-06,True,2,2.7224427e-11,5.3401997e-12,0.00010666606,19109.79,19139.0
0.580926,0.53862611,5.0003481,3.9581273e-06,True,2,2.7224636e-11,5.3402851e-12,0.00010670938,19122.91,19152.0
0.581211,0.53861103,5.0002312,3.9589579e-06,True,2,2.7225206e-11,5.3404385e-12,0.0001067527,19135.98,19166.0
0.581496,0.53859751,5.0001288,3.9598006e-06,True,2,2.7225933e-11,5.3406204e-12,0.00010679602,19149.1,19179.0
0.581781,0.53858559,5.0000412,3.9606557e-06,True,2,2.7226828e-11,5.3408358e-12,0.00010683933,19162.2,19192.0
0.582066,0.53857533,4.999969,3.9615237e-06,True,2,2.7227896e-11,5.3410827e-12,0.00010688265,19175.33,19205.0
0.582351,0.53856683,4.999913,3.9624052e-06,True,2,2.7229151e-11,5.3413667e-12,0.00010692597,19188.48,19218.0
0.582637,0.53856016,4.999874,3.9633008e-06,True,2,2.7230597e-11,5.3416866e-12,0.00010696929,19201.57,19231.0
0.582922,0.53855542,4.9998528,3.9642113e-06,True,2,2.7232247e-11,5.3420455e-12,0.00010701261,19214.71,19244.0
0.583208,0.5385527,4.9998503,3.9651373e-06,True,2,2.7234111e-11,5.3424452e-12,0.00010705592,19227.89,19258.0
0.583493,0.53855212,4.9998678,3.9660798e-06,True,2,2.7236194e-11,5.3428873e-12,0.00010709924,19241.07,19271.0
0.583779,0.53855381,4.9999062,3.9670397e-06,True,2,2.7238516e-11,5.3433743e-12,0.00010714256,19254.24,19284.0
0.584064,0.53855789,4.9999668,3.9680177e-06,True,2,2.7241087e-11,5.3439099e-12,0.00010718588,19267.37,19297.0
0.58435,0.53856446,5.0000507,3.969015e-06,True,2,2.7243925e-11,5.3444957e-12,0.0001072292,19280.49,19310.0
0.584636,0.53857372,5.0001594,3.9700327e-06,True,2,2.7247038e-11,5.3451349e-12,0.00010727251,19293.63,19323.0
0.584922,0.53858581,5.0002944,3.971072e-06,True,2,2.7250455e-11,5.3458316e-12,0.00010731583,19306.82,19337.0
0.585208,0.53859548,5.0004119,3.972134e-06,True,2,2.725707e-11,5.3472511e-12,0.00010735914,19319.98,19350.0
0.585494,0.53860599,5.0005371,3.9732193e-06,True,2,2.7260447e-11,5.3479444e-12,0.00010740243,19333.14,19363.0
0.58578,0.53846931,4.9992943,3.9743295e-06,True,2,2.7263179e-11,5.3485186e-12,0.00010744572,19346.28,19376.0
0.586066,0.53848299,4.9994463,3.9743295e-06,True,2,2.725213e-11,5.3464506e-12,0.000107489,19359.43,19389.0
0.586352,0.53850018,4.9996306,3.9754663e-06,True,2,2.7256198e-11,5.3472755e-12,0.00010753229,19372.59,19402.0
0.586639,0.5385211,4.9998494,3.9766314e-06,True,2,2.7260654e-11,5.3481726e-12,0.00010757557,19385.69,19416.0
0.586925,0.53854607,5.0001058,3.9778274e-06,True,2,2.726554e-11,5.3491534e-12,0.00010761886,19398.82,19429.0
0.587211,0.53857543,5.0004028,3.9790566e-06,True,2,2.7270884e-11,5.3502204e-12,0.00010766215,19411.95,19442.0
0.587498,0.53860959,5.0007448,3.9803222e-06,True,2,2.7276817e-11,5.3514008e-12,0.00010770544,19425.05,19455.0
0.587784,0.53847241,4.9994956,3.9803222e-06,True,2,2.7264635e-11,5.3491224e-12,0.00010774872,19438.39,19468.0
0.588071,0.5385117,4.9998846,3.9816273e-06,True,2,2.7271024e-11,5.3503901e-12,0.00010779201,19451.55,19482.0
0.588358,0.53855672,5.0003268,3.9829756e-06,True,2,2.727801e-11,5.3517715e-12,0.00010783529,19464.62,19495.0
0.588645,0.53860808,5.0008283,3.9843717e-06,True,2,2.7285756e-11,5.353299e-12,0.00010787858,19477.78,19508.0
0.588931,0.53847062,4.9995764,3.9843717e-06,True,2,2.7273537e-11,5.3510137e-12,0.00010792186,19490.92,19521.0
0.589218,0.53852888,5.0001416,3.9858205e-06,True,2,2.7281912e-11,5.3526602e-12,0.00010796515,19504.11,19534.0
0.589505,0.5385951,5.0007806,3.9873292e-06,True,2,2.7291122e-11,5.3544676e-12,0.00010800844,19517.22,19547.0
0.589792,0.53845744,4.9995272,3.9873292e-06,True,2,2.7278982e-11,5.3521967e-12,0.00010805172,19530.42,19561.0
0.59008,0.5385305,5.0002317,3.9889052e-06,True,2,2.7292168e-11,5.3548748e-12,0.00010809501,19543.62,19574.0
0.590367,0.53860784,5.0009805,3.9905555e-06,True,2,2.7302773e-11,5.3569508e-12,0.00010813827,19556.77,19587.0
0.590654,0.5384623,4.9996572,3.9905555e-06,True,2,2.7289811e-11,5.3545272e-12,0.00010818151,19569.97,19600.0
0.590941,0.53855068,5.0005043,3.9922898e-06,True,2,2.730146e-11,5.3568031e-12,0.00010822477,19583.11,19613.0
0.591229,0.53840501,4.9991787,3.9922898e-06,True,2,2.7288585e-11,5.3543944e-12,0.00010826802,19596.28,19627.0
0.591516,0.53850631,5.0001452,3.994122e-06,True,2,2.7301576e-11,5.3569268e-12,0.00010831127,19609.45,19640.0
0.591804,0.53836051,4.9988182,3.994122e-06,True,2,2.7288677e-11,5.3545146e-12,0.00010835454,19622.7,19653.0
0.592092,0.5384773,4.9999284,3.9960713e-06,True,2,2.7303288e-11,5.3573567e-12,0.00010839778,19635.8,19666.0
0.59238,0.5386129,5.0012135,3.9981613e-06,True,2,2.731985e-11,5.3605712e-12,0.00010844104,19648.96,19679.0
0.592667,0.5384668,4.999883,3.9981613e-06,True,2,2.7306919e-11,5.358153e-12,0.00010848428,19662.08,19692.0
0.592955,0.53862604,5.001388,4.0004291e-06,True,2,2.7326557e-11,5.3619498e-12,0.00010852755,19675.17,19706.0
0.593243,0.53847978,5.0000554,4.0004291e-06,True,2,2.7313005e-11,5.3594194e-12,0.00010857078,19688.25,19719.0
0.593531,0.53833351,4.9987238,4.0004291e-06,True,2,2.7300034e-11,5.3569939e-12,0.00010861405,19701.35,19732.0
0.593819,0.53852333,5.0005117,4.0029278e-06,True,2,2.732227e-11,5.3612926e-12,0.00010865729,19714.5,19745.0
0.594108,0.53837688,4.9991783,4.0029278e-06,True,2,2.7309275e-11,5.3588633e-12,0.00010870054,19727.59,19758.0
0.594396,0.53860917,5.0013606,4.0057448e-06,True,2,2.7335951e-11,5.3640115e-12,0.0001087438,19740.63,19771.0
0.594684,0.53846251,5.0000253,4.0057448e-06,True,2,2.7322925e-11,5.3615761e-12,0.00010878704,19753.73,19784.0
0.594973,0.53831586,4.9986902,4.0057448e-06,True,2,2.7309898e-11,5.3591401e-12,0.0001088303,19766.83,19797.0
0.595261,0.53860488,5.0014051,4.009039e-06,True,2,2.7332146e-11,5.364314e-12,0.00010887354,19779.92,19810.0
0.59555,0.5384503,5.0000005,4.009039e-06,True,2,2.7318082e-11,5.3616655e-12,0.00010891675,19793.12,19824.0
0.595839,0.53829571,4.9985945,4.009039e-06,True,2,2.7304059e-11,5.3590261e-12,0.00010895998,19806.2,19837.0
0.596127,0.53869078,5.00229,4.013134e-06,True,2,2.7347178e-11,5.3672615e-12,0.00010900323,19819.32,19850.0
0.596416,0.53853588,5.0008799,4.013134e-06,True,2,2.7333272e-11,5.3646426e-12,0.00010904642,19832.41,19863.0
0.596705,0.53838097,4.9994701,4.013134e-06,True,2,2.7319399e-11,5.3620292e-12,0.00010908963,19845.52,19876.0
0.596994,0.53822607,4.9980601,4.013134e-06,True,2,2.7305579e-11,5.3594254e-12,0.00010913288,19858.66,19889.0
0.597283,0.53807116,4.9966502,4.013134e-06,True,2,2.7291804e-11,5.3568303e-12,0.00010917615,19871.78,19902.0
0.597572,0.53874112,5.002897,4.0192891e-06,True,2,2.736499e-11,5.3707779e-12,0.00010921935,19884.92,19916.0
0.597862,0.53858574,5.0014819,4.0192891e-06,True,2,2.7351424e-11,5.3682212e-12,0.00010926253,19898.02,19929.0
0.598151,0.53843036,5.0000672,4.0192891e-06,True,2,2.7337911e-11,5.3656744e-12,0.00010930573,19911.09,19942.0
0.598441,0.53827498,4.9986523,4.0192891e-06,True,2,2.732445e-11,5.3631362e-12,0.00010934896,19924.17,19955.0
0.59873,0.5381196,4.9972378,4.0192891e-06,True,2,2.7311055e-11,5.3606123e-12,0.00010939222,19937.25,19968.0
0.599019,0.53796422,4.9958235,4.0192891e-06,True,2,2.7297716e-11,5.3580977e-12,0.00010943551,19950.36,19981.0
0.599309,0.53780884,4.9944093,4.0192891e-06,True,2,2.7284429e-11,5.3555937e-12,0.00010947883,19963.52,19994.0
0.599598,0.53765345,4.9929951,4.0192891e-06,True,2,2.7271201e-11,5.3530996e-12,0.00010952218,19976.8,20008.0
0.599887,0.53749807,4.9915809,4.0192891e-06,True,2,2.7258025e-11,5.3506149e-12,0.00010956556,19989.91,20021.0
0.600177,0.53842104,5.000181,4.0273908e-06,True,2,2.7338977e-11,5.3658719e-12,0.00010960885,20003.03,20034.0
0.600467,0.53836742,4.9997154,4.0282148e-06,True,2,2.7338608e-11,5.3658176e-12,0.00010965204,20016.16,20047.0
0.600757,0.53842734,5.000302,4.0298894e-06,True,2,2.7351004e-11,5.3681876e-12,0.00010969522,20029.48,20060.0
0.601047,0.5383771,4.9998649,4.0307407e-06,True,2,2.735107e-11,5.368217e-12,0.00010973841,20042.72,20074.0
0.601338,0.5384443,5.0005183,4.0324723e-06,True,2,2.736458e-11,5.370798e-12,0.00010978159,20055.82,20087.0
0.601628,0.53839778,5.0001156,4.0333535e-06,True,2,2.7364903e-11,5.370878e-12,0.00010982478,20068.94,20100.0
0.601919,0.53835256,4.9997254,4.0342455e-06,True,2,2.7365622e-11,5.371031e-12,0.00010986796,20082.08,20113.0
0.602209,0.53843068,5.0004802,4.0360628e-06,True,2,2.7409894e-11,5.3796985e-12,0.00010991115,20095.22,20126.0
0.6025,0.53838977,5.0001295,4.0369891e-06,True,2,2.7411089e-11,5.3799579e-12,0.00010995433,20108.34,20139.0
0.60279,0.5383504,4.9997934,4.0379279e-06,True,2,2.7412514e-11,5.3802606e-12,0.00010999752,20121.48,20153.0
0.603081,0.53831262,4.9994719,4.0388796e-06,True,2,2.741418e-11,5.3806136e-12,0.0001100407,20134.56,20166.0
0.603372,0.53840696,5.000377,4.0408238e-06,True,2,2.7430845e-11,5.3838224e-12,0.00011008389,20147.58,20179.0
0.603663,0.53837446,5.0001046,4.0418174e-06,True,2,2.7433207e-11,5.3843103e-12,0.00011012707,20160.66,20192.0
0.603954,0.53834385,4.9998497,4.0428261e-06,True,2,2.7435808e-11,5.3848445e-12,0.00011017026,20173.72,20205.0
0.604245,0.53831525,4.9996136,4.0438509e-06,True,2,2.7438654e-11,5.3854274e-12,0.00011021345,20186.81,20218.0
0.604536,0.53828874,4.9993967,4.0448923e-06,True,2,2.7441749e-11,5.3860587e-12,0.00011025663,20199.88,20231.0
0.604828,0.53840771,5.0005308,4.0470284e-06,True,2,2.7461352e-11,5.389839e-12,0.00011029982,20212.94,20244.0
0.605119,0.53838514,5.0003534,4.0481248e-06,True,2,2.747925e-11,5.3933628e-12,0.00011034301,20226.11,20257.0
0.605411,0.5383603,5.0001579,4.0492406e-06,True,2,2.7482655e-11,5.3940658e-12,0.00011038616,20239.25,20270.0
0.605702,0.53833805,4.9999842,4.0503771e-06,True,2,2.7486303e-11,5.3948177e-12,0.00011042932,20252.36,20284.0
0.605994,0.5383185,4.9998344,4.051535e-06,True,2,2.7490177e-11,5.3956124e-12,0.00011047248,20265.43,20297.0
0.606286,0.53830184,4.9997111,4.0527159e-06,True,2,2.7494314e-11,5.3964597e-12,0.00011051564,20278.47,20310.0
0.606577,0.53828823,4.9996162,4.053921e-06,True,2,2.7433743e-11,5.3852407e-12,0.0001105588,20291.63,20323.0
0.606869,0.53827792,4.9995517,4.055152e-06,True,2,2.7435489e-11,5.3856361e-12,0.00011060196,20304.76,20336.0
0.607161,0.53827105,4.9995191,4.0564102e-06,True,2,2.7437603e-11,5.3861024e-12,0.00011064512,20317.9,20349.0
0.607454,0.53826794,4.9995213,4.057698e-06,True,2,2.744012e-11,5.3866463e-12,0.00011068828,20331.0,20362.0
0.607746,0.53826882,4.9995605,4.0590171e-06,True,2,2.744307e-11,5.3872716e-12,0.00011073144,20344.02,20375.0
0.608038,0.53827396,4.9996393,4.0603697e-06,True,2,2.7446471e-11,5.3879838e-12,0.0001107746,20357.1,20388.0
0.608331,0.53828378,4.9997615,4.0617588e-06,True,2,2.7450385e-11,5.3887944e-12,0.00011081776,20370.2,20402.0
0.608623,0.53829867,4.9999308,4.0631875e-06,True,2,2.7454834e-11,5.3897057e-12,0.00011086093,20383.44,20415.0
0.608916,0.53831899,5.0001505,4.0646586e-06,True,2,2.7459868e-11,5.3907304e-12,0.00011090409,20396.58,20428.0
0.609208,0.53834539,5.0004267,4.0661769e-06,True,2,2.7465555e-11,5.3918789e-12,0.00011094726,20409.71,20441.0
0.609501,0.53837836,5.0007639,4.0677463e-06,True,2,2.7471939e-11,5.3931614e-12,0.00011099042,20422.81,20454.0
0.609794,0.53820349,4.9991714,4.0677463e-06,True,2,2.7456392e-11,5.3902542e-12,0.00011103359,20435.91,20467.0
0.610087,0.53824148,4.9995573,4.0693727e-06,True,2,2.7466493e-11,5.3923512e-12,0.00011107676,20449.02,20481.0
0.61038,0.5382819,4.9999698,4.0710613e-06,True,2,2.747383e-11,5.3938184e-12,0.0001111199,20462.1,20494.0
0.610673,0.53833116,5.000462,4.0728183e-06,True,2,2.74821e-11,5.3954636e-12,0.00011116304,20475.19,20507.0
0.610966,0.53839034,5.0010455,4.0746521e-06,True,2,2.7491419e-11,5.39731e-12,0.00011120619,20488.35,20520.0
0.61126,0.53820705,4.9993764,4.0746521e-06,True,2,2.7476524e-11,5.3945079e-12,0.00011124949,20501.53,20533.0
0.611553,0.53827738,5.0000625,4.0765732e-06,True,2,2.7487024e-11,5.3965794e-12,0.00011129294,20514.61,20546.0
0.611847,0.53836094,5.0008715,4.0785963e-06,True,2,2.7498934e-11,5.3989207e-12,0.0001113364,20527.72,20559.0
0.612141,0.5381773,4.9991992,4.0785963e-06,True,2,2.7482577e-11,5.3958614e-12,0.00011137985,20540.78,20572.0
0.612434,0.538276,5.0001487,4.0807373e-06,True,2,2.7497585e-11,5.3987828e-12,0.00011142332,20553.9,20586.0
0.612728,0.53839328,5.0012709,4.0830209e-06,True,2,2.7512962e-11,5.4017878e-12,0.00011146705,20567.02,20599.0
0.613022,0.53820924,4.9995943,4.0830209e-06,True,2,2.7496503e-11,5.3987105e-12,0.00011151074,20580.13,20612.0
0.613316,0.53834908,5.0009257,4.085479e-06,True,2,2.7514288e-11,5.4021752e-12,0.00011155443,20593.24,20625.0
0.61361,0.53816481,4.9992475,4.085479e-06,True,2,2.7497796e-11,5.3990915e-12,0.00011159809,20606.31,20638.0
0.613905,0.53833304,5.0008425,4.0881563e-06,True,2,2.7518587e-11,5.4031305e-12,0.00011164174,20619.43,20651.0
0.614199,0.53814854,4.999162,4.0881563e-06,True,2,2.7502071e-11,5.4000418e-12,0.00011168536,20632.54,20664.0
0.614493,0.53835466,5.0011091,4.0911252e-06,True,2,2.7526882e-11,5.4048504e-12,0.00011172897,20645.56,20677.0
0.614788,0.53816989,4.9994261,4.0911252e-06,True,2,2.7510343e-11,5.4017584e-12,0.00011177255,20658.67,20691.0
0.615082,0.53842763,5.0018546,4.0945063e-06,True,2,2.7543649e-11,5.4082959e-12,0.00011181613,20671.82,20704.0
0.615377,0.53823472,5.0001021,4.0945063e-06,True,2,2.7526387e-11,5.4050688e-12,0.00011185956,20684.91,20717.0
0.615672,0.5380418,4.9983474,4.0945063e-06,True,2,2.7509113e-11,5.4018386e-12,0.00011190301,20697.99,20730.0
0.615967,0.53837402,5.0014679,4.0985048e-06,True,2,2.7547453e-11,5.4092361e-12,0.00011194642,20711.11,20743.0
0.616262,0.53818072,4.9997076,4.0985048e-06,True,2,2.7530134e-11,5.4059976e-12,0.0001119898,20724.18,20756.0
0.616557,0.53798741,4.9979476,4.0985048e-06,True,2,2.7512817e-11,5.4027597e-12,0.00011203319,20737.3,20769.0
0.616852,0.53847048,5.0024686,4.1036602e-06,True,2,2.7567158e-11,5.4132145e-12,0.00011207655,20750.38,20782.0
0.617148,0.53827669,5.0007035,4.1036602e-06,True,2,2.754978e-11,5.4099652e-12,0.00011211982,20763.47,20796.0
0.617443,0.5380829,4.9989386,4.1036602e-06,True,2,2.7532406e-11,5.4067174e-12,0.00011216312,20776.54,20809.0
0.617739,0.53788911,4.9971737,4.1036602e-06,True,2,2.7515037e-11,5.4034688e-12,0.00011220643,20789.62,20822.0
0.618034,0.53769531,4.9954089,4.1036602e-06,True,2,2.7497673e-11,5.4002225e-12,0.00011224977,20802.74,20835.0
0.61833,0.5387543,5.0052785,4.1132258e-06,True,2,2.7613122e-11,5.4223564e-12,0.00011229303,20815.77,20848.0
0.618626,0.53855961,5.0035044,4.1132258e-06,True,2,2.7595643e-11,5.4190892e-12,0.00011233611,20828.85,20861.0
0.618922,0.53836491,5.0017308,4.1132258e-06,True,2,2.757816e-11,5.4158205e-12,0.0001123792,20841.89,20874.0
0.619218,0.53817021,4.999957,4.1132258e-06,True,2,2.7560688e-11,5.4125533e-12,0.00011242232,20855.0,20887.0
0.619515,0.53797552,4.9981836,4.1132258e-06,True,2,2.7543223e-11,5.4092881e-12,0.00011246545,20868.1,20900.0
0.619811,0.53778082,4.9964106,4.1132258e-06,True,2,2.7525761e-11,5.4060241e-12,0.00011250861,20881.13,20913.0
0.620107,0.53817722,5.0001299,4.1177699e-06,True,2,2.757401e-11,5.4154233e-12,0.00011255172,20894.24,20926.0
0.620404,0.53819911,5.0003741,4.1194916e-06,True,2,2.7579653e-11,5.4165775e-12,0.00011259466,20907.34,20940.0
0.6207,0.53810986,4.9995835,4.1203642e-06,True,2,2.7573495e-11,5.4154766e-12,0.00011263757,20920.42,20953.0
0.620997,0.53813755,4.9998776,4.1221338e-06,True,2,2.7579746e-11,5.4167474e-12,0.00011268045,20933.49,20966.0
0.621294,0.53816942,5.0002104,4.1239374e-06,True,2,2.7586444e-11,5.4181031e-12,0.0001127233,20946.56,20979.0
0.621591,0.53808515,4.9994645,4.1248526e-06,True,2,2.7580812e-11,5.4171029e-12,0.00011276613,20959.64,20992.0
0.621888,0.53812371,4.9998594,4.1267111e-06,True,2,2.7588225e-11,5.4185953e-12,0.00011280893,20972.72,21005.0
0.622185,0.53816717,5.0002997,4.1286092e-06,True,2,2.7596158e-11,5.4201886e-12,0.00011285169,20985.81,21018.0
0.622482,0.53808874,4.9996079,4.1295738e-06,True,2,2.7591153e-11,5.4193075e-12,0.00011289443,20998.98,21031.0
0.62278,0.53814002,5.0001208,4.1315357e-06,True,2,2.7599936e-11,5.4210631e-12,0.00011293714,21012.11,21045.0
0.623077,0.53806557,4.9994659,4.1325339e-06,True,2,2.7595366e-11,5.4202657e-12,0.00011297983,21025.22,21058.0
0.623375,0.53812553,5.0000594,4.1345662e-06,True,2,2.7605086e-11,5.4222005e-12,0.00011302248,21038.36,21071.0
0.623673,0.5380555,4.9994454,4.1356014e-06,True,2,2.7600987e-11,5.4214939e-12,0.00011306511,21051.55,21084.0
0.623971,0.53812517,5.0001292,4.1377122e-06,True,2,2.7611747e-11,5.4236268e-12,0.00011310771,21064.63,21097.0
0.624268,0.53806011,4.9995616,4.1387889e-06,True,2,2.7608183e-11,5.4230227e-12,0.00011315028,21077.78,21110.0
0.624567,0.53814064,5.0003462,4.1409873e-06,True,2,2.7620885e-11,5.4254931e-12,0.00011319284,21090.95,21124.0
0.624865,0.53808119,4.9998307,4.1421104e-06,True,2,2.7618001e-11,5.4250174e-12,0.00011323564,21104.1,21137.0
0.625163,0.53801951,4.9992984,4.1444073e-06,True,2,2.7634235e-11,5.4282701e-12,0.00011327847,21117.2,21150.0
0.625461,0.53810867,5.0001687,4.1455823e-06,True,2,2.7632361e-11,5.427984e-12,0.00011332153,21130.31,21163.0
0.62576,0.53804975,4.9996614,4.1467756e-06,True,2,2.7629724e-11,5.4275575e-12,0.0001133646,21143.42,21176.0
0.626059,0.53815308,5.0006605,4.1492216e-06,True,2,2.7644375e-11,5.4304357e-12,0.00011340767,21156.55,21189.0
0.626357,0.53810163,5.000221,4.1504762e-06,True,2,2.7642532e-11,5.4301612e-12,0.00011345074,21169.73,21202.0
0.626656,0.53805287,4.9998068,4.1517533e-06,True,2,2.7640967e-11,5.4299397e-12,0.00011349382,21182.83,21216.0
0.626955,0.53800695,4.999419,4.153054e-06,True,2,2.763971e-11,5.4297769e-12,0.0001135369,21196.0,21229.0
0.627254,0.53813916,5.0006859,4.1557319e-06,True,2,2.7657433e-11,5.4332432e-12,0.00011357999,21209.13,21242.0
0.627554,0.53810302,5.0003884,4.1571121e-06,True,2,2.7657237e-11,5.4332829e-12,0.00011362307,21222.41,21255.0
0.627853,0.53807053,5.0001251,4.1585222e-06,True,2,2.7657415e-11,5.4333949e-12,0.00011366616,21235.58,21268.0
0.628152,0.53804193,4.9998979,4.1599642e-06,True,2,2.765801e-11,5.4335876e-12,0.00011370925,21248.75,21282.0
0.628452,0.53801745,4.9997091,4.1614398e-06,True,2,2.7659052e-11,5.4338645e-12,0.00011375235,21261.88,21295.0
0.628752,0.53799745,4.9995618,4.162952e-06,True,2,2.7660546e-11,5.4342268e-12,0.00011379547,21275.04,21308.0
0.629052,0.53798231,4.9994597,4.1645036e-06,True,2,2.7662589e-11,5.4346962e-12,0.00011383871,21288.2,21321.0
0.629351,0.53797236,4.9994059,4.1660974e-06,True,2,2.7665193e-11,5.4352725e-12,0.00011388195,21301.41,21334.0
0.629652,0.53796808,4.9994046,4.1677369e-06,True,2,2.7668398e-11,5.4359637e-12,0.00011392519,21314.61,21348.0
0.629952,0.53796997,4.9994608,4.1694263e-06,True,2,2.7672271e-11,5.4367825e-12,0.00011396844,21327.76,21361.0
0.630252,0.53797203,4.9995245,4.1711701e-06,True,2,2.7679539e-11,5.4383499e-12,0.00011401169,21340.95,21374.0
0.630552,0.53797989,4.9996409,4.1729719e-06,True,2,2.7684204e-11,5.4393235e-12,0.00011405492,21354.14,21387.0
0.630853,0.53799567,4.999829,4.1748373e-06,True,2,2.7689711e-11,5.4404579e-12,0.00011409815,21367.28,21400.0
0.631154,0.53802028,5.0000985,4.1767737e-06,True,2,2.7696162e-11,5.441774e-12,0.00011414139,21380.38,21413.0
0.631454,0.53805482,5.0004602,4.1787895e-06,True,2,2.7703683e-11,5.4432927e-12,0.00011418464,21393.54,21427.0
0.631755,0.5381007,5.0009271,4.1808958e-06,True,2,2.7712415e-11,5.4450437e-12,0.00011422789,21406.65,21440.0
0.632056,0.53787528,4.9988736,4.1808958e-06,True,2,2.7692131e-11,5.4412491e-12,0.00011427115,21419.77,21453.0
0.632357,0.53793378,4.9994576,4.1831044e-06,True,2,2.7702212e-11,5.4432584e-12,0.0001143144,21432.86,21466.0
0.632659,0.53800728,5.000181,4.1854322e-06,True,2,2.7713914e-11,5.4455788e-12,0.00011435766,21445.97,21479.0
0.63296,0.53809843,5.0010684,4.1879e-06,True,2,2.7727517e-11,5.448261e-12,0.00011440093,21459.06,21492.0
0.633262,0.53787226,4.9990077,4.1879e-06,True,2,2.7707158e-11,5.4444516e-12,0.0001144442,21472.12,21505.0
0.633563,0.53798456,5.0000916,4.1905373e-06,True,2,2.7723031e-11,5.4475696e-12,0.00011448747,21485.21,21518.0
0.633865,0.53812316,5.0014199,4.1933822e-06,True,2,2.774173e-11,5.4512271e-12,0.00011453076,21498.35,21532.0
0.634167,0.5378964,4.9993537,4.1933822e-06,True,2,2.7721318e-11,5.4474069e-12,0.00011457403,21511.51,21545.0
0.634469,0.53806843,5.0009927,4.196493e-06,True,2,2.7743614e-11,5.4517535e-12,0.00011461733,21524.72,21558.0
0.634771,0.53784133,4.9989234,4.196493e-06,True,2,2.7723159e-11,5.4479256e-12,0.00011466062,21537.95,21571.0
0.635073,0.53805624,5.0009626,4.1999583e-06,True,2,2.7753356e-11,5.4538771e-12,0.00011470393,21551.09,21584.0
0.635376,0.53782073,4.9988216,4.1999583e-06,True,2,2.7732143e-11,5.4499087e-12,0.00011474721,21564.21,21598.0
0.635678,0.5380918,5.0013848,4.2039168e-06,True,2,2.7765232e-11,5.4563217e-12,0.00011479049,21577.36,21611.0
0.635981,0.53785583,4.9992355,4.2039168e-06,True,2,2.7743966e-11,5.4523431e-12,0.00011483377,21590.44,21624.0
0.636284,0.53822596,5.002719,4.2086563e-06,True,2,2.7787688e-11,5.4607904e-12,0.00011487711,21603.54,21637.0
0.636587,0.53798947,5.0005628,4.2086563e-06,True,2,2.7766373e-11,5.4568007e-12,0.00011492036,21616.64,21650.0
0.63689,0.53775297,4.9984083,4.2086563e-06,True,2,2.7745039e-11,5.4528086e-12,0.00011496368,21629.76,21663.0
0.637193,0.53751647,4.9962538,4.2149661e-06,True,2,2.7804819e-11,5.464366e-12,0.00011500706,21642.84,21676.0
0.637496,0.53808513,5.0015798,4.2149661e-06,True,2,2.7788793e-11,5.4613498e-12,0.0001150503,21655.91,21689.0
0.6378,0.53784792,4.9994184,4.2149661e-06,True,2,2.7767395e-11,5.4573465e-12,0.00011509361,21669.03,21703.0
0.638103,0.53761071,4.997257,4.2149661e-06,True,2,2.7746001e-11,5.4533421e-12,0.00011513697,21682.21,21716.0
0.638407,0.5373735,4.9950957,4.2149661e-06,True,2,2.7724604e-11,5.4493381e-12,0.0001151804,21695.46,21729.0
0.63871,0.53713629,4.9929348,4.2149661e-06,True,2,2.7703212e-11,5.4453351e-12,0.00011522388,21708.57,21742.0
0.639014,0.53689907,4.990774,4.2149661e-06,True,2,2.768182e-11,5.4413314e-12,0.00011526741,21721.75,21755.0
0.639317,0.53666186,4.9886133,4.2149661e-06,True,2,2.7660439e-11,5.4373297e-12,0.00011531101,21735.07,21769.0
0.639621,0.53642465,4.9864525,4.2149661e-06,True,2,2.7639063e-11,5.433329e-12,0.00011535466,21748.36,21782.0
0.639924,0.53618744,4.9842912,4.2149661e-06,True,2,2.761645e-11,5.4290623e-12,0.00011539838,21761.61,21795.0
0.640228,0.53787128,4.9999865,4.2301257e-06,True,2,2.7805853e-11,5.4654981e-12,0.00011544185,21774.67,21808.0
0.640533,0.53785604,4.9998913,4.2319496e-06,True,2,2.7808441e-11,5.4660853e-12,0.0001154852,21787.75,21821.0
0.640838,0.53784416,4.9998258,4.2338027e-06,True,2,2.7811416e-11,5.4667456e-12,0.00011552855,21800.83,21835.0
0.641143,0.53783588,4.9997927,4.2356868e-06,True,2,2.7814779e-11,5.4674807e-12,0.00011557191,21813.91,21848.0
0.641448,0.53783135,4.9997949,4.237603e-06,True,2,2.7818548e-11,5.4682925e-12,0.00011561528,21827.03,21861.0
0.641753,0.53783076,4.9998341,4.2395529e-06,True,2,2.7822749e-11,5.469189e-12,0.00011565866,21840.1,21874.0
0.642058,0.53783435,4.9999122,4.2415384e-06,True,2,2.7827403e-11,5.470171e-12,0.00011570204,21853.18,21887.0
0.642364,0.53784233,5.000031,4.2435614e-06,True,2,2.7832539e-11,5.4712463e-12,0.00011574542,21866.28,21900.0
0.642669,0.53785498,5.0001933,4.2456239e-06,True,2,2.7838181e-11,5.4724178e-12,0.00011578882,21879.37,21913.0
0.642975,0.53787255,5.0004013,4.2477281e-06,True,2,2.7844361e-11,5.4736926e-12,0.00011583222,21892.47,21926.0
0.643281,0.53775869,4.9993878,4.2487967e-06,True,2,2.7836393e-11,5.4722618e-12,0.00011587563,21905.54,21939.0
0.643587,0.53778416,4.9996693,4.2509687e-06,True,2,2.7843438e-11,5.4737027e-12,0.00011591904,21918.63,21953.0
0.643893,0.53781545,5.0000048,4.2531894e-06,True,2,2.7851114e-11,5.475264e-12,0.00011596246,21931.77,21966.0
0.644199,0.53785292,5.000398,4.2554621e-06,True,2,2.7859466e-11,5.476955e-12,0.00011600589,21944.92,21979.0
0.644506,0.53774906,4.9994777,4.2566191e-06,True,2,2.7852602e-11,5.4757354e-12,0.00011604932,21958.03,21992.0
0.644812,0.53779652,4.9999637,4.2589765e-06,True,2,2.7862048e-11,5.4776356e-12,0.00011609276,21971.23,22005.0
0.645119,0.53784837,5.0004935,4.2613958e-06,True,2,2.7880552e-11,5.4813573e-12,0.00011613629,21984.4,22018.0
0.645426,0.53774514,4.9995851,4.2626295e-06,True,2,2.7873927e-11,5.480188e-12,0.00011618041,21997.67,22032.0
0.645733,0.5378036,5.000177,4.2651478e-06,True,2,2.7884744e-11,5.4823551e-12,0.00011622453,22010.75,22045.0
0.64604,0.53770636,4.9993207,4.266434e-06,True,2,2.7878761e-11,5.4813083e-12,0.00011626867,22023.82,22058.0
0.646348,0.53777811,5.0000348,4.2690641e-06,True,2,2.7891024e-11,5.4837514e-12,0.00011631281,22036.93,22071.0
0.646655,0.53768774,4.999242,4.27041e-06,True,2,2.7885781e-11,5.4828461e-12,0.00011635697,22050.0,22084.0
0.646963,0.53777472,5.0000975,4.2731675e-06,True,2,2.7899706e-11,5.4856079e-12,0.00011640112,22063.11,22097.0
0.64727,0.53769225,4.9993781,4.2745815e-06,True,2,2.789533e-11,5.4848682e-12,0.0001164453,22076.23,22110.0
0.647578,0.53779683,5.000397,4.2774857e-06,True,2,2.7911164e-11,5.4879951e-12,0.00011648948,22089.34,22124.0
0.647886,0.53772361,4.9997634,4.2789787e-06,True,2,2.7907783e-11,5.4874473e-12,0.00011653366,22102.51,22137.0
0.648194,0.53765375,4.9991611,4.2805009e-06,True,2,2.790477e-11,5.4869684e-12,0.00011657786,22115.71,22150.0
0.648503,0.53778671,5.0004439,4.2836412e-06,True,2,2.7923689e-11,5.4906855e-12,0.00011662207,22128.91,22163.0
0.648811,0.53772856,4.9999504,4.2852625e-06,True,2,2.7921951e-11,5.4904504e-12,0.00011666628,22141.99,22176.0
0.64912,0.53767482,4.999498,4.2869216e-06,True,2,2.7920691e-11,5.4903083e-12,0.00011671051,22155.1,22189.0
0.649429,0.53762578,4.9990893,4.2886207e-06,True,2,2.7919945e-11,5.4902644e-12,0.00011675475,22168.2,22202.0
0.649737,0.53780604,5.0008121,4.2921525e-06,True,2,2.7944002e-11,5.4949664e-12,0.00011679899,22181.26,22216.0
0.650047,0.5377726,5.0005493,4.2939914e-06,True,2,2.7948323e-11,5.4959813e-12,0.00011684326,22194.4,22229.0
0.650356,0.53773842,5.0002857,4.2958839e-06,True,2,2.7949332e-11,5.4962759e-12,0.0001168875,22207.51,22242.0
0.650665,0.53771107,5.0000829,4.2978339e-06,True,2,2.7951091e-11,5.4967155e-12,0.00011693176,22220.6,22255.0
0.650975,0.53769121,4.9999482,4.299847e-06,True,2,2.7953671e-11,5.4973118e-12,0.00011697603,22233.69,22268.0
0.651284,0.53767961,4.9998899,4.3019292e-06,True,2,2.795715e-11,5.4980788e-12,0.00011702032,22246.82,22281.0
0.651594,0.53767727,4.9999176,4.3040888e-06,True,2,2.7961635e-11,5.4990399e-12,0.00011706461,22259.87,22294.0
0.651904,0.53768521,5.0000409,4.306334e-06,True,2,2.7967238e-11,5.5002145e-12,0.00011710891,22272.95,22307.0
0.652214,0.53770477,5.0002721,4.3086757e-06,True,2,2.7974116e-11,5.5016332e-12,0.00011715323,22286.04,22321.0
0.652525,0.53773771,5.0006275,4.311128e-06,True,2,2.7982437e-11,5.5033294e-12,0.00011719755,22299.1,22334.0
0.652835,0.53778592,5.001125,4.3137064e-06,True,2,2.7992409e-11,5.5053405e-12,0.00011724189,22312.2,22347.0
0.653146,0.53751238,4.9986316,4.3137064e-06,True,2,2.7967491e-11,5.500676e-12,0.00011728624,22325.28,22360.0
0.653456,0.53757828,4.9992935,4.3164332e-06,True,2,2.7979408e-11,5.5030594e-12,0.00011733059,22338.36,22373.0
0.653767,0.53766562,5.0001549,4.3193359e-06,True,2,2.799366e-11,5.5058901e-12,0.00011737496,22351.45,22386.0
0.654078,0.53777905,5.0012588,4.3224523e-06,True,2,2.8010754e-11,5.5092645e-12,0.00011741935,22364.55,22399.0
0.654389,0.5375044,4.9987551,4.3224523e-06,True,2,2.7985706e-11,5.5045745e-12,0.00011746374,22377.69,22412.0
0.654701,0.5376503,5.0001611,4.3258372e-06,True,2,2.800635e-11,5.5086295e-12,0.00011750814,22390.79,22425.0
0.655012,0.53783905,5.0019661,4.3295728e-06,True,2,2.8035434e-11,5.5143929e-12,0.00011755259,22403.91,22439.0
0.655324,0.53755522,4.9993837,4.3295728e-06,True,2,2.8009206e-11,5.5094755e-12,0.00011759699,22417.01,22452.0
0.655636,0.53779344,5.0016525,4.3337804e-06,True,2,2.8040088e-11,5.5154936e-12,0.00011764143,22430.12,22465.0
0.655948,0.53750905,4.9990609,4.3337804e-06,True,2,2.8014138e-11,5.5106351e-12,0.00011768586,22443.26,22478.0
0.65626,0.53783368,5.002131,4.3386939e-06,True,2,2.8054435e-11,5.5184549e-12,0.00011773034,22456.37,22491.0
0.656572,0.53754864,4.9995327,4.3386939e-06,True,2,2.802841e-11,5.5135828e-12,0.00011777478,22469.56,22504.0
0.656885,0.53726361,4.9969348,4.3386939e-06,True,2,2.8002383e-11,5.508709e-12,0.00011781931,22482.66,22517.0
0.657198,0.537741,5.0014249,4.3448569e-06,True,2,2.8059352e-11,5.5197217e-12,0.00011786377,22495.79,22531.0
0.65751,0.53745516,4.998819,4.3448569e-06,True,2,2.8033258e-11,5.5148366e-12,0.00011790827,22508.9,22544.0
0.657823,0.53716931,4.9962135,4.3448569e-06,True,2,2.8007181e-11,5.5099542e-12,0.00011795285,22522.02,22557.0
0.658136,0.53806843,5.0046249,4.3544482e-06,True,2,2.8110176e-11,5.5297762e-12,0.00011799742,22535.14,22570.0
0.65845,0.53778132,5.0020069,4.3544482e-06,True,2,2.8083937e-11,5.5248633e-12,0.00011804188,22548.23,22583.0
0.658763,0.53749422,4.9993894,4.3544482e-06,True,2,2.805771e-11,5.519955e-12,0.00011808642,22561.38,22596.0
0.659077,0.53720712,4.9967719,4.3544482e-06,True,2,2.8031491e-11,5.5150447e-12,0.00011813105,22574.49,22609.0
0.65939,0.53692001,4.9941548,4.3544482e-06,True,2,2.8005278e-11,5.5101363e-12,0.00011817575,22587.62,22623.0
0.659704,0.53663291,4.9915382,4.3544482e-06,True,2,2.797908e-11,5.5052308e-12,0.00011822053,22600.72,22636.0
0.660017,0.53751625,4.9998074,4.3639537e-06,True,2,2.8083961e-11,5.5255058e-12,0.0001182654,22613.84,22649.0
0.660332,0.53757465,5.0004073,4.366839e-06,True,2,2.8095549e-11,5.5278366e-12,0.00011831002,22626.93,22662.0
0.660646,0.53751834,4.9999396,4.3687964e-06,True,2,2.8094677e-11,5.5277834e-12,0.00011835465,22640.04,22675.0
0.660961,0.53746509,4.9994989,4.3707822e-06,True,2,2.8094167e-11,5.5278e-12,0.0001183993,22653.14,22688.0
0.661276,0.5375403,5.0002523,4.3738169e-06,True,2,2.8107683e-11,5.5305015e-12,0.00011844396,22666.22,22701.0
0.661591,0.53749544,4.999888,4.3758793e-06,True,2,2.8129228e-11,5.5370939e-12,0.00011848852,22679.29,22714.0
0.661906,0.5374542,4.9995581,4.3779745e-06,True,2,2.8141748e-11,5.5409203e-12,0.00011853325,22692.43,22728.0
0.662221,0.53754911,5.0004948,4.381183e-06,True,2,2.8166e-11,5.5466295e-12,0.00011857811,22705.54,22741.0
0.662537,0.53751791,5.0002583,4.3833679e-06,True,2,2.8172891e-11,5.5486276e-12,0.00011862311,22718.63,22754.0
0.662852,0.53749115,5.0000658,4.3855919e-06,True,2,2.8149096e-11,5.5412404e-12,0.00011866827,22731.75,22767.0
0.663168,0.5374689,4.9999147,4.3878567e-06,True,2,2.8131975e-11,5.5358501e-12,0.00011871317,22744.87,22780.0
0.663484,0.53745138,4.9998063,4.3901646e-06,True,2,2.8135356e-11,5.5366054e-12,0.00011875794,22757.98,22793.0
0.6638,0.53743899,4.9997457,4.3925183e-06,True,2,2.8139366e-11,5.5374892e-12,0.00011880272,22771.08,22806.0
0.664117,0.53743198,4.9997339,4.3949206e-06,True,2,2.8159929e-11,5.5432845e-12,0.00011884741,22784.24,22820.0
0.664433,0.53743073,4.9997759,4.3973739e-06,True,2,2.817867e-11,5.5484757e-12,0.00011889221,22797.39,22833.0
0.66475,0.5374356,4.9998752,4.3998814e-06,True,2,2.8196129e-11,5.5532093e-12,0.00011893714,22810.5,22846.0
0.665067,0.5374454,5.000022,4.402447e-06,True,2,2.8215687e-11,5.5582964e-12,0.00011898222,22823.64,22859.0
0.665384,0.53745541,5.0001761,4.4050738e-06,True,2,2.8231452e-11,5.5624645e-12,0.00011902732,22836.84,22872.0
0.665701,0.53747275,5.000396,4.4077653e-06,True,2,2.824546e-11,5.5660072e-12,0.00011906912,22849.96,22885.0
0.666019,0.53749803,5.0006891,4.4105263e-06,True,2,2.8255947e-11,5.5683346e-12,0.00011910961,22863.15,22899.0
0.666336,0.53735797,4.9994433,4.4119345e-06,True,2,2.8248021e-11,5.5671346e-12,0.00011915034,22876.35,22912.0
0.666654,0.53739617,4.9998557,4.4148103e-06,True,2,2.825981e-11,5.5697087e-12,0.00011919131,22889.51,22925.0
0.666972,0.53744405,5.0003583,4.4177704e-06,True,2,2.8272648e-11,5.5724814e-12,0.00011923234,22902.74,22938.0
0.66729,0.53731557,4.9992205,4.4192849e-06,True,2,2.8266006e-11,5.5715172e-12,0.00011927325,22915.91,22951.0
0.667608,0.53737953,4.9998724,4.4223863e-06,True,2,2.8280528e-11,5.5746034e-12,0.00011931362,22929.04,22965.0
0.667927,0.53745574,5.000639,4.4255935e-06,True,2,2.8284736e-11,5.5744969e-12,0.00011935414,22942.26,22978.0
0.668246,0.53734193,4.9996392,4.42724e-06,True,2,2.8250389e-11,5.565045e-12,0.00011939961,22955.55,22991.0
0.668565,0.53743878,5.0005993,4.4306263e-06,True,2,2.82364e-11,5.559032e-12,0.00011944484,22968.82,23004.0
0.668884,0.53733576,4.9996992,4.4323699e-06,True,2,2.822425e-11,5.5557487e-12,0.00011948996,22981.94,23018.0
0.669203,0.53745707,5.0008853,4.4359688e-06,True,2,2.8243114e-11,5.5594618e-12,0.00011953502,22995.13,23031.0
0.669522,0.5373671,5.0001055,4.4378287e-06,True,2,2.823897e-11,5.5587913e-12,0.00011958009,23008.51,23044.0
0.669842,0.53728202,4.9993716,4.4397325e-06,True,2,2.8235372e-11,5.5582272e-12,0.00011962518,23021.74,23057.0
0.670162,0.53743996,5.0009025,4.443684e-06,True,2,2.8261569e-11,5.5634777e-12,0.00011967027,23034.9,23071.0
0.670482,0.53736351,5.0002547,4.4457384e-06,True,2,2.8259156e-11,5.5631433e-12,0.00011971515,23048.06,23084.0
0.670802,0.53729352,4.9996649,4.4478504e-06,True,2,2.8257464e-11,5.5629473e-12,0.00011976006,23061.17,23097.0
0.671122,0.53723052,4.9991389,4.4500243e-06,True,2,2.8256548e-11,5.5628996e-12,0.000119805,23074.37,23110.0
0.671443,0.53717519,4.9986841,4.4545826e-06,True,2,2.8284798e-11,5.5684755e-12,0.00011984978,23087.54,23123.0
0.671763,0.53741757,5.0009986,4.4569814e-06,True,2,2.8288781e-11,5.5693481e-12,0.00011989458,23100.72,23136.0
0.672084,0.5373909,5.0008103,4.4594713e-06,True,2,2.8292035e-11,5.5700986e-12,0.00011993943,23113.86,23150.0
0.672406,0.53737605,5.000732,4.4620641e-06,True,2,2.829658e-11,5.5710948e-12,0.00011998438,23127.08,23163.0
0.672727,0.53737465,5.0007788,4.4647733e-06,True,2,2.8302642e-11,5.5723836e-12,0.00012002935,23140.21,23176.0
0.673048,0.53738863,5.0009687,4.4676153e-06,True,2,2.8310403e-11,5.5739976e-12,0.00012007438,23153.32,23189.0
0.67337,0.53742031,5.0013234,4.4706096e-06,True,2,2.832012e-11,5.5759864e-12,0.00012011946,23166.52,23202.0
0.673692,0.53709162,4.9983257,4.4706096e-06,True,2,2.8290032e-11,5.5703502e-12,0.0001201646,23179.6,23215.0
0.674014,0.53714393,4.9988723,4.4737848e-06,True,2,2.8302063e-11,5.5727829e-12,0.00012020979,23192.78,23229.0
0.674336,0.53722157,4.9996546,4.4771766e-06,True,2,2.8316918e-11,5.5757571e-12,0.00012025504,23206.07,23242.0
0.674659,0.53733044,5.0007275,4.4808344e-06,True,2,2.8335245e-11,5.5793975e-12,0.00012030034,23219.27,23255.0
0.674981,0.53747928,5.0021735,4.4848316e-06,True,2,2.8359187e-11,5.5841111e-12,0.00012034572,23232.34,23268.0
0.675304,0.53714054,4.999088,4.4848316e-06,True,2,2.8330887e-11,5.5789052e-12,0.00012039117,23245.44,23281.0
0.675627,0.53733251,5.000939,4.489272e-06,True,2,2.8358643e-11,5.5843574e-12,0.00012043669,23258.53,23295.0
0.675951,0.53699248,4.9978386,4.489272e-06,True,2,2.8327467e-11,5.5785173e-12,0.00012048228,23271.62,23308.0
0.676274,0.53725785,5.0003701,4.4943389e-06,True,2,2.8363387e-11,5.5855337e-12,0.00012052789,23284.69,23321.0
0.676598,0.53691704,4.9972619,4.4943389e-06,True,2,2.833211e-11,5.5796751e-12,0.0001205736,23297.82,23334.0
0.676922,0.53729887,5.0008742,4.500396e-06,True,2,2.8413419e-11,5.5995093e-12,0.00012061898,23310.97,23347.0
0.677246,0.53695714,4.9977571,4.500396e-06,True,2,2.8387375e-11,5.5952719e-12,0.00012066412,23324.06,23360.0
0.67757,0.53757349,5.003555,4.5084324e-06,True,2,2.8457383e-11,5.6082814e-12,0.00012070912,23337.18,23373.0
0.677895,0.53723056,5.0004269,4.5084324e-06,True,2,2.8420237e-11,5.6006934e-12,0.00012075372,23350.27,23386.0
0.678219,0.53688762,4.9972995,4.5084324e-06,True,2,2.8385533e-11,5.5934738e-12,0.00012079874,23363.39,23400.0
0.678544,0.53654469,4.9941721,4.5084324e-06,True,2,2.8348314e-11,5.5856818e-12,0.00012084471,23376.47,23413.0
0.678868,0.53620176,4.9910452,4.5084324e-06,True,2,2.8308457e-11,5.577262e-12,0.00012089092,23389.57,23426.0
0.679193,0.53585883,4.9879188,4.5084324e-06,True,2,2.8266988e-11,5.5683609e-12,0.0001209372,23402.67,23439.0
0.679518,0.53551587,4.9847916,4.5084324e-06,True,2,2.8234702e-11,5.562227e-12,0.00012098351,23415.74,23452.0
0.679842,0.53517291,4.9816643,4.5084324e-06,True,2,2.820317e-11,5.5563189e-12,0.00012102993,23428.87,23465.0
0.680168,0.53714215,5.0000557,4.527966e-06,True,2,2.843219e-11,5.6004417e-12,0.00012107619,23441.94,23478.0
0.680494,0.53715873,5.0002775,4.5310977e-06,True,2,2.8440759e-11,5.6022273e-12,0.0001211222,23455.02,23491.0
0.68082,0.53705494,4.9993773,4.5342909e-06,True,2,2.8447681e-11,5.6037124e-12,0.00012116796,23468.09,23504.0
0.681146,0.53708249,4.9996978,4.5364555e-06,True,2,2.8444249e-11,5.6031914e-12,0.00012121372,23481.2,23518.0
0.681473,0.53711726,5.000086,4.5397589e-06,True,2,2.8454855e-11,5.6053677e-12,0.00012125951,23494.32,23531.0
0.6818,0.53715973,5.0005468,4.5431337e-06,True,2,2.846671e-11,5.6077836e-12,0.00012130538,23507.39,23544.0
0.682127,0.53707344,4.999809,4.5454254e-06,True,2,2.846357e-11,5.6073276e-12,0.00012135127,23520.53,23557.0
0.682455,0.53712976,5.0003988,4.5489298e-06,True,2,2.8476683e-11,5.6099871e-12,0.00012139718,23533.75,23570.0
0.682782,0.537053,4.9997499,4.551313e-06,True,2,2.8474993e-11,5.609809e-12,0.00012144311,23546.87,23583.0
0.68311,0.53712489,5.0004848,4.554962e-06,True,2,2.8489886e-11,5.6128112e-12,0.00012148906,23560.07,23597.0
0.683438,0.5370588,4.9999352,4.557447e-06,True,2,2.8489447e-11,5.6128746e-12,0.00012153501,23573.36,23610.0
0.683766,0.53699732,4.9994288,4.5599765e-06,True,2,2.8489531e-11,5.6130387e-12,0.00012158098,23586.57,23623.0
0.684095,0.53709444,5.0003986,4.5638591e-06,True,2,2.8507347e-11,5.616603e-12,0.00012162696,23599.69,23636.0
0.684424,0.53704589,5.0000127,4.5665102e-06,True,2,2.8508841e-11,5.6170354e-12,0.00012167225,23612.82,23649.0
0.684753,0.53700296,4.9996792,4.5692148e-06,True,2,2.8511005e-11,5.6175981e-12,0.00012171721,23625.87,23662.0
0.685082,0.53696401,4.9993846,4.5719761e-06,True,2,2.8517539e-11,5.6190832e-12,0.00012176181,23638.94,23676.0
0.685411,0.53709294,5.0006582,4.5762307e-06,True,2,2.8539263e-11,5.6234025e-12,0.00012180536,23652.01,23689.0
0.685741,0.53706389,5.000458,4.5791466e-06,True,2,2.8543082e-11,5.6242881e-12,0.00012184914,23665.14,23702.0
0.68607,0.5370422,5.0003249,4.5821313e-06,True,2,2.854789e-11,5.6253642e-12,0.00012189281,23678.29,23715.0
0.6864,0.53702839,5.0002651,4.5851897e-06,True,2,2.8553581e-11,5.6266084e-12,0.00012193676,23691.4,23728.0
0.686731,0.53702308,5.0002845,4.5883271e-06,True,2,2.8560234e-11,5.6280393e-12,0.00012198098,23704.5,23741.0
0.687061,0.537027,5.0003898,4.59155e-06,True,2,2.8556462e-11,5.627598e-12,0.00012202528,23717.56,23754.0
0.687392,0.53704096,5.0005886,4.5948654e-06,True,2,2.8565915e-11,5.629564e-12,0.00012206758,23730.65,23767.0
0.687723,0.53686478,4.9990174,4.5982805e-06,True,2,2.8575469e-11,5.6315599e-12,0.00012211012,23743.74,23781.0
0.688054,0.53689516,4.9993689,4.6000283e-06,True,2,2.856604e-11,5.62989e-12,0.00012215311,23756.86,23794.0
0.688385,0.53693804,4.9998368,4.6036111e-06,True,2,2.8577873e-11,5.632356e-12,0.00012219624,23769.93,23807.0
0.688717,0.53699472,5.0004332,4.6073195e-06,True,2,2.8595548e-11,5.6358689e-12,0.00012223988,23783.03,23820.0
0.689048,0.53684055,4.9990671,4.6092249e-06,True,2,2.8588911e-11,5.6347237e-12,0.00012228457,23796.1,23833.0
0.689381,0.53692073,4.9998825,4.6131488e-06,True,2,2.8609056e-11,5.6387099e-12,0.00012233018,23809.15,23846.0
0.689713,0.53701913,5.0008681,4.6172371e-06,True,2,2.8631072e-11,5.6430536e-12,0.00012237679,23822.19,23859.0
0.690045,0.53688633,4.9997092,4.6193503e-06,True,2,2.851399e-11,5.6090337e-12,0.00012242523,23835.22,23872.0
0.690378,0.53700759,5.0009147,4.6237263e-06,True,2,2.8546717e-11,5.6166441e-12,0.00012247238,23848.3,23885.0
0.690711,0.53688337,4.9998311,4.6259962e-06,True,2,2.8552123e-11,5.6192651e-12,0.00012251704,23861.37,23898.0
0.691044,0.53676554,4.9988056,4.6283267e-06,True,2,2.8561504e-11,5.6228354e-12,0.00012256234,23874.45,23911.0
0.691378,0.53694002,5.0005007,4.6331855e-06,True,2,2.8606258e-11,5.6334717e-12,0.00012260985,23887.55,23925.0
0.691711,0.53684504,4.9996871,4.635727e-06,True,2,2.8621588e-11,5.638862e-12,0.00012265597,23900.62,23938.0
0.692045,0.53675918,4.9989582,4.6383535e-06,True,2,2.8664867e-11,5.6497058e-12,0.00012270328,23913.72,23951.0
0.692379,0.53700959,5.0013616,4.6438937e-06,True,2,2.8694939e-11,5.6566103e-12,0.00012275152,23926.76,23964.0
0.692714,0.53695803,5.0009528,4.646831e-06,True,2,2.8695914e-11,5.6569656e-12,0.00012279958,23939.83,23977.0
0.693048,0.53692071,5.0006772,4.6498982e-06,True,2,2.8698629e-11,5.6576879e-12,0.00012284748,23952.84,23990.0
0.693383,0.53689977,5.0005554,4.6531139e-06,True,2,2.8694113e-11,5.6555439e-12,0.0001228953,23965.87,24003.0
0.693718,0.53689767,5.0006081,4.6565004e-06,True,2,2.8698701e-11,5.6562876e-12,0.00012294412,23978.94,24016.0
0.694054,0.53691781,5.0008668,4.6600879e-06,True,2,2.8719478e-11,5.6619182e-12,0.00012299195,23992.0,24029.0
0.694389,0.53696493,5.0013777,4.663917e-06,True,2,2.8735199e-11,5.6653681e-12,0.00012303988,24005.03,24042.0
0.694725,0.53657062,4.9977789,4.6680408e-06,True,2,2.874899e-11,5.6682107e-12,0.00012308793,24018.1,24055.0
0.695061,0.53664853,4.9985782,4.6680408e-06,True,2,2.8719803e-11,5.6628274e-12,0.00012313605,24031.2,24068.0
0.695398,0.53676095,4.9997051,4.6725379e-06,True,2,2.8740805e-11,5.6670312e-12,0.00012318421,24044.3,24082.0
0.695734,0.53692791,5.0013368,4.6775193e-06,True,2,2.8768063e-11,5.6724359e-12,0.00012323223,24057.37,24095.0
0.696071,0.53652235,4.997636,4.6775193e-06,True,2,2.8730444e-11,5.6653885e-12,0.0001232803,24070.46,24108.0
0.696408,0.53676464,4.9999673,4.6831753e-06,True,2,2.876628e-11,5.6724407e-12,0.00012332837,24083.56,24121.0
0.696745,0.53712648,5.0034138,4.6898847e-06,True,2,2.8815707e-11,5.6821029e-12,0.00012337654,24096.59,24134.0
0.697083,0.53671876,4.9996908,4.6898847e-06,True,2,2.8777903e-11,5.6750195e-12,0.00012342466,24109.67,24147.0
0.697421,0.53631104,4.9959697,4.6898847e-06,True,2,2.874011e-11,5.6679402e-12,0.00012347293,24122.71,24160.0
0.697759,0.53689878,5.001518,4.698602e-06,True,2,2.8815447e-11,5.6825795e-12,0.00012352112,24135.76,24173.0
0.698097,0.53648955,4.9977824,4.698602e-06,True,2,2.8777532e-11,5.6754774e-12,0.00012356942,24148.88,24186.0
0.698435,0.53608031,4.9940473,4.698602e-06,True,2,2.8739635e-11,5.6683787e-12,0.00012361786,24161.94,24199.0
0.698774,0.53766224,5.0088553,4.7160689e-06,True,2,2.8928272e-11,5.7047735e-12,0.00012366639,24175.02,24212.0
0.699113,0.53724997,5.0050904,4.7160689e-06,True,2,2.8890064e-11,5.6976181e-12,0.0001237146,24188.07,24226.0
0.699453,0.53683769,5.0013266,4.7160689e-06,True,2,2.8851802e-11,5.6904518e-12,0.00012376297,24201.19,24239.0
0.699792,0.53642541,4.9975628,4.7160689e-06,True,2,2.8813575e-11,5.6832917e-12,0.00012381149,24214.25,24252.0
0.700132,0.5366197,4.9994516,4.7214369e-06,True,2,2.8849136e-11,5.6903812e-12,0.00012386014,24227.28,24265.0
0.700472,0.53671148,5.0003875,4.7259658e-06,True,2,2.8900505e-11,5.7036313e-12,0.0001239086,24240.32,24278.0
0.700813,0.53668193,5.0001936,4.729434e-06,True,2,2.8892891e-11,5.7010215e-12,0.00012395766,24253.34,24291.0
0.701153,0.53665878,5.0000581,4.732967e-06,True,2,2.8882214e-11,5.6974368e-12,0.00012400656,24266.42,24304.0
0.701494,0.5366423,4.9999835,4.7365679e-06,True,2,2.8888005e-11,5.6985918e-12,0.00012405536,24279.49,24317.0
0.701835,0.53663298,4.9999756,4.7402407e-06,True,2,2.8896063e-11,5.7003262e-12,0.00012410421,24292.59,24330.0
0.702177,0.53663125,5.0000385,4.7439893e-06,True,2,2.8905024e-11,5.702235e-12,0.00012415311,24305.67,24343.0
0.702519,0.53663764,5.0001769,4.7478187e-06,True,2,2.8914953e-11,5.7043299e-12,0.00012420208,24318.78,24356.0
0.70286,0.53665268,5.0003962,4.7517336e-06,True,2,2.8925899e-11,5.7066217e-12,0.00012425111,24331.89,24370.0
0.703203,0.53652509,4.9992866,4.7557396e-06,True,2,2.8936867e-11,5.7089257e-12,0.0001243002,24344.97,24383.0
0.703545,0.53655568,4.9996507,4.7584642e-06,True,2,2.8933322e-11,5.708424e-12,0.00012434935,24358.06,24396.0
0.703888,0.53659664,5.0001114,4.762636e-06,True,2,2.8947328e-11,5.7113046e-12,0.00012439857,24371.16,24409.0
0.704231,0.53664886,5.0006776,4.7669175e-06,True,2,2.8963112e-11,5.7145281e-12,0.00012444786,24384.27,24422.0
0.704574,0.53654673,4.9998053,4.7698366e-06,True,2,2.8960303e-11,5.7141798e-12,0.00012449722,24397.39,24435.0
0.704918,0.53661948,5.0005628,4.7743194e-06,True,2,2.8978023e-11,5.717776e-12,0.00012454664,24410.47,24448.0
0.705262,0.53652472,4.9997656,4.7773814e-06,True,2,2.8981559e-11,5.7187324e-12,0.00012459618,24423.52,24461.0
0.705606,0.53661174,5.000662,4.7820921e-06,True,2,2.9001339e-11,5.7227305e-12,0.00012464578,24436.59,24474.0
0.70595,0.53653079,4.9999906,4.7853157e-06,True,2,2.9001618e-11,5.722981e-12,0.00012469547,24449.67,24488.0
0.706295,0.53645698,4.9993854,4.7886114e-06,True,2,2.9002827e-11,5.7234131e-12,0.00012474545,24462.74,24501.0
0.70664,0.53658281,5.0006406,4.7936995e-06,True,2,2.9027026e-11,5.7282621e-12,0.00012479556,24475.77,24514.0
0.706985,0.53652935,5.0002249,4.7971962e-06,True,2,2.9030615e-11,5.7291524e-12,0.00012484604,24488.83,24527.0
0.707331,0.53648503,4.9998949,4.8007837e-06,True,2,2.9035245e-11,5.7302431e-12,0.00012489644,24501.87,24540.0
0.707677,0.53645051,4.9996562,4.8044682e-06,True,2,2.9041031e-11,5.7315564e-12,0.00012494676,24514.92,24553.0
0.708023,0.53642688,4.9995191,4.8082597e-06,True,2,2.9048101e-11,5.7331187e-12,0.00012499699,24527.96,24566.0
0.708369,0.53641496,4.9994912,4.8121659e-06,True,2,2.905653e-11,5.7349426e-12,0.00012504715,24541.02,24579.0
0.708716,0.53641589,4.9995831,4.8161973e-06,True,2,2.9066458e-11,5.7370554e-12,0.00012509724,24554.09,24592.0
0.709063,0.53643095,4.9998068,4.8203656e-06,True,2,2.904187e-11,5.7327009e-12,0.00012514728,24567.14,24605.0
0.70941,0.53646178,5.0001778,4.8246863e-06,True,2,2.9061007e-11,5.7365663e-12,0.00012519763,24580.24,24618.0
0.709757,0.53651008,5.0007118,4.8291748e-06,True,2,2.9082659e-11,5.7409111e-12,0.00012524834,24593.26,24631.0
0.710105,0.53631313,4.9989634,4.8314887e-06,True,2,2.9113047e-11,5.7471327e-12,0.00012529941,24606.3,24644.0
0.710453,0.53638222,4.9996986,4.8362681e-06,True,2,2.9137922e-11,5.752056e-12,0.00012535061,24619.4,24658.0
0.710802,0.53647467,5.0006486,4.8412701e-06,True,2,2.9165614e-11,5.7575194e-12,0.00012540191,24632.47,24671.0
0.71115,0.5362992,4.9991009,4.8438646e-06,True,2,2.9160888e-11,5.756766e-12,0.00012545331,24645.56,24684.0
0.711499,0.53643346,5.0004388,4.8492671e-06,True,2,2.9193569e-11,5.7631874e-12,0.0001255048,24658.62,24697.0
0.711848,0.53628079,4.9991033,4.8520865e-06,True,2,2.9191501e-11,5.7629451e-12,0.00012555638,24671.67,24710.0
0.712198,0.53646844,5.0009388,4.8579961e-06,True,2,2.9230496e-11,5.7705793e-12,0.00012560806,24684.79,24723.0
0.712548,0.53634545,4.9998796,4.8611043e-06,True,2,2.9194804e-11,5.7638664e-12,0.00012565983,24697.85,24736.0
0.712898,0.53623444,4.9989322,4.8643299e-06,True,2,2.9193207e-11,5.7637333e-12,0.00012571171,24710.9,24749.0
0.713249,0.5365234,5.0017132,4.8711963e-06,True,2,2.9238313e-11,5.7725709e-12,0.00012576368,24723.94,24762.0
0.713599,0.53645955,5.0012044,4.8748726e-06,True,2,2.9239399e-11,5.7729594e-12,0.00012581574,24736.98,24775.0
0.71395,0.53641611,5.0008871,4.8787447e-06,True,2,2.9243399e-11,5.7739148e-12,0.0001258679,24750.1,24788.0
0.714302,0.53639693,5.0007961,4.8828479e-06,True,2,2.9249736e-11,5.7753242e-12,0.00012592017,24763.23,24802.0
0.714653,0.53640642,5.0009723,4.8872232e-06,True,2,2.9259047e-11,5.77731e-12,0.00012597253,24776.3,24815.0
0.715005,0.53645166,5.001482,4.8919361e-06,True,2,2.9273984e-11,5.7807857e-12,0.00012602503,24789.35,24828.0
0.715358,0.53653235,5.0023312,4.8970693e-06,True,2,2.9299082e-11,5.7859259e-12,0.00012607765,24802.46,24841.0
0.71571,0.53604963,4.9979245,4.8970693e-06,True,2,2.9253919e-11,5.7774665e-12,0.00012613037,24815.57,24854.0
0.716063,0.53618777,4.9993031,4.9027503e-06,True,2,2.9281288e-11,5.7829605e-12,0.00012618318,24828.66,24867.0
0.716416,0.53640853,5.0014516,4.9092013e-06,True,2,2.9318436e-11,5.7903382e-12,0.00012623612,24841.71,24880.0
0.71677,0.5359234,4.9970208,4.9092013e-06,True,2,2.9273004e-11,5.7818288e-12,0.00012628918,24854.8,24893.0
0.717124,0.53627039,5.0003461,4.9168361e-06,True,2,2.9325089e-11,5.7920812e-12,0.0001263423,24867.9,24906.0
0.717478,0.53578375,4.9959012,4.9168361e-06,True,2,2.9279514e-11,5.7835448e-12,0.00012639561,24881.01,24920.0
0.717832,0.53637123,5.0014681,4.9267093e-06,True,2,2.9360019e-11,5.7992681e-12,0.00012644894,24894.21,24933.0
0.718187,0.53588263,4.9970048,4.9267093e-06,True,2,2.931426e-11,5.7906967e-12,0.00012650244,24907.49,24946.0
0.718542,0.53539403,4.9925421,4.9267093e-06,True,2,2.9268551e-11,5.7821341e-12,0.00012655618,24920.64,24959.0
0.718897,0.53693056,5.0069564,4.9453711e-06,True,2,2.9461034e-11,5.8194104e-12,0.00012660986,24933.8,24972.0
0.719253,0.53643827,5.0024578,4.9453711e-06,True,2,2.9414917e-11,5.8107732e-12,0.00012666354,24947.0,24986.0
0.719609,0.53594597,4.9979604,4.9453711e-06,True,2,2.9368844e-11,5.8021419e-12,0.00012671746,24960.14,24999.0
0.719965,0.53545366,4.9934628,4.9453711e-06,True,2,2.9322816e-11,5.7935189e-12,0.00012677163,24973.21,25012.0
0.720322,0.53617397,5.0002773,4.9566658e-06,True,2,2.9425762e-11,5.8136586e-12,0.00012682588,24986.33,25025.0
0.720679,0.53607834,4.9994831,4.9604464e-06,True,2,2.9426818e-11,5.8141064e-12,0.00012688022,24999.44,25038.0
0.721036,0.5361284,5.0000452,4.9655879e-06,True,2,2.9445138e-11,5.8178778e-12,0.00012693469,25012.52,25051.0
0.721394,0.53604688,4.9993799,4.9695238e-06,True,2,2.9447988e-11,5.8186712e-12,0.00012698927,25025.6,25064.0
0.721752,0.53611758,5.0001342,4.9748841e-06,True,2,2.9468908e-11,5.8229455e-12,0.00012704398,25038.69,25078.0
0.72211,0.53605207,4.9996187,4.9789938e-06,True,2,2.9473794e-11,5.8241336e-12,0.0001270988,25051.78,25091.0
0.722469,0.53614633,5.0005933,4.9846011e-06,True,2,2.9498119e-11,5.8290667e-12,0.00012715375,25064.88,25104.0
0.722828,0.53609924,5.0002493,4.9889082e-06,True,2,2.9504837e-11,5.8306088e-12,0.00012720882,25078.0,25117.0
0.723188,0.53606076,4.9999859,4.9933082e-06,True,2,2.9513099e-11,5.8324503e-12,0.00012726402,25091.1,25130.0
0.723547,0.53603149,4.9998085,4.9978068e-06,True,2,2.9522505e-11,5.8345121e-12,0.00012731935,25104.21,25143.0
0.723907,0.53601202,4.9997225,5.0024099e-06,True,2,2.9533129e-11,5.836811e-12,0.0001273748,25117.48,25156.0
0.724268,0.53600309,4.999735,5.0071249e-06,True,2,2.954506e-11,5.8393614e-12,0.00012743037,25130.58,25170.0
0.724628,0.5360056,4.9998543,5.0119604e-06,True,2,2.955842e-11,5.8421885e-12,0.00012748608,25143.71,25183.0
0.724989,0.53602038,5.0000883,5.0169246e-06,True,2,2.9573324e-11,5.8453137e-12,0.00012754192,25156.77,25196.0
0.725351,0.53603917,5.000368,5.0220262e-06,True,2,2.9595334e-11,5.8498991e-12,0.00012759796,25169.84,25209.0
0.725712,0.53607177,5.0007742,5.027276e-06,True,2,2.9613388e-11,5.8536409e-12,0.00012765412,25182.92,25222.0
0.726075,0.53592568,4.9995114,5.0308638e-06,True,2,2.9609022e-11,5.8530617e-12,0.00012771041,25196.02,25235.0
0.726437,0.53598446,5.0001591,5.0363886e-06,True,2,2.9629748e-11,5.8573185e-12,0.00012776685,25209.15,25248.0
0.7268,0.53585665,4.9990669,5.0401741e-06,True,2,2.9628271e-11,5.8572998e-12,0.00012782342,25222.22,25261.0
0.727163,0.53594606,4.9999993,5.0460179e-06,True,2,2.967611e-11,5.8685874e-12,0.00012787998,25235.31,25274.0
0.727526,0.53583981,4.9991074,5.0500339e-06,True,2,2.9696435e-11,5.8742162e-12,0.00012793681,25248.37,25288.0
0.72789,0.53596591,5.0003827,5.0562547e-06,True,2,2.9739505e-11,5.8838064e-12,0.0001279939,25261.5,25301.0
0.728254,0.53588588,4.9997359,5.0605463e-06,True,2,2.9754893e-11,5.8878278e-12,0.00012805122,25274.62,25314.0
0.728619,0.53581781,4.9992012,5.0649643e-06,True,2,2.9986296e-11,5.9343572e-12,0.00012811241,25287.72,25327.0
0.728984,0.53576277,4.9987899,5.0718513e-06,True,2,2.9777921e-11,5.8914437e-12,0.00012817482,25300.89,25340.0
0.729349,0.53597698,5.0008914,5.0766364e-06,True,2,2.9743629e-11,5.8816088e-12,0.00012823273,25313.93,25353.0
0.729715,0.53596121,5.0008453,5.0815944e-06,True,2,2.9753627e-11,5.8836217e-12,0.00012829047,25327.03,25366.0
0.730081,0.53596211,5.0009568,5.0867447e-06,True,2,2.9774926e-11,5.8880894e-12,0.00012834838,25340.17,25379.0
0.730447,0.53597614,5.001197,5.0921082e-06,True,2,2.9792356e-11,5.8917349e-12,0.00012840647,25353.35,25393.0
0.730814,0.53571561,4.9988721,5.0948772e-06,True,2,2.9774909e-11,5.8886523e-12,0.00012846471,25366.47,25406.0
0.731181,0.53576513,4.9994384,5.100609e-06,True,2,2.9795774e-11,5.892959e-12,0.00012852311,25379.59,25419.0
0.731549,0.53584339,5.0002728,5.1066319e-06,True,2,2.9820189e-11,5.8979508e-12,0.00012858167,25392.74,25432.0
0.731916,0.53595521,5.0014212,5.1129926e-06,True,2,2.9848961e-11,5.9037857e-12,0.0001286404,25405.91,25445.0
0.732285,0.53574733,4.9995859,5.1163192e-06,True,2,2.9838698e-11,5.9020915e-12,0.00012869928,25419.04,25458.0
0.732653,0.53592131,5.0013143,5.1233084e-06,True,2,2.9874927e-11,5.9093654e-12,0.00012875834,25432.21,25472.0
0.733022,0.53574798,4.9998018,5.1269942e-06,True,2,2.9869217e-11,5.9085528e-12,0.00012881755,25445.35,25485.0
0.733391,0.53558886,4.9984225,5.1308289e-06,True,2,2.9865245e-11,5.9080764e-12,0.00012887694,25458.48,25498.0
0.733761,0.53588286,5.0012704,5.1390228e-06,True,2,2.991633e-11,5.9182195e-12,0.0001289365,25471.65,25511.0
0.734131,0.53578005,5.0004166,5.1434302e-06,True,2,2.9919352e-11,5.9190946e-12,0.00012899623,25484.78,25524.0
0.734502,0.53570233,4.9997972,5.1480933e-06,True,2,2.9925451e-11,5.9205647e-12,0.00012905614,25497.93,25538.0
0.734873,0.53565432,4.9994552,5.1530577e-06,True,2,2.9935221e-11,5.9227437e-12,0.00012911622,25511.04,25551.0
0.735244,0.53563675,4.9994035,5.1583922e-06,True,2,2.9956228e-11,5.9271842e-12,0.00012917656,25524.16,25564.0
0.735616,0.53566106,4.9997432,5.1641816e-06,True,2,2.9975338e-11,5.9311734e-12,0.00012923709,25537.29,25577.0
0.735988,0.53574419,5.0006293,5.1705571e-06,True,2,3.0001793e-11,5.9365839e-12,0.00012929782,25550.45,25590.0
0.73636,0.53590873,5.0022742,5.1777385e-06,True,2,3.0038344e-11,5.9439416e-12,0.00012935874,25563.61,25603.0
0.736733,0.53532854,4.9969704,5.1777385e-06,True,2,2.9983908e-11,5.9337457e-12,0.00012941987,25576.73,25616.0
0.737106,0.53561428,4.9997466,5.1861303e-06,True,2,3.003546e-11,5.9440008e-12,0.00012948116,25589.84,25630.0
0.73748,0.53611957,5.0045728,5.1966712e-06,True,2,3.0114071e-11,5.9594783e-12,0.00012954274,25602.92,25643.0
0.737854,0.53553513,4.9992283,5.1966712e-06,True,2,3.0059295e-11,5.9492183e-12,0.00012960443,25616.02,25656.0
0.738228,0.53495069,4.9938852,5.1966712e-06,True,2,3.0005847e-11,5.9392241e-12,0.00012966649,25629.19,25669.0
0.738603,0.53605072,5.0042609,5.2130645e-06,True,2,3.0158085e-11,5.9689194e-12,0.0001297288,25642.38,25682.0
0.738978,0.5354626,4.9988826,5.2130645e-06,True,2,3.0107883e-11,5.9595336e-12,0.00012979224,25655.51,25695.0
0.739354,0.53487446,4.9935055,5.2130645e-06,True,2,3.0053285e-11,5.9493162e-12,0.00012985616,25668.62,25708.0
0.739729,0.53428633,4.9881283,5.2130645e-06,True,2,2.9998463e-11,5.9390549e-12,0.00012992044,25681.77,25722.0
0.740105,0.53558238,5.0003395,5.231499e-06,True,2,2.4337908e-11,4.5743179e-12,0.00012998467,25694.88,25735.0
0.740481,0.5355492,5.000151,5.2370642e-06,True,2,2.4334992e-11,4.5737344e-12,0.00013004726,25708.08,25748.0
0.740859,0.53552581,5.0000496,5.2427468e-06,True,2,2.4338728e-11,4.5743436e-12,0.00013010954,25721.26,25761.0
0.741236,0.53551319,5.0000471,5.2485545e-06,True,2,2.434344e-11,4.5751368e-12,0.00013017161,25734.52,25774.0
0.741615,0.53551204,5.0001514,5.2544946e-06,True,2,2.4349178e-11,4.5761187e-12,0.00013023341,25747.77,25788.0
0.741993,0.53552323,5.0003714,5.260576e-06,True,2,2.4356022e-11,4.5773038e-12,0.00013029488,25761.05,25801.0
0.742372,0.53538777,4.9992221,5.2668082e-06,True,2,2.436292e-11,4.5785053e-12,0.00013035603,25774.26,25814.0
0.742751,0.53542239,4.9996606,5.2715872e-06,True,2,2.4366301e-11,4.5789438e-12,0.00013041687,25787.52,25828.0
0.743131,0.5354722,5.0002412,5.2781097e-06,True,2,2.437659e-11,4.5807477e-12,0.0001304775,25800.74,25841.0
0.743511,0.53536664,4.9993714,5.2831207e-06,True,2,2.4372758e-11,4.579993e-12,0.00013054028,25813.92,25854.0
0.743892,0.53544559,5.0002243,5.2899729e-06,True,2,2.4385347e-11,4.582048e-12,0.00013060465,25827.18,25867.0
0.744273,0.53536289,4.9995685,5.295249e-06,True,2,2.438369e-11,4.5816687e-12,0.00013066936,25840.41,25881.0
0.744655,0.53547586,5.0007401,5.3024816e-06,True,2,2.4399824e-11,4.5845041e-12,0.00013073363,25853.71,25894.0
0.745037,0.53541935,5.0003296,5.3080661e-06,True,2,2.4405224e-11,4.5852981e-12,0.00013079696,25866.88,25907.0
0.745419,0.53536633,4.9999601,5.3137972e-06,True,2,2.4406446e-11,4.5854436e-12,0.00013085916,25880.13,25920.0
0.745802,0.5353269,4.9997146,5.3196843e-06,True,2,2.4427511e-11,4.587836e-12,0.00013093627,25893.3,25933.0
0.746185,0.53530248,4.9996069,5.325742e-06,True,2,2.4430822e-11,4.58841e-12,0.00013101654,25906.48,25947.0
0.746569,0.53529432,4.9996509,5.3319835e-06,True,2,2.4435636e-11,4.589255e-12,0.00013109603,25919.64,25960.0
0.746953,0.53530384,4.9998602,5.3384235e-06,True,2,2.4442084e-11,4.5903975e-12,0.00013117606,25932.85,25973.0
0.747337,0.53533307,5.0002539,5.3450833e-06,True,2,2.4450329e-11,4.5918658e-12,0.00013125685,25946.1,25986.0
0.747723,0.53538417,5.0008523,5.3519847e-06,True,2,2.4460579e-11,4.5936974e-12,0.00013133727,25959.34,26000.0
0.748108,0.53521757,4.9994172,5.3567317e-06,True,2,2.4451083e-11,4.5919562e-12,0.0001314173,25972.63,26013.0
0.748494,0.5353101,5.0004023,5.3640941e-06,True,2,2.4465133e-11,4.5944786e-12,0.00013149693,25985.84,26026.0
0.74888,0.53517321,4.9992455,5.36918e-06,True,2,2.4458362e-11,4.5932311e-12,0.00013157617,25999.03,26039.0
0.749267,0.5353169,5.0007092,5.3771043e-06,True,2,2.4477103e-11,4.5966042e-12,0.00013165498,26012.19,26053.0
0.749655,0.53521713,4.9998993,5.3826069e-06,True,2,2.4473744e-11,4.5959749e-12,0.00013173338,26025.4,26066.0
0.750042,0.53513354,4.9992416,5.3883032e-06,True,2,2.4477468e-11,4.5965582e-12,0.00013181139,26038.61,26079.0
0.750431,0.53505992,4.9986853,5.3942152e-06,True,2,2.4476621e-11,4.5963877e-12,0.00013188906,26051.79,26092.0
0.750819,0.5353221,5.0012624,5.4035395e-06,True,2,2.4506344e-11,4.6017515e-12,0.00013196629,26065.01,26105.0
0.751209,0.53530789,5.0012559,5.410102e-06,True,2,2.4510957e-11,4.602572e-12,0.00013204307,26078.19,26119.0
0.751598,0.53497879,4.9983076,5.4169905e-06,True,2,2.4515863e-11,4.6034592e-12,0.0001321194,26091.37,26132.0
0.751988,0.53501003,4.9987259,5.4205708e-06,True,2,2.4495977e-11,4.599838e-12,0.00013219527,26104.55,26145.0
0.752379,0.53507835,4.9994906,5.4280413e-06,True,2,2.4507906e-11,4.6019775e-12,0.00013227016,26117.93,26158.0
0.75277,0.53519147,5.000674,5.4359936e-06,True,2,2.45242e-11,4.6049139e-12,0.00013234457,26131.4,26172.0
0.753162,0.53493136,4.9983716,5.4401784e-06,True,2,2.450651e-11,4.6016985e-12,0.00013241853,26144.79,26185.0
0.753554,0.53512918,5.0003465,5.4490456e-06,True,2,2.4530561e-11,4.6060422e-12,0.00013249199,26158.24,26199.0
0.753946,0.53491784,4.9984999,5.4537716e-06,True,2,2.4517351e-11,4.6036393e-12,0.00013256501,26171.72,26212.0
0.754339,0.53523846,5.0016226,5.4639487e-06,True,2,2.4552655e-11,4.6100216e-12,0.00013263754,26185.19,26226.0
0.754733,0.53510161,5.0004723,5.4694846e-06,True,2,2.4546274e-11,4.6088563e-12,0.00013270958,26198.62,26239.0
0.755127,0.53499559,4.9996132,5.4753912e-06,True,2,2.4547454e-11,4.6089669e-12,0.0001327812,26212.05,26253.0
0.755521,0.5349242,4.999083,5.4817505e-06,True,2,2.4547184e-11,4.608912e-12,0.00013285239,26225.5,26266.0
0.755916,0.53490594,4.9990458,5.4886807e-06,True,2,2.4551783e-11,4.6097394e-12,0.00013292309,26238.96,26280.0
0.756312,0.53495765,4.999661,5.4963572e-06,True,2,2.4562802e-11,4.6117286e-12,0.0001329933,26252.34,26293.0
0.756708,0.53510839,5.0012016,5.5050815e-06,True,2,2.4582892e-11,4.615362e-12,0.00013306302,26265.76,26307.0
0.757104,0.53541569,5.0042068,5.5154489e-06,True,2,2.4617322e-11,4.6215926e-12,0.00013313238,26279.16,26320.0
0.757502,0.53471402,4.9977829,5.5154489e-06,True,2,2.4559578e-11,4.6111329e-12,0.00013320103,26292.56,26333.0
0.757899,0.53531734,5.0035535,5.5289341e-06,True,2,2.4621114e-11,4.6222726e-12,0.00013326933,26305.99,26347.0
0.758297,0.53461225,4.9970988,5.5289341e-06,True,2,2.4563078e-11,4.6117626e-12,0.00013333706,26319.4,26360.0
0.758695,0.53390716,4.9906452,5.5289341e-06,True,2,2.45051e-11,4.6012614e-12,0.0001334049,26332.86,26374.0
0.759094,0.53581387,5.008596,5.5560368e-06,True,2,2.4685953e-11,4.6340114e-12,0.00013347157,26346.24,26387.0
0.759494,0.53510187,5.0020761,5.5560368e-06,True,2,2.4627269e-11,4.6233857e-12,0.00013353733,26359.67,26401.0
0.759894,0.53438986,4.995558,5.5560368e-06,True,2,2.4568652e-11,4.6127719e-12,0.00013360322,26373.06,26414.0
0.760295,0.53481485,4.9996715,5.5679627e-06,True,2,2.461944e-11,4.6219206e-12,0.00013366826,26386.46,26427.0
0.760696,0.53485178,5.0001589,5.5759182e-06,True,2,2.4629479e-11,4.6237406e-12,0.00013373261,26399.89,26441.0
0.761098,0.5347473,4.9993227,5.5824294e-06,True,2,2.4626602e-11,4.623223e-12,0.00013379648,26413.37,26454.0
0.7615,0.53481458,5.000091,5.5907643e-06,True,2,2.4639481e-11,4.6255578e-12,0.00013385986,26426.82,26468.0
0.761903,0.53473545,4.9994914,5.5975998e-06,True,2,2.4638986e-11,4.6254722e-12,0.00013392275,26440.22,26481.0
0.762306,0.53483787,5.0005894,5.6063674e-06,True,2,2.4655173e-11,4.6284085e-12,0.00013398515,26453.61,26495.0
0.76271,0.53478821,5.0002657,5.6135732e-06,True,2,2.4657466e-11,4.6288292e-12,0.00013404706,26467.1,26508.0
0.763115,0.53475314,5.0000788,5.6209629e-06,True,2,2.4661131e-11,4.6294991e-12,0.00013410848,26480.52,26522.0
0.76352,0.5347338,5.0000391,5.6285489e-06,True,2,2.4666269e-11,4.6304373e-12,0.00013416942,26493.98,26535.0
0.763925,0.53473151,5.0001595,5.6363465e-06,True,2,2.4673002e-11,4.6316645e-12,0.00013422986,26507.49,26549.0
0.764331,0.53474773,5.0004534,5.6443717e-06,True,2,2.4681462e-11,4.6332058e-12,0.0001342898,26520.96,26562.0
0.764738,0.53458626,4.9990861,5.6505519e-06,True,2,2.4673633e-11,4.6317977e-12,0.00013434926,26534.39,26576.0
0.765145,0.53463498,4.9996885,5.6590241e-06,True,2,2.4711976e-11,4.6376825e-12,0.00013441745,26547.86,26589.0
0.765553,0.53470024,5.0004503,5.6677815e-06,True,2,2.4726304e-11,4.640248e-12,0.00013449404,26561.28,26603.0
0.765961,0.53457492,4.9994269,5.6745525e-06,True,2,2.4723003e-11,4.6396269e-12,0.00013457097,26574.67,26616.0
0.76637,0.53468691,5.0006216,5.683877e-06,True,2,2.474177e-11,4.6429966e-12,0.00013464822,26588.36,26630.0
0.76678,0.5345991,4.9999478,5.6911129e-06,True,2,2.474203e-11,4.6430215e-12,0.0001347258,26601.92,26643.0
0.76719,0.53452962,4.9994463,5.6985767e-06,True,2,2.4744039e-11,4.6433634e-12,0.0001348037,26615.46,26657.0
0.7676,0.53448025,4.9991333,5.7062885e-06,True,2,2.4747954e-11,4.6440522e-12,0.00013488193,26628.99,26670.0
0.768011,0.53445328,4.9990298,5.7142737e-06,True,2,2.4753984e-11,4.6451243e-12,0.00013496046,26642.62,26684.0
0.768423,0.53445128,4.99916,5.7225615e-06,True,2,2.4762348e-11,4.6466202e-12,0.00013503892,26656.07,26697.0
0.768836,0.53447725,4.9995521,5.7311851e-06,True,2,2.4773385e-11,4.6486004e-12,0.00013511648,26669.47,26711.0
0.769249,0.53453481,5.00024,5.740185e-06,True,2,2.4787371e-11,4.6511131e-12,0.00013519467,26682.97,26724.0
0.769662,0.53462837,5.0012658,5.7496104e-06,True,2,2.4804669e-11,4.654225e-12,0.00013527362,26696.39,26738.0
0.770076,0.53444943,4.9997439,5.7561613e-06,True,2,2.4801837e-11,4.6536317e-12,0.00013535357,26709.83,26751.0
0.770491,0.53460396,5.0013499,5.7664383e-06,True,2,2.4825057e-11,4.6578173e-12,0.00013543489,26723.64,26765.0
0.770907,0.53446871,5.0002408,5.7736291e-06,True,2,2.4821546e-11,4.6571755e-12,0.00013551733,26737.08,26779.0
0.771323,0.53435901,4.9993699,5.7811306e-06,True,2,2.4820348e-11,4.6569515e-12,0.00013560086,26750.63,26792.0
0.771739,0.53427834,4.9987671,5.7889837e-06,True,2,2.4898792e-11,4.6718586e-12,0.00013568363,26764.2,26806.0
0.772156,0.53423124,4.9984805,5.7972373e-06,True,2,2.4950135e-11,4.6815675e-12,0.0001357596,26777.61,26819.0
0.772574,0.5342236,4.9985655,5.8059566e-06,True,2,2.4948438e-11,4.6811739e-12,0.00013584707,26791.01,26833.0
0.772993,0.53426306,4.9990959,5.8152262e-06,True,2,2.4848495e-11,4.6620291e-12,0.00013592895,26804.39,26846.0
0.773412,0.53435916,5.0001516,5.8251572e-06,True,2,2.4866407e-11,4.6652646e-12,0.00013601326,26817.77,26859.0
0.773831,0.53452651,5.0018753,5.8359093e-06,True,2,2.4891466e-11,4.6697975e-12,0.00013609793,26831.16,26873.0
0.774252,0.53423206,4.9992776,5.841659e-06,True,2,2.4873401e-11,4.6665326e-12,0.00013618296,26844.56,26886.0
0.774673,0.53454623,5.002376,5.8541042e-06,True,2,2.4912365e-11,4.6735845e-12,0.00013626839,26858.0,26900.0
0.775094,0.53433991,5.0006053,5.8609192e-06,True,2,2.4907779e-11,4.6726971e-12,0.00013635423,26871.37,26913.0
0.775517,0.53416651,4.9991513,5.8682271e-06,True,2,2.4901304e-11,4.6715351e-12,0.00013644055,26884.78,26927.0
0.77594,0.53404628,4.9981912,5.8761571e-06,True,2,2.489987e-11,4.6712847e-12,0.00013652727,26898.24,26940.0
0.776363,0.53399516,4.9978762,5.8848884e-06,True,2,2.490407e-11,4.6720352e-12,0.0001366144,26911.63,26953.0
0.776787,0.53403921,4.9984521,5.8947129e-06,True,2,2.4918177e-11,4.6745992e-12,0.00013670193,26925.01,26967.0
0.777212,0.53422779,5.0003812,5.9061813e-06,True,2,2.4945941e-11,4.6796352e-12,0.00013678988,26938.45,26980.0
0.777638,0.53467093,5.0046927,5.9205166e-06,True,2,2.499672e-11,4.6888416e-12,0.00013687829,26951.86,26994.0
0.778064,0.53381567,4.9968555,5.9205166e-06,True,2,2.4926489e-11,4.6761564e-12,0.00013696706,26965.3,27007.0
0.778491,0.53492635,5.0074123,5.9423636e-06,True,2,2.5042365e-11,4.6971555e-12,0.00013705635,26978.91,27021.0
0.778918,0.53406478,4.9995185,5.9423636e-06,True,2,2.4970659e-11,4.6842546e-12,0.0001371459,26992.36,27034.0
0.779346,0.53320319,4.9916234,5.9423636e-06,True,2,2.4900036e-11,4.6714995e-12,0.00013723608,27005.77,27048.0
0.779774,0.53234159,4.9837287,5.9423636e-06,True,2,2.4829505e-11,4.6587588e-12,0.00013732687,27019.25,27061.0
0.780203,0.53412023,5.000549,5.9719614e-06,True,2,2.5013771e-11,4.6920976e-12,0.00013741802,27032.68,27075.0
0.780633,0.53405309,5.0000966,5.9810887e-06,True,2,2.5018387e-11,4.6929646e-12,0.00013750927,27046.14,27088.0
0.781064,0.53400179,4.9997901,5.9904405e-06,True,2,2.5024525e-11,4.6941072e-12,0.00013760096,27059.54,27102.0
0.781496,0.53396759,4.9996421,6.0000317e-06,True,2,2.5032347e-11,4.6955563e-12,0.0001376931,27072.96,27115.0
0.781928,0.53395185,4.9996677,6.0098793e-06,True,2,2.5041984e-11,4.6973353e-12,0.00013778568,27086.37,27128.0
0.782361,0.53395614,4.999882,6.0200023e-06,True,2,2.5053606e-11,4.699476e-12,0.0001378787,27099.84,27142.0
0.782795,0.5339822,5.0003007,6.0304218e-06,True,2,2.5067354e-11,4.7020038e-12,0.00013797217,27113.27,27155.0
0.78323,0.53383987,4.9991428,6.0389881e-06,True,2,2.5065237e-11,4.7016614e-12,0.00013806609,27126.73,27169.0
0.783665,0.53390988,4.9999735,6.0500065e-06,True,2,2.5083313e-11,4.7049754e-12,0.00013816047,27140.14,27182.0
0.784101,0.53380457,4.9991636,6.0590894e-06,True,2,2.5084857e-11,4.7052997e-12,0.0001382553,27153.8,27196.0
0.784538,0.53392696,5.0004862,6.0708093e-06,True,2,2.5108038e-11,4.7095431e-12,0.00013835059,27167.23,27209.0
0.784975,0.5338664,5.0000962,6.0805029e-06,True,2,2.5113938e-11,4.7106597e-12,0.00013844635,27180.63,27223.0
0.785413,0.53381766,4.999827,6.0905044e-06,True,2,2.5126716e-11,4.7129772e-12,0.00013854271,27194.2,27236.0
0.785852,0.5337928,4.9997782,6.1008413e-06,True,2,2.5136332e-11,4.7147718e-12,0.00013863954,27207.74,27250.0
0.786292,0.53379494,4.9999792,6.1115419e-06,True,2,2.5149577e-11,4.7172413e-12,0.00013873684,27221.17,27263.0
0.786732,0.5338275,5.0004676,6.1226474e-06,True,2,2.5164826e-11,4.7200614e-12,0.00013883462,27234.6,27277.0
0.787173,0.53363858,4.9988815,6.131266e-06,True,2,2.5158089e-11,4.7188843e-12,0.00013893288,27248.05,27290.0
0.787615,0.53373219,4.9999426,6.143186e-06,True,2,2.5180323e-11,4.7229898e-12,0.00013903162,27261.52,27304.0
0.788058,0.53359281,4.9988226,6.1524805e-06,True,2,2.5179029e-11,4.7228041e-12,0.00013913085,27274.95,27317.0
0.788502,0.5337633,5.0006051,6.1654065e-06,True,2,2.5208571e-11,4.7282467e-12,0.00013923057,27288.36,27331.0
0.788946,0.53368767,5.000083,6.1755499e-06,True,2,2.5214809e-11,4.729473e-12,0.00013933078,27301.78,27344.0
0.789391,0.53364473,4.9998679,6.1861279e-06,True,2,2.522424e-11,4.7312787e-12,0.00013943149,27315.2,27358.0
0.789837,0.53363885,5.0000005,6.1971938e-06,True,2,2.52372e-11,4.7337227e-12,0.00013953269,27328.64,27371.0
0.790283,0.53366855,5.0004739,6.2088181e-06,True,2,2.5258111e-11,4.7375263e-12,0.0001396345,27342.11,27385.0
0.790731,0.5337429,5.0013675,6.2210777e-06,True,2,2.5278417e-11,4.7412839e-12,0.00013973684,27355.57,27398.0
0.791179,0.53349661,4.9992532,6.2296593e-06,True,2,2.5268172e-11,4.7394909e-12,0.00013983968,27369.01,27411.0
0.791628,0.53367338,5.001103,6.2432424e-06,True,2,2.529848e-11,4.7450663e-12,0.00013994305,27382.53,27425.0
0.792078,0.53350441,4.999714,6.2528452e-06,True,2,2.5295765e-11,4.7446612e-12,0.00014004692,27395.98,27438.0
0.792528,0.53337464,4.9986936,6.2629649e-06,True,2,2.5296862e-11,4.7449489e-12,0.00014015131,27409.4,27452.0
0.79298,0.53329145,4.9981103,6.2736915e-06,True,2,2.5302507e-11,4.7460636e-12,0.00014025623,27422.88,27465.0
0.793432,0.53326361,4.9980461,6.2851327e-06,True,2,2.5312989e-11,4.7480672e-12,0.00014034309,27436.28,27479.0
0.793885,0.53330436,4.9986253,6.2974489e-06,True,2,2.5330747e-11,4.7513813e-12,0.0001404306,27449.71,27492.0
0.794339,0.53343266,5.0000256,6.310869e-06,True,2,2.535705e-11,4.7562457e-12,0.00014051991,27463.19,27506.0
0.794794,0.53367641,5.0025101,6.3257294e-06,True,2,2.5394614e-11,4.7631562e-12,0.00014061103,27476.6,27519.0
0.79525,0.5333403,4.999565,6.3338602e-06,True,2,2.5382321e-11,4.7610034e-12,0.00014070406,27490.02,27533.0
0.795706,0.53304306,4.996988,6.3425725e-06,True,2,2.5368142e-11,4.7585425e-12,0.00014079895,27503.49,27546.0
0.796163,0.53367502,5.0031164,6.3624211e-06,True,2,2.5443693e-11,4.772348e-12,0.00014089572,27517.02,27560.0
0.796622,0.53361596,5.0027679,6.3741167e-06,True,2,2.5452721e-11,4.7740992e-12,0.00014099439,27530.43,27573.0
0.797081,0.53370952,5.003851,6.3877076e-06,True,2,2.5476585e-11,4.7785423e-12,0.00014109495,27543.94,27587.0
0.797541,0.53266342,4.9942537,6.3877076e-06,True,2,2.5390379e-11,4.7630358e-12,0.0001411974,27557.45,27600.0
0.798002,0.5330212,4.9978149,6.4046063e-06,True,2,2.5439951e-11,4.7721447e-12,0.00014130186,27570.92,27614.0
0.798463,0.53405483,5.0077124,6.4297224e-06,True,2,2.5555211e-11,4.7931657e-12,0.00014140811,27584.44,27627.0
0.798926,0.53299492,4.9979861,6.4297224e-06,True,2,2.5467771e-11,4.777441e-12,0.00014151647,27597.93,27641.0
0.799389,0.531935,4.9882612,6.4297224e-06,True,2,2.5380468e-11,4.76174e-12,0.00014162646,27611.45,27654.0
0.799852,0.53087508,4.9785399,6.4297224e-06,True,2,2.5292325e-11,4.7458708e-12,0.00014173807,27624.94,27668.0
0.800317,0.53316057,5.0001835,6.4704691e-06,True,2,2.5536233e-11,4.7902408e-12,0.00014185204,27638.44,27681.0
0.800783,0.53313848,5.0001953,6.483415e-06,True,2,2.5550012e-11,4.7928849e-12,0.00014196826,27651.94,27695.0
0.80125,0.53314055,5.0004319,6.4967356e-06,True,2,2.5564397e-11,4.7956185e-12,0.00014208647,27665.55,27708.0
0.801719,0.53297941,4.9991372,6.5081451e-06,True,2,2.5564731e-11,4.795833e-12,0.00014220668,27679.07,27722.0
0.802188,0.53303134,4.9998428,6.5222364e-06,True,2,2.5585658e-11,4.7998147e-12,0.0001423289,27692.62,27736.0
0.802658,0.53291406,4.9989633,6.5368007e-06,True,2,2.5608532e-11,4.804137e-12,0.00014245314,27706.17,27749.0
0.803129,0.53302552,5.0002302,6.5493298e-06,True,2,2.56178e-11,4.8059706e-12,0.0001425794,27719.66,27763.0
0.803601,0.53296114,4.9998483,6.5622465e-06,True,2,2.562809e-11,4.8080031e-12,0.0001427077,27733.16,27776.0
0.804074,0.53292419,4.999725,6.5755843e-06,True,2,2.5641177e-11,4.8105449e-12,0.00014283804,27746.64,27790.0
0.804548,0.53291761,4.9998875,6.5893823e-06,True,2,2.5657351e-11,4.8136519e-12,0.0001429704,27760.1,27803.0
0.805023,0.53294419,5.0003623,6.6036836e-06,True,2,2.5682858e-11,4.8184418e-12,0.00014310477,27773.57,27817.0
0.805499,0.53275318,4.998807,6.6185409e-06,True,2,2.5703285e-11,4.8223429e-12,0.00014324123,27787.1,27830.0
0.805976,0.53283699,4.9998262,6.630864e-06,True,2,2.5706307e-11,4.8230676e-12,0.00014337827,27800.57,27844.0
0.806454,0.53270538,4.9988232,6.6436152e-06,True,2,2.5710837e-11,4.8240765e-12,0.00014350021,27814.08,27857.0
0.806933,0.53287529,5.0006498,6.6602219e-06,True,2,2.5745085e-11,4.8304831e-12,0.00014362278,27827.54,27871.0
0.807413,0.53281943,5.0003592,6.6741043e-06,True,2,2.5757327e-11,4.8328981e-12,0.00014374598,27841.1,27884.0
0.807894,0.53280377,5.0004472,6.6885837e-06,True,2,2.5773634e-11,4.8360549e-12,0.00014386981,27854.57,27898.0
0.808376,0.53283379,5.0009654,6.7037336e-06,True,2,2.5794577e-11,4.8400591e-12,0.00014399427,27868.11,27911.0
0.808859,0.53259517,4.9989628,6.7155951e-06,True,2,2.5789195e-11,4.8392852e-12,0.00014411936,27881.71,27925.0
0.809343,0.53272218,5.0003925,6.7321625e-06,True,2,2.581997e-11,4.8450805e-12,0.0001442451,27895.25,27939.0
0.809828,0.53256428,4.9991497,6.7452279e-06,True,2,2.582281e-11,4.8458082e-12,0.00014437147,27908.69,27952.0
0.810314,0.53244056,4.9982364,6.763638e-06,True,2,2.5869353e-11,4.854494e-12,0.0001444986,27922.07,27965.0
0.810802,0.53275178,5.0014071,6.7783057e-06,True,2,2.5885306e-11,4.8575974e-12,0.0001446264,27935.52,27979.0
0.81129,0.53275208,5.001657,6.7938483e-06,True,2,2.5904398e-11,4.8612898e-12,0.00014475486,27948.95,27992.0
0.81178,0.53238265,4.9984358,6.8047721e-06,True,2,2.5887196e-11,4.8583987e-12,0.00014488397,27962.54,28006.0
0.812271,0.53251046,4.999884,6.8221526e-06,True,2,2.5919241e-11,4.8644543e-12,0.00014501375,27976.11,28020.0
0.812762,0.53223885,4.9975845,6.8409732e-06,True,2,2.5957655e-11,4.8716974e-12,0.00014514419,27989.56,28033.0
0.813255,0.53255211,5.0007762,6.8545099e-06,True,2,2.5962432e-11,4.87278e-12,0.00014527529,28003.04,28046.0
0.813749,0.53243124,4.9998939,6.8690291e-06,True,2,2.5970253e-11,4.8744478e-12,0.00014540704,28016.46,28060.0
0.814244,0.5323955,4.9998117,6.8847548e-06,True,2,2.5986728e-11,4.8776928e-12,0.00014553945,28029.92,28073.0
0.814741,0.53247078,5.0007732,6.9020314e-06,True,2,2.6014477e-11,4.8829923e-12,0.00014567253,28043.45,28087.0
0.815238,0.53269159,5.0031102,6.9213968e-06,True,2,2.6063501e-11,4.8921705e-12,0.00014580634,28056.97,28101.0
0.815737,0.5322321,4.9990608,6.9321276e-06,True,2,2.6038505e-11,4.8878956e-12,0.00014594086,28070.47,28114.0
0.816236,0.5318363,4.9956081,6.9437783e-06,True,2,2.6019991e-11,4.8848044e-12,0.00014607606,28083.94,28128.0
0.816738,0.53263245,5.0033475,6.9711301e-06,True,2,2.6120661e-11,4.9033822e-12,0.00014621191,28097.43,28141.0
0.81724,0.53262342,5.003528,6.9880915e-06,True,2,2.6143171e-11,4.9079122e-12,0.00014634843,28111.11,28155.0
0.817743,0.53293552,5.0067282,7.0093967e-06,True,2,2.619582e-11,4.917768e-12,0.00014648565,28124.58,28168.0
0.818248,0.53162007,4.9946404,7.0093967e-06,True,2,2.6085943e-11,4.8980843e-12,0.00014662347,28138.1,28182.0
0.818753,0.53280309,5.0060218,7.0424599e-06,True,2,2.6226368e-11,4.9239149e-12,0.00014676195,28151.58,28195.0
0.819261,0.53147519,4.99382,7.0424599e-06,True,2,2.6115152e-11,4.9039883e-12,0.0001469011,28165.07,28209.0
0.819768,0.53014726,4.9816204,7.0424599e-06,True,2,2.6004111e-11,4.8840899e-12,0.00014704112,28178.56,28222.0
0.820276,0.53198098,4.9991276,7.08471e-06,True,2,2.6217028e-11,4.9231509e-12,0.00014718186,28192.04,28236.0
0.820787,0.53197447,4.9993499,7.1027704e-06,True,2,2.6239129e-11,4.9274991e-12,0.00014732314,28205.5,28249.0
0.821299,0.53200227,4.9998934,7.1214293e-06,True,2,2.6254421e-11,4.9314154e-12,0.00014746509,28218.94,28263.0
0.821813,0.5320678,5.0007908,7.1407377e-06,True,2,2.6294613e-11,4.9387683e-12,0.00014760773,28232.38,28276.0
0.822327,0.53195953,5.0000569,7.1578549e-06,True,2,2.6317414e-11,4.9429712e-12,0.00014775105,28245.83,28290.0
0.822843,0.53188337,4.9996271,7.1755422e-06,True,2,2.6343908e-11,4.9478485e-12,0.00014789507,28259.29,28303.0
0.823361,0.53184256,4.9995314,7.1938487e-06,True,2,2.6358577e-11,4.9505258e-12,0.00014803978,28272.78,28317.0
0.823879,0.5318412,4.9998082,7.2128359e-06,True,2,2.6369366e-11,4.9531478e-12,0.00014818517,28286.32,28330.0
0.824399,0.531884,5.0005021,7.2325738e-06,True,2,2.6397929e-11,4.9587026e-12,0.00014833126,28299.82,28344.0
0.824921,0.53172072,4.9992603,7.2496574e-06,True,2,2.6405861e-11,4.9605072e-12,0.00014847804,28313.35,28357.0
0.825443,0.53184687,5.0007522,7.2709969e-06,True,2,2.645096e-11,4.9691183e-12,0.00014862516,28326.86,28371.0
0.825968,0.53175567,5.0001992,7.289557e-06,True,2,2.6467052e-11,4.972423e-12,0.00014877305,28340.39,28384.0
0.826493,0.53171068,5.0000792,7.3089076e-06,True,2,2.6488166e-11,4.9766482e-12,0.0001489217,28353.93,28398.0
0.82702,0.53171809,5.0004532,7.3291412e-06,True,2,2.6514839e-11,4.9818911e-12,0.00014907113,28367.56,28412.0
0.827548,0.53147237,4.9984491,7.3503766e-06,True,2,2.6545415e-11,4.9878677e-12,0.00014922134,28381.21,28425.0
0.828078,0.53159413,4.9999023,7.3681872e-06,True,2,2.6554812e-11,4.9899602e-12,0.00014937232,28394.79,28439.0
0.82861,0.53145032,4.9988601,7.3868202e-06,True,2,2.6566805e-11,4.9925465e-12,0.00014952407,28408.28,28452.0
0.829142,0.53136226,4.9983436,7.4063915e-06,True,2,2.6584764e-11,4.996229e-12,0.0001496766,28421.7,28466.0
0.829676,0.53133926,4.9984408,7.427041e-06,True,2,2.6609626e-11,5.0011746e-12,0.00014982989,28435.17,28479.0
0.830212,0.53138804,4.99922,7.4489475e-06,True,2,2.6649438e-11,5.0088839e-12,0.00014998382,28448.6,28493.0
0.830749,0.53151952,5.0007838,7.4723247e-06,True,2,2.6691079e-11,5.0169068e-12,0.00015013789,28462.04,28506.0
0.831288,0.53130421,4.9990825,7.4910097e-06,True,2,2.6697343e-11,5.0184919e-12,0.00015029273,28475.45,28520.0
0.831828,0.53115975,4.9980476,7.5108676e-06,True,2,2.6711155e-11,5.0214567e-12,0.00015044838,28488.87,28533.0
0.83237,0.53110181,4.9978289,7.5321327e-06,True,2,2.6734138e-11,5.0261034e-12,0.00015060489,28502.29,28547.0
0.832913,0.53115124,4.998623,7.5551154e-06,True,2,2.6768495e-11,5.0328307e-12,0.00015076214,28515.75,28560.0
0.833458,0.53133874,5.0007183,7.5802692e-06,True,2,2.6817511e-11,5.0422401e-12,0.00015092013,28529.25,28573.0
0.834005,0.53103252,4.9981705,7.598574e-06,True,2,2.6815715e-11,5.0423894e-12,0.00015107887,28542.65,28587.0
0.834553,0.53082343,4.9965382,7.6184488e-06,True,2,2.6824118e-11,5.0444047e-12,0.00015123834,28556.1,28600.0
0.835103,0.53074101,4.9961022,7.6522907e-06,True,2,2.6932728e-11,5.0647995e-12,0.00015139859,28569.51,28614.0
0.835654,0.53082138,4.9972085,7.6650233e-06,True,2,2.6931323e-11,5.0657242e-12,0.00015155948,28582.99,28627.0
0.836207,0.53116626,5.0008041,7.6937283e-06,True,2,2.696012e-11,5.0707784e-12,0.0001517213,28596.42,28641.0
0.836762,0.53066203,4.9964073,7.7103454e-06,True,2,2.6939136e-11,5.0674725e-12,0.00015188375,28609.84,28654.0
0.837318,0.53030227,4.9933721,7.7292433e-06,True,2,2.6932176e-11,5.0667252e-12,0.00015204645,28623.26,28668.0
0.837876,0.53017328,4.9925124,7.751712e-06,True,2,2.6950818e-11,5.0706677e-12,0.0001522097,28636.66,28681.0
0.838436,0.5304913,4.9958634,7.7809638e-06,True,2,2.701663e-11,5.0832345e-12,0.00015237357,28650.07,28695.0
0.838997,0.5327533,5.0175253,7.8390307e-06,True,2,2.7287196e-11,5.1332035e-12,0.00015253826,28663.48,28708.0
0.839561,0.53104467,5.0017945,7.8390307e-06,True,2,2.7141016e-11,5.1070813e-12,0.00015270327,28676.92,28721.0
0.840126,0.53085984,5.0004229,7.8616559e-06,True,2,2.7163181e-11,5.1117663e-12,0.00015286917,28690.37,28735.0
0.840693,0.53082921,5.0005128,7.8869927e-06,True,2,2.719445e-11,5.1180801e-12,0.00015303568,28703.86,28748.0
0.841261,0.53062095,4.9989263,7.9132715e-06,True,2,2.722908e-11,5.125029e-12,0.00015320282,28717.3,28762.0
0.841832,0.53068022,4.9998608,7.9371115e-06,True,2,2.7248852e-11,5.129252e-12,0.00015337059,28730.69,28775.0
0.842404,0.53055691,4.9990776,7.961818e-06,True,2,2.7271549e-11,5.1340331e-12,0.000153539,28744.19,28789.0
0.842979,0.53047978,4.998733,7.9912218e-06,True,2,2.7323844e-11,5.1442525e-12,0.00015370803,28757.71,28802.0
0.843555,0.53045467,4.9988815,8.0141779e-06,True,2,2.7333423e-11,5.1466465e-12,0.00015387768,28771.14,28816.0
0.844133,0.53048861,4.9995896,8.0420501e-06,True,2,2.7373981e-11,5.1547302e-12,0.00015404794,28784.56,28829.0
0.844713,0.53058972,5.0009341,8.0712271e-06,True,2,2.7422094e-11,5.1642084e-12,0.00015421882,28797.98,28843.0
0.845295,0.53046734,5.0001825,8.0974027e-06,True,2,2.7454969e-11,5.1709814e-12,0.00015439072,28811.37,28856.0
0.845879,0.5303978,4.9999348,8.124786e-06,True,2,2.7470404e-11,5.1743972e-12,0.00015456337,28824.81,28870.0
0.846465,0.53039787,5.0003418,8.1535317e-06,True,2,2.750803e-11,5.181981e-12,0.00015473654,28838.27,28883.0
0.847053,0.53014389,4.9983553,8.1838298e-06,True,2,2.7551891e-11,5.1907371e-12,0.00015491024,28851.75,28897.0
0.847643,0.53030081,5.000247,8.2104399e-06,True,2,2.7574029e-11,5.1954473e-12,0.00015508459,28865.28,28910.0
0.848235,0.53019503,4.9996651,8.2384677e-06,True,2,2.7607983e-11,5.2024501e-12,0.00015526351,28878.78,28924.0
0.84883,0.53017487,4.9998943,8.2681399e-06,True,2,2.7641815e-11,5.2094121e-12,0.00015544142,28892.28,28937.0
0.849426,0.53025689,5.0010903,8.2997362e-06,True,2,2.7686751e-11,5.218422e-12,0.00015561711,28905.74,28951.0
0.850025,0.53001833,4.9992659,8.3266461e-06,True,2,2.7586805e-11,5.2027854e-12,0.00015579096,28919.16,28964.0
0.850625,0.52985374,4.9981566,8.3552746e-06,True,2,2.7632909e-11,5.2116074e-12,0.00015596724,28932.61,28977.0
0.851228,0.52979734,4.9980648,8.3859477e-06,True,2,2.7703304e-11,5.2248752e-12,0.00015614406,28946.12,28991.0
0.851833,0.52987494,4.9992373,8.4191022e-06,True,2,2.7783761e-11,5.239947e-12,0.00015632134,28959.5,29004.0
0.852441,0.53012668,5.0020578,8.4554064e-06,True,2,2.7885446e-11,5.2588974e-12,0.00015649904,28972.93,29018.0
0.853051,0.52994906,5.0008302,8.4852408e-06,True,2,2.7941187e-11,5.2694849e-12,0.00015667656,28986.39,29031.0
0.853663,0.5299311,5.0011144,8.5179976e-06,True,2,2.8018068e-11,5.2839414e-12,0.00015685454,28999.84,29045.0
0.854277,0.5293429,4.9960226,8.5546823e-06,True,2,2.8100493e-11,5.2995173e-12,0.00015703297,29013.26,29058.0
0.854894,0.52973504,5.0001847,8.5820741e-06,True,2,2.814005e-11,5.3071769e-12,0.00015721182,29026.7,29072.0
0.855513,0.52950295,4.9984732,8.6127252e-06,True,2,2.803849e-11,5.2912624e-12,0.00015739118,29040.15,29085.0
0.856134,0.52952984,4.9992069,8.6480404e-06,True,2,2.8085745e-11,5.3008439e-12,0.00015757142,29053.56,29099.0
0.856758,0.52999326,5.0040623,8.6909378e-06,True,2,2.8181512e-11,5.3193443e-12,0.00015775216,29067.05,29112.0
0.857385,0.52941549,4.9990942,8.7171944e-06,True,2,2.8163305e-11,5.3169395e-12,0.00015793338,29080.51,29126.0
0.858014,0.52918066,4.9973689,8.7494803e-06,True,2,2.8183151e-11,5.3215326e-12,0.0001581151,29093.97,29139.0
0.858645,0.52976437,5.0033767,8.7957739e-06,True,2,2.8293716e-11,5.3427993e-12,0.00015829732,29107.39,29153.0
0.859279,0.52754201,4.9828949,8.7957739e-06,True,2,2.8094862e-11,5.3072465e-12,0.00015848015,29120.88,29166.0
0.859912,0.52531962,4.9624161,8.7957739e-06,True,2,2.7898101e-11,5.2720798e-12,0.00015866412,29134.31,29179.0
0.860551,0.52909423,4.9985845,8.9012389e-06,True,2,2.8394957e-11,5.3644985e-12,0.00015884849,29147.72,29193.0
0.861193,0.52925798,5.0006563,8.9387134e-06,True,2,2.8436527e-11,5.3731556e-12,0.00015903314,29161.18,29206.0
0.861838,0.52898613,4.9986144,8.9778344e-06,True,2,2.8481454e-11,5.3824733e-12,0.00015921821,29174.65,29220.0
0.862486,0.52904151,4.9996683,9.0141425e-06,True,2,2.8509781e-11,5.3887263e-12,0.00015940367,29188.11,29233.0
0.863136,0.5289004,4.9988729,9.0520595e-06,True,2,2.8543324e-11,5.3959694e-12,0.00015958952,29201.61,29247.0
0.863789,0.52883388,4.9987892,9.0917785e-06,True,2,2.8583687e-11,5.4044699e-12,0.00015977514,29215.09,29260.0
0.864446,0.52885341,4.9995246,9.1335274e-06,True,2,2.8635653e-11,5.4151359e-12,0.00015996064,29228.55,29274.0
0.865105,0.52897107,5.0011954,9.1775903e-06,True,2,2.8707395e-11,5.4295578e-12,0.00016014635,29242.03,29287.0
0.865767,0.52884765,5.0006052,9.2183099e-06,True,2,2.8744335e-11,5.4375081e-12,0.00016033214,29255.55,29301.0
0.866432,0.52882432,5.0009614,9.2613631e-06,True,2,2.8792517e-11,5.4475322e-12,0.00016051809,29269.02,29314.0
0.8671,0.52853728,4.9988284,9.3003889e-06,True,2,2.8811648e-11,5.4522352e-12,0.00016070419,29282.54,29328.0
0.867772,0.52874955,5.001425,9.3488242e-06,True,2,2.8888663e-11,5.4676399e-12,0.00016089053,29296.09,29342.0
0.868446,0.52869986,5.0015516,9.3932855e-06,True,2,2.8935227e-11,5.4774349e-12,0.00016107713,29309.61,29355.0
0.869124,0.5283356,4.9987092,9.4327834e-06,True,2,2.8946148e-11,5.4806784e-12,0.00016126388,29323.11,29369.0
0.869805,0.52857525,5.0015879,9.4837276e-06,True,2,2.9025411e-11,5.496535e-12,0.00016145077,29336.65,29382.0
0.870489,0.52848906,5.0014025,9.5297585e-06,True,2,2.9104127e-11,5.5122002e-12,0.00016163773,29350.19,29396.0
0.871177,0.52800948,4.9974992,9.5694588e-06,True,2,2.9089372e-11,5.510848e-12,0.00016182488,29363.76,29409.0
0.871868,0.5282863,5.0007571,9.6235892e-06,True,2,2.9155452e-11,5.524575e-12,0.00016201215,29377.24,29423.0
0.872563,0.52817762,5.0003738,9.6714699e-06,True,2,2.917411e-11,5.529282e-12,0.00016219623,29390.7,29436.0
0.873261,0.52832347,5.0024102,9.7247897e-06,True,2,2.9258292e-11,5.5459763e-12,0.00016238102,29404.19,29450.0
0.873962,0.52796447,4.9996729,9.7695941e-06,True,2,2.9291437e-11,5.5534196e-12,0.00016257067,29417.68,29463.0
0.874668,0.52787033,4.9994531,9.8200727e-06,True,2,2.936211e-11,5.5679265e-12,0.00016275915,29431.15,29477.0
0.875377,0.52816604,5.0029431,9.8788411e-06,True,2,2.9448649e-11,5.5853423e-12,0.00016294705,29444.65,29490.0
0.87609,0.52773922,4.9996006,9.9251225e-06,True,2,2.9458237e-11,5.588565e-12,0.00016313487,29458.11,29504.0
0.876806,0.52776672,5.0005647,9.9808044e-06,True,2,2.9520349e-11,5.6015131e-12,0.00016332263,29471.58,29517.0
0.877526,0.52659159,4.9901445,1.0014523e-05,True,2,2.9443473e-11,5.588796e-12,0.00016351045,29485.07,29531.0
0.878251,0.52861764,5.0100614,1.0110179e-05,True,2,2.973883e-11,5.6449272e-12,0.0001636982,29498.57,29544.0
0.878979,0.52559933,4.9821953,1.0110179e-05,True,2,2.9448034e-11,5.5926809e-12,0.00016388606,29512.07,29558.0
0.879707,0.52258101,4.9543327,1.0110179e-05,True,2,2.9157948e-11,5.5405178e-12,0.00016407499,29525.6,29571.0
0.880441,0.52733313,5.0001349,1.0262061e-05,True,2,2.9749299e-11,5.6515268e-12,0.00016426368,29539.15,29585.0
0.881182,0.52729806,5.0005736,1.0322799e-05,True,2,2.9807474e-11,5.6639351e-12,0.00016445147,29552.7,29599.0
0.881927,0.52707049,4.9991781,1.0380864e-05,True,2,3.0345715e-11,5.7762449e-12,0.00016463487,29566.24,29612.0
0.882677,0.52694449,4.9987768,1.0442004e-05,True,2,3.024578e-11,5.7562173e-12,0.00016481783,29579.72,29626.0
0.883431,0.52693668,4.9995128,1.0506642e-05,True,2,3.0079264e-11,5.7224177e-12,0.00016500216,29593.24,29639.0
0.88419,0.52671724,4.9982528,1.0575309e-05,True,2,3.0023943e-11,5.7107637e-12,0.00016518749,29606.71,29653.0
0.884953,0.52662369,4.9981945,1.0641101e-05,True,2,3.0093671e-11,5.7255656e-12,0.00016537611,29620.19,29666.0
0.885722,0.52666367,4.9994327,1.0703282e-05,True,2,3.014293e-11,5.7366984e-12,0.00016556392,29633.65,29680.0
0.886495,0.52646683,4.9984298,1.0769519e-05,True,2,3.0194681e-11,5.7482114e-12,0.00016574969,29647.08,29693.0
0.887273,0.52643683,4.9990204,1.0840528e-05,True,2,3.0227726e-11,5.7559892e-12,0.00016593506,29660.58,29707.0
0.888056,0.5266157,5.0016088,1.0917294e-05,True,2,3.0314492e-11,5.7739784e-12,0.00016612003,29674.05,29720.0
0.888845,0.52653749,5.0017716,1.0990229e-05,True,2,3.0370833e-11,5.7863528e-12,0.00016630459,29687.65,29734.0
0.889639,0.52614252,4.9989401,1.1058018e-05,True,2,3.0389475e-11,5.791756e-12,0.00016648869,29701.19,29747.0
0.890438,0.5259532,4.9980875,1.1131863e-05,True,2,3.0441597e-11,5.8035549e-12,0.00016667224,29714.75,29761.0
0.891242,0.52603919,4.9998682,1.1213381e-05,True,2,3.0518974e-11,5.8199606e-12,0.00016685516,29728.29,29774.0
0.892053,0.52576546,4.998239,1.1288921e-05,True,2,3.0553357e-11,5.8284084e-12,0.00016703749,29741.94,29788.0
0.892869,0.52584493,4.9999822,1.1373798e-05,True,2,3.063043e-11,5.844838e-12,0.00016721919,29755.4,29802.0
0.893691,0.52548462,4.9975618,1.1450962e-05,True,2,3.0654689e-11,5.8514775e-12,0.00016740031,29768.9,29815.0
0.894518,0.5255863,4.9995522,1.1540069e-05,True,2,3.073462e-11,5.8685186e-12,0.00016758076,29782.37,29829.0
0.895353,0.5251124,4.9960961,1.1618656e-05,True,2,3.0752973e-11,5.8742716e-12,0.00016776089,29795.89,29842.0
0.896193,0.52528142,4.9987793,1.1713788e-05,True,2,3.0841584e-11,5.8930284e-12,0.00016794105,29809.37,29856.0
0.89704,0.5246637,4.9939891,1.1793451e-05,True,2,3.0838928e-11,5.894765e-12,0.00016812113,29822.89,29869.0
0.897893,0.52519467,5.0001462,1.1901194e-05,True,2,3.096386e-11,5.9205336e-12,0.00016831823,29836.44,29883.0
0.898754,0.52449179,4.9945825,1.1983271e-05,True,2,3.0946787e-11,5.9197068e-12,0.00016851098,29850.03,29896.0
0.899617,0.52015373,4.9544247,1.1983271e-05,True,2,3.0494213e-11,5.8368583e-12,0.00016870369,29863.74,29910.0
0.900487,0.52491724,5.0009645,1.2195844e-05,True,2,3.114489e-11,5.9609331e-12,0.00016889339,29877.36,29924.0
0.901368,0.52474797,5.0005521,1.229813e-05,True,2,3.1192234e-11,5.9723423e-12,0.00016907552,29890.99,29937.0
0.902258,0.52438808,4.9983425,1.2398639e-05,True,2,3.120095e-11,5.9762294e-12,0.0001692534,29904.74,29951.0
0.903154,0.52419719,4.9977617,1.2515231e-05,True,2,3.1277448e-11,5.992949e-12,0.00016942747,29918.36,29965.0
0.904059,0.52421376,4.9991845,1.262122e-05,True,2,3.1295176e-11,5.9987664e-12,0.00016959867,29931.87,29978.0
0.904972,0.52404645,4.9988786,1.2735222e-05,True,2,3.1335993e-11,6.0090144e-12,0.00016976034,29945.33,29992.0
0.905894,0.52411308,5.0008498,1.2858793e-05,True,2,3.1416341e-11,6.0269906e-12,0.00016991994,29959.03,30005.0
0.906824,0.52399013,5.0010277,1.2981261e-05,True,2,3.1462736e-11,6.0384569e-12,0.00017008241,29972.5,30019.0
0.907763,0.52363846,4.9990426,1.3101658e-05,True,2,3.1469675e-11,6.0421863e-12,0.00017024198,29985.93,30032.0
0.908711,0.52361937,5.0002607,1.3234174e-05,True,2,3.1539001e-11,6.0584075e-12,0.00017039472,29999.54,30046.0
0.909669,0.52337201,4.9993299,1.3364941e-05,True,2,3.158117e-11,6.0696795e-12,0.00017054566,30013.04,30060.0
0.910636,0.52357118,5.0027106,1.3511819e-05,True,2,3.1687892e-11,6.0933764e-12,0.00017069562,30026.58,30073.0
0.911614,0.52271651,4.9960471,1.3636115e-05,True,2,3.1655425e-11,6.0909006e-12,0.00017084402,30040.08,30087.0
0.912602,0.52330357,5.0031904,1.380277e-05,True,2,3.1801622e-11,6.1221374e-12,0.0001709999,30053.65,30100.0
0.9136,0.52267634,4.9987544,1.3942476e-05,True,2,3.1795446e-11,6.1248722e-12,0.00017115636,30067.31,30114.0
0.91461,0.52287405,5.0022454,1.4109431e-05,True,2,3.1879238e-11,6.1442285e-12,0.00017131143,30080.81,30127.0
0.915632,0.52283227,5.0034974,1.4276101e-05,True,2,3.1946784e-11,6.1611624e-12,0.00017146816,30094.31,30141.0
0.916665,0.52238014,5.0008516,1.4437783e-05,True,2,3.1956392e-11,6.1662462e-12,0.00017161789,30107.78,30154.0
0.91771,0.52112171,4.9905162,1.4583028e-05,True,2,3.1863858e-11,6.1525223e-12,0.00017175861,30121.24,30168.0
0.918769,0.52329067,5.0130319,1.4831374e-05,True,2,3.220035e-11,6.2199172e-12,0.00017189645,30134.68,30181.0
0.919837,0.51652469,4.9500035,1.4831374e-05,True,2,3.1405418e-11,6.0735328e-12,0.0001720334,30148.14,30195.0
0.920921,0.52155939,5.0000767,1.5178355e-05,True,2,3.2095675e-11,6.2081109e-12,0.00017216597,30161.64,30208.0
0.922021,0.52122335,4.9987231,1.5379735e-05,True,2,3.2117128e-11,6.2164211e-12,0.00017229408,30175.12,30222.0
0.923136,0.52122488,5.0006414,1.5599916e-05,True,2,3.218188e-11,6.2329886e-12,0.0001724186,30188.65,30235.0
0.924268,0.52062462,4.9968254,1.5827336e-05,True,2,3.2234088e-11,6.2473648e-12,0.0001725394,30202.21,30249.0
0.925415,0.52040596,4.9967243,1.6062506e-05,True,2,3.2288522e-11,6.2624336e-12,0.0001726562,30215.71,30263.0
0.92658,0.52070459,5.0016525,1.6306045e-05,True,2,3.2332389e-11,6.2754463e-12,0.00017276866,30229.2,30276.0
0.927763,0.52034878,5.0003266,1.6558815e-05,True,2,3.2361495e-11,6.2858251e-12,0.00017287512,30242.61,30290.0
0.928965,0.51991399,4.9982799,1.6821773e-05,True,2,3.2386126e-11,6.2955081e-12,0.0001729799,30256.08,30303.0
0.930187,0.51941019,4.9956173,1.7126128e-05,True,2,3.2526461e-11,6.3275809e-12,0.00017307995,30269.51,30316.0
0.93143,0.51988126,5.002398,1.7419445e-05,True,2,3.2629873e-11,6.3507566e-12,0.00017317428,30282.92,30330.0
0.932695,0.51950958,5.0011064,1.773137e-05,True,2,3.2694117e-11,6.3682943e-12,0.00017326323,30296.33,30343.0
0.933983,0.51934315,5.001823,1.8068599e-05,True,2,3.2798093e-11,6.3936029e-12,0.00017334688,30309.8,30357.0
0.935296,0.51971686,5.0077954,1.8445494e-05,True,2,3.300101e-11,6.43814e-12,0.00017342547,30323.29,30370.0
0.936636,0.5186021,4.9994763,1.8792704e-05,True,2,3.3027501e-11,6.4492448e-12,0.00017349907,30336.74,30384.0
0.938004,0.51829594,4.9989722,1.9193327e-05,True,2,3.3162687e-11,6.4814256e-12,0.00017356696,30350.25,30397.0
0.939398,0.51267673,4.9472506,1.9419131e-05,True,2,3.2596008e-11,6.3794361e-12,0.00017363183,30363.74,30411.0
0.940818,0.51791707,5.000332,2.0085788e-05,True,2,3.383838e-11,6.6243353e-12,0.00017369473,30377.25,30424.0
0.942282,0.51754536,4.9992809,2.0578306e-05,True,2,3.3938392e-11,6.6508236e-12,0.00017374759,30390.65,30438.0
0.943783,0.51730445,4.9994961,2.1115497e-05,True,2,3.4075015e-11,6.6849329e-12,0.0001737972,30404.11,30451.0
0.945325,0.51656178,4.9948595,2.1709053e-05,True,2,3.4321434e-11,6.7405106e-12,0.00017384415,30417.59,30465.0
0.94691,0.51692597,5.0009247,2.2338375e-05,True,2,3.4478804e-11,6.7812628e-12,0.00017388988,30431.09,30478.0
0.948543,0.51605453,4.9949734,2.3052722e-05,True,2,3.5082491e-11,6.9069116e-12,0.00017393591,30444.63,30492.0
0.950228,0.51587231,4.9956212,2.3775151e-05,True,2,3.5362884e-11,6.9721927e-12,0.00017398515,30458.11,30505.0
0.951972,0.51561741,4.999862,2.4625373e-05,True,2,3.5783061e-11,7.0659902e-12,0.00017404088,30471.64,30519.0
0.953776,0.51410089,5.0057861,2.5509742e-05,True,2,3.6051944e-11,7.1325332e-12,0.0001741085,30485.21,30532.0
0.955644,0.51051427,4.9931363,2.6398156e-05,True,2,3.603003e-11,7.1447716e-12,0.00017419404,30498.76,30546.0
0.957586,0.50731436,4.9860785,2.7433902e-05,True,2,3.6076086e-11,7.1720853e-12,0.00017430483,30512.31,30560.0
0.959604,0.4977942,4.9186236,2.8264328e-05,True,2,3.5118752e-11,7.0047681e-12,0.00017444812,30525.81,30573.0
0.961714,0.50281696,4.9975222,3.0124425e-05,True,2,4.2277135e-11,8.514183e-12,0.00017505638,30539.4,30587.0
0.963943,0.49978208,5.0001202,3.1795352e-05,True,2,4.2711752e-11,8.6235345e-12,0.00017585562,30553.05,30600.0
0.966302,0.49557016,4.9949657,3.3737716e-05,True,2,4.2882662e-11,8.6646309e-12,0.00017676441,30566.64,30614.0
0.968819,0.49173988,4.9987527,3.6183334e-05,True,2,4.3089926e-11,8.6979852e-12,0.00017780233,30580.3,30628.0
0.971532,0.48637783,4.9937489,3.9204278e-05,True,2,4.3194173e-11,8.6922497e-12,0.00017899033,30593.94,30641.0
0.974499,0.48135295,5.0017657,4.331822e-05,True,2,4.4361291e-11,8.8830128e-12,0.00017964472,30607.67,30655.0
0.97781,0.47059464,4.9734856,4.8674544e-05,True,2,4.6610177e-11,9.2864976e-12,0.00018026009,30621.47,30669.0
0.981612,0.4604681,4.986343,5.7643074e-05,True,2,5.5038132e-11,-1.0264066e-11,0.00018084377,30635.4,30683.0
0.983803,0.45207117,4.9781192,6.4273707e-05,False,3,6.4377668e-11,1.3116264e-11,0.00018099931,30642.46,30690.0
0.983868,0.45206001,4.9807896,6.4529778e-05,False,3,6.482482e-11,1.3209658e-11,0.00018099733,30642.73,30690.0
0.983932,0.45204864,4.9835428,6.4788934e-05,False,3,6.5159603e-11,1.327755e-11,0.0001809953,30643.01,30691.0
0.983997,0.45203699,4.986328,6.5051237e-05,False,3,6.5468961e-11,1.3339772e-11,0.00018099326,30643.29,30691.0
0.984063,0.45202512,4.9891288,6.5316752e-05,False,3,6.5774927e-11,1.3401102e-11,0.00018099121,30643.57,30691.0
0.984128,0.45201311,4.9919457,6.5316752e-05,False,3,6.5442483e-11,1.3334437e-11,0.0001809892,30643.84,30691.0
0.984194,0.45015615,4.974387,6.5586656e-05,False,3,6.5701159e-11,1.3386295e-11,0.00018098711,30644.12,30692.0
0.984259,0.45014403,4.977229,6.5859934e-05,False,3,6.6011613e-11,1.3448294e-11,0.00018098503,30644.4,30692.0
0.984326,0.45013181,4.9800981,6.6136656e-05,False,3,6.6321775e-11,1.3510118e-11,0.00018098293,30644.68,30692.0
0.984392,0.45011949,4.9829956,6.6416897e-05,False,3,6.6634276e-11,1.3572358e-11,0.00018098083,30644.95,30692.0
0.984459,0.45010711,4.9859222,6.6700729e-05,False,3,6.6954576e-11,1.3636153e-11,0.00018097875,30645.23,30693.0
0.984526,0.45009465,4.9888786,6.6988233e-05,False,3,6.7281019e-11,1.370113e-11,0.00018097669,30645.5,30693.0
0.984593,0.45008212,4.9918655,6.6988233e-05,False,3,6.6919868e-11,1.3628484e-11,0.00018097468,30645.78,30693.0
0.98466,0.44812965,4.9733428,6.7280758e-05,False,3,6.7219026e-11,1.368837e-11,0.00018097262,30646.06,30694.0
0.984728,0.44811713,4.9763689,6.7577149e-05,False,3,6.7570299e-11,1.3758527e-11,0.00018097059,30646.34,30694.0
0.984795,0.44810455,4.9794267,6.7877491e-05,False,3,6.7925227e-11,1.3829348e-11,0.00018096859,30646.61,30694.0
0.984864,0.4480919,4.9825164,6.8181875e-05,False,3,6.8289307e-11,1.390207e-11,0.00018096664,30646.89,30694.0
0.984932,0.44807919,4.9856383,6.849039e-05,False,3,6.8668844e-11,1.3978017e-11,0.00018096474,30647.16,30695.0
0.985001,0.44806641,4.988793,6.849039e-05,False,3,6.8300506e-11,1.3904203e-11,0.0001809629,30647.44,30695.0
0.985069,0.44602626,4.9693807,6.8804566e-05,False,3,6.8644929e-11,1.3973114e-11,0.00018096104,30647.72,30695.0
0.985139,0.44601199,4.9725673,6.9123106e-05,False,3,6.9505433e-11,1.4158187e-11,0.00018095939,30648.0,30696.0
0.985208,0.44599764,4.9757886,6.9446111e-05,False,3,6.9909125e-11,1.4239058e-11,0.00018095779,30648.28,30696.0
0.985278,0.44598321,4.9790442,6.9773687e-05,False,3,7.0333393e-11,1.4324721e-11,0.00018095626,30648.56,30696.0
0.985348,0.44596868,4.9823345,7.0105943e-05,False,3,7.0759579e-11,1.4410098e-11,0.00018095482,30648.83,30696.0
0.985418,0.44595406,4.9856604,7.044299e-05,False,3,7.1199689e-11,1.4498374e-11,0.00018095347,30649.11,30697.0
0.985489,0.44593936,4.9890228,7.044299e-05,False,3,7.0795614e-11,1.4417247e-11,0.0001809522,30649.38,30697.0
0.98556,0.44378082,4.9684068,7.0786615e-05,False,3,7.1185226e-11,1.4495644e-11,0.00018095095,30649.67,30697.0
0.985631,0.44376611,4.9718153,7.1135317e-05,False,3,7.1645737e-11,1.4588051e-11,0.00018094982,30649.95,30697.0
0.985702,0.44375131,4.9752624,7.1489224e-05,False,3,7.2106692e-11,1.468038e-11,0.00018094883,30650.22,30698.0
0.985774,0.44373643,4.9787485,7.1848467e-05,False,3,7.2604816e-11,1.4780379e-11,0.00018094797,30650.49,30698.0
0.985846,0.44372146,4.9822746,7.221318e-05,False,3,7.3062861e-11,1.4871936e-11,0.00018094726,30650.77,30698.0
0.985919,0.44370642,4.9858417,7.2583504e-05,False,3,7.3526802e-11,1.4964427e-11,0.0001809467,30651.05,30699.0
0.985991,0.44369128,4.989451,7.2583504e-05,False,3,7.3082797e-11,1.487521e-11,0.00018094624,30651.34,30699.0
0.986064,0.44140095,4.9674825,7.2961543e-05,False,3,7.3585317e-11,1.4977322e-11,0.00018094586,30651.61,30699.0
0.986138,0.44138587,4.9711462,7.3345551e-05,False,3,7.4136424e-11,1.5088451e-11,0.00018094568,30651.9,30699.0
0.986211,0.44137072,4.9748549,7.3735687e-05,False,3,7.4698326e-11,1.5201725e-11,0.00018094571,30652.18,30700.0
0.986286,0.44135549,4.9786096,7.4132115e-05,False,3,7.5269741e-11,1.5316951e-11,0.00018094595,30652.46,30700.0
0.98636,0.44134015,4.9824113,7.4535007e-05,False,3,7.5348932e-11,1.5324606e-11,0.00018094643,30652.73,30700.0
0.986435,0.44132472,4.9862614,7.494454e-05,False,3,7.7101226e-11,1.569712e-11,0.00018094714,30653.01,30701.0
0.98651,0.44130923,4.9901615,7.494454e-05,False,3,7.651131e-11,1.5577503e-11,0.00018094797,30653.29,30701.0
0.986585,0.43886916,4.9666551,7.5363225e-05,False,3,7.6578117e-11,1.5583221e-11,0.00018094894,30653.57,30701.0
0.986661,0.4388538,4.9706211,7.5789006e-05,False,3,7.720268e-11,1.5709032e-11,0.00018095019,30653.85,30701.0
0.986737,0.43883835,4.9746413,7.6222086e-05,False,3,7.7854653e-11,1.584055e-11,0.00018095174,30654.12,30702.0
0.986814,0.43882282,4.9787169,7.6662676e-05,False,3,7.8506725e-11,1.5971723e-11,0.00018095355,30654.41,30702.0
0.986891,0.43880721,4.9828496,7.7110996e-05,False,3,7.913083e-11,1.6095281e-11,0.00018095572,30654.69,30702.0
0.986968,0.4387915,4.9870412,7.7110996e-05,False,3,7.8611705e-11,1.5991112e-11,0.00018095802,30654.97,30703.0
0.987046,0.43620994,4.9620845,7.756999e-05,False,3,7.8981127e-11,1.6059515e-11,0.00018100754,30655.24,30703.0
0.987124,0.43619434,4.9663554,7.8037279e-05,False,3,7.969813e-11,1.6204026e-11,0.00018105748,30655.52,30703.0
0.987202,0.43617869,4.9706906,7.8513116e-05,False,3,8.042619e-11,1.6350713e-11,0.00018110785,30655.81,30703.0
0.987281,0.43616296,4.9750916,7.8997765e-05,False,3,8.118446e-11,1.6503601e-11,0.00018115862,30656.09,30704.0
0.987361,0.4361472,4.97956,7.9491501e-05,False,3,8.1957898e-11,1.665928e-11,0.00018120978,30656.37,30704.0
0.987441,0.43613142,4.9840979,7.9994611e-05,False,3,8.2750424e-11,1.6818731e-11,0.00018126135,30656.65,30704.0
0.987521,0.43611565,4.9887077,7.9994611e-05,False,3,8.2197996e-11,1.6708332e-11,0.00018131286,30656.93,30704.0
0.987601,0.43333994,4.9617658,8.0510706e-05,False,3,8.29063e-11,1.6851043e-11,0.00018136453,30657.22,30705.0
0.987682,0.43332442,4.9664755,8.1036919e-05,False,3,8.3724998e-11,1.7015232e-11,0.0001814166,30657.5,30705.0
0.987764,0.43330885,4.9712632,8.1573588e-05,False,3,8.4461792e-11,1.7160941e-11,0.00018146908,30657.78,30705.0
0.987846,0.43329327,4.9761311,8.2121062e-05,False,3,8.5306017e-11,1.7330028e-11,0.00018152195,30658.06,30706.0
0.987929,0.43327771,4.9810821,8.2679708e-05,False,3,8.6168018e-11,1.7502527e-11,0.00018157518,30658.34,30706.0
0.988011,0.43326218,4.986119,8.2679708e-05,False,3,8.5541434e-11,1.7376947e-11,0.00018162831,30658.62,30706.0
0.988095,0.43029964,4.9572641,8.3253873e-05,False,3,8.6351864e-11,1.7540087e-11,0.00018168155,30658.9,30706.0
0.988179,0.43028447,4.9624197,8.3840168e-05,False,3,8.7261592e-11,1.7721904e-11,0.00018173513,30659.18,30707.0
0.988263,0.43026935,4.9676687,8.4439026e-05,False,3,8.8170784e-11,1.7902959e-11,0.00018178904,30659.47,30707.0
0.988348,0.43025429,4.9730139,8.5050903e-05,False,3,8.9123094e-11,1.8092962e-11,0.00018184327,30659.74,30707.0
0.988434,0.43023934,4.9784589,8.5676277e-05,False,3,6.0482459e-11,-1.0903919e-11,0.00018189777,30660.02,30708.0
0.988519,0.43022429,4.9840088,8.5676277e-05,False,3,6.0173185e-11,-1.08701e-11,0.00018195183,30660.3,30708.0
0.988606,0.42704652,4.9529432,8.632046e-05,False,3,6.0998505e-11,-1.1048452e-11,0.00018200585,30660.58,30708.0
0.988693,0.42703247,4.9586362,8.6979395e-05,False,3,6.1891306e-11,-1.1225634e-11,0.00018206017,30660.86,30708.0
0.98878,0.42701871,4.9644431,8.7653654e-05,False,3,6.2791695e-11,-1.1398775e-11,0.00018211478,30661.14,30709.0
0.988869,0.42700523,4.9703674,8.834384e-05,False,3,6.371652e-11,-1.1574435e-11,0.00018216962,30661.43,30709.0
0.988958,0.42699202,4.9764135,8.9050591e-05,False,3,6.467194e-11,-1.1754464e-11,0.00018222467,30661.71,30709.0
0.989047,0.42697905,4.9825863,8.9050591e-05,False,3,6.4286683e-11,-1.1696121e-11,0.00018227952,30662.0,30710.0
0.989137,0.42355092,4.9489392,8.9780513e-05,False,3,6.5248313e-11,-1.1869347e-11,0.00018233425,30662.28,30710.0
0.989227,0.42353894,4.9552897,9.0528684e-05,False,3,6.624129e-11,-1.2077634e-11,0.00018238915,30662.57,30710.0
0.989318,0.42352732,4.96178,9.1295877e-05,False,3,6.7362029e-11,-1.2284088e-11,0.00018244418,30662.85,30710.0
0.98941,0.42351609,4.9684147,9.208291e-05,False,3,6.8520963e-11,-1.2505722e-11,0.00018249925,30663.13,30711.0
0.989503,0.42350525,4.9751998,9.2890655e-05,False,3,6.9732218e-11,-1.2736985e-11,0.00018255439,30663.41,30711.0
0.989596,0.42349501,4.9821419,9.2890655e-05,False,3,6.9291745e-11,-1.2668992e-11,0.00018260922,30663.69,30711.0
0.98969,0.41977092,4.9454324,9.3727508e-05,False,3,7.0432813e-11,-1.2888333e-11,0.00018266369,30663.97,30712.0
0.989785,0.4197624,4.9525969,9.4587393e-05,False,3,7.1024414e-11,-1.2901431e-11,0.00018271696,30664.25,30712.0
0.98988,0.41975453,4.9599365,9.5471387e-05,False,3,7.2418072e-11,-1.3172589e-11,0.00018277014,30664.53,30712.0
0.989976,0.41974735,4.9674587,9.6380639e-05,False,3,7.3881413e-11,-1.3457274e-11,0.00018282313,30664.82,30712.0
0.990074,0.41974099,4.9751719,9.7316373e-05,False,3,7.5449808e-11,-1.3762784e-11,0.00018287586,30665.1,30713.0
0.990171,0.41973397,4.9830761,9.7316373e-05,False,3,7.4975246e-11,-1.369254e-11,0.00018292813,30665.38,30713.0
0.990269,0.41565272,4.9426657,9.8289537e-05,False,3,7.6486881e-11,-1.3991928e-11,0.00018297974,30665.66,30713.0
0.990369,0.41564732,4.950853,9.9292491e-05,False,3,7.8198129e-11,-1.432319e-11,0.00018303114,30665.94,30713.0
0.990469,0.4156429,4.9592654,0.00010032679,False,3,7.9996356e-11,-1.4669362e-11,0.00018308219,30666.23,30714.0
0.99057,0.41563962,4.9679131,0.00010139409,False,3,8.1907651e-11,-1.5039809e-11,0.00018313267,30666.51,30714.0
0.990672,0.41563774,4.9768086,0.00010139409,False,3,8.1361981e-11,-1.4956291e-11,0.00018318261,30666.8,30714.0
0.990774,0.41121622,4.9328451,0.00010250832,False,3,1.0062098e-10,-1.8115795e-11,0.00018308755,30667.08,30715.0
0.990878,0.41121787,4.9420959,0.00010366009,False,3,1.0270005e-10,-1.8485349e-11,0.00018299336,30667.36,30715.0
0.990983,0.41122133,4.9516289,0.00010485159,False,3,1.0489991e-10,-1.8866897e-11,0.00018289997,30667.64,30715.0
0.991089,0.41122667,4.961458,0.00010608514,False,3,1.0718091e-10,-1.9263443e-11,0.00018280719,30667.92,30715.0
0.991195,0.41123422,4.9715999,0.00010608514,False,3,1.0626704e-10,-1.9106108e-11,0.00018271607,30668.21,30716.0
0.991302,0.40640652,4.9233628,0.00010737886,False,3,1.0846354e-10,-1.9488402e-11,0.00018262647,30668.49,30716.0
0.991411,0.40641944,4.9339655,0.00010872109,False,3,1.1100994e-10,-1.9932007e-11,0.00018253837,30668.78,30716.0
0.991521,0.40643517,4.9449333,0.00011011495,False,3,4.3958211e-11,-7.8387072e-12,0.00018242714,30669.07,30717.0
0.991633,0.40645384,4.9562865,0.00011156384,False,3,4.5059384e-11,-8.0369033e-12,0.00018231836,30669.36,30717.0
0.991744,0.40647578,4.9680495,0.00011156384,False,3,4.4635336e-11,-7.961073e-12,0.00018221228,30669.65,30717.0
0.991857,0.40115367,4.9145914,0.00011309211,False,3,4.575658e-11,-8.1444583e-12,0.00018210946,30669.93,30717.0
0.991972,0.40118416,4.9269596,0.00011468495,False,3,4.6958867e-11,-8.3551356e-12,0.00018200988,30670.23,30718.0
0.992088,0.40121921,4.9398091,0.00011634705,False,3,4.8209274e-11,-8.5858311e-12,0.00018191367,30670.51,30718.0
0.992206,0.40125941,4.9531712,0.00011808358,False,3,4.9718829e-11,-8.8368038e-12,0.00018182165,30670.81,30718.0
0.992325,0.40130521,4.9670817,0.00011808358,False,3,4.922017e-11,-8.7517668e-12,0.00018173303,30671.1,30719.0
0.992444,0.39536747,4.9070567,0.00011992863,False,3,5.0632915e-11,-8.9954848e-12,0.00018164914,30671.39,30719.0
0.992566,0.39542604,4.9217856,0.00012186297,False,3,5.2286684e-11,-9.2800917e-12,0.00018156993,30671.68,30719.0
0.99269,0.39549178,4.9371719,0.00012389402,False,3,5.4057957e-11,-9.5848359e-12,0.00018149558,30671.98,30720.0
0.992816,0.3955661,4.9532676,0.00012603012,False,3,5.6001888e-11,-9.8952717e-12,0.00018142646,30672.27,30720.0
0.992942,0.39565066,4.9701318,0.00012603012,False,3,5.5371701e-11,-9.791283e-12,0.00018136119,30672.56,30720.0
0.993071,0.38892375,4.9015916,0.00012832158,False,3,5.7351526e-11,-1.012389e-11,0.00018130126,30672.84,30720.0
0.993201,0.3890303,4.9209523,0.00013074274,False,3,5.955055e-11,-1.0507034e-11,0.00018124641,30673.13,30721.0
0.993335,0.38915025,4.9417318,0.00013330632,False,3,6.2021251e-11,-1.0959212e-11,0.00018119659,30673.42,30721.0
0.993468,0.38928598,4.9635052,0.00013330632,False,3,6.1266887e-11,-1.0832238e-11,0.00018115065,30673.71,30721.0
0.993604,0.38180436,4.8882719,0.00013608354,False,3,6.3731833e-11,-1.1258125e-11,0.00018110981,30674.0,30722.0
0.993743,0.38197579,4.9115143,0.00013904187,False,3,6.0470367e-11,-1.1090122e-11,0.00018115363,30674.31,30722.0
0.993885,0.38216982,4.9360151,0.00014220192,False,3,6.4157932e-11,-1.1800691e-11,0.00018119449,30674.6,30722.0
0.994028,0.38238963,4.9619028,0.00014220192,False,3,6.3632739e-11,-1.1726366e-11,0.00018123463,30674.9,30722.0
0.994173,0.37394307,4.8754786,0.00014567026,False,3,6.7371645e-11,-1.2421678e-11,0.00018127254,30675.19,30723.0
0.994323,0.37422172,4.903441,0.00014940539,False,3,7.2121374e-11,-1.329592e-11,0.00018130753,30675.49,30723.0
0.994476,0.3745415,4.9331794,0.00015344337,False,3,7.7248577e-11,-1.4207117e-11,0.00018133882,30675.79,30723.0
0.994629,0.37490961,4.9649125,0.00015344337,False,3,7.6424958e-11,-1.4056961e-11,0.00018136979,30676.08,30724.0
0.994787,0.36518768,4.8631568,0.00015795641,False,3,8.1785349e-11,-1.4991233e-11,0.00018139803,30676.38,30724.0
0.99495,0.36566283,4.898019,0.00016289255,False,3,8.8267055e-11,-1.6108522e-11,0.00018142468,30676.68,30724.0
0.995113,0.36621421,4.9356158,0.00016289255,False,3,8.7095359e-11,-1.5888761e-11,0.00018145308,30676.97,30725.0
0.995282,0.3553858,4.8199507,0.00016850954,False,3,9.4144717e-11,-1.7102246e-11,0.0001814815,30677.27,30725.0
0.995456,0.3561076,4.8619482,0.00017475063,False,3,1.0284954e-10,-1.8630072e-11,0.00018151224,30677.58,30725.0
0.995631,0.35696086,4.9078489,0.00017475063,False,3,1.012521e-10,-1.8354343e-11,0.00018154783,30677.87,30725.0
0.995813,0.34470096,4.7734168,0.00018203191,False,3,1.1118597e-10,-2.0104531e-11,0.00018158656,30678.17,30726.0
0.996004,0.34585703,4.8257883,0.00019030609,False,3,1.2410833e-10,-2.2414277e-11,0.00018174594,30678.49,30726.0
0.996194,0.34726187,4.884141,0.00019030609,False,3,1.2192509e-10,-2.2042635e-11,0.00018190898,30678.79,30726.0
0.996394,0.33307861,4.7228361,0.00020032219,False,3,1.3785753e-10,-2.4847482e-11,0.00018170791,30679.09,30727.0
0.996595,0.33505764,4.7917351,0.00020032219,False,3,1.3421065e-10,-2.4370894e-11,0.00018150668,30679.39,30727.0
0.996795,0.31969252,4.6125416,0.00020032219,False,3,1.2432432e-10,-2.2408374e-11,0.00018130021,30679.7,30727.0
0.996995,0.30453553,4.4375261,0.00020032219,False,3,1.0763206e-10,-1.8169447e-11,0.00018106355,30680.0,30728.0
0.997195,0.28963759,4.262717,0.00020032219,False,3,1.4338697e-10,2.0872996e-11,0.00018100869,30680.31,30728.0
0.997396,0.27507011,4.088093,0.00020032219,False,3,1.3800408e-10,2.1002704e-11,0.00018096929,30680.62,30728.0
0.997596,0.26089587,3.9135963,0.00020032219,False,3,1.4980865e-10,2.511089e-11,0.00018092791,30680.91,30728.0
0.997796,0.24715328,3.7392506,0.00020032219,False,3,7.6737965e-11,1.325479e-11,0.00018088457,30681.22,30729.0
0.997997,0.2338813,3.5650751,0.00020032219,False,3,9.133744e-11,1.5649675e-11,0.00018084931,30681.52,30729.0
0.998197,0.22113807,3.3910464,0.00020032219,False,3,9.7758861e-11,1.6210834e-11,0.00018082204,30681.83,30729.0
0.998397,0.20902318,3.2170896,0.00020032219,False,3,9.457896e-11,1.5663455e-11,0.00018080311,30682.14,30730.0
0.998598,0.19770068,3.0433011,0.00020032219,False,3,9.1955915e-11,1.5126084e-11,0.00018078805,30682.45,30730.0
0.998798,0.18733358,2.8696361,0.00020032219,False,3,8.8826626e-11,1.4471139e-11,0.00018076992,30682.76,30730.0
0.998998,0.17798193,2.6961546,0.00020032219,False,3,8.6543906e-11,1.3915222e-11,0.00018075158,30683.07,30731.0
0.999199,0.16961863,2.5332524,0.00020032219,False,3,8.5608699e-11,1.3568491e-11,0.00018073547,30683.38,30731.0
0.999399,0.16223945,2.4045879,0.00020032219,False,3,8.407531e-11,1.3309437e-11,0.00018072727,30683.69,30731.0
0.999599,0.15597495,2.276364,0.00020032219,False,3,8.2137822e-11,1.3018263e-11,0.00018072212,30684.0,30732.0
0.9998,0.15099039,2.1485276,0.00020032219,False,3,8.0508107e-11,1.2654089e-11,0.00018072154,30684.31,30732.0
1.0,0.14740944,2.0211251,0.00020032219,False,3,1.1430795e-10,1.7155174e-11,0.00018086116,30684.64,30732.0
1.0002,0.14519684,1.8941562,0.0002,False,3,1.1145383e-10,1.6769216e-11,0.0001810002,30684.95,30733.0
1.0004,0.14412788,1.7649328,0.0002,False,3,1.0856739e-10,1.6342997e-11,0.00018114213,30685.27,30733.0
1.0006,0.14470261,1.7430598,0.0002,False,3,1.0637322e-10,1.6025263e-11,0.00018128868,30685.59,30733.0
1.0008,0.14675395,1.8295958,0.0002,False,3,1.0450337e-10,1.5748913e-11,0.00018143939,30685.91,30733.0
1.001,0.15028231,1.915401,0.0002,False,3,1.0295239e-10,1.5461915e-11,0.00018159481,30686.23,30734.0
1.0012,0.15535084,2.0005575,0.0002,False,3,1.0232999e-10,1.5353908e-11,0.00018175585,30686.54,30734.0
1.0014,0.16206837,2.0920949,0.0002,False,3,1.0286247e-10,1.5359704e-11,0.00018191965,30686.85,30734.0
1.0016,0.1704791,2.1916123,0.0002,False,3,1.0412851e-10,1.5533021e-11,0.00018208861,30687.16,30735.0
1.0018,0.18036738,2.2894417,0.0002,False,3,1.059904e-10,1.5717259e-11,0.00018225871,30687.48,30735.0
1.002,0.19152338,2.3857213,0.0002,False,3,1.0852701e-10,1.6001949e-11,0.00018242912,30687.81,30735.0
1.0022,0.20375676,2.4805423,0.0002,False,3,1.1105143e-10,1.627321e-11,0.00018260113,30688.12,30736.0
1.0024,0.21687486,2.5737558,0.0002,False,3,1.1353853e-10,1.6515662e-11,0.0001827759,30688.44,30736.0
1.0026,0.23064335,2.6654091,0.0002,False,3,1.1653008e-10,1.6586354e-11,0.00018295202,30688.75,30736.0
1.0028,0.24489391,2.7555711,0.0002,False,3,1.2187453e-10,1.6815948e-11,0.00018313157,30689.07,30737.0
1.003,0.2595717,2.844287,0.0002,False,3,9.0315024e-11,1.4185817e-11,0.00018331565,30689.38,30737.0
1.0032,0.27463329,2.9316555,0.0002,False,3,9.1927822e-11,1.4312072e-11,0.000183361,30689.69,30737.0
1.0034,0.29002426,3.0178436,0.0002,False,3,1.3517918e-10,2.0609532e-11,0.00018367773,30690.01,30738.0
1.0036,0.30569755,3.1028977,0.0002,False,3,1.3593674e-10,2.0646311e-11,0.00018407286,30690.32,30738.0
1.0038,0.32163252,3.2950367,0.0002,False,3,1.3679728e-10,2.0673372e-11,0.00018445924,30690.63,30738.0
1.004,0.3377853,3.5101015,0.0002,False,3,1.379299e-10,2.0703759e-11,0.00018483365,30690.94,30739.0
1.0042,0.35414126,3.7239649,0.0002,False,3,1.395102e-10,2.0751533e-11,0.00018519515,30691.25,30739.0
1.0044,0.37066912,3.936719,0.0002,False,3,1.419382e-10,2.0796899e-11,0.0001855444,30691.57,30739.0
1.0046,0.3873384,4.149022,0.0002,False,3,1.4574953e-10,2.0940036e-11,0.00018587951,30691.87,30739.0
1.0048,0.40412635,4.3608935,0.0002,False,3,1.5204979e-10,2.1282904e-11,0.0001862014,30692.19,30740.0
1.005,0.42100455,4.5713658,0.0002,False,3,1.0952802e-10,1.7327066e-11,0.00018651151,30692.49,30740.0
1.0052,0.43794932,4.7804962,0.0002,False,3,1.1105534e-10,1.7454517e-11,0.00018680849,30692.8,30740.0
1.0054,0.45494192,4.988445,0.0002,False,3,1.1267977e-10,1.7557322e-11,0.00018709562,30693.1,30741.0
1.00559,0.47196889,5.1955036,0.00019210526,False,3,2.6047429e-10,4.0083298e-11,0.00018734462,30693.4,30741.0
1.00578,0.46906986,5.1806269,0.0001847166,False,3,2.2991056e-10,3.4934539e-11,0.00018756246,30693.7,30741.0
1.00596,0.46558818,5.1563126,0.00018004023,False,3,2.1246478e-10,3.1598281e-11,0.00018776002,30694.01,30742.0
1.00613,0.46764417,5.1911961,0.00017337207,False,3,1.9152444e-10,2.7668908e-11,0.00018793208,30694.31,30742.0
1.0063,0.46316875,5.1517283,0.00016914349,False,3,1.8558584e-10,2.5514971e-11,0.00018765467,30694.61,30742.0
1.00646,0.46410439,5.1710616,0.00016310265,False,3,1.7874074e-10,2.3983839e-11,0.00018739539,30694.91,30743.0
1.00662,0.45890847,5.120873,0.00015926494,False,3,1.8527785e-10,2.565036e-11,0.00018714696,30695.22,30743.0
1.00678,0.45896541,5.1283718,0.0001555611,False,3,2.0922359e-10,2.7617553e-11,0.00018691094,30695.52,30743.0
1.00693,0.45865172,5.1309951,0.00015198498,False,3,2.2136783e-10,2.7862245e-11,0.00018668547,30695.82,30743.0
1.00708,0.4580003,5.1291446,0.00014853078,False,3,2.0838596e-10,2.6588145e-11,0.00018646832,30696.12,30744.0
1.00722,0.45704161,5.1232422,0.00014519301,False,3,1.739016e-10,2.3784299e-11,0.00018626044,30696.43,30744.0
1.00736,0.45580401,5.113669,0.0001419665,False,3,1.2583708e-10,1.6816482e-11,0.00018615601,30696.72,30744.0
1.0075,0.45431302,5.1008357,0.00013884636,False,3,1.2013623e-10,1.6091963e-11,0.00018606007,30697.01,30745.0
1.00764,0.45259226,5.0849844,0.00013582796,False,3,1.1609874e-10,1.5670403e-11,0.00018597564,30697.31,30745.0
1.00777,0.45066376,5.0664232,0.00013435157,False,3,1.1865934e-10,1.6099556e-11,0.00018589774,30697.6,30745.0
1.00791,0.45350641,5.1012478,0.00013146229,False,3,1.10526e-10,1.4996001e-11,0.0001858284,30697.91,30746.0
1.00804,0.45116686,5.0775143,0.00013004871,False,3,1.9595597e-10,-2.6272783e-11,0.00018576693,30698.19,30746.0
1.00816,0.45357149,5.1069543,0.00012728172,False,3,1.6811427e-10,-2.5490718e-11,0.00018571649,30698.48,30746.0
1.00829,0.45087243,5.0786889,0.00012592766,False,3,1.6322569e-10,-2.4881877e-11,0.00018567232,30698.77,30746.0
1.00841,0.45288129,5.1032586,0.00012327655,False,3,1.5235346e-10,-2.3051515e-11,0.00018563838,30699.06,30747.0
1.00853,0.4498698,5.0710442,0.0001219789,False,3,1.4790378e-10,-2.244266e-11,0.00018561036,30699.34,30747.0
1.00865,0.45152151,5.091222,0.00011943767,False,3,1.3879559e-10,-2.1037623e-11,0.0001855922,30699.63,30747.0
1.00877,0.44823962,5.0555801,0.00011819353,False,3,1.3533101e-10,-2.048891e-11,0.00018557949,30699.93,30748.0
1.00889,0.44956908,5.0717934,0.00011696235,False,3,1.3255459e-10,-2.0030885e-11,0.00018557258,30700.22,30748.0
1.009,0.45076109,5.0863262,0.00011455075,False,3,1.2537649e-10,-1.8886684e-11,0.00018557441,30700.51,30748.0
1.00912,0.44710299,5.0459723,0.00011336982,False,3,1.2041997e-10,-1.804877e-11,0.00018548301,30700.8,30748.0
1.00923,0.44801468,5.0570601,0.00011220106,False,3,1.1829189e-10,-1.7689609e-11,0.00018539605,30701.08,30749.0
1.00934,0.4488043,5.0666614,0.00011104435,False,3,1.1620408e-10,-1.7299279e-11,0.0001852725,30701.37,30749.0
1.00945,0.44947548,5.0748256,0.00010989956,False,3,1.1467725e-10,-1.6979679e-11,0.00018515045,30701.65,30749.0
1.00956,0.45003168,5.0815971,0.00010765671,False,3,1.1110608e-10,-1.629383e-11,0.0001851256,30701.95,30750.0
1.00966,0.44582833,5.0345161,0.00010655817,False,3,1.0964593e-10,-1.5899221e-11,0.00018510143,30702.24,30750.0
1.00977,0.4461595,5.0385515,0.00010547084,False,3,1.0877029e-10,-1.5508789e-11,0.00018507852,30702.53,30750.0
1.00987,0.44638882,5.0413569,0.00010439461,False,3,1.6584862e-10,2.1208698e-11,0.00018505669,30702.83,30750.0
1.00998,0.44651919,5.0429718,0.00010332936,False,3,1.5783277e-10,2.8297587e-11,0.00018503603,30703.12,30751.0
1.01008,0.44655321,5.0434373,0.00010227498,False,3,1.5101156e-10,2.7151136e-11,0.00018501591,30703.4,30751.0
1.01018,0.44649233,5.0427706,0.00010123136,False,3,1.447256e-10,2.610148e-11,0.00018499619,30703.69,30751.0
1.01028,0.44634065,5.0410208,0.00010019838,False,3,1.3831606e-10,2.5031304e-11,0.00018497711,30703.97,30752.0
1.01038,0.44610149,5.0382304,9.9175951e-05,False,3,1.3271281e-10,2.4111294e-11,0.00018495807,30704.25,30752.0
1.01048,0.44577751,5.0344355,9.8163951e-05,False,3,1.2791476e-10,2.33342e-11,0.00018493939,30704.53,30752.0
1.01058,0.44537133,5.0296693,9.7162278e-05,False,3,1.2331667e-10,2.2599781e-11,0.00018492079,30704.82,30752.0
1.01067,0.44488557,5.0239644,9.7162278e-05,False,3,1.228109e-10,2.2552571e-11,0.00018490221,30705.12,30753.0
1.01077,0.44894466,5.0695516,9.6160605e-05,False,3,1.1911168e-10,2.1991317e-11,0.000184884,30705.4,30753.0
1.01086,0.44829244,5.061904,9.5169259e-05,False,3,1.1558836e-10,2.1471086e-11,0.00018486563,30705.68,30753.0
1.01096,0.44756583,5.0533822,9.4188133e-05,False,3,1.1252531e-10,2.1027894e-11,0.00018484712,30705.96,30754.0
1.01105,0.44676713,5.0440173,9.3217121e-05,False,3,1.1003428e-10,2.0679787e-11,0.00018482869,30706.26,30754.0
1.01114,0.44589865,5.033841,9.225612e-05,False,3,1.0793989e-10,2.0513875e-11,0.00018480977,30706.54,30754.0
1.01124,0.44496262,5.0228821,9.225612e-05,False,3,1.087553e-10,2.0817447e-11,0.00018479082,30706.83,30754.0
1.01133,0.44862368,5.0637988,9.1295118e-05,False,3,1.0762334e-10,2.0966956e-11,0.00018477187,30707.11,30755.0
1.01142,0.44753596,5.051097,9.0344128e-05,False,3,7.0308571e-11,1.4495833e-11,0.00018471757,30707.4,30755.0
1.01151,0.44638551,5.0377024,8.9403043e-05,False,3,6.7796837e-11,1.350218e-11,0.00018466293,30707.68,30755.0
1.0116,0.44517447,5.0235962,8.9403043e-05,False,3,6.8132244e-11,1.3443396e-11,0.00018460777,30707.96,30756.0
1.01168,0.44861347,5.0619475,8.8461958e-05,False,3,6.726461e-11,1.3079449e-11,0.00018455204,30708.25,30756.0
1.01177,0.44725848,5.0461959,8.753078e-05,False,3,6.6551535e-11,1.2819508e-11,0.00018449562,30708.53,30756.0
1.01186,0.44584741,5.0298075,8.6609403e-05,False,3,6.5706861e-11,1.2566358e-11,0.00018443866,30708.82,30756.0
1.01195,0.44438238,5.0128078,8.6609403e-05,False,3,6.6397742e-11,1.2666489e-11,0.00018438133,30709.1,30757.0
1.01203,0.44761067,5.0487482,8.5688027e-05,False,3,6.5492249e-11,1.2443694e-11,0.0001843238,30709.39,30757.0
1.01212,0.44600897,5.0302085,8.4776452e-05,False,3,6.4469601e-11,1.2184537e-11,0.00018426607,30709.68,30757.0
1.0122,0.44435766,5.0111106,8.4776452e-05,False,3,6.50578e-11,1.2276188e-11,0.00018420803,30709.96,30758.0
1.01228,0.44745136,5.0455226,8.3864877e-05,False,3,6.3762845e-11,1.199055e-11,0.00018415009,30710.24,30758.0
1.01237,0.44566781,5.0249387,8.3864877e-05,False,3,6.4226131e-11,1.2065279e-11,0.00018409186,30710.52,30758.0
1.01245,0.44869574,5.058606,8.2953302e-05,False,3,6.2765359e-11,1.1759312e-11,0.00018403388,30710.81,30758.0
1.01253,0.44678127,5.0365542,8.2051636e-05,False,3,6.0925377e-11,1.1390416e-11,0.00018397609,30711.09,30759.0
1.01262,0.44482373,5.0140222,8.2051636e-05,False,3,6.131428e-11,1.1453117e-11,0.00018391808,30711.38,30759.0
1.0127,0.44772268,5.0462353,8.114997e-05,False,3,5.9395047e-11,1.1069719e-11,0.00018386055,30711.66,30759.0
1.01278,0.44563842,5.0222871,8.114997e-05,False,3,5.9700431e-11,1.1118551e-11,0.0001838028,30711.95,30760.0
1.01286,0.44847435,5.0537923,8.0248303e-05,False,3,5.7566052e-11,1.0696702e-11,0.00018374562,30712.23,30760.0
1.01294,0.44626478,5.0284431,7.9356655e-05,False,3,1.3783866e-10,2.6347155e-11,0.00018368912,30712.51,30760.0
1.01302,0.44401862,5.0026885,7.9356655e-05,False,3,1.3833571e-10,2.6415284e-11,0.00018363248,30712.79,30760.0
1.0131,0.44673109,5.0328065,7.8465008e-05,False,3,1.1484413e-10,2.2832568e-11,0.0001835766,30713.08,30761.0
1.01317,0.44436361,5.0056985,7.8465008e-05,False,3,1.1382676e-10,2.2621271e-11,0.00018352055,30713.35,30761.0
1.01325,0.44701572,5.0351406,7.757336e-05,False,3,1.053295e-10,2.0845105e-11,0.0001834654,30713.63,30761.0
1.01333,0.44452836,5.0066961,7.757336e-05,False,3,1.0429228e-10,2.0632703e-11,0.00018341014,30713.91,30762.0
1.01341,0.44712091,5.0354693,7.6681712e-05,False,3,9.6010191e-11,1.892443e-11,0.00018335586,30714.2,30762.0
1.01348,0.44451505,5.0057012,7.6681712e-05,False,3,9.5059035e-11,1.8742695e-11,0.00018330147,30714.48,30762.0
1.01356,0.44704862,5.0338114,7.5790064e-05,False,3,8.7333748e-11,1.7222771e-11,0.00018324816,30714.75,30762.0
1.01363,0.44432546,5.0027336,7.5790064e-05,False,3,8.6531211e-11,1.7097063e-11,0.00018319476,30715.03,30763.0
1.01371,0.44680068,5.0301871,7.4898416e-05,False,3,7.4354842e-11,1.5317053e-11,0.00018314249,30715.31,30763.0
1.01378,0.4439617,4.9978136,7.4898416e-05,False,3,7.4031787e-11,1.5328208e-11,0.00018309021,30715.59,30763.0
1.01386,0.44637933,5.0246165,7.4898416e-05,False,3,7.3776253e-11,1.5364145e-11,0.00018303781,30715.87,30763.0
1.01393,0.4487971,5.0514187,7.3996026e-05,False,3,6.8495703e-11,1.47237e-11,0.00018298667,30716.15,30764.0
1.01401,0.44574989,5.0167102,7.3996026e-05,False,3,6.7920972e-11,1.4731406e-11,0.0001829355,30716.43,30764.0
1.01408,0.44811,5.0428578,7.3093635e-05,False,3,6.0919536e-11,1.39825e-11,0.00018288595,30716.7,30764.0
1.01415,0.44494833,5.0068639,7.3093635e-05,False,3,6.0278843e-11,1.3995362e-11,0.00018283641,30716.97,30765.0
1.01422,0.44725154,5.0323629,7.2191245e-05,False,3,5.8019851e-11,1.3265043e-11,0.00018278834,30717.26,30765.0
1.0143,0.44397674,4.9950985,7.2191245e-05,False,3,5.9652217e-11,1.300968e-11,0.00018274028,30717.53,30765.0
1.01437,0.44622367,5.0199565,7.2191245e-05,False,3,6.1417497e-11,1.2665111e-11,0.00018269211,30717.8,30765.0
1.01444,0.44847067,5.0448103,7.1277431e-05,False,3,6.7001304e-11,1.1838489e-11,0.00018266099,30718.07,30766.0
1.01451,0.44498443,5.0051901,7.1277431e-05,False,3,7.0635392e-11,1.072853e-11,0.0001826295,30718.34,30766.0
1.01458,0.44717514,5.0294119,7.1277431e-05,False,3,7.3686306e-11,9.7102266e-12,0.0001825978,30718.61,30766.0
1.01465,0.44936592,5.0536239,7.0351751e-05,False,3,1.2463309e-10,1.941211e-11,0.00018256582,30718.88,30767.0
1.01472,0.44566433,5.0115674,7.0351751e-05,False,3,1.2483171e-10,2.0619702e-11,0.00018253375,30719.15,30767.0
1.01479,0.44779875,5.035135,6.942607e-05,False,3,1.1887785e-10,2.5085887e-11,0.00018250144,30719.42,30767.0
1.01486,0.4439854,4.9918232,6.942607e-05,False,3,1.1965867e-10,2.5487732e-11,0.00018246883,30719.7,30767.0
1.01493,0.44606426,5.0147559,6.942607e-05,False,3,1.2157918e-10,2.5339313e-11,0.00018243599,30719.96,30768.0
1.015,0.4481432,5.0376829,6.848788e-05,False,3,1.1956534e-10,2.6068637e-11,0.00018240301,30720.23,30768.0
1.01507,0.44411043,4.9919056,6.848788e-05,False,3,1.2057114e-10,2.6163407e-11,0.00018237005,30720.5,30768.0
1.01514,0.4461322,5.0141842,6.848788e-05,False,3,1.2179584e-10,2.6327659e-11,0.00018233683,30720.78,30768.0
1.0152,0.44815406,5.0364565,6.7536659e-05,False,3,1.2298415e-10,2.5095574e-11,0.00018230332,30721.04,30769.0
1.01527,0.44389588,4.9881504,6.7536659e-05,False,3,1.237679e-10,2.5076037e-11,0.00018226974,30721.31,30769.0
1.01534,0.44586211,5.0097862,6.7536659e-05,False,3,1.2398547e-10,2.4929069e-11,0.000182236,30721.58,30769.0
1.01541,0.44782841,5.0314149,6.7536659e-05,False,3,1.2502204e-10,2.5029943e-11,0.00018220208,30721.85,30769.0
1.01547,0.44979477,5.0530357,6.6557867e-05,False,3,1.250148e-10,2.3329603e-11,0.00018216806,30722.12,30770.0
1.01554,0.44518584,5.0007874,6.6557867e-05,False,3,1.2584367e-10,2.3265263e-11,0.00018213399,30722.4,30770.0
1.01561,0.4470957,5.0217618,6.6557867e-05,False,3,1.2618503e-10,2.3184729e-11,0.00018209976,30722.67,30770.0
1.01567,0.44900562,5.0427277,6.5564466e-05,False,3,1.2349573e-10,2.0851388e-11,0.00018206544,30722.94,30771.0
1.01574,0.44415752,4.9877923,6.5564466e-05,False,3,1.238895e-10,2.0723709e-11,0.00018203109,30723.21,30771.0
1.0158,0.44601102,5.0081112,6.5564466e-05,False,3,1.2452984e-10,2.0707341e-11,0.00018199657,30723.49,30771.0
1.01587,0.44786459,5.0284215,6.5564466e-05,False,3,1.2513665e-10,2.0677516e-11,0.00018196187,30723.77,30771.0
1.01593,0.44971821,5.0487227,6.4540021e-05,False,3,8.0157406e-11,-1.405316e-11,0.0001819277,30724.04,30772.0
1.016,0.44448756,4.9894727,6.4540021e-05,False,3,8.0631557e-11,-1.4209419e-11,0.00018189394,30724.32,30772.0
1.01606,0.44628382,5.0091082,6.4540021e-05,False,3,8.1204139e-11,-1.4350334e-11,0.00018186008,30724.59,30772.0
1.01613,0.44808013,5.02874,6.4540021e-05,False,3,8.1794877e-11,-1.449755e-11,0.0001818261,30724.86,30772.0
1.01619,0.44987652,5.0483639,6.3481988e-05,False,3,8.4484105e-11,-1.6107015e-11,0.00018182005,30725.13,30773.0
1.01625,0.4442396,4.9845737,6.3481988e-05,False,3,8.5089731e-11,-1.6324895e-11,0.0001818143,30725.4,30773.0
1.01632,0.44597779,5.0035337,6.3481988e-05,False,3,8.5737361e-11,-1.6512224e-11,0.00018180868,30725.67,30773.0
1.01638,0.44771606,5.0224856,6.3481988e-05,False,3,8.6368248e-11,-1.6698166e-11,0.0001818032,30725.94,30774.0
1.01645,0.44945437,5.041429,6.3481988e-05,False,3,8.6998224e-11,-1.6885229e-11,0.00018179782,30726.23,30774.0
1.01651,0.45119272,5.0603635,6.2368269e-05,False,3,8.8786454e-11,-1.8655085e-11,0.00018179593,30726.5,30774.0
1.01657,0.44495504,4.9898446,6.2368269e-05,False,3,8.9270872e-11,-1.8865687e-11,0.00018179433,30726.77,30774.0
1.01663,0.44663306,5.0080942,6.2368269e-05,False,3,8.9858215e-11,-1.9053375e-11,0.00018179288,30727.04,30775.0
1.01669,0.44831111,5.0263356,6.2368269e-05,False,3,9.0422489e-11,-1.923868e-11,0.00018179154,30727.32,30775.0
1.01676,0.44998923,5.0445684,6.2368269e-05,False,3,9.0983308e-11,-1.9424385e-11,0.00018179033,30727.59,30775.0
1.01682,0.45166744,5.0627919,6.1191509e-05,False,3,9.1371744e-11,-2.0977257e-11,0.00018179289,30727.87,30776.0
1.01688,0.44476099,4.9847929,6.1191509e-05,False,3,9.17853e-11,-2.1173729e-11,0.00018179575,30728.14,30776.0
1.01694,0.44637663,5.002308,6.1191509e-05,False,3,9.2369993e-11,-2.1359275e-11,0.00018179877,30728.41,30776.0
1.017,0.44799235,5.0198149,6.1191509e-05,False,3,9.2896973e-11,-2.1537159e-11,0.00018180191,30728.69,30776.0
1.01706,0.44960811,5.0373128,6.1191509e-05,False,3,9.3433749e-11,-2.1716018e-11,0.00018180518,30728.96,30777.0
1.01712,0.45122395,5.0548013,5.9942703e-05,False,3,9.6349493e-11,-2.2498899e-11,0.00018181233,30729.22,30777.0
1.01718,0.44356597,4.9684067,5.9942703e-05,False,3,9.7434805e-11,-2.2545699e-11,0.00018181976,30729.5,30777.0
1.01724,0.44511666,4.9851613,5.9942703e-05,False,3,9.8913902e-11,-2.2608376e-11,0.00018182733,30729.77,30777.0
1.0173,0.44666737,5.0019082,5.9942703e-05,False,3,9.9324745e-11,-2.2719365e-11,0.00018183502,30730.04,30778.0
1.01736,0.44821812,5.0186471,5.9942703e-05,False,3,1.0034656e-10,-2.2781847e-11,0.00018184283,30730.32,30778.0
1.01742,0.44976892,5.0353776,5.9942703e-05,False,3,1.0133367e-10,-2.2833982e-11,0.00018185077,30730.58,30778.0
1.01748,0.45131978,5.0520995,5.9942703e-05,False,3,1.0216211e-10,-2.2936854e-11,0.00018185871,30730.87,30779.0
1.01841,0.45134693,5.0438348,5.6922334e-05,True,2,5.4207588e-11,1.0189479e-11,0.00018225525,30733.86,30782.0
1.02213,0.45228672,5.0037709,4.7397409e-05,True,2,6.3505289e-11,1.1092825e-11,0.00018273253,30746.96,30795.0
1.02532,0.45687426,5.0046581,4.181262e-05,True,2,9.9845036e-11,1.4783931e-11,0.00018274856,30759.9,30808.0
1.02818,0.46087847,4.9995799,3.7878424e-05,True,2,6.8724712e-11,-1.6998806e-11,0.00018251371,30772.87,30821.0
1.0308,0.46551221,5.0056976,3.4988403e-05,True,2,8.3374901e-11,-1.0294653e-11,0.00018214326,30785.77,30834.0
1.03323,0.46992088,5.0152088,3.2564633e-05,True,2,9.1256676e-11,7.1336075e-13,0.00018167956,30798.64,30846.0
1.0355,0.4727887,5.0115432,3.0794471e-05,True,2,7.1513262e-11,-1.4667597e-11,0.00018113278,30811.75,30860.0
1.03766,0.47706529,5.0249516,2.9285251e-05,True,2,7.1980517e-11,-1.4884408e-11,0.00018055213,30824.93,30873.0
1.03972,0.48860553,5.1161657,2.8429029e-05,True,2,7.448176e-11,-1.5434036e-11,0.00017995937,30838.12,30886.0
1.04168,0.48042411,5.0030276,2.6628261e-05,True,2,7.2193898e-11,-1.4938703e-11,0.00017935337,30851.24,30899.0
1.04356,0.48300748,5.0044599,2.5571305e-05,True,2,7.2278356e-11,-1.4950565e-11,0.00017873825,30864.48,30912.0
1.04537,0.48483045,4.9995721,2.4677647e-05,True,2,7.2538141e-11,-1.5001611e-11,0.00017811484,30877.65,30926.0
1.04711,0.48698092,4.9994943,2.3864741e-05,True,2,7.2674933e-11,-1.5031925e-11,0.00017748441,30890.8,30939.0
1.0488,0.48903493,4.9996678,2.3131813e-05,True,2,7.2763533e-11,-1.5053863e-11,0.00017684837,30904.0,30952.0
1.05045,0.49133516,5.00349,2.2482173e-05,True,2,7.2945547e-11,-1.509475e-11,0.00017620662,30917.19,30965.0
1.05204,0.4930439,5.00235,2.1867783e-05,True,2,7.296984e-11,-1.5105528e-11,0.00017556098,30930.4,30978.0
1.05359,0.49426394,4.9972124,2.1285616e-05,True,2,7.2867602e-11,-1.509041e-11,0.00017491173,30943.53,30992.0
1.05511,0.49711624,5.009416,2.0819183e-05,True,2,7.320269e-11,-1.5164495e-11,0.00017425855,30956.81,31005.0
1.05659,0.49826235,5.0052365,2.032244e-05,True,2,7.3099387e-11,-1.5149539e-11,0.00017360181,30969.97,31018.0
1.05803,0.50005538,5.0082694,1.9887977e-05,True,2,7.3168194e-11,-1.5170268e-11,0.00017294188,30983.18,31031.0
1.05945,0.50638036,5.0571661,1.965938e-05,True,2,7.4403073e-11,-1.543132e-11,0.00017227772,30996.33,31044.0
1.06084,0.50196976,4.9994717,1.9042784e-05,True,2,7.2936347e-11,-1.5134067e-11,0.00017160916,31009.57,31058.0
1.0622,0.50327946,4.9995794,1.8677142e-05,True,2,7.2926574e-11,-1.5139079e-11,0.0001709409,31022.69,31071.0
1.06353,0.50467655,5.0010815,1.8337603e-05,True,2,7.2961365e-11,-1.5151809e-11,0.00017026909,31035.86,31084.0
1.06484,0.50565545,4.9989248,1.8003749e-05,True,2,7.2837147e-11,-1.5131564e-11,0.00016959443,31049.02,31097.0
1.06613,0.50681307,4.9990289,1.7696302e-05,True,2,7.2822492e-11,-1.5133205e-11,0.00016891741,31062.16,31110.0
1.06739,0.5082991,5.00279,1.7417468e-05,True,2,7.2890684e-11,-1.5152789e-11,0.00016823859,31075.33,31124.0
1.06863,0.50951787,5.004304,1.711917e-05,True,2,7.27147e-11,-1.5121719e-11,0.00016755795,31088.5,31137.0
1.06986,0.51046117,5.0034779,1.687765e-05,True,2,7.2848269e-11,-1.5154312e-11,0.00016687574,31101.63,31150.0
1.07106,0.51108042,4.999862,1.6614108e-05,True,2,7.271433e-11,-1.5130038e-11,0.00016619184,31114.82,31163.0
1.07225,0.51243271,5.0037385,1.6386822e-05,True,2,7.2778614e-11,-1.5148152e-11,0.00016550643,31127.99,31176.0
1.07342,0.51245217,4.9949123,1.6128557e-05,True,2,7.250659e-11,-1.5096841e-11,0.00016481972,31141.27,31190.0
1.07457,0.51346028,4.9960176,1.5912393e-05,True,2,7.2503334e-11,-1.510066e-11,0.00016413182,31154.49,31203.0
1.07571,0.51439732,4.9967178,1.5704297e-05,True,2,7.2498921e-11,-1.510319e-11,0.00016344262,31167.69,31216.0
1.07684,0.51534762,4.9988982,1.5505982e-05,True,2,7.24892e-11,-1.5105574e-11,0.00016275225,31180.91,31229.0
1.07795,0.51683698,5.0166599,1.5332299e-05,True,2,7.2622293e-11,-1.5137303e-11,0.00016206147,31194.08,31242.0
1.07904,0.51407194,4.9930177,1.504211e-05,True,2,7.1690999e-11,-1.494951e-11,0.00016137152,31207.3,31256.0
1.08012,0.51467107,5.0019637,1.4847719e-05,True,2,7.1537643e-11,-1.4920918e-11,0.00016067895,31220.53,31269.0
1.08118,0.5142907,5.0013314,1.4656587e-05,True,2,7.1310317e-11,-1.4877916e-11,0.00015998944,31233.73,31282.0
1.08223,0.51383499,4.9998768,1.4459839e-05,True,2,7.0977698e-11,-1.4813131e-11,0.00015930029,31246.95,31295.0
1.08326,0.5137493,5.0019509,1.4280546e-05,True,2,2.7889845e-11,-5.6584569e-12,0.00015861263,31260.13,31309.0
1.08428,0.51318813,4.9993202,1.409468e-05,True,2,2.7767181e-11,-5.6352492e-12,0.00015792596,31273.52,31322.0
1.08529,0.51305424,5.0007945,1.3927003e-05,True,2,2.76798e-11,-5.6184859e-12,0.00015723943,31286.96,31335.0
1.08629,0.51291621,5.0021775,1.376545e-05,True,2,2.75903e-11,-5.6015058e-12,0.0001565536,31300.4,31349.0
1.08727,0.5122661,4.9984979,1.3595723e-05,True,2,2.7451668e-11,-5.5746646e-12,0.00015586848,31313.89,31362.0
1.08825,0.5121847,5.0003084,1.3446333e-05,True,2,2.7374105e-11,-5.5600118e-12,0.00015518405,31327.31,31376.0
1.08921,0.51218671,5.0028874,1.3303904e-05,True,2,2.7304975e-11,-5.5470242e-12,0.00015450026,31340.73,31389.0
1.09016,0.51162862,4.9999427,1.3151674e-05,True,2,2.7186667e-11,-5.5239365e-12,0.00015381713,31354.16,31403.0
1.0911,0.51110313,4.997274,1.3005313e-05,True,2,2.7068572e-11,-5.5010923e-12,0.00015313455,31367.55,31416.0
1.09204,0.51149146,5.0034864,1.2886257e-05,True,2,2.7039356e-11,-5.4962892e-12,0.00015245274,31380.97,31430.0
1.09296,0.51128881,5.0038748,1.2756075e-05,True,2,2.6957227e-11,-5.4805808e-12,0.00015177422,31394.39,31443.0
1.09387,0.51028054,4.9963274,1.2609708e-05,True,2,2.6798742e-11,-5.4495548e-12,0.00015109704,31407.82,31457.0
1.09478,0.51054368,5.0011837,1.249839e-05,True,2,2.6765464e-11,-5.4435917e-12,0.00015042081,31421.18,31470.0
1.09567,0.5099019,4.9971498,1.236867e-05,True,2,2.6650224e-11,-5.4209908e-12,0.00014974527,31434.54,31483.0
1.09656,0.50956967,4.9961025,1.2249925e-05,True,2,2.6562826e-11,-5.4041641e-12,0.00014907071,31447.86,31497.0
1.09744,0.50991075,5.0016166,1.2150342e-05,True,2,2.6541713e-11,-5.4006101e-12,0.00014839724,31461.25,31510.0
1.09831,0.50828296,4.9877723,1.2006905e-05,True,2,2.6333762e-11,-5.359594e-12,0.00014772467,31474.61,31523.0
1.09917,0.51264271,5.0326727,1.2006905e-05,True,2,2.6697927e-11,-5.4332698e-12,0.00014705207,31488.16,31537.0
1.10004,0.50926804,5.0015976,1.1820323e-05,True,2,2.6299224e-11,-5.3538659e-12,0.00014637526,31501.6,31550.0
1.10088,0.50884333,4.9994863,1.1721005e-05,True,2,2.6237368e-11,-5.3420329e-12,0.00014570608,31515.05,31564.0
1.10172,0.50881761,5.0012431,1.1626322e-05,True,2,2.6185532e-11,-5.3322049e-12,0.00014503809,31528.52,31577.0
1.10256,0.50857076,5.0007912,1.1528896e-05,True,2,2.6118962e-11,-5.3196146e-12,0.00014437165,31541.92,31591.0
1.10338,0.50843132,5.0013613,1.1436144e-05,True,2,2.6064365e-11,-5.3094277e-12,0.00014370639,31555.3,31604.0
1.1042,0.50805367,4.9995573,1.1340206e-05,True,2,2.5984549e-11,-5.2939558e-12,0.00014304263,31568.68,31618.0
1.10502,0.50779151,4.9988635,1.1248962e-05,True,2,2.5917896e-11,-5.2810274e-12,0.00014238003,31582.06,31631.0
1.10582,0.5076475,4.9993224,1.1162761e-05,True,2,2.5862491e-11,-5.2703412e-12,0.00014171894,31595.46,31644.0
1.10662,0.50766733,5.0013615,1.1082023e-05,True,2,2.5825824e-11,-5.2635436e-12,0.00014105913,31608.86,31658.0
1.10742,0.50743982,5.0009334,1.0997686e-05,True,2,2.5762807e-11,-5.2514603e-12,0.00014040053,31622.29,31671.0
1.10821,0.50739762,5.0023075,1.0919111e-05,True,2,2.5720144e-11,-5.2434406e-12,0.00013974346,31635.74,31685.0
1.10899,0.50708276,5.0009662,1.0836364e-05,True,2,2.5664125e-11,-5.2328559e-12,0.00013908867,31649.27,31698.0
1.10977,0.50697888,5.0016815,1.0759773e-05,True,2,2.5606269e-11,-5.2217023e-12,0.00013843532,31662.68,31712.0
1.11054,0.50655281,4.9992071,1.0678221e-05,True,2,2.5533039e-11,-5.2073665e-12,0.00013778323,31676.06,31725.0
1.11131,0.50635923,4.999006,1.060325e-05,True,2,2.5480781e-11,-5.1974304e-12,0.00013713263,31689.44,31739.0
1.11207,0.50647485,5.0018307,1.0536177e-05,True,2,2.5457865e-11,-5.1933818e-12,0.0001364836,31702.82,31752.0
1.11282,0.50625982,5.0013637,1.0463604e-05,True,2,2.540446e-11,-5.1832008e-12,0.00013583618,31716.22,31765.0
1.11357,0.50561426,4.9966191,1.0383566e-05,True,2,2.5310536e-11,-5.1648883e-12,0.00013519036,31729.57,31779.0
1.11432,0.50622107,5.0042314,1.0330527e-05,True,2,2.5336472e-11,-5.1706267e-12,0.00013454614,31742.87,31792.0
1.11506,0.50548534,4.9985532,1.0251372e-05,True,2,2.5239539e-11,-5.1514713e-12,0.00013390357,31756.22,31805.0
1.11579,0.50515908,4.9969185,1.0182178e-05,True,2,2.517903e-11,-5.1398408e-12,0.00013326226,31769.56,31819.0
1.11653,0.50553917,5.0022477,1.0128368e-05,True,2,2.5184051e-11,-5.1413679e-12,0.00013262263,31782.94,31832.0
1.11725,0.50533091,5.0017352,1.0063861e-05,True,2,2.5135265e-11,-5.1320792e-12,0.0001319847,31796.41,31846.0
1.11797,0.50388143,4.9889104,9.9758863e-06,True,2,2.4972305e-11,-5.0998551e-12,0.00013134828,31809.77,31859.0
1.11869,0.50307769,4.9824581,9.9019908e-06,True,2,2.4869936e-11,-5.0797864e-12,0.00013071349,31823.13,31872.0
1.11941,0.50598557,5.0127681,9.9019908e-06,True,2,2.5110941e-11,-5.1287221e-12,0.00013008105,31836.5,31886.0
1.12012,0.50458845,5.0004058,9.8183366e-06,True,2,2.4957074e-11,-5.0980651e-12,0.00012944704,31849.85,31899.0
1.12082,0.50438043,4.999832,9.7594762e-06,True,2,2.4911058e-11,-5.0892875e-12,0.00012881724,31863.14,31913.0
1.12152,0.50430691,5.0005666,9.7041711e-06,True,2,2.4877945e-11,-5.0831053e-12,0.00012818923,31876.5,31926.0
1.12222,0.50410958,5.0000542,9.6474056e-06,True,2,2.4833415e-11,-5.0746051e-12,0.00012756252,31889.82,31939.0
1.12291,0.50406059,5.0009953,9.594373e-06,True,2,2.4803067e-11,-5.0690187e-12,0.00012693876,31903.16,31953.0
1.1236,0.5038844,5.0006584,9.5397857e-06,True,2,2.4761161e-11,-5.0610637e-12,0.00012631617,31916.53,31966.0
1.12429,0.50356932,4.9989274,9.483437e-06,True,2,2.4709654e-11,-5.0513072e-12,0.00012569538,31929.98,31980.0
1.12497,0.50373292,5.0019349,9.4310001e-06,True,2,2.4670551e-11,-5.0438948e-12,0.00012507673,31943.32,31993.0
1.12564,0.50343373,5.0003496,9.3828041e-06,True,2,2.4648591e-11,-5.0397428e-12,0.00012446002,31956.69,32006.0
1.12632,0.5033167,5.0005567,9.3328968e-06,True,2,2.4613511e-11,-5.0331594e-12,0.00012384506,31970.06,32020.0
1.12699,0.50305034,4.9992626,9.2809841e-06,True,2,2.4564799e-11,-5.0238282e-12,0.00012323207,31983.4,32033.0
1.12765,0.50299237,5.0000264,9.2336585e-06,True,2,2.4536014e-11,-5.0185025e-12,0.00012262109,31996.78,32046.0
1.12832,0.50278069,4.99925,9.1842271e-06,True,2,2.4493615e-11,-5.0104389e-12,0.0001220121,32010.1,32060.0
1.12898,0.50281017,5.0008615,9.1398918e-06,True,2,2.447272e-11,-5.0067093e-12,0.00012140542,32023.49,32073.0
1.12963,0.50268323,5.0009059,9.0933797e-06,True,2,2.4440501e-11,-5.0007048e-12,0.00012080024,32036.78,32086.0
1.13029,0.50236745,4.9990669,9.0442542e-06,True,2,2.4391388e-11,-4.9910831e-12,0.00012019639,32050.15,32100.0
1.13094,0.50232468,4.9999393,9.000859e-06,True,2,2.4366029e-11,-4.9864619e-12,0.00011959473,32063.53,32113.0
1.13158,0.50209214,4.9989042,8.9546912e-06,True,2,2.4324033e-11,-4.9784883e-12,0.00011899505,32076.95,32127.0
1.13223,0.50220437,5.0012892,8.9152732e-06,True,2,2.4313253e-11,-4.9768067e-12,0.00011839737,32090.33,32140.0
1.13287,0.50212835,5.001785,8.8730876e-06,True,2,2.4285781e-11,-4.9717628e-12,0.0001178017,32103.83,32154.0
1.1335,0.50181496,4.9999035,8.827302e-06,True,2,2.4237216e-11,-4.9624618e-12,0.00011720803,32117.24,32167.0
1.13414,0.50194388,5.0024198,8.7898596e-06,True,2,2.4228506e-11,-4.9611793e-12,0.0001166164,32130.64,32180.0
1.13477,0.50183539,5.0025592,8.7487945e-06,True,2,2.4198311e-11,-4.955565e-12,0.00011602698,32144.01,32194.0
1.1354,0.50139249,4.999364,8.7026299e-06,True,2,2.4141848e-11,-4.9444651e-12,0.00011543955,32157.43,32207.0
1.13602,0.5015596,5.0022437,8.6676829e-06,True,2,2.4138788e-11,-4.9443624e-12,0.00011485382,32170.82,32221.0
1.13664,0.50139684,5.0018173,8.6275315e-06,True,2,2.4106228e-11,-4.9383137e-12,0.00011426992,32184.11,32234.0
1.13726,0.5006879,4.9959254,8.5785292e-06,True,2,2.4026068e-11,-4.9226902e-12,0.00011368784,32197.56,32247.0
1.13788,0.5010148,5.0003596,8.5477818e-06,True,2,2.4036466e-11,-4.9252708e-12,0.00011310753,32210.94,32261.0
1.13849,0.50076512,4.9990267,8.5076514e-06,True,2,2.3995868e-11,-4.9175963e-12,0.00011252925,32224.43,32274.0
1.13911,0.50286272,5.0211209,8.5076514e-06,True,2,2.4165022e-11,-4.9521933e-12,0.00011195172,32238.12,32288.0
1.13972,0.50496058,5.0432153,8.5076514e-06,True,2,2.433451e-11,-4.9868653e-12,0.00011137358,32251.5,32302.0
1.14033,0.50060411,5.0008407,8.3996971e-06,True,2,2.3930364e-11,-4.9057388e-12,0.00011079837,32264.94,32315.0
1.14093,0.50046276,5.0005662,8.3634769e-06,True,2,2.3900739e-11,-4.9002921e-12,0.00011022761,32278.37,32328.0
1.14153,0.50024317,4.9994931,8.3263841e-06,True,2,2.3864439e-11,-4.8935125e-12,0.00010965882,32291.76,32342.0
1.14213,0.50017146,4.9998853,8.2921743e-06,True,2,2.3841315e-11,-4.8893889e-12,0.00010909202,32305.22,32355.0
1.14273,0.50002271,4.9994962,8.257096e-06,True,2,2.3811645e-11,-4.8839446e-12,0.00010852718,32318.68,32369.0
1.14332,0.50003698,5.0007275,8.225105e-06,True,2,2.3796412e-11,-4.8813893e-12,0.00010796432,32332.0,32382.0
1.14391,0.49997675,5.0012046,8.1922697e-06,True,2,2.3774807e-11,-4.8775673e-12,0.00010740343,32345.32,32395.0
1.1445,0.49983546,5.0008635,8.1584907e-06,True,2,2.374611e-11,-4.872312e-12,0.00010684451,32358.67,32409.0
1.14508,0.49960375,4.9996111,8.1236518e-06,True,2,2.3711769e-11,-4.865682e-12,0.00010628748,32371.95,32422.0
1.14567,0.49954396,5.000085,8.0921791e-06,True,2,2.368709e-11,-4.8612182e-12,0.00010573205,32385.27,32436.0
1.14625,0.49939757,4.9996786,8.0596632e-06,True,2,2.3660761e-11,-4.8564661e-12,0.0001051786,32398.57,32449.0
1.14683,0.49945929,5.0013455,8.0308501e-06,True,2,2.3652502e-11,-4.8553457e-12,0.0001046271,32411.89,32462.0
1.14741,0.4991228,4.9990139,7.995983e-06,True,2,2.3600736e-11,-4.8454063e-12,0.00010407759,32425.21,32476.0
1.14798,0.49899817,4.9987957,7.9648622e-06,True,2,2.3580417e-11,-4.8418922e-12,0.00010353005,32438.54,32489.0
1.14855,0.49911539,5.0009923,7.9379214e-06,True,2,2.3576258e-11,-4.8415828e-12,0.00010298446,32451.83,32502.0
1.14912,0.49878524,4.9986982,7.904191e-06,True,2,2.3531883e-11,-4.8331858e-12,0.00010244082,32465.13,32515.0
1.14969,0.4987031,4.9988815,7.8747228e-06,True,2,2.3510723e-11,-4.8294546e-12,0.00010189914,32478.63,32529.0
1.15026,0.49890325,5.0018963,7.850101e-06,True,2,2.3516545e-11,-4.8308958e-12,0.00010135882,32492.03,32542.0
1.15082,0.49858612,4.9997215,7.8177596e-06,True,2,2.3474762e-11,-4.8230169e-12,0.0001008202,32505.51,32556.0
1.15138,0.49856689,5.0005213,7.7903999e-06,True,2,2.3482187e-11,-4.8234525e-12,0.00010028374,32518.93,32569.0
1.15194,0.49842664,5.000097,7.7614362e-06,True,2,2.3454668e-11,-4.818559e-12,9.9749214e-05,32532.39,32583.0
1.1525,0.49814023,4.9981965,7.730493e-06,True,2,2.3394999e-11,-4.8085869e-12,9.9216123e-05,32545.74,32596.0
1.15306,0.49822977,5.0000622,7.7056725e-06,True,2,2.3389458e-11,-4.8080276e-12,9.8685109e-05,32559.08,32610.0
1.15361,0.49818894,5.0006117,7.6791e-06,True,2,2.3372802e-11,-4.8052317e-12,9.8155951e-05,32572.44,32623.0
1.15416,0.49798625,4.9995298,7.6503094e-06,True,2,2.3341984e-11,-4.7995798e-12,9.7628657e-05,32585.77,32636.0
1.15471,0.49828759,5.0035035,7.6295135e-06,True,2,2.335528e-11,-4.8028324e-12,9.7103166e-05,32599.11,32650.0
1.15526,0.49767343,4.9982827,7.595065e-06,True,2,2.3291203e-11,-4.7902186e-12,9.6579355e-05,32612.45,32663.0
1.15581,0.49758509,4.9983418,7.5690311e-06,True,2,2.3271005e-11,-4.7867148e-12,9.6057134e-05,32625.77,32676.0
1.15635,0.49723264,4.9957339,7.539242e-06,True,2,2.3228067e-11,-4.7786252e-12,9.5536703e-05,32639.1,32690.0
1.15689,0.4977093,5.0014521,7.5222617e-06,True,2,2.3257118e-11,-4.7850628e-12,9.5018202e-05,32652.41,32703.0
1.15743,0.49803369,5.0056314,7.5031697e-06,True,2,2.3273182e-11,-4.7888891e-12,9.450138e-05,32665.73,32716.0
1.15797,0.49812907,5.0075027,7.4808388e-06,True,2,2.3269424e-11,-4.7887127e-12,9.3986395e-05,32679.06,32730.0
1.15851,0.49780825,5.0051831,7.4525023e-06,True,2,2.3229626e-11,-4.7812611e-12,9.3473396e-05,32692.39,32743.0
1.15904,0.49610654,4.9889672,7.4037931e-06,True,2,2.3070395e-11,-4.7497012e-12,9.2961824e-05,32705.73,32756.0
1.15958,0.49765162,5.0054027,7.4037931e-06,True,2,2.3192524e-11,-4.7749443e-12,9.245264e-05,32719.13,32770.0
1.16011,0.49704298,5.0001675,7.371902e-06,True,2,2.313044e-11,-4.7627371e-12,9.1943848e-05,32732.68,32783.0
1.16064,0.49687978,4.9994251,7.3470599e-06,True,2,2.3104649e-11,-4.7581254e-12,9.1437508e-05,32746.03,32797.0
1.16117,0.49685702,5.0000832,7.32451e-06,True,2,2.3091752e-11,-4.7561105e-12,9.0932944e-05,32759.4,32810.0
1.1617,0.49678754,5.0002629,7.3014792e-06,True,2,2.3074562e-11,-4.7532396e-12,9.0430151e-05,32772.79,32824.0
1.16222,0.49666833,4.9999341,7.2779259e-06,True,2,2.305327e-11,-4.749543e-12,8.992914e-05,32786.17,32837.0
1.16274,0.49670443,5.0011632,7.2538003e-06,True,2,2.3028844e-11,-4.7452066e-12,8.9429925e-05,32799.59,32850.0
1.16326,0.49648028,4.9997649,7.2321722e-06,True,2,2.3015192e-11,-4.7430647e-12,8.8932566e-05,32812.98,32864.0
1.16378,0.49641522,4.9999624,7.210014e-06,True,2,2.2999107e-11,-4.7404321e-12,8.8436982e-05,32826.42,32877.0
1.1643,0.49629667,4.999616,7.1872752e-06,True,2,2.2978554e-11,-4.7369018e-12,8.7943123e-05,32839.81,32891.0
1.16482,0.49635427,5.0010405,7.1672753e-06,True,2,2.2973191e-11,-4.7364407e-12,8.7450976e-05,32853.19,32904.0
1.16533,0.49611429,4.9994705,7.1432809e-06,True,2,2.2944718e-11,-4.7310344e-12,8.6959428e-05,32866.48,32917.0
1.16585,0.49605055,4.9996742,7.122079e-06,True,2,2.2929101e-11,-4.7285146e-12,8.6468849e-05,32879.81,32931.0
1.16636,0.49592849,4.9992811,7.1002225e-06,True,2,2.2908479e-11,-4.724995e-12,8.5979965e-05,32893.2,32944.0
1.16687,0.49600949,5.000927,7.0814493e-06,True,2,4.1757731e-11,3.2058517e-13,8.5491582e-05,32906.46,32958.0
1.16738,0.49576252,4.9992492,7.0581669e-06,True,2,4.1627904e-11,2.6500303e-13,8.5003857e-05,32919.62,32971.0
1.16789,0.49572585,4.999689,7.038056e-06,True,2,4.1530727e-11,2.1307923e-13,8.45178e-05,32932.75,32984.0
1.16839,0.4956257,4.9994843,7.0172133e-06,True,2,4.1427931e-11,1.634228e-13,8.4033408e-05,32945.86,32997.0
1.1689,0.4957666,5.0017089,6.9955359e-06,True,2,4.1312027e-11,1.0906194e-13,8.3550684e-05,32958.98,33010.0
1.1694,0.49553009,5.0001214,6.9775099e-06,True,2,4.1241052e-11,6.795664e-14,8.3069639e-05,32972.12,33023.0
1.1699,0.49554506,5.0010679,6.9587819e-06,True,2,4.1161546e-11,2.512038e-14,8.2590238e-05,32985.31,33037.0
1.1704,0.49548256,5.0012411,6.9392554e-06,True,2,4.1102461e-11,2.1398062e-15,8.2112097e-05,32998.44,33050.0
1.1709,0.49533905,5.0005919,6.9187887e-06,True,2,4.0998359e-11,-4.3243053e-14,8.163553e-05,33011.61,33063.0
1.1714,0.49510434,4.9990144,6.8972121e-06,True,2,4.088039e-11,-8.9591353e-14,8.1160591e-05,33024.74,33076.0
1.1719,0.49518342,5.0006007,6.88016e-06,True,2,4.0813799e-11,-1.2939592e-13,8.0687606e-05,33037.82,33089.0
1.17239,0.4951887,5.0014361,6.862223e-06,True,2,4.0736072e-11,-1.7010901e-13,8.0216652e-05,33050.88,33102.0
1.17288,0.49510702,5.0013882,6.8432259e-06,True,2,4.0647345e-11,-2.1000029e-13,7.9747311e-05,33064.0,33115.0
1.17337,0.49492102,5.0002824,6.8229381e-06,True,2,4.0541725e-11,-2.5152222e-13,7.927958e-05,33077.07,33128.0
1.17387,0.49460478,4.9978558,6.8010106e-06,True,2,4.0416331e-11,-2.9498735e-13,7.8813415e-05,33090.19,33142.0
1.17435,0.49472545,4.9998421,6.7852354e-06,True,2,4.0356426e-11,-3.3247679e-13,7.8348866e-05,33103.34,33155.0
1.17484,0.49475035,5.0008572,6.7682761e-06,True,2,4.0284915e-11,-3.6918612e-13,7.7885878e-05,33116.41,33168.0
1.17533,0.49464661,5.0005786,6.7497982e-06,True,2,4.020807e-11,-4.0122408e-13,7.7424313e-05,33129.57,33181.0
1.17581,0.49437531,4.9986035,6.7292309e-06,True,2,4.0090082e-11,-4.4314741e-13,7.6964623e-05,33142.69,33194.0
1.1763,0.49477226,5.0033799,6.7178831e-06,True,2,4.0081383e-11,-4.6949699e-13,7.6506456e-05,33155.81,33207.0
1.17678,0.49408893,4.9972233,6.6920052e-06,True,2,3.9897936e-11,-5.1839852e-13,7.604988e-05,33168.91,33220.0
1.17726,0.4941722,4.9988173,6.6766566e-06,True,2,3.9841077e-11,-5.4947632e-13,7.5594836e-05,33182.02,33234.0
1.17774,0.49403586,4.9981845,6.6584641e-06,True,2,3.975039e-11,-5.8307459e-13,7.5141259e-05,33195.15,33247.0
1.17822,0.49348091,4.9933091,6.6347685e-06,True,2,3.9590815e-11,-6.2573981e-13,7.4689038e-05,33208.25,33260.0
1.1787,0.49468051,5.0061905,6.6347685e-06,True,2,3.9713403e-11,-6.3277535e-13,7.4238409e-05,33221.34,33273.0
1.17918,0.49588015,5.0190685,6.6347685e-06,True,2,3.9835241e-11,-6.4094745e-13,7.3788031e-05,33234.47,33286.0
1.17965,0.49707986,5.0319459,6.6347685e-06,True,2,3.9958131e-11,-6.4856426e-13,7.3337964e-05,33247.56,33299.0
1.18013,0.49391866,5.000671,6.5767754e-06,True,2,3.9416555e-11,-7.1904876e-13,7.2889136e-05,33260.64,33312.0
1.1806,0.49376219,4.9998354,6.559208e-06,True,2,3.9326253e-11,-7.4831692e-13,7.2443868e-05,33273.72,33325.0
1.18108,0.49373928,5.0003416,6.5435316e-06,True,2,3.92548e-11,-7.7700821e-13,7.2000012e-05,33286.78,33338.0
1.18155,0.4936848,5.0005205,6.5275489e-06,True,2,3.9178792e-11,-8.0619766e-13,7.1557556e-05,33299.93,33352.0
1.18202,0.49359683,5.0003537,6.5112359e-06,True,2,3.9098323e-11,-8.3595043e-13,7.1116503e-05,33313.0,33365.0
1.18248,0.49347319,4.99982,6.4945658e-06,True,2,3.8997692e-11,-8.4800749e-13,7.0676853e-05,33326.08,33378.0
1.18295,0.49349877,5.0007946,6.4799679e-06,True,2,3.8934281e-11,-8.7664809e-13,7.0238601e-05,33339.2,33391.0
1.18342,0.49330083,4.9994994,6.4625447e-06,True,2,3.8833921e-11,-9.1078278e-13,6.9801751e-05,33352.3,33404.0
1.18388,0.49325655,4.9997585,6.4472449e-06,True,2,3.8762102e-11,-9.3956694e-13,6.9366288e-05,33365.39,33417.0
1.18435,0.49317599,4.9996466,6.4315764e-06,True,2,3.8681943e-11,-9.7041985e-13,6.89322e-05,33378.5,33430.0
1.18481,0.49305622,4.9991346,6.415503e-06,True,2,3.8580208e-11,-1.0129115e-12,6.8499626e-05,33391.59,33443.0
1.18527,0.49310233,5.0003095,6.4017705e-06,True,2,3.85623e-11,-1.0130317e-12,6.8068643e-05,33404.67,33457.0
1.18573,0.49311029,5.0010983,6.3876999e-06,True,2,3.8494084e-11,-1.0420492e-12,6.7638786e-05,33417.76,33470.0
1.18619,0.49285505,4.9992102,6.3703232e-06,True,2,3.8382085e-11,-1.0775269e-12,6.7210288e-05,33430.82,33483.0
1.18665,0.49278062,4.999151,6.3553878e-06,True,2,3.8301317e-11,-1.1076595e-12,6.6783137e-05,33443.95,33496.0
1.1871,0.49290504,5.0011053,6.3431092e-06,True,2,3.8255946e-11,-1.1309495e-12,6.6357342e-05,33457.1,33509.0
1.18756,0.49274814,5.0002005,6.3273035e-06,True,2,3.8166058e-11,-1.1595355e-12,6.5932935e-05,33470.27,33522.0
1.18802,0.49279882,5.0013967,6.3109315e-06,True,2,3.8067968e-11,-1.1891266e-12,6.5509923e-05,33483.45,33535.0
1.18847,0.49254927,4.9994778,6.2973748e-06,True,2,3.8040827e-11,-1.1787604e-12,6.5088959e-05,33496.6,33549.0
1.18892,0.49251383,4.9997536,6.2833597e-06,True,2,3.7966798e-11,-1.2098977e-12,6.466964e-05,33509.81,33562.0
1.18937,0.4924281,4.9995404,6.2688257e-06,True,2,3.7889958e-11,-1.2377096e-12,6.4251541e-05,33522.91,33575.0
1.18983,0.49228791,4.9987814,6.2537042e-06,True,2,3.7800541e-11,-1.2688808e-12,6.3834696e-05,33536.05,33588.0
1.19028,0.49239701,5.0005655,6.2419233e-06,True,2,3.7784431e-11,-1.2746756e-12,6.3418842e-05,33549.12,33601.0
1.19072,0.49213152,4.9985469,6.2255394e-06,True,2,3.7656706e-11,-1.3204698e-12,6.300412e-05,33562.21,33614.0
1.19117,0.49213599,4.999265,6.212663e-06,True,2,3.7616741e-11,-1.3282325e-12,6.2590688e-05,33575.29,33627.0
1.19162,0.49208731,4.9994394,6.1992003e-06,True,2,3.7545806e-11,-1.3534765e-12,6.2178536e-05,33588.4,33641.0
1.19206,0.49197755,4.9989893,6.1850545e-06,True,2,3.7465197e-11,-1.3800817e-12,6.1767662e-05,33601.48,33654.0
1.19251,0.49220145,5.0019274,6.1751812e-06,True,2,3.7465504e-11,-1.3880461e-12,6.1358052e-05,33614.58,33667.0
1.19295,0.49196255,5.0001579,6.1595819e-06,True,2,3.7353857e-11,-1.4230394e-12,6.0949783e-05,33627.67,33680.0
1.1934,0.49208287,5.0020375,6.1485611e-06,True,2,3.7309176e-11,-1.4451347e-12,6.0543192e-05,33640.77,33693.0
1.19384,0.4916635,4.9984263,6.1308824e-06,True,2,3.7183483e-11,-1.4729813e-12,6.0137919e-05,33653.87,33706.0
1.19428,0.49163304,4.9987699,6.118139e-06,True,2,3.7217749e-11,-1.3428499e-12,5.9733543e-05,33666.97,33719.0
1.19472,0.49151727,4.9982408,6.1044153e-06,True,2,3.7150127e-11,-1.3469362e-12,5.9330403e-05,33680.1,33732.0
1.19516,0.49190806,5.0028671,6.0970958e-06,True,2,3.7169259e-11,-1.3575608e-12,5.8928337e-05,33693.23,33746.0
1.1956,0.49160216,5.0004116,6.0812976e-06,True,2,3.7054921e-11,-1.3907046e-12,5.8527281e-05,33706.31,33759.0
1.19603,0.49186921,5.0037791,6.0726594e-06,True,2,3.7029744e-11,-1.4145836e-12,5.812744e-05,33719.46,33772.0
1.19647,0.49125861,4.9982115,6.0532684e-06,True,2,3.6872885e-11,-1.4481926e-12,5.7729095e-05,33732.59,33785.0
1.19691,0.49130515,4.9993274,6.0420586e-06,True,2,3.6814919e-11,-1.4747416e-12,5.7331947e-05,33745.76,33798.0
1.19734,0.49121653,4.9990642,6.0292577e-06,True,2,3.6737066e-11,-1.5025496e-12,5.6936011e-05,33758.91,33811.0
1.19777,0.4909082,4.9965609,6.0138376e-06,True,2,3.6663553e-11,-1.5046437e-12,5.6541199e-05,33771.99,33824.0
1.19821,0.49185439,5.0068273,6.0138376e-06,True,2,3.6735186e-11,-1.5271512e-12,5.6147506e-05,33785.14,33838.0
1.19864,0.49107485,4.9995233,5.9928102e-06,True,2,3.655814e-11,-1.5579388e-12,5.5755371e-05,33798.24,33851.0
1.19907,0.49201446,5.0097194,5.9928102e-06,True,2,3.6637524e-11,-1.5712138e-12,5.5363876e-05,33811.34,33864.0
1.1995,0.49295413,5.0199139,5.9928102e-06,True,2,3.6718791e-11,-1.5833145e-12,5.4972781e-05,33824.41,33877.0
1.19993,0.4938938,5.0301078,5.9928102e-06,True,2,3.6798878e-11,-1.5969987e-12,5.4582035e-05,33837.54,33890.0
1.20036,0.49088977,5.0001462,5.9452175e-06,True,2,3.6326265e-11,-1.6300988e-12,5.4193663e-05,33850.75,33903.0
1.20079,0.49075161,4.999374,5.932502e-06,True,2,3.6239499e-11,-1.6570969e-12,5.3806832e-05,33863.89,33916.0
1.20122,0.49074131,4.999897,5.9213984e-06,True,2,3.6193104e-11,-1.6682776e-12,5.3421156e-05,33877.01,33930.0
1.20164,0.4907091,5.0001918,5.9100935e-06,True,2,3.613052e-11,-1.68943e-12,5.3036629e-05,33890.12,33943.0
1.20207,0.49065367,5.0002456,5.8985724e-06,True,2,3.6067457e-11,-1.7070122e-12,5.2653235e-05,33903.39,33956.0
1.20249,0.49057373,5.0000458,5.8868205e-06,True,2,3.6003938e-11,-1.7209054e-12,5.2270968e-05,33916.8,33969.0
1.20292,0.49046768,4.9995765,5.8748196e-06,True,2,3.5937195e-11,-1.7343862e-12,5.1889823e-05,33930.03,33983.0
1.20334,0.49050631,5.0005798,5.8646128e-06,True,2,3.5888595e-11,-1.7494887e-12,5.1509942e-05,33943.15,33996.0
1.20376,0.49034685,4.9995601,5.8520995e-06,True,2,3.5811865e-11,-1.7668998e-12,5.113136e-05,33956.26,34009.0
1.20418,0.49033685,5.000063,5.8414325e-06,True,2,3.5753963e-11,-1.785911e-12,5.0753978e-05,33969.39,34022.0
1.2046,0.49030211,5.0003114,5.8305297e-06,True,2,3.5694767e-11,-1.8023974e-12,5.0377694e-05,33982.54,34035.0
1.20502,0.49024061,5.000285,5.8193724e-06,True,2,3.5658513e-11,-1.8066608e-12,5.0002404e-05,33995.83,34049.0
1.20544,0.49014093,4.9998798,5.8079342e-06,True,2,3.5593449e-11,-1.8181213e-12,4.9627777e-05,34008.97,34062.0
1.20586,0.4900104,4.9991545,5.7961917e-06,True,2,3.551642e-11,-1.833428e-12,4.9254177e-05,34022.14,34075.0
1.20627,0.49005303,5.0001916,5.786555e-06,True,2,3.548799e-11,-1.830465e-12,4.888163e-05,34035.37,34088.0
1.20669,0.49007129,5.0009766,5.776684e-06,True,2,3.5439775e-11,-1.8397366e-12,4.8510208e-05,34048.56,34101.0
1.20711,0.4898447,4.9992596,5.7639856e-06,True,2,3.5354401e-11,-1.8537858e-12,4.8139868e-05,34061.68,34115.0
1.20752,0.48980176,4.9994151,5.7535072e-06,True,2,3.5301559e-11,-1.862141e-12,4.7770572e-05,34074.83,34128.0
1.20793,0.48972731,4.9992473,5.7427143e-06,True,2,3.5241118e-11,-1.8727413e-12,4.7402173e-05,34087.98,34141.0
1.20835,0.4898591,5.0011843,5.7343911e-06,True,2,3.5208139e-11,-1.8831253e-12,4.7034734e-05,34101.03,34154.0
1.20876,0.4897209,5.0003628,5.7229597e-06,True,2,3.5138236e-11,-1.8934043e-12,4.6668309e-05,34114.1,34167.0
1.20917,0.48954128,4.9991162,5.7111017e-06,True,2,3.5063628e-11,-1.9029589e-12,4.6302901e-05,34127.2,34180.0
1.20958,0.48958412,5.0001409,5.7018928e-06,True,2,3.5017181e-11,-1.9136563e-12,4.5938383e-05,34140.22,34193.0
1.20999,0.48959691,5.0008574,5.6923835e-06,True,2,3.496763e-11,-1.9233397e-12,4.5574519e-05,34153.3,34206.0
1.2104,0.48956664,5.0011455,5.6825321e-06,True,2,3.4939074e-11,-1.9218644e-12,4.5211265e-05,34166.36,34219.0
1.21081,0.48949849,5.0010424,5.6722961e-06,True,2,3.4878409e-11,-1.9317157e-12,4.4849054e-05,34179.43,34232.0
1.21122,0.48938755,5.0004978,5.6616166e-06,True,2,3.4812524e-11,-1.9415061e-12,4.4487783e-05,34192.52,34246.0
1.21163,0.4892282,4.9994553,5.6504304e-06,True,2,3.4740491e-11,-1.9517179e-12,4.4127001e-05,34205.54,34259.0
1.21203,0.48935934,5.0013787,5.6426468e-06,True,2,3.4710856e-11,-1.9596771e-12,4.3767311e-05,34218.6,34272.0
1.21244,0.48909915,4.9992992,5.6304003e-06,True,2,3.4629183e-11,-1.9663082e-12,4.3408778e-05,34231.66,34285.0
1.21284,0.48915073,5.0004047,5.6217933e-06,True,2,3.4595716e-11,-1.967916e-12,4.3051306e-05,34244.73,34298.0
1.21325,0.48916185,5.0010936,5.6127645e-06,True,2,3.4561736e-11,-1.9658936e-12,4.2694905e-05,34257.82,34311.0
1.21365,0.48912664,5.0013026,5.6032453e-06,True,2,3.4522634e-11,-1.9631431e-12,4.2339531e-05,34270.91,34324.0
1.21405,0.48903493,5.0009418,5.5931374e-06,True,2,3.4462239e-11,-1.969363e-12,4.1985139e-05,34284.03,34337.0
1.21446,0.4888749,4.9998925,5.5823097e-06,True,2,3.4278643e-11,-2.0122254e-12,4.1631478e-05,34297.16,34350.0
1.21486,0.48862956,4.99797,5.5705638e-06,True,2,3.4291906e-11,-1.9874498e-12,4.1279071e-05,34310.27,34364.0
1.21526,0.48885215,5.0008418,5.5642623e-06,True,2,3.4308801e-11,-1.9762663e-12,4.0927595e-05,34323.31,34377.0
1.21566,0.4884129,4.9969393,5.5505097e-06,True,2,3.4157161e-11,-2.0070441e-12,4.0576953e-05,34336.43,34390.0
1.21606,0.4885087,4.9985037,5.5428854e-06,True,2,3.4166158e-11,-1.9792686e-12,4.0227304e-05,34349.71,34403.0
1.21646,0.48854171,4.9994216,5.5345877e-06,True,2,3.4177846e-11,-1.9651833e-12,3.9878563e-05,34362.81,34416.0
1.21686,0.48849028,4.9994752,5.5253787e-06,True,2,3.4163523e-11,-1.9572703e-12,3.9530835e-05,34375.87,34429.0
1.21725,0.48831796,4.9982944,5.5148542e-06,True,2,3.4120634e-11,-1.9610431e-12,3.9184287e-05,34389.02,34442.0
1.21765,0.48795003,4.9951123,5.5021763e-06,True,2,3.4032235e-11,-2.0095923e-12,3.8839105e-05,34402.18,34456.0
1.21805,0.48870282,5.0034083,5.5021763e-06,True,2,3.4092344e-11,-2.0650279e-12,3.8495191e-05,34415.26,34469.0
1.21844,0.48791748,4.9959294,5.4848739e-06,True,2,3.394701e-11,-2.1412514e-12,3.8152265e-05,34428.4,34482.0
1.21884,0.48866806,5.0041743,5.4848739e-06,True,2,3.4016521e-11,-2.1822851e-12,3.7810344e-05,34441.45,34495.0
1.21923,0.48941859,5.0124187,5.4848739e-06,True,2,3.4103738e-11,-2.1821428e-12,3.7468788e-05,34454.55,34508.0
1.21963,0.49016908,5.0206623,5.4848739e-06,True,2,3.4185606e-11,-2.1825253e-12,3.7127545e-05,34467.69,34521.0
1.22002,0.48816012,5.0006294,5.4540496e-06,True,2,3.3931167e-11,-2.1699238e-12,3.678671e-05,34481.02,34535.0
1.22041,0.48808608,5.0004497,5.4450555e-06,True,2,3.3874926e-11,-2.1833204e-12,3.6447909e-05,34494.15,34548.0
1.22081,0.48799431,5.0000761,5.4359039e-06,True,2,3.3818523e-11,-2.1916564e-12,3.6109972e-05,34507.22,34561.0
1.2212,0.48788381,4.9995046,5.4265844e-06,True,2,3.3761523e-11,-2.1981029e-12,3.5772938e-05,34520.39,34574.0
1.22159,0.48789715,5.0001984,5.4186811e-06,True,2,3.3727992e-11,-2.2005028e-12,3.5436899e-05,34533.43,34587.0
1.22198,0.48789538,5.0007336,5.4106461e-06,True,2,3.3684828e-11,-2.20879e-12,3.5101725e-05,34546.5,34600.0
1.22237,0.48772828,4.9995715,5.4008176e-06,True,2,3.362034e-11,-2.2167098e-12,3.4767397e-05,34559.57,34613.0
1.22275,0.48769051,4.9997337,5.392461e-06,True,2,3.3572331e-11,-2.2250376e-12,3.4433891e-05,34572.65,34626.0
1.22314,0.48763468,4.999709,5.3839424e-06,True,2,3.3522739e-11,-2.2329713e-12,3.4101182e-05,34585.73,34639.0
1.22353,0.48755969,4.9994863,5.3752498e-06,True,2,3.3468505e-11,-2.2425635e-12,3.3769248e-05,34598.77,34652.0
1.22392,0.487627,5.0007221,5.3681618e-06,True,2,3.3438746e-11,-2.2481239e-12,3.3438076e-05,34611.87,34666.0
1.2243,0.48751381,5.0001054,5.3591228e-06,True,2,3.3382074e-11,-2.2555523e-12,3.3107673e-05,34625.03,34679.0
1.22469,0.48737761,4.9992516,5.3498697e-06,True,2,3.3311496e-11,-2.2701094e-12,3.2778044e-05,34638.11,34692.0
1.22507,0.48738982,4.9999217,5.3422997e-06,True,2,3.3309122e-11,-2.2611572e-12,3.2449122e-05,34651.15,34705.0
1.22546,0.48737675,5.0003417,5.3345674e-06,True,2,3.3240641e-11,-2.2759635e-12,3.2120708e-05,34664.26,34718.0
1.22584,0.48734466,5.0005623,5.3266611e-06,True,2,3.3112971e-11,-2.3059083e-12,3.179317e-05,34677.3,34731.0
1.22622,0.48729208,5.0005692,5.3185654e-06,True,2,3.2964082e-11,-2.3413546e-12,3.1466672e-05,34690.38,34744.0
1.22661,0.4872175,5.0003475,5.3102644e-06,True,2,3.2806639e-11,-2.3757803e-12,3.1141e-05,34703.47,34757.0
1.22699,0.48711905,4.9998781,5.3017384e-06,True,2,3.2652932e-11,-2.4067653e-12,3.0816181e-05,34716.55,34770.0
1.22737,0.48699475,4.999141,5.2929673e-06,True,2,3.2534926e-11,-2.43272e-12,3.0492213e-05,34729.63,34784.0
1.22775,0.48705283,5.0002742,5.2862119e-06,True,2,3.2507912e-11,-2.4315078e-12,3.0169072e-05,34742.72,34797.0
1.22813,0.48687661,4.9989999,5.2769472e-06,True,2,3.2426815e-11,-2.4468355e-12,2.984672e-05,34755.84,34810.0
1.22851,0.4868911,4.9996822,5.2697835e-06,True,2,3.2401571e-11,-2.4431116e-12,2.9525161e-05,34768.94,34823.0
1.22889,0.4868841,5.0001428,5.2624184e-06,True,2,3.2359519e-11,-2.4480522e-12,2.9204392e-05,34782.01,34836.0
1.22927,0.48685364,5.0003613,5.2548314e-06,True,2,3.2321865e-11,-2.4499496e-12,2.8884267e-05,34795.08,34849.0
1.22965,0.48679748,5.0003149,5.2469994e-06,True,2,3.227366e-11,-2.4545271e-12,2.8564934e-05,34808.17,34862.0
1.23003,0.48671237,4.9999706,5.238893e-06,True,2,3.2244547e-11,-2.4529114e-12,2.8246345e-05,34821.24,34875.0
1.2304,0.48658707,4.9992237,5.2304768e-06,True,2,3.2186342e-11,-2.4583461e-12,2.7928235e-05,34834.29,34888.0
1.23078,0.48670199,5.0009413,5.2246729e-06,True,2,3.2159178e-11,-2.4644976e-12,2.7610888e-05,34847.37,34901.0
1.23115,0.48651297,4.9995314,5.2156373e-06,True,2,3.2092378e-11,-2.4702028e-12,2.7294296e-05,34860.49,34915.0
1.23153,0.48657909,5.0007411,5.2093681e-06,True,2,3.2059978e-11,-2.4754525e-12,2.6978446e-05,34873.63,34928.0
1.2319,0.48630953,4.9984977,5.1995367e-06,True,2,3.1961754e-11,-2.4935381e-12,2.6663318e-05,34886.81,34941.0
1.23228,0.48631291,4.9990571,5.192656e-06,True,2,3.1943449e-11,-2.4850174e-12,2.6348889e-05,34899.97,34954.0
1.23265,0.48628523,4.9992937,5.1854704e-06,True,2,3.1902456e-11,-2.4884718e-12,2.6035071e-05,34913.13,34967.0
1.23303,0.48622296,4.9991602,5.1779322e-06,True,2,3.1872338e-11,-2.4847029e-12,2.5721904e-05,34926.36,34981.0
1.2334,0.48611941,4.9985956,5.1699797e-06,True,2,3.1831564e-11,-2.4833325e-12,2.5409135e-05,34939.51,34994.0
1.23377,0.48636922,5.0016771,5.1658238e-06,True,2,3.1824186e-11,-2.4886175e-12,2.50969e-05,34952.59,35007.0
1.23414,0.4861845,5.0002921,5.1570839e-06,True,2,3.1761456e-11,-2.4919278e-12,2.4785403e-05,34965.7,35020.0
1.23451,0.48593303,4.9982141,5.1476647e-06,True,2,3.1693991e-11,-2.4930129e-12,2.4474591e-05,34978.81,35033.0
1.23488,0.48609366,5.000374,5.1426377e-06,True,2,3.1681245e-11,-2.4943772e-12,2.4164489e-05,34991.87,35046.0
1.23525,0.48622283,5.002214,5.1373578e-06,True,2,3.1689521e-11,-2.4888056e-12,2.3854747e-05,35005.03,35059.0
1.23562,0.48575518,4.9979073,5.1258273e-06,True,2,3.1604423e-11,-2.4843262e-12,2.3545467e-05,35018.14,35072.0
1.23599,0.48577082,4.9985685,5.119428e-06,True,2,3.1568632e-11,-2.4884084e-12,2.3236583e-05,35031.27,35086.0
1.23636,0.48572906,4.9986391,5.1124533e-06,True,2,3.1526904e-11,-2.4907279e-12,2.2928237e-05,35044.42,35099.0
1.23673,0.4856105,4.997925,5.1047072e-06,True,2,3.1471136e-11,-2.4950462e-12,2.2620588e-05,35057.58,35112.0
1.2371,0.48538095,4.9960703,5.0958294e-06,True,2,3.1402952e-11,-2.4980988e-12,2.2313612e-05,35070.75,35125.0
1.23746,0.48599474,5.0029012,5.0958294e-06,True,2,3.143854e-11,-2.5062941e-12,2.2007429e-05,35083.92,35138.0
1.23783,0.48558103,4.9991511,5.0850787e-06,True,2,3.1344722e-11,-2.5100931e-12,2.1701958e-05,35097.05,35152.0
1.23819,0.4861921,5.0059506,5.0850787e-06,True,2,3.1382463e-11,-2.5167013e-12,2.1397015e-05,35110.12,35165.0
1.23856,0.48537835,4.9980782,5.0702101e-06,True,2,3.1236761e-11,-2.5196311e-12,2.1093064e-05,35123.22,35178.0
1.23893,0.48598579,5.0048397,5.0702101e-06,True,2,3.1272829e-11,-2.5262718e-12,2.0789588e-05,35136.34,35191.0
1.23929,0.4865932,5.0115993,5.0702101e-06,True,2,3.1309779e-11,-2.5328893e-12,2.0486436e-05,35149.46,35204.0
1.23966,0.48720062,5.0183581,5.0702101e-06,True,2,3.1346442e-11,-2.5395795e-12,2.0183588e-05,35162.53,35217.0
1.24002,0.4854214,5.0005232,5.0454087e-06,True,2,3.1112582e-11,-2.5274845e-12,1.9881082e-05,35175.64,35230.0
1.24038,0.48527203,4.9995083,5.0377072e-06,True,2,3.1030586e-11,-2.5442767e-12,1.9580171e-05,35188.68,35243.0
1.24075,0.48523322,4.9996222,5.0311798e-06,True,2,3.0993128e-11,-2.5440209e-12,1.927994e-05,35201.78,35256.0
1.24111,0.48518176,4.9996014,5.024546e-06,True,2,3.0942387e-11,-2.5508485e-12,1.8980385e-05,35214.95,35270.0
1.24147,0.48511711,4.9994415,5.0178004e-06,True,2,3.0884882e-11,-2.5604051e-12,1.8681505e-05,35228.09,35283.0
1.24183,0.48517241,5.0005153,5.0123186e-06,True,2,3.0859374e-11,-2.5604134e-12,1.8383297e-05,35241.28,35296.0
1.24219,0.48508181,5.0000833,5.005353e-06,True,2,3.0806556e-11,-2.5652759e-12,1.808576e-05,35254.39,35309.0
1.24255,0.48497583,4.9994909,4.9982537e-06,True,2,3.0749236e-11,-2.5716295e-12,1.7788887e-05,35267.51,35322.0
1.24291,0.48499537,5.0001916,4.9924719e-06,True,2,3.0710637e-11,-2.5763068e-12,1.7492682e-05,35280.64,35335.0
1.24327,0.48500335,5.0007718,4.9851077e-06,True,2,3.0649839e-11,-2.5827962e-12,1.7197137e-05,35293.77,35349.0
1.24363,0.48485195,4.9997071,4.9790995e-06,True,2,3.0606346e-11,-2.587785e-12,1.6902254e-05,35306.93,35362.0
1.24399,0.48483207,4.999998,4.9729806e-06,True,2,3.0560374e-11,-2.5939077e-12,1.6608029e-05,35320.02,35375.0
1.24434,0.4847985,5.0001467,4.9667437e-06,True,2,3.0512797e-11,-2.5998896e-12,1.6314462e-05,35333.2,35388.0
1.2447,0.48475036,5.0001441,4.96038e-06,True,2,3.0463711e-11,-2.6055843e-12,1.6021552e-05,35346.35,35401.0
1.24506,0.48468559,4.999971,4.9538817e-06,True,2,3.0433353e-11,-2.6072442e-12,1.572923e-05,35359.51,35414.0
1.24542,0.48459715,4.9995627,4.9472364e-06,True,2,3.0378276e-11,-2.6134426e-12,1.5437316e-05,35372.62,35428.0
1.24577,0.48465913,5.0007033,4.9421482e-06,True,2,3.0340948e-11,-2.6209995e-12,1.5146046e-05,35385.74,35441.0
1.24613,0.48453805,4.9999514,4.9352151e-06,True,2,3.0281602e-11,-2.6273308e-12,1.4855421e-05,35398.82,35454.0
1.24648,0.48457315,5.0008094,4.9298949e-06,True,2,3.0240229e-11,-2.6351115e-12,1.456542e-05,35412.03,35467.0
1.24684,0.48441455,4.9996666,4.9226265e-06,True,2,3.0172939e-11,-2.642942e-12,1.4276057e-05,35425.17,35480.0
1.24719,0.48441872,5.0002028,4.9170345e-06,True,2,3.0125113e-11,-2.6518762e-12,1.398733e-05,35438.32,35493.0
1.24754,0.48440792,5.0005833,4.9113109e-06,True,2,3.0075098e-11,-2.6608836e-12,1.3699235e-05,35451.48,35506.0
1.2479,0.48438102,5.0007963,4.9054443e-06,True,2,3.0023435e-11,-2.6696867e-12,1.3411773e-05,35464.63,35520.0
1.24825,0.48433672,5.0008288,4.8994226e-06,True,2,2.9970634e-11,-2.6779296e-12,1.3124934e-05,35477.82,35533.0
1.2486,0.48427368,5.0006673,4.8932326e-06,True,2,2.9915784e-11,-2.6859231e-12,1.2838718e-05,35490.97,35546.0
1.24896,0.48419005,5.0002925,4.8868561e-06,True,2,2.9857529e-11,-2.6941946e-12,1.2553119e-05,35504.1,35559.0
1.24931,0.48408386,4.9996848,4.8802744e-06,True,2,2.9794547e-11,-2.7032957e-12,1.2268135e-05,35517.22,35572.0
1.24966,0.48418079,5.0011758,4.8757606e-06,True,2,2.9754801e-11,-2.714134e-12,1.1983758e-05,35530.33,35585.0
1.25001,0.48403073,5.0001162,4.8687823e-06,True,2,2.9709119e-11,-2.7203039e-12,1.1699983e-05,35543.58,35599.0
1.25036,0.48408663,5.001197,4.863977e-06,True,2,2.9656568e-11,-2.7334867e-12,1.1416512e-05,35556.86,35612.0
1.25071,0.48387515,4.9995132,4.8565081e-06,True,2,2.9566665e-11,-2.7493081e-12,1.1133563e-05,35570.01,35625.0
1.25106,0.48388583,5.0001692,4.8513357e-06,True,2,2.9434275e-11,-2.7966252e-12,1.0850634e-05,35583.18,35638.0
1.25141,0.48387888,5.0006233,4.845988e-06,True,2,2.9682944e-11,-2.6582329e-12,1.0568977e-05,35596.32,35652.0
1.25176,0.48385392,5.0008539,4.8404445e-06,True,2,2.9585152e-11,-2.6922713e-12,1.0287327e-05,35609.4,35665.0
1.2521,0.48380536,5.0008363,4.8346814e-06,True,2,2.9514295e-11,-2.7112522e-12,1.0005939e-05,35622.55,35678.0
1.25245,0.48373021,5.0005373,4.8286673e-06,True,2,2.954516e-11,-2.6597368e-12,9.7251574e-06,35635.68,35691.0
1.2528,0.48362411,4.9999172,4.8223647e-06,True,2,2.9478016e-11,-2.6716987e-12,9.4449717e-06,35648.84,35704.0
1.25315,0.48348221,4.9989258,4.8157255e-06,True,2,2.9406188e-11,-2.6835163e-12,9.1653766e-06,35662.04,35717.0
1.25349,0.48365697,5.0012091,4.8122585e-06,True,2,2.9382868e-11,-2.6926882e-12,8.8864564e-06,35675.14,35731.0
1.25384,0.48344725,4.999515,4.8049843e-06,True,2,2.931526e-11,-2.6987637e-12,8.6081334e-06,35688.29,35744.0
1.25419,0.48358176,5.0013811,4.8011495e-06,True,2,2.9289329e-11,-2.7062754e-12,8.3303851e-06,35701.39,35757.0
1.25453,0.48327987,4.9987319,4.7930012e-06,True,2,2.9216862e-11,-2.7079479e-12,8.053233e-06,35714.52,35770.0
1.25488,0.48335782,5.0000119,4.78864e-06,True,2,2.9198367e-11,-2.7068962e-12,7.7766906e-06,35727.68,35783.0
1.25522,0.48340559,5.0009861,4.7840444e-06,True,2,2.919329e-11,-2.7048057e-12,7.5005205e-06,35740.8,35796.0
1.25556,0.48342034,5.0016206,4.7791677e-06,True,2,2.9162199e-11,-2.7067747e-12,7.224838e-06,35753.95,35809.0
1.25591,0.48339891,5.0018773,4.7739502e-06,True,2,2.9125413e-11,-2.7093222e-12,6.9497399e-06,35767.07,35823.0
1.25625,0.48333194,5.0016599,4.7683006e-06,True,2,2.9082133e-11,-2.7121798e-12,6.6752282e-06,35780.2,35836.0
1.2566,0.48320561,5.0008258,4.7620838e-06,True,2,2.9031475e-11,-2.7148817e-12,6.4013009e-06,35793.33,35849.0
1.25694,0.48299754,4.9991432,4.7550807e-06,True,2,2.8970529e-11,-2.717413e-12,6.1279436e-06,35806.47,35862.0
1.25728,0.48266599,4.9961783,4.7468823e-06,True,2,2.8894218e-11,-2.7196847e-12,5.8551048e-06,35819.6,35875.0
1.25762,0.48316638,5.0018279,4.7468823e-06,True,2,2.8919337e-11,-2.7254015e-12,5.5829572e-06,35832.72,35888.0
1.25796,0.48260571,4.9964889,4.7364725e-06,True,2,2.8815115e-11,-2.7267823e-12,5.3112996e-06,35845.84,35901.0
1.2583,0.48310385,5.0021129,4.7364725e-06,True,2,2.8839512e-11,-2.7328899e-12,5.0402986e-06,35859.06,35915.0
1.25865,0.48360199,5.0077351,4.7364725e-06,True,2,2.8864416e-11,-2.7389115e-12,4.7695952e-06,35872.23,35928.0
1.25899,0.48227891,4.9944971,4.7186662e-06,True,2,2.866942e-11,-2.7356633e-12,4.4998636e-06,35885.44,35941.0
1.25933,0.48277326,5.0000814,4.7186662e-06,True,2,2.8694928e-11,-2.7410832e-12,4.2307134e-06,35898.6,35954.0
1.25966,0.48326761,5.0056637,4.7186662e-06,True,2,2.8720137e-11,-2.7467234e-12,3.9618566e-06,35911.73,35967.0
1.26,0.48376196,5.0112447,4.7080979e-06,True,2,2.8611817e-11,-2.7529525e-12,3.6932781e-06,35924.92,35981.0
1.26034,0.48258926,4.9995682,4.7025115e-06,True,2,2.8585215e-11,-2.7494392e-12,3.425413e-06,35938.06,35994.0
1.26068,0.48260618,5.0002136,4.6979756e-06,True,2,2.8553313e-11,-2.7524013e-12,3.1581181e-06,35951.21,36007.0
1.26102,0.48249599,4.9995378,4.6922182e-06,True,2,2.8503361e-11,-2.7565676e-12,2.8913909e-06,35964.38,36020.0
1.26136,0.48249496,4.9999908,4.6875381e-06,True,2,2.8456819e-11,-2.7659484e-12,2.6252369e-06,35977.53,36033.0
1.26169,0.48248531,5.0003516,4.6827888e-06,True,2,2.8420685e-11,-2.7695676e-12,2.359653e-06,35990.77,36047.0
1.26203,0.48246661,5.0006167,4.6779663e-06,True,2,2.8383407e-11,-2.7731777e-12,2.0946382e-06,36004.07,36060.0
1.26237,0.48231065,4.999457,4.671829e-06,True,2,2.8321428e-11,-2.7807365e-12,1.8301922e-06,36017.31,36073.0
1.2627,0.48227019,4.9994929,4.6668266e-06,True,2,2.8288025e-11,-2.780747e-12,1.5663134e-06,36030.52,36086.0
1.26304,0.48221911,4.999418,4.6617365e-06,True,2,2.8240168e-11,-2.7879203e-12,1.3030031e-06,36043.69,36100.0
1.26338,0.4822919,5.0006265,4.6578578e-06,True,2,2.8222779e-11,-2.7870397e-12,1.0402582e-06,36056.81,36113.0
1.26371,0.48222055,5.0003395,4.6526011e-06,True,2,2.8179716e-11,-2.7901483e-12,7.7808259e-07,36070.06,36126.0
1.26405,0.48213673,4.9999222,4.6472397e-06,True,2,2.8135387e-11,-2.7930692e-12,5.1646901e-07,36083.14,36139.0
1.26438,0.48203979,4.999368,4.6417673e-06,True,2,2.8080132e-11,-2.8011374e-12,2.5541815e-07,36096.29,36152.0
1.26471,0.48207533,5.0001874,4.637585e-06,True,2,2.8059189e-11,-2.7995588e-12,-5.0680213e-09,36109.46,36165.0
1.26505,0.48195185,4.9993581,4.6318971e-06,True,2,2.8019429e-11,-2.8056395e-12,-2.6505942e-07,36122.59,36179.0
1.26538,0.48195883,4.9998915,4.6275418e-06,True,2,2.799601e-11,-2.8036989e-12,-5.2472964e-07,36135.76,36192.0
1.26571,0.48195574,5.000317,4.6231035e-06,True,2,2.796198e-11,-2.8069111e-12,-7.8385527e-07,36148.9,36205.0
1.26605,0.48194205,5.0006299,4.6185773e-06,True,2,2.7927292e-11,-2.8097679e-12,-1.0424338e-06,36162.05,36218.0
1.26638,0.48191712,5.0008238,4.613957e-06,True,2,2.7891607e-11,-2.812409e-12,-1.3004652e-06,36175.24,36231.0
1.26671,0.4818802,5.000891,4.6076377e-06,True,2,2.7834306e-11,-2.8150202e-12,-1.5579507e-06,36188.35,36245.0
1.26704,0.48183045,5.0008232,4.6044048e-06,True,2,2.7816115e-11,-2.8173992e-12,-1.8148967e-06,36201.48,36258.0
1.26737,0.481767,5.0006114,4.5994571e-06,True,2,2.7776436e-11,-2.8195967e-12,-2.0712993e-06,36214.61,36271.0
1.26771,0.48168866,5.0002436,4.5943814e-06,True,2,2.7735106e-11,-2.8216591e-12,-2.3271696e-06,36227.8,36284.0
1.26804,0.48159424,4.9997079,4.5891668e-06,True,2,2.7694013e-11,-2.8235205e-12,-2.5827323e-06,36240.92,36297.0
1.26837,0.48167186,5.0009576,4.5856071e-06,True,2,2.7922507e-11,-2.8141149e-12,-2.8378261e-06,36254.08,36310.0
1.2687,0.48154702,5.000104,4.5801303e-06,True,2,2.7851264e-11,-2.8177158e-12,-3.0926972e-06,36267.25,36324.0
1.26903,0.48140189,4.9990391,4.5744753e-06,True,2,2.7762516e-11,-2.8282811e-12,-3.346995e-06,36280.41,36337.0
1.26936,0.48144214,4.9998984,4.5705952e-06,True,2,2.771842e-11,-2.8256734e-12,-3.6007033e-06,36293.63,36350.0
1.26968,0.48147112,5.0006403,4.5666197e-06,True,2,2.7655931e-11,-2.8301883e-12,-3.8538329e-06,36306.82,36363.0
1.27001,0.48126807,4.9989713,4.5604589e-06,True,2,2.7565929e-11,-2.8397701e-12,-4.1064057e-06,36320.0,36376.0
1.27034,0.48125749,4.9993123,4.5562055e-06,True,2,2.7470521e-11,-2.8373239e-12,-4.3587446e-06,36333.13,36390.0
1.27067,0.48123157,4.9994909,4.55182e-06,True,2,2.7414435e-11,-2.8407533e-12,-4.6105564e-06,36346.32,36403.0
1.271,0.48118883,4.9994915,4.5472883e-06,True,2,2.73782e-11,-2.8431936e-12,-4.8618621e-06,36359.44,36416.0
1.27132,0.48112766,4.9992982,4.5425951e-06,True,2,2.7339991e-11,-2.845436e-12,-5.1126776e-06,36372.63,36429.0
1.27165,0.48104579,4.998887,4.5377192e-06,True,2,2.7300436e-11,-2.8469385e-12,-5.3630051e-06,36385.74,36442.0
1.27198,0.48121314,5.0010654,4.5352053e-06,True,2,2.7287515e-11,-2.8512379e-12,-5.6128392e-06,36398.88,36455.0
1.2723,0.48109464,5.0002701,4.5300081e-06,True,2,2.7242702e-11,-2.8531057e-12,-5.8621799e-06,36412.08,36469.0
1.27263,0.4809476,4.9991764,4.5245559e-06,True,2,2.7195173e-11,-2.8545593e-12,-6.1110413e-06,36425.25,36482.0
1.27296,0.4810775,5.0009614,4.521721e-06,True,2,2.7179721e-11,-2.8577047e-12,-6.359418e-06,36438.51,36495.0
1.27328,0.4808775,4.9993148,4.5157972e-06,True,2,2.7126545e-11,-2.8586639e-12,-6.6073116e-06,36451.7,36508.0
1.27361,0.48097626,5.0007746,4.5126915e-06,True,2,2.7108122e-11,-2.8614301e-12,-6.8547319e-06,36464.84,36521.0
1.27393,0.48070638,4.9983989,4.5061394e-06,True,2,2.7049032e-11,-2.8609691e-12,-7.1016669e-06,36478.12,36535.0
1.27425,0.48076312,4.9994206,4.5026625e-06,True,2,2.7024412e-11,-2.8642722e-12,-7.3481272e-06,36491.35,36548.0
1.27458,0.48080199,5.0002556,4.4990284e-06,True,2,2.6999001e-11,-2.8668065e-12,-7.5941303e-06,36504.5,36561.0
1.2749,0.48082028,5.0008759,4.4952124e-06,True,2,2.6971327e-11,-2.8691777e-12,-7.839672e-06,36517.62,36574.0
1.27523,0.48080926,5.0011989,4.4911808e-06,True,2,2.6957675e-11,-2.8704537e-12,-8.0849527e-06,36530.74,36587.0
1.27555,0.48076702,5.0011984,4.4868912e-06,True,2,2.6923392e-11,-2.8725313e-12,-8.3298407e-06,36543.87,36601.0
1.27587,0.48068901,5.0008226,4.4822798e-06,True,2,2.688507e-11,-2.8744033e-12,-8.5742778e-06,36557.07,36614.0
1.27619,0.48056592,4.999975,4.4772605e-06,True,2,2.6841671e-11,-2.8758207e-12,-8.8182675e-06,36570.23,36627.0
1.27652,0.48038248,4.9984969,4.4716918e-06,True,2,2.6792076e-11,-2.8765484e-12,-9.061825e-06,36583.44,36640.0
1.27684,0.4807964,5.0032336,4.4716918e-06,True,2,2.6810759e-11,-2.8812596e-12,-9.3049625e-06,36596.59,36653.0
1.27716,0.48052623,5.0008495,4.4653399e-06,True,2,2.6751903e-11,-2.8811092e-12,-9.5475706e-06,36609.75,36667.0
1.27748,0.48011665,4.9970113,4.4577069e-06,True,2,2.667744e-11,-2.8800173e-12,-9.7898207e-06,36622.87,36680.0
1.2778,0.48052792,5.001718,4.4577069e-06,True,2,2.6697156e-11,-2.8839617e-12,-1.0031559e-05,36636.0,36693.0
1.27812,0.47982576,4.9948302,4.4473881e-06,True,2,2.6591293e-11,-2.8801295e-12,-1.0272988e-05,36649.21,36706.0
1.27844,0.48023503,4.9995165,4.4473881e-06,True,2,2.6611327e-11,-2.8836036e-12,-1.0513742e-05,36662.52,36719.0
1.27876,0.4806443,5.0042001,4.4473881e-06,True,2,2.6631002e-11,-2.8875743e-12,-1.0754257e-05,36675.71,36733.0
1.27908,0.48105356,5.0088821,4.4473881e-06,True,2,2.665075e-11,-2.8915046e-12,-1.0994534e-05,36688.84,36746.0
1.2794,0.48146281,5.0135634,4.4473881e-06,True,2,2.6670475e-11,-2.8954627e-12,-1.1234574e-05,36702.01,36759.0
1.27972,0.48187205,5.0182442,4.4473881e-06,True,2,2.6690046e-11,-2.8993914e-12,-1.1474376e-05,36715.14,36772.0
1.28004,0.48004062,4.9995857,4.426736e-06,True,2,2.6473012e-11,-2.8873041e-12,-1.1713864e-05,36728.32,36785.0
1.28036,0.4800087,4.9996894,4.4227753e-06,True,2,2.650371e-11,-2.838357e-12,-1.1952373e-05,36741.53,36799.0
1.28068,0.47996952,4.9997118,4.4187582e-06,True,2,2.6474473e-11,-2.8378896e-12,-1.2190457e-05,36754.68,36812.0
1.281,0.47992272,4.9996504,4.4146813e-06,True,2,2.6445034e-11,-2.8371177e-12,-1.2428121e-05,36767.83,36825.0
1.28132,0.47986798,4.9995036,4.4105418e-06,True,2,2.6407232e-11,-2.840376e-12,-1.2665364e-05,36781.02,36838.0
1.28163,0.47992006,5.0004674,4.4073936e-06,True,2,2.6395873e-11,-2.8366069e-12,-1.290219e-05,36794.17,36851.0
1.28195,0.47985023,5.0001591,4.4031356e-06,True,2,2.6364025e-11,-2.835673e-12,-1.3138597e-05,36807.33,36864.0
1.28227,0.4797713,4.9997542,4.3988047e-06,True,2,2.63313e-11,-2.8345908e-12,-1.337459e-05,36820.5,36878.0
1.28259,0.47980394,5.000511,4.3955063e-06,True,2,2.6310779e-11,-2.834553e-12,-1.3610168e-05,36833.64,36891.0
1.2829,0.47970772,4.9999232,4.3910372e-06,True,2,2.6276287e-11,-2.8333178e-12,-1.3845331e-05,36846.82,36904.0
1.28322,0.47972632,5.0005312,4.3876289e-06,True,2,2.6254539e-11,-2.8330301e-12,-1.4080087e-05,36859.96,36917.0
1.28353,0.47961093,4.9997413,4.383005e-06,True,2,2.6218061e-11,-2.8316373e-12,-1.431443e-05,36873.13,36930.0
1.28385,0.47961404,5.0001862,4.379474e-06,True,2,2.6194878e-11,-2.8311835e-12,-1.4548363e-05,36886.5,36944.0
1.28416,0.47960993,5.0005551,4.3758862e-06,True,2,2.61711e-11,-2.8306083e-12,-1.4781885e-05,36899.81,36957.0
1.28448,0.47946317,4.9994355,4.3710069e-06,True,2,2.6130019e-11,-2.8298603e-12,-1.5014998e-05,36912.98,36970.0
1.28479,0.47944081,4.9996128,4.367272e-06,True,2,2.6106298e-11,-2.8279613e-12,-1.52477e-05,36926.12,36983.0
1.28511,0.47940746,4.9996787,4.3634676e-06,True,2,2.6095367e-11,-2.8270679e-12,-1.5480096e-05,36939.23,36997.0
1.28542,0.47936,4.9996037,4.3595885e-06,True,2,2.606717e-11,-2.826287e-12,-1.5712242e-05,36952.33,37010.0
1.28574,0.47930274,4.9994232,4.3556299e-06,True,2,2.6038421e-11,-2.8251364e-12,-1.5943992e-05,36965.47,37023.0
1.28605,0.47938451,5.0006907,4.3529432e-06,True,2,2.6023997e-11,-2.8256792e-12,-1.617535e-05,36978.59,37036.0
1.28636,0.47930908,5.0003157,4.3488378e-06,True,2,2.5993014e-11,-2.8245254e-12,-1.6406311e-05,36991.7,37049.0
1.28668,0.4792219,4.9998161,4.3446354e-06,True,2,2.5960767e-11,-2.8232893e-12,-1.6636881e-05,37004.88,37062.0
1.28699,0.47928192,5.0008508,4.3403284e-06,True,2,2.5926798e-11,-2.822791e-12,-1.686706e-05,37018.01,37075.0
1.2873,0.47917293,5.0001201,4.3373946e-06,True,2,2.5910364e-11,-2.8217366e-12,-1.7096845e-05,37031.3,37089.0
1.28761,0.47904944,4.9992369,4.3328919e-06,True,2,2.5864476e-11,-2.8255257e-12,-1.7326245e-05,37044.59,37102.0
1.28792,0.47908289,4.9999904,4.3298177e-06,True,2,2.5856177e-11,-2.8195298e-12,-1.7555249e-05,37057.85,37115.0
1.28824,0.47910857,5.0006621,4.3266812e-06,True,2,2.5837114e-11,-2.8188198e-12,-1.7783867e-05,37071.12,37129.0
1.28855,0.47894557,4.999363,4.3218502e-06,True,2,2.5797887e-11,-2.8163262e-12,-1.8012094e-05,37084.42,37142.0
1.28886,0.47894988,4.9998102,4.3185383e-06,True,2,2.5776642e-11,-2.8154773e-12,-1.823993e-05,37097.77,37155.0
1.28917,0.47894441,5.0001546,4.3151464e-06,True,2,2.5754648e-11,-2.814372e-12,-1.8467381e-05,37110.84,37168.0
1.28948,0.47892839,5.0003882,4.3116677e-06,True,2,2.5731655e-11,-2.8131263e-12,-1.8694447e-05,37124.08,37182.0
1.28979,0.47890112,5.0005037,4.308096e-06,True,2,2.5707524e-11,-2.8117631e-12,-1.8921126e-05,37137.21,37195.0
1.2901,0.47885929,5.0004701,4.3044215e-06,True,2,2.5696977e-11,-2.8105099e-12,-1.9147513e-05,37150.34,37208.0
1.29041,0.478799,5.0002501,4.3006339e-06,True,2,2.5669145e-11,-2.8092177e-12,-1.937367e-05,37163.49,37221.0
1.29072,0.47872359,4.9998689,4.2967194e-06,True,2,2.5639679e-11,-2.8077479e-12,-1.9599457e-05,37176.63,37234.0
1.29103,0.47863153,4.9993111,4.2926646e-06,True,2,2.5608538e-11,-2.8060666e-12,-1.9824873e-05,37189.8,37248.0
1.29134,0.47875828,5.0010372,4.2905798e-06,True,2,2.5601267e-11,-2.8062291e-12,-2.0049917e-05,37203.04,37261.0
1.29165,0.47863703,5.0001703,4.2862801e-06,True,2,2.5567522e-11,-2.8041179e-12,-2.0274585e-05,37216.3,37274.0
1.29195,0.47849335,4.9990668,4.2817889e-06,True,2,2.5531633e-11,-2.8017239e-12,-2.0498891e-05,37229.42,37287.0
1.29226,0.47859077,5.0004818,4.2794631e-06,True,2,2.5521567e-11,-2.8015324e-12,-2.0722821e-05,37242.58,37300.0
1.29257,0.47840649,4.9989512,4.2746266e-06,True,2,2.5481827e-11,-2.7988423e-12,-2.0946391e-05,37255.74,37314.0
1.29288,0.47848026,5.000117,4.2721047e-06,True,2,2.5509306e-11,-2.8018108e-12,-2.1169549e-05,37268.87,37327.0
1.29319,0.47854477,5.0011852,4.2695061e-06,True,2,2.5474128e-11,-2.7994413e-12,-2.1392419e-05,37282.04,37340.0
1.29349,0.47828741,4.998888,4.2640447e-06,True,2,2.5407669e-11,-2.7945913e-12,-2.1614905e-05,37295.14,37353.0
1.2938,0.478318,4.9996003,4.2611597e-06,True,2,2.5390828e-11,-2.7938088e-12,-2.1837009e-05,37308.31,37366.0
1.29411,0.47833433,5.000163,4.2581546e-06,True,2,2.537273e-11,-2.7927391e-12,-2.2058754e-05,37321.67,37380.0
1.29441,0.47833467,5.0005577,4.2550144e-06,True,2,2.5353039e-11,-2.7915567e-12,-2.2280138e-05,37334.79,37393.0
1.29472,0.47831639,5.0007573,4.2517159e-06,True,2,2.5201014e-11,-2.9602078e-12,-2.2501165e-05,37347.92,37406.0
1.29503,0.4782761,5.0007269,4.2482338e-06,True,2,2.5322248e-11,-2.7889621e-12,-2.2721883e-05,37361.04,37419.0
1.29533,0.47820311,5.0003644,4.2445268e-06,True,2,2.516456e-11,-2.9573809e-12,-2.2942435e-05,37374.17,37432.0
1.29564,0.47809821,4.9996649,4.240545e-06,True,2,2.5134229e-11,-2.9551921e-12,-2.3162654e-05,37387.37,37445.0
1.29594,0.4779524,4.9985343,4.2362091e-06,True,2,2.5099701e-11,-2.9525815e-12,-2.3382536e-05,37400.48,37458.0
1.29625,0.47829516,5.0025123,4.2362091e-06,True,2,2.5116835e-11,-2.9548012e-12,-2.3602079e-05,37413.61,37472.0
1.29655,0.47809487,5.0008083,4.2314061e-06,True,2,2.5076992e-11,-2.9514121e-12,-2.3821226e-05,37426.74,37485.0
1.29686,0.47781692,4.9982893,4.2259251e-06,True,2,2.5029061e-11,-2.9472573e-12,-2.4040066e-05,37439.81,37498.0
1.29716,0.47815796,5.0022448,4.2259251e-06,True,2,2.5046169e-11,-2.9493835e-12,-2.4258557e-05,37452.91,37511.0
1.29746,0.47775568,4.998422,4.2193631e-06,True,2,2.4985377e-11,-2.9438945e-12,-2.447668e-05,37466.02,37524.0
1.29777,0.47809562,5.0023641,4.2193631e-06,True,2,2.5002295e-11,-2.9460952e-12,-2.4694485e-05,37479.1,37537.0
1.29807,0.47743446,4.9958282,4.2105359e-06,True,2,2.4914343e-11,-2.9381733e-12,-2.4911989e-05,37492.2,37550.0
1.29837,0.47777292,4.9997553,4.2105359e-06,True,2,2.4931439e-11,-2.9401001e-12,-2.512901e-05,37505.34,37564.0
1.29868,0.47811138,5.0036801,4.2105359e-06,True,2,2.4948223e-11,-2.9423864e-12,-2.5345835e-05,37518.47,37577.0
1.29898,0.47844983,5.0076033,4.2105359e-06,True,2,2.4964977e-11,-2.9447276e-12,-2.5562466e-05,37531.66,37590.0
1.29928,0.47878828,5.0115258,4.2105359e-06,True,2,2.4981435e-11,-2.9472352e-12,-2.5778902e-05,37544.81,37603.0
1.29959,0.47912672,5.0154478,4.2105359e-06,True,2,2.4997777e-11,-2.9497954e-12,-2.5995141e-05,37557.96,37616.0
1.29989,0.47946515,5.0193694,4.2105359e-06,True,2,2.5014288e-11,-2.9522884e-12,-2.6211185e-05,37571.13,37629.0
1.30019,0.47758425,5.0000641,4.1911058e-06,True,2,2.4813694e-11,-2.932378e-12,-2.6426682e-05,37584.31,37643.0
1.30049,0.47750506,4.9996272,4.1875327e-06,True,2,2.4787226e-11,-2.9303439e-12,-2.664164e-05,37597.56,37656.0
1.3008,0.47752272,5.0002005,4.1848159e-06,True,2,2.4770108e-11,-2.9298196e-12,-2.6856269e-05,37610.77,37669.0
1.3011,0.47743035,4.999618,4.1811417e-06,True,2,2.474254e-11,-2.9276526e-12,-2.7070571e-05,37623.92,37682.0
1.3014,0.47743747,5.0000753,4.1783455e-06,True,2,2.4724651e-11,-2.9269038e-12,-2.7284545e-05,37637.06,37695.0
1.3017,0.47743967,5.0004791,4.1755125e-06,True,2,2.4706826e-11,-2.9258148e-12,-2.7498194e-05,37650.22,37709.0
1.302,0.47732627,4.9996702,4.1716754e-06,True,2,2.4677426e-11,-2.9233226e-12,-2.7711516e-05,37663.31,37722.0
1.3023,0.47731646,4.9999453,4.1687506e-06,True,2,2.4658314e-11,-2.9221953e-12,-2.7924513e-05,37676.46,37735.0
1.3026,0.47730105,5.0001604,4.1657833e-06,True,2,2.4638857e-11,-2.9208607e-12,-2.8137185e-05,37689.61,37748.0
1.3029,0.47727978,5.0003131,4.1627711e-06,True,2,2.4618737e-11,-2.9194989e-12,-2.8349534e-05,37702.76,37761.0
1.3032,0.47725239,5.0004008,4.1597119e-06,True,2,2.4598041e-11,-2.9180428e-12,-2.8561559e-05,37715.92,37774.0
1.3035,0.47721862,5.0004206,4.1566035e-06,True,2,2.4576862e-11,-2.9163429e-12,-2.8773261e-05,37729.04,37788.0
1.3038,0.47717807,5.0003686,4.1534425e-06,True,2,2.4555039e-11,-2.9145697e-12,-2.8984642e-05,37742.18,37801.0
1.3041,0.47713046,5.0002419,4.1502265e-06,True,2,2.4532582e-11,-2.9127049e-12,-2.9195701e-05,37755.38,37814.0
1.3044,0.47707536,5.0000358,4.146952e-06,True,2,2.450939e-11,-2.9107731e-12,-2.9406441e-05,37768.46,37827.0
1.30469,0.47701236,4.9997464,4.1436153e-06,True,2,2.4485486e-11,-2.9087463e-12,-2.9616864e-05,37781.57,37840.0
1.30499,0.47694095,4.9993682,4.1402123e-06,True,2,2.4453287e-11,-2.9105659e-12,-2.9826973e-05,37794.67,37853.0
1.30529,0.4769885,5.0002472,4.1379045e-06,True,2,2.4462155e-11,-2.9067477e-12,-3.0037e-05,37807.87,37867.0
1.30559,0.47689477,4.9996427,4.1343797e-06,True,2,2.4436836e-11,-2.9039951e-12,-3.0246721e-05,37820.97,37880.0
1.30589,0.47693066,5.0003947,4.131985e-06,True,2,2.4426263e-11,-2.902059e-12,-3.0456155e-05,37834.11,37893.0
1.30618,0.47681935,4.999601,4.1283214e-06,True,2,2.4401607e-11,-2.8983778e-12,-3.0665331e-05,37847.3,37906.0
1.30648,0.47684261,5.0002161,4.1258284e-06,True,2,2.4386725e-11,-2.897878e-12,-3.0874289e-05,37860.61,37919.0
1.30678,0.47686033,5.0007705,4.1232921e-06,True,2,2.4365562e-11,-2.8995751e-12,-3.1083013e-05,37873.77,37933.0
1.30707,0.47672051,4.999672,4.1194007e-06,True,2,2.4333227e-11,-2.8973401e-12,-3.1291446e-05,37886.97,37946.0
1.30737,0.47672291,5.0000639,4.1167447e-06,True,2,2.4316411e-11,-2.8961543e-12,-3.149958e-05,37900.2,37959.0
1.30767,0.47671849,5.0003835,4.1140354e-06,True,2,2.429937e-11,-2.894706e-12,-3.1707415e-05,37913.42,37972.0
1.30796,0.47670682,5.000626,4.1112691e-06,True,2,2.4281788e-11,-2.8930913e-12,-3.1914949e-05,37926.65,37985.0
1.30826,0.47668748,5.0007873,4.1084424e-06,True,2,2.4263426e-11,-2.8914044e-12,-3.2122181e-05,37939.8,37999.0
1.30855,0.47665986,5.0008609,4.10555e-06,True,2,2.4244284e-11,-2.8896267e-12,-3.2329113e-05,37952.93,38012.0
1.30885,0.47662344,5.0008416,4.1025878e-06,True,2,2.4224315e-11,-2.8877468e-12,-3.2535743e-05,37966.09,38025.0
1.30914,0.47657748,5.0007216,4.0995492e-06,True,2,2.4203421e-11,-2.8857622e-12,-3.2742074e-05,37979.31,38038.0
1.30944,0.47652122,5.0004929,4.096428e-06,True,2,2.4181528e-11,-2.883662e-12,-3.2948106e-05,37992.54,38051.0
1.30973,0.47645373,5.0001456,4.0932162e-06,True,2,2.4158542e-11,-2.8814373e-12,-3.3153841e-05,38005.7,38065.0
1.31003,0.4763734,4.9996638,4.089905e-06,True,2,2.4147192e-11,-2.8802654e-12,-3.3359316e-05,38018.95,38078.0
1.31032,0.47647442,5.0010956,4.0864829e-06,True,2,2.4120333e-11,-2.8790313e-12,-3.3564686e-05,38032.23,38091.0
1.31062,0.47636661,5.0003321,4.084726e-06,True,2,2.4114538e-11,-2.8775485e-12,-3.3769762e-05,38045.34,38104.0
1.31091,0.47624276,4.9993974,4.0811125e-06,True,2,2.4086238e-11,-2.8748544e-12,-3.3974553e-05,38058.53,38118.0
1.31121,0.47632279,5.0006015,4.0792515e-06,True,2,2.4078825e-11,-2.8741947e-12,-3.4179056e-05,38071.68,38131.0
1.3115,0.47617059,4.999365,4.0754072e-06,True,2,2.4047869e-11,-2.8711301e-12,-3.438327e-05,38084.79,38144.0
1.31179,0.47623453,5.0003967,4.0734182e-06,True,2,2.4039e-11,-2.8701728e-12,-3.4587197e-05,38097.93,38157.0
1.31209,0.47604764,4.9987924,4.0692894e-06,True,2,2.3990809e-11,-2.8740132e-12,-3.4790843e-05,38111.12,38170.0
1.31238,0.47609171,4.9996125,4.0671409e-06,True,2,2.3991148e-11,-2.8670165e-12,-3.499419e-05,38124.28,38183.0
1.31267,0.47612786,5.0003488,4.0649293e-06,True,2,2.397961e-11,-2.8657003e-12,-3.5197257e-05,38137.38,38197.0
1.31296,0.47615548,5.0009944,4.0626494e-06,True,2,2.3967167e-11,-2.8643184e-12,-3.5400043e-05,38150.53,38210.0
1.31326,0.47617355,5.0015391,4.0578514e-06,True,2,2.392396e-11,-2.8614622e-12,-3.5602544e-05,38163.65,38223.0
1.31355,0.47588345,4.9988454,4.0553152e-06,True,2,2.390928e-11,-2.8582434e-12,-3.5804753e-05,38176.83,38236.0
1.31384,0.47586649,4.9990207,4.0526716e-06,True,2,2.389236e-11,-2.8564574e-12,-3.600668e-05,38190.01,38249.0
1.31413,0.47583452,4.9990377,4.0499053e-06,True,2,2.3873925e-11,-2.8545262e-12,-3.6208324e-05,38203.12,38262.0
1.31442,0.47578537,4.9988736,4.0469979e-06,True,2,2.3853845e-11,-2.852391e-12,-3.6409687e-05,38216.31,38276.0
1.31471,0.47571584,4.9984947,4.0439227e-06,True,2,2.383187e-11,-2.8500124e-12,-3.661077e-05,38229.49,38289.0
1.31501,0.47600761,5.0019127,4.0439227e-06,True,2,2.3854287e-11,-2.8516915e-12,-3.6811594e-05,38242.63,38302.0
1.3153,0.47590658,5.0012131,4.0406456e-06,True,2,2.3833358e-11,-2.8503265e-12,-3.7012315e-05,38255.74,38315.0
1.31559,0.47577518,5.0001913,4.0371167e-06,True,2,2.3805123e-11,-2.847525e-12,-3.721277e-05,38268.91,38328.0
1.31588,0.47560448,4.9987536,4.0332608e-06,True,2,2.3788821e-11,-2.8473879e-12,-3.7412951e-05,38282.19,38342.0
1.31617,0.47588804,5.002089,4.0332608e-06,True,2,2.3786671e-11,-2.8458336e-12,-3.7612898e-05,38295.5,38355.0
1.31646,0.4756642,5.0000889,4.0289655e-06,True,2,2.3749454e-11,-2.8420128e-12,-3.7812524e-05,38308.7,38368.0
1.31675,0.47536381,4.9972806,4.0240281e-06,True,2,2.370452e-11,-2.8375702e-12,-3.8011936e-05,38321.87,38381.0
1.31704,0.475646,5.0005982,4.0240281e-06,True,2,2.3718132e-11,-2.8389897e-12,-3.8211005e-05,38335.06,38395.0
1.31733,0.47521676,4.9964305,4.0180131e-06,True,2,2.3662979e-11,-2.8317852e-12,-3.84099e-05,38348.22,38408.0
1.31762,0.47549806,4.9997383,4.0180131e-06,True,2,2.3674066e-11,-2.8344763e-12,-3.8608399e-05,38361.32,38421.0
1.31791,0.47577935,5.0030426,4.0180131e-06,True,2,2.368756e-11,-2.8360311e-12,-3.8806735e-05,38374.7,38434.0
1.3182,0.47505609,4.9957809,4.0095362e-06,True,2,2.3600633e-11,-2.8269861e-12,-3.9004798e-05,38387.88,38447.0
1.31848,0.47533614,4.9990727,4.0095362e-06,True,2,2.3614476e-11,-2.8281595e-12,-3.9202465e-05,38401.02,38461.0
1.31877,0.47561619,5.0023626,4.0095362e-06,True,2,2.358792e-11,-2.8611066e-12,-3.9399971e-05,38414.12,38474.0
1.31906,0.47589623,5.005651,4.0095362e-06,True,2,2.3601541e-11,-2.8625537e-12,-3.9597317e-05,38427.19,38487.0
1.31935,0.47617627,5.0089386,4.0095362e-06,True,2,2.3615265e-11,-2.8639773e-12,-3.9794502e-05,38440.37,38500.0
1.31964,0.47645631,5.0122257,4.0095362e-06,True,2,2.3628929e-11,-2.8654338e-12,-3.9991513e-05,38453.46,38513.0
1.31993,0.47673633,5.0155123,4.0095362e-06,True,2,2.364257e-11,-2.8669081e-12,-4.0188373e-05,38466.57,38526.0
1.32022,0.47520962,4.9997993,3.9943961e-06,True,2,2.3488853e-11,-2.8503603e-12,-4.0384826e-05,38479.67,38539.0
1.3205,0.47519071,4.9999535,3.9919595e-06,True,2,2.3596078e-11,-2.8354939e-12,-4.0580856e-05,38492.9,38553.0
1.32079,0.47516757,5.0000591,3.9894912e-06,True,2,2.3611134e-11,-2.8403132e-12,-4.0776714e-05,38506.1,38566.0
1.32108,0.47514007,5.0001164,3.9869897e-06,True,2,2.3529473e-11,-2.8249033e-12,-4.0972388e-05,38519.34,38579.0
1.32136,0.47510787,5.0001219,3.9844535e-06,True,2,2.3422909e-11,-2.8433616e-12,-4.1167766e-05,38532.55,38592.0
1.32165,0.47507072,5.0000736,3.9818809e-06,True,2,2.3405365e-11,-2.8415035e-12,-4.1362838e-05,38545.76,38606.0
1.32194,0.47502848,4.9999704,3.9792704e-06,True,2,2.3387372e-11,-2.8395878e-12,-4.1557655e-05,38558.98,38619.0
1.32222,0.47498091,4.9998098,3.9766199e-06,True,2,2.3368696e-11,-2.8376852e-12,-4.1752219e-05,38572.1,38632.0
1.32251,0.47492774,4.9995892,3.9739272e-06,True,2,2.3349615e-11,-2.8356572e-12,-4.1946533e-05,38585.21,38645.0
1.3228,0.47497836,5.0004614,3.9721077e-06,True,2,2.3339726e-11,-2.8353563e-12,-4.2140601e-05,38598.3,38658.0
1.32308,0.47491497,5.0001332,3.9693398e-06,True,2,2.3320351e-11,-2.8332632e-12,-4.2334426e-05,38611.39,38671.0
1.32337,0.47484541,4.9997371,3.9665233e-06,True,2,2.3298011e-11,-2.8317655e-12,-4.252801e-05,38624.43,38684.0
1.32365,0.47488439,5.0004829,3.9646172e-06,True,2,2.3288761e-11,-2.8304172e-12,-4.2721328e-05,38637.55,38697.0
1.32394,0.47480334,4.9999639,3.9617133e-06,True,2,2.3267496e-11,-2.8278881e-12,-4.2914391e-05,38650.79,38711.0
1.32422,0.474834,5.000621,3.9597457e-06,True,2,2.3257078e-11,-2.8266121e-12,-4.3107204e-05,38663.9,38724.0
1.32451,0.47474017,4.9999662,3.9567443e-06,True,2,2.3234391e-11,-2.8240283e-12,-4.329976e-05,38677.07,38737.0
1.32479,0.47476168,5.000526,3.9547084e-06,True,2,2.3223111e-11,-2.8226491e-12,-4.3492065e-05,38690.34,38750.0
1.32508,0.4746521,4.9997072,3.9515989e-06,True,2,2.3210362e-11,-2.8216783e-12,-4.3684185e-05,38703.45,38764.0
1.32536,0.47465694,5.000101,3.949486e-06,True,2,2.3197404e-11,-2.8203759e-12,-4.3876195e-05,38716.67,38777.0
1.32565,0.4746572,5.0004436,3.9473389e-06,True,2,2.3184104e-11,-2.8189378e-12,-4.4067963e-05,38729.79,38790.0
1.32593,0.47465265,5.0007334,3.9440502e-06,True,2,2.3156997e-11,-2.8167012e-12,-4.4259486e-05,38742.97,38803.0
1.32622,0.47450759,4.9995403,3.9418096e-06,True,2,2.3130022e-11,-2.8253797e-12,-4.4450287e-05,38756.18,38816.0
1.3265,0.4744901,4.9996899,3.9395274e-06,True,2,2.3115221e-11,-2.8236873e-12,-4.4640845e-05,38769.4,38830.0
1.32678,0.47446687,4.9997773,3.9372014e-06,True,2,2.3099865e-11,-2.8219347e-12,-4.483116e-05,38782.71,38843.0
1.32707,0.47443751,4.9997986,3.9348285e-06,True,2,2.308397e-11,-2.8201026e-12,-4.5021234e-05,38795.92,38856.0
1.32735,0.47440167,4.9997506,3.9324058e-06,True,2,2.3067505e-11,-2.8181885e-12,-4.5211065e-05,38809.26,38869.0
1.32763,0.4743589,4.9996284,3.9299298e-06,True,2,2.3050463e-11,-2.8161747e-12,-4.5400654e-05,38822.41,38883.0
1.32792,0.4743087,4.9994268,3.9273963e-06,True,2,2.303283e-11,-2.8140116e-12,-4.5590002e-05,38835.57,38896.0
1.3282,0.47440827,5.0008039,3.9261066e-06,True,2,2.3029583e-11,-2.8136227e-12,-4.5779109e-05,38848.83,38909.0
1.32848,0.47434572,5.0004709,3.9234785e-06,True,2,2.3010642e-11,-2.8114184e-12,-4.5967972e-05,38862.1,38922.0
1.32876,0.47427419,5.0000425,3.9207805e-06,True,2,2.2990888e-11,-2.8091085e-12,-4.6156595e-05,38875.21,38936.0
1.32905,0.47419303,4.9995118,3.918007e-06,True,2,2.2970296e-11,-2.8066662e-12,-4.6344981e-05,38888.37,38949.0
1.32933,0.47427555,5.0007068,3.9165895e-06,True,2,2.2965689e-11,-2.8059463e-12,-4.6533127e-05,38901.85,38962.0
1.32961,0.47417794,5.0000016,3.9136881e-06,True,2,2.2943525e-11,-2.8033229e-12,-4.6721031e-05,38914.99,38975.0
1.32989,0.47406823,4.9991678,3.9106912e-06,True,2,2.2920855e-11,-2.8002433e-12,-4.6908701e-05,38928.19,38989.0
1.33017,0.47413111,5.0001615,3.9091534e-06,True,2,2.2924602e-11,-2.8017725e-12,-4.7096265e-05,38941.37,39002.0
1.33045,0.4739937,4.9990445,3.905989e-06,True,2,2.2887869e-11,-2.8047029e-12,-4.7283672e-05,38954.52,39015.0
1.33073,0.47404194,4.9998832,3.9043588e-06,True,2,2.2890509e-11,-2.7982199e-12,-4.7470842e-05,38967.62,39028.0
1.33102,0.47408558,5.0006715,3.9026938e-06,True,2,2.2882216e-11,-2.7973124e-12,-4.7657789e-05,38980.76,39041.0
1.3313,0.47391269,4.9991732,3.8992503e-06,True,2,2.285291e-11,-2.7941137e-12,-4.7844506e-05,38993.87,39054.0
1.33158,0.47394095,4.9997956,3.8974658e-06,True,2,2.2843156e-11,-2.7930524e-12,-4.8030989e-05,39007.05,39068.0
1.33186,0.47396312,5.0003521,3.8956343e-06,True,2,2.2832923e-11,-2.7919029e-12,-4.8217248e-05,39020.25,39081.0
1.33214,0.47397876,5.0008384,3.8937523e-06,True,2,2.2822036e-11,-2.7907396e-12,-4.840328e-05,39033.45,39094.0
1.33242,0.47398729,5.0012485,3.8918151e-06,True,2,2.2810525e-11,-2.7894698e-12,-4.8589085e-05,39046.62,39107.0
1.3327,0.47373667,4.9989226,3.8877547e-06,True,2,2.2774066e-11,-2.7853664e-12,-4.8774654e-05,39059.78,39120.0
1.33298,0.4737197,4.999062,3.8856162e-06,True,2,2.2760232e-11,-2.7837568e-12,-4.8959997e-05,39072.94,39134.0
1.33326,0.47369216,4.9990889,3.8833946e-06,True,2,2.2745503e-11,-2.7819701e-12,-4.9145114e-05,39086.11,39147.0
1.33354,0.47365288,4.9989913,3.8810803e-06,True,2,2.2729654e-11,-2.7800638e-12,-4.9330003e-05,39099.34,39160.0
1.33382,0.47359993,4.9987487,3.8786577e-06,True,2,2.271256e-11,-2.7780017e-12,-4.9514669e-05,39112.5,39173.0
1.3341,0.4738425,5.0016255,3.8786577e-06,True,2,2.2723948e-11,-2.7791126e-12,-4.9699111e-05,39125.74,39186.0
1.33438,0.47377363,5.0012139,3.876111e-06,True,2,2.2705421e-11,-2.7768287e-12,-4.9883316e-05,39138.81,39200.0
1.33465,0.47368633,5.0006072,3.8734173e-06,True,2,2.2685184e-11,-2.7743343e-12,-5.0067297e-05,39151.97,39213.0
1.33493,0.47357708,4.9997681,3.8705481e-06,True,2,2.2662849e-11,-2.7716172e-12,-5.0251057e-05,39165.04,39226.0
1.33521,0.47343603,4.9986003,3.8674616e-06,True,2,2.2648011e-11,-2.7707544e-12,-5.0434768e-05,39178.1,39239.0
1.33549,0.47367083,5.001403,3.8674616e-06,True,2,2.2658837e-11,-2.771876e-12,-5.0618289e-05,39191.23,39252.0
1.33577,0.47349264,4.9998416,3.8640927e-06,True,2,2.2629996e-11,-2.7685492e-12,-5.0801584e-05,39204.28,39265.0
1.33605,0.47326701,4.9977756,3.8603412e-06,True,2,2.2596999e-11,-2.7645397e-12,-5.0984699e-05,39217.35,39278.0
1.33632,0.47350084,5.0005627,3.8603412e-06,True,2,2.2607726e-11,-2.7657143e-12,-5.1167549e-05,39230.45,39291.0
1.3366,0.4732059,4.9977611,3.8560327e-06,True,2,2.2567793e-11,-2.7611958e-12,-5.1350231e-05,39243.53,39304.0
1.33688,0.47343918,5.0005391,3.8560327e-06,True,2,2.2578907e-11,-2.7620975e-12,-5.1532649e-05,39256.6,39318.0
1.33716,0.47367246,5.0033146,3.8560327e-06,True,2,2.2589812e-11,-2.7631859e-12,-5.1714931e-05,39269.65,39331.0
1.33744,0.47326151,4.9992845,3.8507936e-06,True,2,2.2539147e-11,-2.7571157e-12,-5.1896889e-05,39282.79,39344.0
1.33771,0.4734941,5.0020515,3.8507936e-06,True,2,2.2550065e-11,-2.7581542e-12,-5.2078703e-05,39296.25,39357.0
1.33799,0.47282434,4.9952823,3.8434587e-06,True,2,2.24258e-11,-2.7757149e-12,-5.2260375e-05,39309.41,39370.0
1.33827,0.47305602,4.9980398,3.8434587e-06,True,2,2.2485633e-11,-2.7502524e-12,-5.2441646e-05,39322.55,39384.0
1.33854,0.47328767,5.0007956,3.8434587e-06,True,2,2.2496523e-11,-2.7512793e-12,-5.2622779e-05,39335.81,39397.0
1.33882,0.47351932,5.0035497,3.8434587e-06,True,2,2.2507414e-11,-2.7522958e-12,-5.2803777e-05,39348.89,39410.0
1.3391,0.47375096,5.0063027,3.8434587e-06,True,2,2.2518344e-11,-2.7533015e-12,-5.2984638e-05,39362.01,39423.0
1.33937,0.4739826,5.0090551,3.8434587e-06,True,2,2.2529299e-11,-2.7542983e-12,-5.3165364e-05,39375.19,39436.0
1.33965,0.47421423,5.011807,3.8434587e-06,True,2,2.254025e-11,-2.7553187e-12,-5.3345955e-05,39388.33,39449.0
1.33993,0.47444586,5.0145584,3.8434587e-06,True,2,2.2551185e-11,-2.7563582e-12,-5.3526409e-05,39401.51,39463.0
1.3402,0.47300282,4.9996178,3.8299397e-06,True,2,2.2412015e-11,-2.7417471e-12,-5.3706553e-05,39414.61,39476.0
1.34048,0.47304218,5.00035,3.828448e-06,True,2,2.2405686e-11,-2.7401354e-12,-5.3886413e-05,39427.72,39489.0
1.34075,0.4729857,5.0000651,3.8261837e-06,True,2,2.2389174e-11,-2.7381956e-12,-5.4066068e-05,39440.87,39502.0
1.34103,0.47292463,4.9997292,3.8238856e-06,True,2,2.2372363e-11,-2.7361661e-12,-5.4245519e-05,39453.94,39515.0
1.3413,0.47295553,5.0003638,3.822334e-06,True,2,2.2364332e-11,-2.7351095e-12,-5.4424766e-05,39467.11,39528.0
1.34158,0.47288627,4.9999376,3.819976e-06,True,2,2.2346898e-11,-2.7329247e-12,-5.4603807e-05,39480.25,39542.0
1.34186,0.47291129,5.0005072,3.8183825e-06,True,2,2.2338493e-11,-2.7317206e-12,-5.4782645e-05,39493.38,39555.0
1.34213,0.47283313,4.9999841,3.8159587e-06,True,2,2.2320288e-11,-2.7293969e-12,-5.4961276e-05,39506.46,39568.0
1.3424,0.4728518,5.0004843,3.8143196e-06,True,2,2.2311353e-11,-2.7280653e-12,-5.5139706e-05,39519.56,39581.0
1.34268,0.47276393,4.9998564,3.8118239e-06,True,2,2.2292323e-11,-2.7255895e-12,-5.5317929e-05,39532.65,39594.0
1.34295,0.47277566,5.0002815,3.8101345e-06,True,2,2.2282788e-11,-2.7241812e-12,-5.549595e-05,39545.76,39607.0
1.34323,0.47267714,4.9995392,3.8075594e-06,True,2,2.2259398e-11,-2.7192096e-12,-5.5673776e-05,39558.91,39620.0
1.3435,0.47268125,4.9998824,3.8058142e-06,True,2,2.2248246e-11,-2.7141302e-12,-5.58514e-05,39572.05,39633.0
1.34378,0.47268207,5.0001899,3.804045e-06,True,2,2.2235656e-11,-2.7098669e-12,-5.6028826e-05,39585.17,39647.0
1.34405,0.47267946,5.0004605,3.8022509e-06,True,2,2.2222775e-11,-2.7055403e-12,-5.6206053e-05,39598.32,39660.0
1.34432,0.47255879,4.9994811,3.7995101e-06,True,2,2.2197444e-11,-2.7006339e-12,-5.6383076e-05,39611.45,39673.0
1.3446,0.472547,4.9996535,3.7976478e-06,True,2,2.2184882e-11,-2.6953034e-12,-5.6559906e-05,39624.56,39686.0
1.34487,0.4725312,4.999783,3.795756e-06,True,2,2.2170799e-11,-2.6908144e-12,-5.6736537e-05,39637.68,39699.0
1.34514,0.472508,4.9998394,3.7938329e-06,True,2,2.2166598e-11,-2.688745e-12,-5.6913085e-05,39650.83,39712.0
1.34542,0.47247726,4.9998198,3.7918762e-06,True,2,2.2151535e-11,-2.6849372e-12,-5.708952e-05,39663.94,39726.0
1.34569,0.47244169,4.9997464,3.7898839e-06,True,2,2.2136066e-11,-2.6810747e-12,-5.7265766e-05,39677.03,39739.0
1.34596,0.47240107,4.9996174,3.7878539e-06,True,2,2.2119532e-11,-2.6762382e-12,-5.7441826e-05,39690.14,39752.0
1.34623,0.47235504,4.999429,3.7857834e-06,True,2,2.2103009e-11,-2.6710688e-12,-5.76177e-05,39703.28,39765.0
1.34651,0.47243591,5.0005829,3.7847324e-06,True,2,2.2098048e-11,-2.6684043e-12,-5.7793384e-05,39716.38,39778.0
1.34678,0.47238106,5.0002982,3.7825965e-06,True,2,2.2080741e-11,-2.6639485e-12,-5.7968879e-05,39729.54,39791.0
1.34705,0.47231996,4.9999458,3.7804134e-06,True,2,2.2062824e-11,-2.6593287e-12,-5.8144187e-05,39742.71,39804.0
1.34732,0.47225208,4.9995205,3.778179e-06,True,2,4.1645465e-11,-2.3564348e-12,-5.8319307e-05,39755.92,39818.0
1.3476,0.47232096,5.0005427,3.7770413e-06,True,2,4.1623969e-11,-2.3590241e-12,-5.8494237e-05,39769.08,39831.0
1.34787,0.47224184,4.9999966,3.7747226e-06,True,2,4.1575827e-11,-2.3599632e-12,-5.866898e-05,39782.2,39844.0
1.34814,0.4721546,4.9993636,3.7723421e-06,True,2,4.152607e-11,-2.3612701e-12,-5.884354e-05,39795.29,39857.0
1.34841,0.47221287,5.0002717,3.7711268e-06,True,2,4.1503501e-11,-2.3631952e-12,-5.9017911e-05,39808.41,39870.0
1.34868,0.47211197,4.9994928,3.7686428e-06,True,2,4.145189e-11,-2.3638809e-12,-5.9192099e-05,39821.53,39883.0
1.34895,0.47216275,5.0003201,3.7673722e-06,True,2,4.1427911e-11,-2.3661352e-12,-5.9366101e-05,39834.61,39896.0
1.34923,0.47204612,4.9993733,3.7647684e-06,True,2,4.1373786e-11,-2.3665647e-12,-5.9539921e-05,39847.67,39910.0
1.3495,0.47208824,5.000108,3.7634334e-06,True,2,4.1348537e-11,-2.3685919e-12,-5.9713553e-05,39860.76,39923.0
1.34977,0.47212715,5.0008081,3.7620747e-06,True,2,4.1322921e-11,-2.3705496e-12,-5.9887006e-05,39873.84,39936.0
1.35004,0.47198471,4.9995879,3.75928e-06,True,2,4.1290347e-11,-2.3705443e-12,-6.0060309e-05,39886.89,39949.0
1.35031,0.47200672,5.0001189,3.7578402e-06,True,2,4.1264809e-11,-2.3714543e-12,-6.0233583e-05,39899.97,39962.0
1.35058,0.47202453,5.0006027,3.7563694e-06,True,2,4.1238824e-11,-2.3723352e-12,-6.0406683e-05,39913.09,39975.0
1.35085,0.4720379,5.0010374,3.7533262e-06,True,2,4.1178432e-11,-2.3698585e-12,-6.0579608e-05,39926.24,39988.0
1.35112,0.47184799,4.9993158,3.7517478e-06,True,2,4.114055e-11,-2.3737118e-12,-6.0752357e-05,39939.28,40001.0
1.35139,0.4718461,4.9995852,3.7501279e-06,True,2,4.1107592e-11,-2.3752084e-12,-6.0924932e-05,39952.32,40014.0
1.35166,0.47183823,4.9997896,3.7484626e-06,True,2,4.1075163e-11,-2.3763393e-12,-6.1097332e-05,39965.41,40027.0
1.35193,0.47182384,4.9999234,3.7467479e-06,True,2,4.1041422e-11,-2.3774282e-12,-6.1269557e-05,39978.42,40041.0
1.3522,0.47180232,4.9999804,3.7449789e-06,True,2,4.1006159e-11,-2.3785103e-12,-6.1441608e-05,39991.45,40054.0
1.35247,0.47177287,4.9999524,3.7431494e-06,True,2,4.0969743e-11,-2.3794764e-12,-6.1613485e-05,40004.51,40067.0
1.35274,0.47173469,4.9998311,3.7412532e-06,True,2,4.0932142e-11,-2.3803289e-12,-6.1785187e-05,40017.57,40080.0
1.35301,0.47168675,4.9996055,3.739282e-06,True,2,4.0892806e-11,-2.3810634e-12,-6.19567e-05,40030.64,40093.0
1.35328,0.47162768,4.999261,3.7372252e-06,True,2,4.0851948e-11,-2.3815613e-12,-6.2128037e-05,40043.7,40106.0
1.35355,0.47155602,4.9987823,3.7350712e-06,True,2,4.0808815e-11,-2.3820327e-12,-6.2299223e-05,40056.79,40119.0
1.35381,0.47175607,5.0011846,3.7350712e-06,True,2,4.0814585e-11,-2.3852389e-12,-6.2470229e-05,40069.82,40132.0
1.35408,0.47166964,5.0005486,3.7328047e-06,True,2,4.0768765e-11,-2.3855207e-12,-6.2641056e-05,40082.89,40145.0
1.35435,0.47156592,4.9997288,3.7304042e-06,True,2,4.0719727e-11,-2.3856565e-12,-6.2811716e-05,40096.07,40158.0
1.35462,0.47144143,4.9986876,3.7278421e-06,True,2,4.0667534e-11,-2.3853678e-12,-6.2982212e-05,40109.19,40171.0
1.35489,0.47164069,5.0010801,3.7278421e-06,True,2,4.0673444e-11,-2.3886677e-12,-6.3152524e-05,40122.22,40185.0
1.35516,0.47148663,4.9997312,3.7250787e-06,True,2,4.0642872e-11,-2.387985e-12,-6.3322783e-05,40135.32,40198.0
1.35543,0.47167952,5.0020646,3.7220502e-06,True,2,4.0589757e-11,-2.3826667e-12,-6.3492963e-05,40148.38,40211.0
1.35569,0.47148859,5.0003251,3.7220502e-06,True,2,4.0588902e-11,-2.3891928e-12,-6.3662941e-05,40161.42,40224.0
1.35596,0.4712515,4.9980929,3.7186604e-06,True,2,4.0515447e-11,-2.3882517e-12,-6.3832795e-05,40174.46,40237.0
1.35623,0.47144364,5.0004132,3.7186604e-06,True,2,4.0518824e-11,-2.3924221e-12,-6.4002445e-05,40187.52,40250.0
1.3565,0.47113722,4.9974409,3.7147294e-06,True,2,4.0440544e-11,-2.3834671e-12,-6.4171984e-05,40200.6,40263.0
1.35676,0.47132894,4.9997546,3.7147294e-06,True,2,4.0440436e-11,-2.3932891e-12,-6.4341288e-05,40213.73,40276.0
1.35703,0.47152066,5.0020654,3.7147294e-06,True,2,4.0444925e-11,-2.3964205e-12,-6.4510484e-05,40226.83,40289.0
1.3573,0.47109401,4.9978146,3.7098608e-06,True,2,4.0339921e-11,-2.3930795e-12,-6.4679496e-05,40239.95,40302.0
1.35757,0.47128519,5.0001184,3.7098608e-06,True,2,4.0344563e-11,-2.3963634e-12,-6.4848314e-05,40252.99,40315.0
1.35783,0.47147635,5.0024207,3.7098608e-06,True,2,4.0350651e-11,-2.3991784e-12,-6.5017025e-05,40266.1,40329.0
1.3581,0.47166749,5.0047216,3.7098608e-06,True,2,4.0357135e-11,-2.4019209e-12,-6.5185627e-05,40279.17,40342.0
1.35837,0.47092577,4.9971245,3.7025291e-06,True,2,4.0195472e-11,-2.395681e-12,-6.5353906e-05,40292.24,40355.0
1.35863,0.47111614,4.999418,3.7025291e-06,True,2,4.0199273e-11,-2.3989606e-12,-6.5522049e-05,40305.33,40368.0
1.3589,0.4713065,5.0017098,3.7025291e-06,True,2,4.0207026e-11,-2.4014182e-12,-6.5690083e-05,40318.36,40381.0
1.35917,0.47149686,5.0040005,3.7025291e-06,True,2,4.021317e-11,-2.4041976e-12,-6.585801e-05,40331.45,40394.0
1.35943,0.47168723,5.0062906,3.7025291e-06,True,2,4.0218329e-11,-2.4071653e-12,-6.602583e-05,40344.54,40407.0
1.3597,0.47187759,5.0085802,3.7025291e-06,True,2,4.022364e-11,-2.4101116e-12,-6.6193543e-05,40357.6,40420.0
1.35997,0.47206794,5.0108693,3.7025291e-06,True,2,4.0228693e-11,-2.4130958e-12,-6.636115e-05,40370.69,40433.0
1.36023,0.47100579,4.9998733,3.6927528e-06,True,2,4.0038423e-11,-2.403163e-12,-6.6528568e-05,40383.82,40447.0
1.3605,0.47101197,5.0002187,3.6913648e-06,True,2,4.0011874e-11,-2.4040729e-12,-6.6695803e-05,40396.91,40460.0
1.36076,0.47092567,4.999579,3.6892542e-06,True,2,3.9974876e-11,-2.3982675e-12,-6.686288e-05,40409.97,40473.0
1.36103,0.47092635,4.9998604,3.6878273e-06,True,2,3.9944451e-11,-2.4043889e-12,-6.70298e-05,40423.0,40486.0
1.3613,0.47092469,5.0001153,3.6863839e-06,True,2,3.9915864e-11,-2.405441e-12,-6.7196568e-05,40436.12,40499.0
1.36156,0.4709206,5.0003429,3.6849233e-06,True,2,3.9888421e-11,-2.4061959e-12,-6.7363179e-05,40449.4,40512.0
1.36183,0.47091398,5.0005421,3.6826987e-06,True,2,3.9845506e-11,-2.4050063e-12,-6.7529635e-05,40462.61,40525.0
1.36209,0.47080806,4.9996854,3.681192e-06,True,2,3.9814376e-11,-2.4067051e-12,-6.7695935e-05,40475.83,40539.0
1.36236,0.47079477,4.9998116,3.6796654e-06,True,2,3.9784984e-11,-2.4073993e-12,-6.786208e-05,40488.87,40552.0
1.36262,0.4707786,4.9999062,3.6781184e-06,True,2,3.975536e-11,-2.4080841e-12,-6.802807e-05,40501.99,40565.0
1.36289,0.47075943,4.999968,3.6765497e-06,True,2,3.972533e-11,-2.4087267e-12,-6.8193905e-05,40515.14,40578.0
1.36315,0.47073709,4.9999956,3.6749583e-06,True,2,3.9691224e-11,-2.4106907e-12,-6.8359582e-05,40528.15,40591.0
1.36341,0.47071149,4.9999876,3.6733432e-06,True,2,3.9659169e-11,-2.4115804e-12,-6.8525091e-05,40541.19,40604.0
1.36368,0.47068245,4.9999426,3.6717033e-06,True,2,3.9627484e-11,-2.4121329e-12,-6.8690441e-05,40554.15,40617.0
1.36394,0.47064984,4.9998592,3.6700376e-06,True,2,3.959529e-11,-2.4126256e-12,-6.8855636e-05,40567.2,40630.0
1.36421,0.47061346,4.9997351,3.6683443e-06,True,2,3.9562561e-11,-2.4130409e-12,-6.9020677e-05,40580.26,40643.0
1.36447,0.47057309,4.9995679,3.6666218e-06,True,2,3.9528922e-11,-2.4137359e-12,-6.9185565e-05,40593.3,40656.0
1.36474,0.47064159,5.0005578,3.6657495e-06,True,2,3.9514864e-11,-2.4150171e-12,-6.9350297e-05,40606.37,40669.0
1.365,0.4705948,5.0003218,3.6639807e-06,True,2,3.9480413e-11,-2.4153401e-12,-6.9514875e-05,40619.51,40683.0
1.36526,0.47053761,4.9999851,3.6621784e-06,True,2,3.9471951e-11,-2.4151193e-12,-6.9679492e-05,40632.54,40696.0
1.36553,0.47047536,4.9995925,3.6603396e-06,True,2,3.9437418e-11,-2.4147172e-12,-6.9843952e-05,40645.58,40709.0
1.36579,0.47052919,5.0004316,3.6594059e-06,True,2,3.9421604e-11,-2.4158614e-12,-7.0008265e-05,40658.66,40722.0
1.36605,0.47045878,4.9999481,3.6575078e-06,True,2,3.9382081e-11,-2.4160651e-12,-7.0172432e-05,40671.72,40735.0
1.36632,0.47038258,4.9994011,3.6555666e-06,True,2,3.9343841e-11,-2.4144411e-12,-7.0336456e-05,40684.8,40748.0
1.36658,0.47042884,5.0001547,3.6545789e-06,True,2,3.932582e-11,-2.4170623e-12,-7.050033e-05,40697.83,40761.0
1.36684,0.47034298,4.9995012,3.6525667e-06,True,2,3.9414801e-11,-2.392854e-12,-7.0663913e-05,40710.84,40774.0
1.36711,0.47038401,5.000197,3.6515412e-06,True,2,3.9266915e-11,-2.418056e-12,-7.0827507e-05,40723.88,40787.0
1.36737,0.47028737,4.9994273,3.6494492e-06,True,2,3.922432e-11,-2.4181532e-12,-7.0990946e-05,40736.89,40800.0
1.36763,0.47032246,5.0000579,3.6483811e-06,True,2,3.9205473e-11,-2.4188704e-12,-7.1154235e-05,40749.9,40813.0
1.36789,0.4703554,5.0006646,3.6472979e-06,True,2,3.9186188e-11,-2.4199099e-12,-7.1317382e-05,40762.87,40826.0
1.36816,0.47024202,4.9997147,3.6450819e-06,True,2,3.9141507e-11,-2.4193109e-12,-7.1480379e-05,40775.86,40839.0
1.36842,0.47026792,5.0002455,3.6439474e-06,True,2,3.9122186e-11,-2.4200839e-12,-7.1643231e-05,40788.9,40852.0
1.36868,0.47029123,5.0007479,3.6427943e-06,True,2,3.9106761e-11,-2.4200494e-12,-7.1805931e-05,40801.94,40865.0
1.36894,0.4701577,4.9995818,3.6404282e-06,True,2,3.90649e-11,-2.418171e-12,-7.1968472e-05,40814.94,40878.0
1.36921,0.47017252,4.9999932,3.6392127e-06,True,2,3.9047953e-11,-2.4180915e-12,-7.2130858e-05,40827.97,40891.0
1.36947,0.47018416,5.0003702,3.6379741e-06,True,2,3.9030557e-11,-2.4179384e-12,-7.2293091e-05,40840.98,40904.0
1.36973,0.47019238,5.0007104,3.6367105e-06,True,2,3.9012651e-11,-2.4176964e-12,-7.2455172e-05,40854.05,40918.0
1.36999,0.4700265,4.9991979,3.6341022e-06,True,2,3.8964829e-11,-2.4160673e-12,-7.2617098e-05,40867.17,40931.0
1.37025,0.47001762,4.9993658,3.6327533e-06,True,2,3.8970676e-11,-2.4149031e-12,-7.2779053e-05,40880.22,40944.0
1.37051,0.47000385,4.9994797,3.6313704e-06,True,2,3.8949836e-11,-2.4141835e-12,-7.2940859e-05,40893.28,40957.0
1.37078,0.46998524,4.9995398,3.6299519e-06,True,2,3.8927956e-11,-2.4135182e-12,-7.3102519e-05,40906.34,40970.0
1.37104,0.46996132,4.9995415,3.6284941e-06,True,2,3.8904964e-11,-2.4129004e-12,-7.3264033e-05,40919.43,40983.0
1.3713,0.46993164,4.9994803,3.6269935e-06,True,2,3.8881039e-11,-2.412231e-12,-7.3425399e-05,40932.47,40996.0
1.37156,0.46989562,4.9993499,3.6254455e-06,True,2,3.8856229e-11,-2.4114117e-12,-7.3586619e-05,40945.49,41009.0
1.37182,0.46985265,4.9991441,3.6238456e-06,True,2,3.8830236e-11,-2.4104504e-12,-7.3747694e-05,40958.53,41022.0
1.37208,0.47001697,5.0011432,3.6238456e-06,True,2,3.8838917e-11,-2.4119204e-12,-7.3908624e-05,40971.73,41035.0
1.37234,0.46996612,5.0008515,3.6221878e-06,True,2,3.8811526e-11,-2.4109121e-12,-7.4069402e-05,40984.8,41048.0
1.3726,0.46990662,5.0004666,3.6204654e-06,True,2,3.8864982e-11,-2.3953593e-12,-7.4229979e-05,40997.86,41062.0
1.37286,0.46983747,4.9999782,3.6186704e-06,True,2,3.8892652e-11,-2.3839243e-12,-7.4390321e-05,41010.84,41075.0
1.37312,0.46975719,4.9993705,3.6167916e-06,True,2,3.8916653e-11,-2.3725307e-12,-7.4550466e-05,41023.85,41088.0
1.37338,0.46992079,5.0013581,3.6167916e-06,True,2,3.8975897e-11,-2.3649801e-12,-7.4710424e-05,41036.88,41101.0
1.37365,0.46982743,5.0006101,3.6148152e-06,True,2,3.8994527e-11,-2.3539907e-12,-7.4870173e-05,41049.89,41114.0
1.37391,0.46971897,4.9997006,3.6127245e-06,True,2,3.9009639e-11,-2.3429435e-12,-7.5029744e-05,41062.96,41127.0
1.37417,0.46959231,4.998596,3.6104958e-06,True,2,3.9019472e-11,-2.3325834e-12,-7.5189148e-05,41076.06,41140.0
1.37443,0.46975534,5.0005765,3.6104958e-06,True,2,3.9074186e-11,-2.3250638e-12,-7.5348354e-05,41089.08,41153.0
1.37469,0.46960628,4.9992333,3.6080984e-06,True,2,3.9079783e-11,-2.3138977e-12,-7.5507396e-05,41102.1,41166.0
1.37495,0.46976908,5.00121,3.6080984e-06,True,2,3.9130984e-11,-2.3074963e-12,-7.5666273e-05,41115.08,41179.0
1.3752,0.46958676,4.9995202,3.6054838e-06,True,2,3.9150578e-11,-2.2966727e-12,-7.5825124e-05,41128.05,41192.0
1.37546,0.46974347,5.0014404,3.6054838e-06,True,2,3.9194711e-11,-2.2910867e-12,-7.5983867e-05,41141.03,41205.0
1.37572,0.46952048,4.9993154,3.6025715e-06,True,2,3.9178921e-11,-2.2806717e-12,-7.6142435e-05,41153.99,41218.0
1.37598,0.46967686,5.0012282,3.6025715e-06,True,2,3.9226924e-11,-2.2744404e-12,-7.6300868e-05,41167.01,41231.0
1.37624,0.46939611,4.998484,3.5992202e-06,True,2,3.9208251e-11,-2.2619736e-12,-7.6459145e-05,41179.95,41244.0
1.3765,0.46955218,5.0003906,3.5992202e-06,True,2,3.9252073e-11,-2.2565272e-12,-7.661726e-05,41192.93,41257.0
1.37676,0.46970824,5.0022951,3.5992202e-06,True,2,3.9294782e-11,-2.2511095e-12,-7.6775274e-05,41205.93,41270.0
1.37702,0.46933084,4.998517,3.5951349e-06,True,2,3.9251463e-11,-2.2392053e-12,-7.6933095e-05,41218.92,41283.0
1.37728,0.46948653,5.000416,3.5951349e-06,True,2,3.9292903e-11,-2.2340785e-12,-7.7090781e-05,41231.97,41296.0
1.37754,0.46964219,5.0023133,3.5951349e-06,True,2,3.9333289e-11,-2.2290828e-12,-7.7248371e-05,41245.06,41309.0
1.3778,0.46904131,4.9961488,3.5893456e-06,True,2,3.92523e-11,-2.2146174e-12,-7.7405848e-05,41258.08,41322.0
1.37805,0.46919644,4.9980419,3.5893456e-06,True,2,3.9289959e-11,-2.2103451e-12,-7.7563067e-05,41271.17,41335.0
1.37831,0.46935157,4.9999325,3.5893456e-06,True,2,3.9330966e-11,-2.2051814e-12,-7.7720189e-05,41284.25,41348.0
1.37857,0.46950668,5.0018216,3.5893456e-06,True,2,3.9367328e-11,-2.2009387e-12,-7.7877223e-05,41297.4,41362.0
1.37883,0.4696618,5.0037098,3.5893456e-06,True,2,3.9403141e-11,-2.1968055e-12,-7.8034166e-05,41310.52,41375.0
1.37909,0.46981692,5.0055972,3.5893456e-06,True,2,3.9440869e-11,-2.192304e-12,-7.8191018e-05,41323.61,41388.0
1.37935,0.46997203,5.007484,3.5893456e-06,True,2,3.9479084e-11,-2.1877267e-12,-7.834778e-05,41336.73,41401.0
1.37961,0.47012714,5.0093703,3.5893456e-06,True,2,3.9517606e-11,-2.1830749e-12,-7.8504453e-05,41349.81,41414.0
1.37986,0.47028225,5.0112562,3.5893456e-06,True,2,3.9556118e-11,-2.1783777e-12,-7.8661038e-05,41362.84,41427.0
1.38012,0.469175,4.9996946,3.5797355e-06,True,2,3.9416608e-11,-2.1575922e-12,-7.8817497e-05,41375.89,41440.0
1.38038,0.46915304,4.9997062,3.5784356e-06,True,2,3.9423251e-11,-2.1514972e-12,-7.8973776e-05,41388.84,41453.0
1.38064,0.46912875,4.9996897,3.5771194e-06,True,2,3.9429238e-11,-2.1453272e-12,-7.9129936e-05,41401.82,41466.0
1.38089,0.46910203,4.9996447,3.5757862e-06,True,2,3.9431587e-11,-2.1399279e-12,-7.9285978e-05,41414.87,41479.0
1.38115,0.46907281,4.9995713,3.5744353e-06,True,2,3.9439063e-11,-2.1285242e-12,-7.9441899e-05,41427.84,41492.0
1.38141,0.46913117,5.0004299,3.5737531e-06,True,2,3.9457106e-11,-2.1281953e-12,-7.9597701e-05,41440.79,41505.0
1.38167,0.46909792,5.0003102,3.572374e-06,True,2,3.9459676e-11,-2.1223274e-12,-7.9753385e-05,41453.82,41518.0
1.38192,0.46906191,5.0001597,3.5709753e-06,True,2,3.9462143e-11,-2.1163242e-12,-7.9908952e-05,41466.83,41531.0
1.38218,0.46902299,4.9999771,3.5695558e-06,True,2,3.9464601e-11,-2.1102069e-12,-8.0064402e-05,41479.94,41544.0
1.38244,0.46898106,4.9997612,3.5681147e-06,True,2,3.9465803e-11,-2.1042585e-12,-8.0219736e-05,41492.95,41557.0
1.38269,0.46893593,4.9995105,3.5666507e-06,True,2,3.9467162e-11,-2.0932366e-12,-8.0374955e-05,41505.94,41570.0
1.38295,0.4689857,5.0002708,3.5659096e-06,True,2,3.9480191e-11,-2.0939372e-12,-8.0530057e-05,41519.01,41583.0
1.38321,0.4689354,4.9999632,3.5644088e-06,True,2,3.9478512e-11,-2.0882085e-12,-8.0685043e-05,41532.07,41597.0
1.38346,0.4688815,4.9996166,3.5628821e-06,True,2,3.9475933e-11,-2.0825643e-12,-8.0839916e-05,41545.07,41610.0
1.38372,0.46892656,5.0003251,3.5621086e-06,True,2,3.9488795e-11,-2.0781977e-12,-8.0994674e-05,41558.13,41623.0
1.38398,0.46886682,4.999915,3.56054e-06,True,2,3.9484539e-11,-2.0725977e-12,-8.1149316e-05,41571.24,41636.0
1.38423,0.46880292,4.9994601,3.5589413e-06,True,2,3.9481088e-11,-2.0613187e-12,-8.1303847e-05,41584.47,41649.0
1.38449,0.46884258,5.0001095,3.5581301e-06,True,2,3.9490396e-11,-2.0628649e-12,-8.1458261e-05,41597.54,41662.0
1.38475,0.46877192,4.9995815,3.5564828e-06,True,2,3.94835e-11,-2.0573668e-12,-8.1612565e-05,41610.55,41675.0
1.385,0.46880793,5.0001913,3.5556459e-06,True,2,3.950222e-11,-2.0517324e-12,-8.1766763e-05,41623.59,41688.0
1.38526,0.46872405,4.9995317,3.5539442e-06,True,2,3.9523368e-11,-2.0432051e-12,-8.1921038e-05,41636.59,41701.0
1.38551,0.4687502,5.0000441,3.5530785e-06,True,2,3.9536446e-11,-2.0375343e-12,-8.2075225e-05,41649.65,41714.0
1.38577,0.46877482,5.0005377,3.5522022e-06,True,2,3.9554006e-11,-2.0308914e-12,-8.222933e-05,41662.65,41727.0
1.38603,0.46867922,4.9997468,3.5504165e-06,True,2,3.9567741e-11,-2.0192267e-12,-8.2383356e-05,41675.64,41740.0
1.38628,0.46869905,5.0001858,3.5495063e-06,True,2,3.959803e-11,-2.0094762e-12,-8.2537324e-05,41688.71,41753.0
1.38654,0.46871714,5.0006045,3.5485839e-06,True,2,3.9620727e-11,-2.001315e-12,-8.2691231e-05,41701.89,41767.0
1.38679,0.46860797,4.9996636,3.5466993e-06,True,2,3.9625268e-11,-1.9910103e-12,-8.2845065e-05,41715.0,41780.0
1.38705,0.4686204,5.0000193,3.5457363e-06,True,2,3.9653659e-11,-1.9812673e-12,-8.2998834e-05,41728.0,41793.0
1.3873,0.46863072,5.0003514,3.5447584e-06,True,2,3.9682742e-11,-1.9712492e-12,-8.3152544e-05,41741.01,41806.0
1.38756,0.46863888,5.0006595,3.5437652e-06,True,2,3.9711671e-11,-1.9610734e-12,-8.3306197e-05,41754.13,41819.0
1.38781,0.46850892,4.9994927,3.541729e-06,True,2,3.9720165e-11,-1.9487432e-12,-8.345979e-05,41767.16,41832.0
1.38807,0.46850993,4.9997231,3.5406842e-06,True,2,3.9753216e-11,-1.937103e-12,-8.361333e-05,41780.15,41845.0
1.38832,0.46850831,4.9999248,3.5396206e-06,True,2,3.9788943e-11,-1.924613e-12,-8.3766823e-05,41793.15,41858.0
1.38858,0.46850388,5.0000958,3.5385369e-06,True,2,3.9827386e-11,-1.9112163e-12,-8.3920275e-05,41806.17,41871.0
1.38883,0.46849644,5.0002341,3.5374314e-06,True,2,3.9868762e-11,-1.8968381e-12,-8.4073692e-05,41819.19,41884.0
1.38909,0.46848583,5.000338,3.5363031e-06,True,2,3.9913335e-11,-1.881404e-12,-8.4227082e-05,41832.21,41897.0
1.38934,0.46847181,5.0004051,3.53515e-06,True,2,3.9960746e-11,-1.8649621e-12,-8.438045e-05,41845.19,41910.0
1.3896,0.46845418,5.0004332,3.5339709e-06,True,2,4.0009325e-11,-1.8479227e-12,-8.4533805e-05,41858.21,41923.0
1.38985,0.46843278,5.0004207,3.5327643e-06,True,2,4.0055339e-11,-1.8311796e-12,-8.468715e-05,41871.23,41936.0
1.3901,0.46840494,5.0003434,3.5315274e-06,True,2,4.0116435e-11,-1.8147996e-12,-8.4840566e-05,41884.3,41949.0
1.39036,0.46836903,5.0001852,3.5302566e-06,True,2,4.0137532e-11,-1.8033559e-12,-8.4994051e-05,41897.39,41962.0
1.39061,0.46832808,4.9999708,3.5289491e-06,True,2,4.0143501e-11,-1.7956289e-12,-8.5147494e-05,41910.44,41976.0
1.39087,0.46828166,4.9996963,3.5276016e-06,True,2,4.0079264e-11,-1.8061072e-12,-8.5300871e-05,41923.5,41989.0
1.39112,0.46822917,4.9993553,3.5262095e-06,True,2,3.9921549e-11,-1.8399944e-12,-8.5453993e-05,41936.49,42002.0
1.39137,0.46836143,5.0009861,3.5262095e-06,True,2,3.9789474e-11,-1.8761671e-12,-8.560677e-05,41949.51,42015.0
1.39163,0.46830219,5.0005702,3.5247685e-06,True,2,3.96187e-11,-1.9111146e-12,-8.5759212e-05,41962.53,42028.0
1.39188,0.46823547,5.0000733,3.5232724e-06,True,2,3.9435284e-11,-1.9477651e-12,-8.5911349e-05,41975.5,42041.0
1.39214,0.46816024,4.9994843,3.5217134e-06,True,2,3.9233633e-11,-1.9870286e-12,-8.6063191e-05,41988.54,42054.0
1.39239,0.46829214,5.0011067,3.5217134e-06,True,2,3.9050002e-11,-2.030804e-12,-8.6214743e-05,42001.5,42067.0
1.39264,0.46820711,5.0004117,3.520083e-06,True,2,3.8804432e-11,-2.0761649e-12,-8.636602e-05,42014.44,42080.0
1.3929,0.46811104,4.999598,3.5183709e-06,True,2,3.8558788e-11,-2.1191098e-12,-8.6517067e-05,42027.43,42093.0
1.39315,0.46824265,5.0012152,3.5183709e-06,True,2,3.8390168e-11,-2.1549975e-12,-8.6667923e-05,42040.43,42106.0
1.3934,0.46813336,5.0002586,3.516562e-06,True,2,3.8257419e-11,-2.1728595e-12,-8.6818596e-05,42053.6,42119.0
1.39366,0.46800861,4.9991355,3.5146383e-06,True,2,3.8188437e-11,-2.1776229e-12,-8.6969139e-05,42066.8,42132.0
1.39391,0.46813988,5.0007471,3.5146383e-06,True,2,3.8188465e-11,-2.1801949e-12,-8.7119554e-05,42079.91,42145.0
1.39416,0.46799599,4.9994184,3.5125732e-06,True,2,3.8149579e-11,-2.1785799e-12,-8.7269856e-05,42092.95,42158.0
1.39442,0.4681271,5.0010274,3.5125732e-06,True,2,3.8156793e-11,-2.179728e-12,-8.7420052e-05,42105.92,42171.0
1.39467,0.46795914,4.9994407,3.5103302e-06,True,2,3.8114885e-11,-2.1777205e-12,-8.7570128e-05,42118.99,42184.0
1.39492,0.46809008,5.0010472,3.5103302e-06,True,2,3.8122155e-11,-2.1788498e-12,-8.7720104e-05,42132.0,42197.0
1.39517,0.46788652,4.9990862,3.5078512e-06,True,2,3.8098965e-11,-2.1758973e-12,-8.7870088e-05,42144.98,42210.0
1.39543,0.4680116,5.0006388,3.5078512e-06,True,2,3.8105891e-11,-2.1766547e-12,-8.8020008e-05,42157.93,42223.0
1.39568,0.46775972,4.99816,3.5050268e-06,True,2,3.8051396e-11,-2.1731411e-12,-8.8169847e-05,42170.93,42236.0
1.39593,0.46788453,4.9997064,3.5050268e-06,True,2,3.8057916e-11,-2.1742062e-12,-8.8319541e-05,42183.92,42249.0
1.39618,0.46800933,5.0012502,3.5050268e-06,True,2,3.8064876e-11,-2.1749967e-12,-8.8469161e-05,42196.89,42262.0
1.39644,0.46768224,4.9979621,3.5016436e-06,True,2,3.7997732e-11,-2.1708593e-12,-8.8618686e-05,42209.83,42275.0
1.39669,0.4678068,4.9995013,3.5016436e-06,True,2,3.8004211e-11,-2.1720283e-12,-8.8768062e-05,42222.88,42289.0
1.39694,0.46793134,5.0010383,3.5016436e-06,True,2,3.8011039e-11,-2.1729309e-12,-8.8917365e-05,42235.95,42302.0
1.39719,0.46805587,5.0025735,3.5016436e-06,True,2,3.8017856e-11,-2.1738959e-12,-8.9066595e-05,42248.95,42315.0
1.39744,0.46757385,4.9976251,3.4971078e-06,True,2,3.7925009e-11,-2.168599e-12,-8.9215679e-05,42261.97,42328.0
1.3977,0.46769803,4.9991564,3.4971078e-06,True,2,3.7931579e-11,-2.1697146e-12,-8.9364629e-05,42275.03,42341.0
1.39795,0.46782219,5.0006861,3.4971078e-06,True,2,3.7938379e-11,-2.1706679e-12,-8.9513506e-05,42288.05,42354.0
1.3982,0.46794635,5.0022146,3.4971078e-06,True,2,3.7945148e-11,-2.1716275e-12,-8.966231e-05,42301.11,42367.0
1.39845,0.4680705,5.0037422,3.4971078e-06,True,2,3.7951933e-11,-2.1725868e-12,-8.981104e-05,42314.13,42380.0
1.3987,0.46819465,5.0052691,3.4971078e-06,True,2,3.7958711e-11,-2.1735697e-12,-8.9959697e-05,42327.19,42393.0
1.39895,0.4683188,5.0067952,3.4971078e-06,True,2,3.7965494e-11,-2.1745616e-12,-9.010828e-05,42340.19,42406.0
1.39921,0.46844295,5.0083208,3.4971078e-06,True,2,3.7972254e-11,-2.175553e-12,-9.025679e-05,42353.12,42419.0
1.39946,0.46856709,5.0098458,3.4971078e-06,True,2,3.797901e-11,-2.1765374e-12,-9.0405225e-05,42366.17,42432.0
1.39971,0.46869124,5.0113704,3.4971078e-06,True,2,3.798576e-11,-2.1775372e-12,-9.0553587e-05,42379.15,42445.0
1.39996,0.46881538,5.0128945,3.4971078e-06,True,2,3.7992525e-11,-2.1785571e-12,-9.0701875e-05,42392.1,42458.0
1.40021,0.46762695,5.0003938,3.4873562e-06,True,2,3.7808603e-11,-2.1656837e-12,-9.0850012e-05,42405.12,42471.0
1.40046,0.46757922,5.0000922,3.4861223e-06,True,2,3.7787702e-11,-2.1648674e-12,-9.0998018e-05,42418.12,42484.0
1.40071,0.46752885,4.999759,3.4848698e-06,True,2,3.7766441e-11,-2.1640446e-12,-9.1145928e-05,42431.14,42497.0
1.40097,0.46756139,5.0003104,3.4842363e-06,True,2,3.7758636e-11,-2.1641646e-12,-9.129374e-05,42444.14,42510.0
1.40122,0.46750679,4.9999278,3.4829543e-06,True,2,3.77367e-11,-2.163305e-12,-9.1441453e-05,42457.11,42523.0
1.40147,0.46753706,5.0004517,3.4823054e-06,True,2,3.7728582e-11,-2.1633723e-12,-9.158907e-05,42470.12,42536.0
1.40172,0.46747792,5.0000176,3.4809915e-06,True,2,3.7705898e-11,-2.1624091e-12,-9.1736585e-05,42483.33,42549.0
1.40197,0.46741558,4.999548,3.4796546e-06,True,2,3.7684782e-11,-2.1564648e-12,-9.1884004e-05,42496.43,42562.0
1.40222,0.46744172,5.0000237,3.4789773e-06,True,2,3.7673861e-11,-2.1614475e-12,-9.2031322e-05,42509.48,42576.0
1.40247,0.46746693,5.0004886,3.4782936e-06,True,2,3.7664807e-11,-2.1615348e-12,-9.2178545e-05,42522.52,42589.0
1.40272,0.46739756,4.9999408,3.4769072e-06,True,2,3.7640358e-11,-2.1605835e-12,-9.2325665e-05,42535.64,42602.0
1.40297,0.46741991,5.0003734,3.4762038e-06,True,2,3.7630868e-11,-2.1606643e-12,-9.247269e-05,42548.75,42615.0
1.40322,0.46734472,4.9997617,3.4747758e-06,True,2,3.7605558e-11,-2.159672e-12,-9.2619614e-05,42561.85,42628.0
1.40347,0.46736396,5.0001599,3.4740509e-06,True,2,3.7595584e-11,-2.1597398e-12,-9.276644e-05,42574.93,42641.0
1.40372,0.46738206,5.0005452,3.4725773e-06,True,2,3.757084e-11,-2.1578e-12,-9.2913168e-05,42588.0,42654.0
1.40397,0.46729818,4.9998388,3.4718283e-06,True,2,3.7559806e-11,-2.1584403e-12,-9.3059797e-05,42601.14,42667.0
1.40422,0.46731274,5.0001853,3.4710708e-06,True,2,3.7549281e-11,-2.1584327e-12,-9.3206327e-05,42614.16,42680.0
1.40447,0.46732602,5.0005177,3.4703043e-06,True,2,3.7538548e-11,-2.1583812e-12,-9.3352761e-05,42627.18,42693.0
1.40472,0.4672322,4.9997034,3.4687435e-06,True,2,3.7510455e-11,-2.1571477e-12,-9.3499095e-05,42640.23,42706.0
1.40497,0.46724142,4.9999916,3.4679485e-06,True,2,3.74991e-11,-2.1570245e-12,-9.364533e-05,42653.27,42720.0
1.40522,0.46724432,5.0002207,3.4671429e-06,True,2,3.7511367e-11,-2.1562208e-12,-9.3791624e-05,42666.27,42733.0
1.40547,0.46724484,5.0004237,3.4663262e-06,True,2,3.7499315e-11,-2.1557242e-12,-9.3937837e-05,42679.38,42746.0
1.40572,0.46724366,5.0006063,3.4654977e-06,True,2,3.7487033e-11,-2.1552106e-12,-9.4083959e-05,42692.45,42759.0
1.40597,0.46712561,4.999536,3.4638034e-06,True,2,3.7455748e-11,-2.1535236e-12,-9.4229988e-05,42705.49,42772.0
1.40622,0.46711901,4.999657,3.4629364e-06,True,2,3.7442551e-11,-2.1530384e-12,-9.4375924e-05,42718.56,42785.0
1.40647,0.46711041,4.9997552,3.4620552e-06,True,2,3.7429071e-11,-2.1525342e-12,-9.4521769e-05,42731.63,42798.0
1.40672,0.46709972,4.9998295,3.4611592e-06,True,2,3.741528e-11,-2.1520072e-12,-9.4667521e-05,42744.79,42811.0
1.40697,0.4670868,4.9998786,3.4602475e-06,True,2,3.7401134e-11,-2.1514979e-12,-9.4813182e-05,42757.93,42824.0
1.40721,0.46707153,4.9999016,3.459319e-06,True,2,3.7386619e-11,-2.1510089e-12,-9.4958751e-05,42771.01,42837.0
1.40746,0.46705376,4.9998969,3.4583728e-06,True,2,3.737171e-11,-2.1504894e-12,-9.5104227e-05,42784.16,42851.0
1.40771,0.46703334,4.9998632,3.4574079e-06,True,2,3.7356385e-11,-2.1499124e-12,-9.5249612e-05,42797.29,42864.0
1.40796,0.46701015,4.999799,3.4564231e-06,True,2,3.7340633e-11,-2.1492672e-12,-9.5394904e-05,42810.36,42877.0
1.40821,0.46698396,4.9997019,3.4554169e-06,True,2,3.7324407e-11,-2.1485791e-12,-9.5540105e-05,42823.5,42890.0
1.40846,0.46695458,4.9995702,3.4543879e-06,True,2,3.7307692e-11,-2.147867e-12,-9.5685214e-05,42836.56,42903.0
1.40871,0.4669218,4.9994014,3.4533344e-06,True,2,3.7290444e-11,-2.147142e-12,-9.5830232e-05,42849.64,42916.0
1.40896,0.46703139,5.000757,3.4533344e-06,True,2,3.729619e-11,-2.1479595e-12,-9.5975157e-05,42862.65,42929.0
1.4092,0.46699487,5.0005473,3.4522546e-06,True,2,3.7278332e-11,-2.1472265e-12,-9.6119988e-05,42875.67,42942.0
1.40945,0.4669544,5.000295,3.4511463e-06,True,2,3.7259821e-11,-2.1464622e-12,-9.6264727e-05,42888.73,42955.0
1.4097,0.46690962,4.999996,3.4500069e-06,True,2,3.7240634e-11,-2.1456453e-12,-9.6409376e-05,42901.77,42968.0
1.40995,0.46686018,4.9996467,3.4488339e-06,True,2,3.7220724e-11,-2.1447326e-12,-9.6553934e-05,42914.89,42982.0
1.4102,0.46680115,4.9992021,3.4476229e-06,True,2,3.7223332e-11,-2.1436267e-12,-9.6698544e-05,42927.94,42995.0
1.41045,0.4669048,5.0005012,3.4476229e-06,True,2,3.722913e-11,-2.1437483e-12,-9.6843084e-05,42941.01,43008.0
1.41069,0.46683856,4.9999781,3.4463692e-06,True,2,3.7207072e-11,-2.1425492e-12,-9.6987541e-05,42954.09,43021.0
1.41094,0.46676572,4.9993821,3.4450677e-06,True,2,3.7183987e-11,-2.1412245e-12,-9.7131916e-05,42967.2,43034.0
1.41119,0.46686913,5.0006729,3.4450677e-06,True,2,3.7189279e-11,-2.1418941e-12,-9.7276204e-05,42980.3,43047.0
1.41144,0.46678874,4.9999931,3.4437119e-06,True,2,3.7164904e-11,-2.140566e-12,-9.7420402e-05,42993.41,43060.0
1.41169,0.46669993,4.9992212,3.4422947e-06,True,2,3.7139284e-11,-2.1390253e-12,-9.7564522e-05,43006.45,43073.0
1.41193,0.46680316,5.000506,3.4422947e-06,True,2,3.714451e-11,-2.139718e-12,-9.7708549e-05,43019.52,43086.0
1.41218,0.46670441,4.9996256,3.4408059e-06,True,2,3.7117195e-11,-2.1383016e-12,-9.7852492e-05,43032.55,43099.0
1.41243,0.46680752,5.0009071,3.4408059e-06,True,2,3.7122532e-11,-2.1389937e-12,-9.7996354e-05,43045.54,43112.0
1.41268,0.46669719,4.999901,3.4392333e-06,True,2,3.7093413e-11,-2.1374859e-12,-9.814012e-05,43058.61,43126.0
1.41293,0.46680018,5.0011797,3.4392333e-06,True,2,3.7098811e-11,-2.1381243e-12,-9.8283815e-05,43071.73,43139.0
1.41317,0.46667603,5.0000241,3.4375605e-06,True,2,3.7067461e-11,-2.1364848e-12,-9.8427405e-05,43084.78,43152.0
1.41342,0.46677891,5.0013004,3.4375605e-06,True,2,3.7072868e-11,-2.1371161e-12,-9.8570931e-05,43097.83,43165.0
1.41367,0.46663793,4.9999633,3.4357654e-06,True,2,3.7038765e-11,-2.1353453e-12,-9.8714346e-05,43110.84,43178.0
1.41392,0.4667407,5.0012374,3.4357654e-06,True,2,3.7044149e-11,-2.1359977e-12,-9.8857698e-05,43123.89,43191.0
1.41416,0.46657846,4.9996713,3.4338155e-06,True,2,3.7006675e-11,-2.1340145e-12,-9.9000944e-05,43136.96,43204.0
1.41441,0.4666811,5.0009433,3.4338155e-06,True,2,3.7012019e-11,-2.1346979e-12,-9.9144119e-05,43149.96,43217.0
1.41466,0.46649087,4.9990762,3.4316613e-06,True,2,3.6970119e-11,-2.1323899e-12,-9.9287203e-05,43162.98,43230.0
1.4149,0.46659337,5.0003462,3.4316613e-06,True,2,3.6975365e-11,-2.1331102e-12,-9.9430195e-05,43176.03,43243.0
1.41515,0.46669259,5.0015865,3.4316613e-06,True,2,3.7004325e-11,-2.1331876e-12,-9.9573234e-05,43189.07,43256.0
1.4154,0.46645679,4.9992394,3.4292154e-06,True,2,3.6955698e-11,-2.1301665e-12,-9.9716212e-05,43202.12,43269.0
1.41564,0.46655358,5.0004547,3.4292154e-06,True,2,3.6960713e-11,-2.1305437e-12,-9.9859123e-05,43215.1,43282.0
1.41589,0.46665035,5.0016674,3.4292154e-06,True,2,3.696572e-11,-2.1308961e-12,-0.00010000198,43228.14,43295.0
1.41614,0.4663488,4.9986093,3.4262894e-06,True,2,3.6906404e-11,-2.1272927e-12,-0.00010014473,43241.18,43308.0
1.41639,0.46644539,4.9998176,3.4262894e-06,True,2,3.6911284e-11,-2.127702e-12,-0.00010028739,43254.17,43321.0
1.41663,0.46654197,5.0010239,3.4262894e-06,True,2,3.6916283e-11,-2.1280407e-12,-0.00010042999,43267.22,43334.0
1.41688,0.46663855,5.0022285,3.4262894e-06,True,2,3.6921259e-11,-2.1284653e-12,-0.00010057254,43280.24,43347.0
1.41713,0.46620166,4.9977132,3.4223736e-06,True,2,3.6840292e-11,-2.1235292e-12,-0.00010071497,43293.27,43361.0
1.41737,0.46629798,4.9989146,3.4223736e-06,True,2,3.6844984e-11,-2.1242224e-12,-0.0001008573,43306.32,43374.0
1.41762,0.46639429,5.0001144,3.4223736e-06,True,2,3.6849935e-11,-2.124697e-12,-0.00010099956,43319.39,43387.0
1.41786,0.46649059,5.0013129,3.4223736e-06,True,2,3.6854886e-11,-2.1251355e-12,-0.00010114177,43332.46,43400.0
1.41811,0.46658688,5.0025103,3.4223736e-06,True,2,3.6859861e-11,-2.1255565e-12,-0.00010128392,43345.48,43413.0
1.41836,0.46668317,5.003707,3.4223736e-06,True,2,3.6864821e-11,-2.1259958e-12,-0.00010142602,43358.53,43426.0
1.4186,0.46677945,5.0049028,3.4223736e-06,True,2,3.6869799e-11,-2.1265058e-12,-0.00010156805,43371.62,43439.0
1.41885,0.46687574,5.006098,3.4223736e-06,True,2,3.687483e-11,-2.1271767e-12,-0.00010171003,43384.65,43452.0
1.4191,0.46697203,5.0072926,3.4223736e-06,True,2,3.6879841e-11,-2.1277499e-12,-0.00010185195,43397.67,43465.0
1.41934,0.46706832,5.0084867,3.4223736e-06,True,2,3.6884858e-11,-2.1282924e-12,-0.00010199381,43410.71,43478.0
1.41959,0.46716462,5.0096803,3.4223736e-06,True,2,3.6889869e-11,-2.1288306e-12,-0.00010213562,43423.72,43491.0
1.41984,0.46726091,5.0108734,3.4223736e-06,True,2,3.6894876e-11,-2.1293696e-12,-0.00010227736,43436.83,43504.0
1.42008,0.46623027,4.9999833,3.4141345e-06,True,2,3.6742684e-11,-2.1178663e-12,-0.00010241904,43449.9,43517.0
1.42033,0.46624028,5.0002645,3.4135466e-06,True,2,3.6733813e-11,-2.1179148e-12,-0.0001025606,43462.9,43530.0
1.42057,0.46616769,4.9996563,3.4123546e-06,True,2,3.6712293e-11,-2.1164623e-12,-0.00010270209,43476.0,43544.0
1.42082,0.46617525,4.9999054,3.4117501e-06,True,2,3.6703554e-11,-2.1159223e-12,-0.0001028435,43488.98,43557.0
1.42106,0.46618194,5.0001431,3.4111396e-06,True,2,3.6694689e-11,-2.1154297e-12,-0.00010298484,43502.0,43570.0
1.42131,0.46618773,5.0003695,3.4105231e-06,True,2,3.6685704e-11,-2.1149292e-12,-0.00010312611,43515.08,43583.0
1.42156,0.46610654,4.9996613,3.409271e-06,True,2,3.6662829e-11,-2.1135183e-12,-0.0001032673,43528.08,43596.0
1.4218,0.46610952,4.9998546,3.4086349e-06,True,2,3.665338e-11,-2.1129766e-12,-0.00010340842,43541.11,43609.0
1.42205,0.46611148,5.000036,3.4079919e-06,True,2,3.6643752e-11,-2.1124875e-12,-0.00010354946,43554.15,43622.0
1.42229,0.46611239,5.0002049,3.4073416e-06,True,2,3.6633965e-11,-2.1120132e-12,-0.00010369043,43567.17,43635.0
1.42254,0.46611223,5.0003615,3.406684e-06,True,2,3.6624034e-11,-2.1115334e-12,-0.00010383133,43580.18,43648.0
1.42278,0.46611093,5.000505,3.4053449e-06,True,2,3.6599623e-11,-2.1102247e-12,-0.00010397216,43593.19,43661.0
1.42303,0.46601512,4.9996337,3.4046631e-06,True,2,3.6587696e-11,-2.1094677e-12,-0.00010411293,43606.21,43674.0
1.42327,0.46601023,4.9997374,3.4039724e-06,True,2,3.6576264e-11,-2.1072593e-12,-0.00010425363,43619.28,43687.0
1.42352,0.46600404,4.9998264,3.4032728e-06,True,2,3.6564774e-11,-2.1052161e-12,-0.00010439425,43632.25,43700.0
1.42376,0.46599649,4.9999006,3.4025637e-06,True,2,3.655318e-11,-2.1032999e-12,-0.00010453479,43645.36,43713.0
1.42401,0.46598753,4.999959,3.4018448e-06,True,2,3.6543386e-11,-2.1053004e-12,-0.00010467526,43658.4,43726.0
1.42425,0.4659771,5.000001,3.4011156e-06,True,2,3.6532498e-11,-2.1056174e-12,-0.00010481565,43671.41,43739.0
1.4245,0.46596512,5.0000261,3.4003756e-06,True,2,3.6520782e-11,-2.1048825e-12,-0.00010495597,43684.5,43752.0
1.42474,0.46595154,5.0000336,3.3996243e-06,True,2,3.6508801e-11,-2.1040381e-12,-0.00010509621,43697.52,43765.0
1.42499,0.46593628,5.0000226,3.3988612e-06,True,2,3.6496554e-11,-2.1031154e-12,-0.00010523637,43710.61,43779.0
1.42523,0.46591416,4.9999472,3.3980856e-06,True,2,3.6507242e-11,-2.1016908e-12,-0.00010537662,43723.66,43792.0
1.42548,0.46588968,4.9998452,3.397296e-06,True,2,3.6494165e-11,-2.1005404e-12,-0.0001055168,43736.72,43805.0
1.42572,0.46586313,4.9997188,3.3964921e-06,True,2,3.648069e-11,-2.0993378e-12,-0.00010565691,43749.78,43818.0
1.42597,0.46583439,4.999567,3.3956727e-06,True,2,3.646688e-11,-2.0982675e-12,-0.00010579695,43762.76,43831.0
1.42621,0.46591801,5.0006198,3.394837e-06,True,2,3.6453942e-11,-2.0963025e-12,-0.00010593692,43775.79,43844.0
1.42645,0.46588691,5.0004396,3.394837e-06,True,2,3.6456682e-11,-2.0972328e-12,-0.00010607682,43788.84,43857.0
1.4267,0.46585336,5.0002316,3.3939838e-06,True,2,3.644208e-11,-2.0961238e-12,-0.00010621665,43801.91,43870.0
1.42694,0.46581715,4.9999938,3.3931117e-06,True,2,3.646581e-11,-2.0788478e-12,-0.0001063564,43814.96,43883.0
1.42719,0.46577812,4.9997248,3.3922197e-06,True,2,3.6450337e-11,-2.0776693e-12,-0.00010649609,43827.97,43896.0
1.42743,0.46573606,4.999422,3.3913061e-06,True,2,3.6434374e-11,-2.0765778e-12,-0.00010663571,43840.95,43909.0
1.42768,0.4658194,5.0004654,3.3913061e-06,True,2,3.6438388e-11,-2.0767453e-12,-0.00010677525,43853.96,43922.0
1.42792,0.46577401,5.0001257,3.3903693e-06,True,2,3.6421877e-11,-2.0755413e-12,-0.00010691472,43866.96,43935.0
1.42816,0.46572508,4.9997473,3.3894072e-06,True,2,3.6404847e-11,-2.0744148e-12,-0.00010705412,43879.97,43948.0
1.42841,0.4656723,4.9993265,3.3884176e-06,True,2,3.6386966e-11,-2.0737018e-12,-0.00010719345,43893.0,43961.0
1.42865,0.46575548,5.0003657,3.3884176e-06,True,2,3.6391192e-11,-2.0733985e-12,-0.0001073327,43905.97,43974.0
1.4289,0.46569849,4.999899,3.3873983e-06,True,2,3.6372887e-11,-2.0722484e-12,-0.00010747189,43919.03,43987.0
1.42914,0.4656369,4.9993822,3.3863459e-06,True,2,3.6353927e-11,-2.0710086e-12,-0.00010761101,43932.05,44000.0
1.42938,0.46571996,5.0004186,3.3863459e-06,True,2,3.6357875e-11,-2.071166e-12,-0.00010775005,43945.09,44013.0
1.42963,0.46565323,4.9998458,3.3852571e-06,True,2,3.6338084e-11,-2.0699127e-12,-0.00010788902,43958.06,44026.0
1.42987,0.46558082,4.9992113,3.3841275e-06,True,2,3.631716e-11,-2.0691156e-12,-0.00010802793,43971.08,44039.0
1.43011,0.46566129,5.0002238,3.3841275e-06,True,2,3.6344601e-11,-2.0680911e-12,-0.00010816684,43984.11,44052.0
1.43036,0.46557679,4.9994687,3.3829504e-06,True,2,3.6322658e-11,-2.0657531e-12,-0.00010830576,43997.1,44065.0
1.4306,0.4656542,5.0004502,3.3829504e-06,True,2,3.6326319e-11,-2.0651375e-12,-0.00010844462,44010.11,44078.0
1.43085,0.46556198,4.9996079,3.3817185e-06,True,2,3.6303003e-11,-2.0628689e-12,-0.00010858341,44023.08,44091.0
1.43109,0.46563932,5.0005849,3.3817185e-06,True,2,3.6306642e-11,-2.0623952e-12,-0.00010872213,44036.09,44104.0
1.43133,0.46553819,4.9996428,3.3804223e-06,True,2,3.6281944e-11,-2.0613742e-12,-0.00010886079,44049.13,44118.0
1.43158,0.46561557,5.000616,3.3804223e-06,True,2,3.6285577e-11,-2.0615676e-12,-0.00010899939,44062.17,44131.0
1.43182,0.46550395,4.9995576,3.3790504e-06,True,2,3.6258877e-11,-2.0592104e-12,-0.00010913791,44075.19,44144.0
1.43206,0.46558131,5.0005276,3.3790504e-06,True,2,3.6262025e-11,-2.0582729e-12,-0.00010927637,44088.16,44157.0
1.43231,0.46545701,4.99933,3.377587e-06,True,2,3.6233011e-11,-2.0549911e-12,-0.00010941475,44101.14,44170.0
1.43255,0.46553437,5.0002974,3.377587e-06,True,2,3.6235739e-11,-2.0542852e-12,-0.00010955305,44114.14,44183.0
1.43279,0.46539446,4.9989292,3.3760109e-06,True,2,3.6205048e-11,-2.0529417e-12,-0.00010969129,44127.09,44196.0
1.43304,0.46547176,4.9998946,3.3760109e-06,True,2,3.6209509e-11,-2.0567589e-12,-0.00010982946,44140.11,44209.0
1.43328,0.46554902,5.0008587,3.3760109e-06,True,2,3.621524e-11,-2.0639746e-12,-0.00010996761,44153.12,44222.0
1.43352,0.46538915,4.9992711,3.3742893e-06,True,2,3.6162543e-11,-2.1012942e-12,-0.00011010537,44166.16,44235.0
1.43376,0.46546392,5.0002334,3.3742893e-06,True,2,3.6175707e-11,-2.1259961e-12,-0.00011024299,44179.21,44248.0
1.43401,0.46553999,5.0011949,3.3742893e-06,True,2,3.6177195e-11,-2.1037848e-12,-0.00011038042,44192.26,44261.0
1.43425,0.46535189,4.9993152,3.3723732e-06,True,2,3.6134926e-11,-2.108094e-12,-0.00011051764,44205.32,44274.0
1.43449,0.46542801,5.0002752,3.3723732e-06,True,2,3.6143951e-11,-2.11935e-12,-0.00011065476,44218.39,44287.0
1.43474,0.46550451,5.0012345,3.3723732e-06,True,2,3.6147584e-11,-2.1252982e-12,-0.00011079186,44231.45,44300.0
1.43498,0.46527709,4.99893,3.3701733e-06,True,2,3.6103477e-11,-2.125762e-12,-0.00011092887,44244.51,44313.0
1.43522,0.46534848,4.9998453,3.3701733e-06,True,2,3.6133282e-11,-2.1385376e-12,-0.00011106596,44257.56,44326.0
1.43546,0.465423,5.0007529,3.3701733e-06,True,2,3.6160289e-11,-2.1513757e-12,-0.00011120323,44270.62,44339.0
1.43571,0.46549308,5.0016578,3.3701733e-06,True,2,3.6169925e-11,-2.1427246e-12,-0.00011134102,44283.75,44353.0
1.43595,0.46519073,4.9985522,3.3674729e-06,True,2,3.6105093e-11,-2.0909096e-12,-0.00011147881,44296.8,44366.0
1.43619,0.4652617,4.9994532,3.3674729e-06,True,2,3.6104592e-11,-2.0768764e-12,-0.0001116165,44309.85,44379.0
1.43643,0.46533283,5.0003522,3.3674729e-06,True,2,3.6106572e-11,-2.0728033e-12,-0.00011175411,44322.87,44392.0
1.43668,0.46540402,5.0012493,3.3674729e-06,True,2,3.6107969e-11,-2.0650099e-12,-0.00011189166,44335.9,44405.0
1.43692,0.46547524,5.0021449,3.3674729e-06,True,2,3.6110443e-11,-2.0618803e-12,-0.00011202913,44348.95,44418.0
1.43716,0.46500062,4.9971729,3.3635251e-06,True,2,3.602654e-11,-2.0522994e-12,-0.00011216654,44361.98,44431.0
1.4374,0.46507163,4.9980668,3.3635251e-06,True,2,3.6028549e-11,-2.0509948e-12,-0.0001123038,44375.01,44444.0
1.43765,0.46514277,4.9989589,3.3635251e-06,True,2,3.6031153e-11,-2.0500505e-12,-0.000112441,44388.13,44457.0
1.43789,0.46521397,4.9998494,3.3635251e-06,True,2,3.6033446e-11,-2.0484511e-12,-0.00011257814,44401.21,44470.0
1.43813,0.46528525,5.0007389,3.3635251e-06,True,2,3.6035695e-11,-2.0468496e-12,-0.00011271522,44414.29,44483.0
1.43837,0.46535651,5.0016275,3.3635251e-06,True,2,3.6040977e-11,-2.0548495e-12,-0.00011285227,44427.38,44496.0
1.43861,0.46542803,5.0025153,3.3635251e-06,True,2,3.604406e-11,-2.0561917e-12,-0.00011298934,44440.42,44509.0
1.43886,0.46549845,5.0034025,3.3635251e-06,True,2,3.6049937e-11,-2.0369306e-12,-0.0001131263,44453.49,44523.0
1.4391,0.46556945,5.004289,3.3635251e-06,True,2,3.6034356e-11,-2.0942164e-12,-0.00011326262,44466.64,44536.0
1.43934,0.46563884,5.005175,3.3635251e-06,True,2,3.6044485e-11,-2.1058957e-12,-0.00011339905,44479.74,44549.0
1.43958,0.46570919,5.0060605,3.3635251e-06,True,2,3.6043808e-11,-2.0903241e-12,-0.00011353533,44492.81,44562.0
1.43983,0.46577926,5.0069455,3.3635251e-06,True,2,3.6046805e-11,-2.1018372e-12,-0.00011367145,44505.87,44575.0
1.44007,0.46515515,5.0003682,3.3585223e-06,True,2,3.5969207e-11,-2.106106e-12,-0.00011380757,44518.91,44588.0
1.44031,0.46514162,5.0003621,3.3579561e-06,True,2,3.5957807e-11,-2.1101749e-12,-0.00011394364,44531.92,44601.0
1.44055,0.46512697,5.000342,3.357383e-06,True,2,3.5950282e-11,-2.1134663e-12,-0.00011407965,44544.92,44614.0
1.44079,0.46511145,5.0003081,3.3568029e-06,True,2,3.5940897e-11,-2.1163672e-12,-0.00011421561,44557.93,44627.0
1.44103,0.46509479,5.0002606,3.3562152e-06,True,2,3.593159e-11,-2.1187545e-12,-0.00011435152,44570.95,44640.0
1.44128,0.46507699,5.0001995,3.3556198e-06,True,2,3.592259e-11,-2.124345e-12,-0.00011448738,44583.97,44653.0
1.44152,0.46505833,5.0001242,3.3550163e-06,True,2,3.5914273e-11,-2.1328829e-12,-0.0001146232,44596.98,44666.0
1.44176,0.46504048,5.0000343,3.3544042e-06,True,2,3.5936645e-11,-2.1737284e-12,-0.00011475939,44609.99,44679.0
1.442,0.46501874,4.9999297,3.3537832e-06,True,2,3.5920911e-11,-2.1200964e-12,-0.00011489594,44623.0,44692.0
1.44224,0.46499616,4.9998096,3.3531529e-06,True,2,3.5899951e-11,-2.072077e-12,-0.00011503242,44636.03,44705.0
1.44248,0.46497239,4.9996735,3.3525129e-06,True,2,3.5885919e-11,-2.0601388e-12,-0.00011516881,44649.09,44718.0
1.44272,0.46503736,5.000491,3.3518626e-06,True,2,3.5874007e-11,-2.0551931e-12,-0.00011530511,44662.18,44732.0
1.44297,0.46501211,5.0003373,3.3518626e-06,True,2,3.587389e-11,-2.0470941e-12,-0.00011544131,44675.21,44745.0
1.44321,0.4649855,5.0001663,3.3512014e-06,True,2,3.5861068e-11,-2.0440307e-12,-0.00011557744,44688.26,44758.0
1.44345,0.46495742,4.9999772,3.3505289e-06,True,2,3.5847848e-11,-2.0411699e-12,-0.00011571349,44701.28,44771.0
1.44369,0.46492766,4.9997689,3.3498443e-06,True,2,3.5836144e-11,-2.0432201e-12,-0.00011584948,44714.31,44784.0
1.44393,0.46489627,4.9995405,3.349147e-06,True,2,3.5824752e-11,-2.0489237e-12,-0.00011598546,44727.35,44797.0
1.44417,0.46496092,5.0003529,3.349147e-06,True,2,3.5820651e-11,-2.0009777e-12,-0.00011612134,44740.35,44810.0
1.44441,0.46492721,5.0001029,3.3484362e-06,True,2,3.5795635e-11,-2.0712725e-12,-0.00011625666,44753.42,44823.0
1.44465,0.46488988,4.9998308,3.3477111e-06,True,2,3.5791399e-11,-2.0966656e-12,-0.00011639201,44766.51,44836.0
1.4449,0.464851,4.9995346,3.3469707e-06,True,2,3.5775446e-11,-2.0723376e-12,-0.00011652723,44779.52,44849.0
1.44514,0.46491226,5.0003184,3.3469707e-06,True,2,3.5798561e-11,-2.0830675e-12,-0.00011666235,44792.59,44862.0
1.44538,0.46486539,4.9999474,3.3462132e-06,True,2,3.5789826e-11,-2.0890667e-12,-0.00011679748,44805.59,44875.0
1.44562,0.46481632,4.999545,3.345437e-06,True,2,3.5775497e-11,-2.0966412e-12,-0.00011693257,44818.66,44888.0
1.44586,0.46487503,5.0003007,3.345437e-06,True,2,3.578023e-11,-2.1019538e-12,-0.0001170676,44831.71,44901.0
1.4461,0.46482323,4.9998636,3.3446405e-06,True,2,3.5766319e-11,-2.1051843e-12,-0.0001172026,44844.7,44914.0
1.44634,0.46488203,5.0006153,3.3438219e-06,True,2,3.5752176e-11,-2.1031537e-12,-0.00011733754,44857.7,44927.0
1.44658,0.46482708,5.0001415,3.3438219e-06,True,2,3.5754462e-11,-2.1071316e-12,-0.00011747243,44870.69,44940.0
1.44682,0.46476877,4.9996296,3.3429793e-06,True,2,3.5738937e-11,-2.1074598e-12,-0.00011760728,44883.75,44953.0
1.44706,0.46482758,5.0003768,3.3429793e-06,True,2,3.5742139e-11,-2.1096519e-12,-0.00011774208,44896.77,44966.0
1.4473,0.46476547,4.999822,3.3421098e-06,True,2,3.5726172e-11,-2.1106243e-12,-0.00011787683,44909.79,44980.0
1.44754,0.46482421,5.0005667,3.3421098e-06,True,2,3.5729176e-11,-2.1128637e-12,-0.00011801154,44922.84,44993.0
1.44778,0.46475786,4.9999653,3.3412109e-06,True,2,3.5712557e-11,-2.1147166e-12,-0.0001181462,44935.87,45006.0
1.44803,0.46468683,4.9993137,3.3402794e-06,True,2,3.5698523e-11,-2.1120474e-12,-0.00011828081,44948.91,45019.0
1.44827,0.46474651,5.0000556,3.3402794e-06,True,2,3.5704141e-11,-2.1299501e-12,-0.00011841541,44961.92,45032.0
1.44851,0.46467194,4.9993463,3.339311e-06,True,2,3.5713263e-11,-2.1423064e-12,-0.00011855052,44974.95,45045.0
1.44875,0.46473017,5.0000869,3.339311e-06,True,2,3.5709326e-11,-2.1003921e-12,-0.00011868583,44987.94,45058.0
1.44899,0.46464832,4.9993134,3.3383009e-06,True,2,3.5679828e-11,-2.0565253e-12,-0.00011882107,45000.96,45071.0
1.44923,0.46470733,5.0000525,3.3383009e-06,True,2,3.5679196e-11,-2.0435293e-12,-0.00011895619,45014.0,45084.0
1.44947,0.46476633,5.0007908,3.3383009e-06,True,2,3.5680158e-11,-2.0393464e-12,-0.00011909123,45027.02,45097.0
1.44971,0.46467821,4.9999437,3.3372431e-06,True,2,3.5657939e-11,-2.0373642e-12,-0.00011922618,45040.05,45110.0
1.44995,0.46473749,5.0006807,3.3372431e-06,True,2,3.565952e-11,-2.0346613e-12,-0.00011936106,45053.06,45123.0
1.45019,0.46463845,4.9997133,3.3361303e-06,True,2,3.5659646e-11,-2.0330375e-12,-0.00011949606,45066.09,45136.0
1.45043,0.46469191,5.0004005,3.3361303e-06,True,2,3.5627022e-11,-1.9897431e-12,-0.00011963088,45079.17,45149.0
1.45067,0.46457947,4.9993108,3.3349469e-06,True,2,3.5628599e-11,-2.0889413e-12,-0.00011976523,45092.2,45162.0
1.45091,0.46463158,4.9999934,3.3349469e-06,True,2,3.5632175e-11,-2.0859693e-12,-0.00011989969,45105.23,45175.0
1.45115,0.4646844,5.0006739,3.3349469e-06,True,2,3.5630766e-11,-2.0623583e-12,-0.000120034,45118.29,45188.0
1.45139,0.4645603,4.9994482,3.3336769e-06,True,2,3.5603412e-11,-2.0712589e-12,-0.00012016812,45131.34,45201.0
1.45163,0.46461272,5.0001255,3.3336769e-06,True,2,3.5610448e-11,-2.0768418e-12,-0.00012030222,45144.45,45215.0
1.45187,0.46466541,5.0008011,3.3336769e-06,True,2,3.5611934e-11,-2.0837994e-12,-0.00012043628,45157.65,45228.0
1.45211,0.46452581,4.9994054,3.3322971e-06,True,2,3.5587163e-11,-2.0882961e-12,-0.00012057028,45170.83,45241.0
1.45235,0.46457871,5.0000788,3.3322971e-06,True,2,3.5589743e-11,-2.0940162e-12,-0.00012070425,45183.92,45254.0
1.45259,0.46463151,5.0007509,3.3322971e-06,True,2,3.5592712e-11,-2.0948784e-12,-0.00012083818,45196.92,45267.0
1.45283,0.46447155,4.9991308,3.3307706e-06,True,2,3.5562622e-11,-2.0959393e-12,-0.00012097207,45210.01,45280.0
1.45307,0.46452438,4.9998012,3.3307706e-06,True,2,3.5564515e-11,-2.0958104e-12,-0.0001211059,45223.02,45293.0
1.45331,0.46457722,5.0004706,3.3307706e-06,True,2,3.5567509e-11,-2.0972182e-12,-0.00012123969,45236.06,45306.0
1.45355,0.46463008,5.0011392,3.3307706e-06,True,2,3.5570063e-11,-2.0980146e-12,-0.00012137346,45249.06,45319.0
1.45379,0.46444103,4.9992034,3.3290367e-06,True,2,3.5534649e-11,-2.0964012e-12,-0.00012150716,45262.03,45332.0
1.45403,0.46449384,4.9998708,3.3290367e-06,True,2,3.5537259e-11,-2.0972426e-12,-0.00012164082,45275.1,45345.0
1.45427,0.46454666,5.0005373,3.3290367e-06,True,2,3.5539888e-11,-2.0978964e-12,-0.00012177445,45288.2,45359.0
1.45451,0.46459948,5.0012032,3.3290367e-06,True,2,3.5542531e-11,-2.0985586e-12,-0.00012190804,45301.33,45372.0
1.45475,0.4643644,4.9987695,3.3269741e-06,True,2,3.5499913e-11,-2.0962682e-12,-0.00012204158,45314.44,45385.0
1.45499,0.46441715,4.9994346,3.3269741e-06,True,2,3.5502383e-11,-2.0968826e-12,-0.00012217506,45327.52,45398.0
1.45523,0.46446498,5.0000555,3.3269741e-06,True,2,3.5527474e-11,-2.0969003e-12,-0.00012230867,45340.6,45411.0
1.45547,0.4645124,5.0006703,3.3269741e-06,True,2,3.5529844e-11,-2.0970823e-12,-0.00012244225,45353.59,45424.0
1.4557,0.46455979,5.0012826,3.3269741e-06,True,2,3.5532149e-11,-2.0972857e-12,-0.0001225758,45366.64,45437.0
1.45594,0.46460716,5.0018928,3.3269741e-06,True,2,3.5534422e-11,-2.0974941e-12,-0.00012270932,45379.63,45450.0
1.45618,0.46426632,4.9983224,3.3241947e-06,True,2,3.5475599e-11,-2.0938793e-12,-0.00012284277,45392.67,45463.0
1.45642,0.4643136,4.9989297,3.3241947e-06,True,2,3.5477741e-11,-2.0940683e-12,-0.00012297618,45405.71,45476.0
1.45666,0.46436089,4.999535,3.3241947e-06,True,2,3.5479992e-11,-2.0941864e-12,-0.00012310955,45418.82,45489.0
1.4569,0.46440817,5.0001388,3.3241947e-06,True,2,3.5482235e-11,-2.0943289e-12,-0.0001232429,45431.84,45502.0
1.45714,0.46445544,5.0007412,3.3241947e-06,True,2,3.5484483e-11,-2.0944971e-12,-0.00012337622,45444.86,45515.0
1.45738,0.46450269,5.0013425,3.3241947e-06,True,2,3.5486736e-11,-2.0946689e-12,-0.00012350951,45457.87,45528.0
1.45762,0.46454993,5.0019428,3.3241947e-06,True,2,3.5488989e-11,-2.0948303e-12,-0.00012364277,45470.86,45541.0
1.45786,0.46459716,5.0025422,3.3241947e-06,True,2,3.5491241e-11,-2.094979e-12,-0.00012377601,45483.86,45554.0
1.4581,0.46464438,5.0031407,3.3241947e-06,True,2,3.5493507e-11,-2.0951148e-12,-0.00012390922,45496.89,45568.0
1.45834,0.46469161,5.0037385,3.3241947e-06,True,2,3.5495783e-11,-2.095257e-12,-0.0001240424,45509.89,45581.0
1.45858,0.46473883,5.0043356,3.3241947e-06,True,2,3.5498048e-11,-2.095428e-12,-0.00012417556,45522.91,45594.0
1.45882,0.46478605,5.0049321,3.3241947e-06,True,2,3.5500332e-11,-2.0956337e-12,-0.00012430869,45535.91,45607.0
1.45906,0.46483327,5.005528,3.3241947e-06,True,2,3.5502612e-11,-2.0958427e-12,-0.00012444179,45548.94,45620.0
1.4593,0.46488048,5.0061233,3.3241947e-06,True,2,3.5504901e-11,-2.0960158e-12,-0.00012457486,45562.03,45633.0
1.45953,0.46492769,5.0067182,3.3241947e-06,True,2,3.5507207e-11,-2.0962016e-12,-0.0001247079,45575.07,45646.0
1.45977,0.46497489,5.0073124,3.3241947e-06,True,2,3.5545897e-11,-2.0898338e-12,-0.0001248409,45588.13,45659.0
1.46001,0.46428832,5.0000009,3.3189512e-06,True,2,3.5637251e-11,-2.0536099e-12,-0.00012497387,45601.24,45672.0
1.46025,0.46425228,4.9997128,3.3183952e-06,True,2,3.5627092e-11,-2.0506452e-12,-0.0001251069,45614.22,45685.0
1.46049,0.46429397,5.0002579,3.3183952e-06,True,2,3.5628638e-11,-2.0506747e-12,-0.00012523988,45627.25,45698.0
1.46073,0.46425636,4.9999461,3.3178287e-06,True,2,3.5617272e-11,-2.0500363e-12,-0.00012537283,45640.33,45711.0
1.46097,0.46421717,4.9996152,3.3172512e-06,True,2,3.5605982e-11,-2.0493499e-12,-0.00012550575,45653.39,45724.0
1.46121,0.46425877,5.0001533,3.3172512e-06,True,2,3.5607581e-11,-2.0495026e-12,-0.00012563862,45666.43,45737.0
1.46145,0.46421786,4.9998009,3.3166618e-06,True,2,3.5596403e-11,-2.0487812e-12,-0.00012577146,45679.56,45750.0
1.46169,0.46425943,5.0003355,3.3166618e-06,True,2,3.5595947e-11,-2.0492967e-12,-0.00012590426,45692.69,45764.0
1.46192,0.4642167,4.999961,3.3160596e-06,True,2,3.5575443e-11,-2.0501915e-12,-0.00012603702,45705.79,45777.0
1.46216,0.46417201,4.999564,3.3154437e-06,True,2,3.5554899e-11,-2.0512954e-12,-0.00012616976,45718.9,45790.0
1.4624,0.46421353,5.0000952,3.3154437e-06,True,2,3.5547675e-11,-2.0528637e-12,-0.00012630245,45732.0,45803.0
1.46264,0.46416674,4.999674,3.3148132e-06,True,2,3.5526347e-11,-2.0538112e-12,-0.00012643512,45745.05,45816.0
1.46288,0.46420821,5.0002031,3.3148132e-06,True,2,3.551779e-11,-2.0558033e-12,-0.00012656775,45758.07,45829.0
1.46312,0.46415914,4.999756,3.3141667e-06,True,2,3.549467e-11,-2.0570882e-12,-0.00012670035,45771.1,45842.0
1.46336,0.46420058,5.0002833,3.3141667e-06,True,2,3.5485509e-11,-2.0588824e-12,-0.00012683291,45784.29,45855.0
1.46359,0.46414905,4.9998086,3.3135031e-06,True,2,3.5461259e-11,-2.0598247e-12,-0.00012696544,45797.31,45868.0
1.46383,0.46419046,5.0003345,3.3135031e-06,True,2,3.5450635e-11,-2.0619058e-12,-0.00012709794,45810.47,45882.0
1.46407,0.46413626,4.99983,3.3128208e-06,True,2,3.5424081e-11,-2.0632599e-12,-0.00012723041,45823.46,45895.0
1.46431,0.46417765,5.0003547,3.3128208e-06,True,2,3.5411703e-11,-2.0657122e-12,-0.00012736284,45836.52,45908.0
1.46455,0.46412053,4.9998178,3.3121178e-06,True,2,3.538243e-11,-2.0674546e-12,-0.00012749523,45849.6,45921.0
1.46479,0.46416189,5.0003414,3.3121178e-06,True,2,3.5367614e-11,-2.0703358e-12,-0.0001276276,45862.67,45934.0
1.46503,0.46410109,4.9997649,3.3113925e-06,True,2,3.5358373e-11,-2.0722008e-12,-0.00012775996,45875.7,45947.0
1.46526,0.46413714,5.0002407,3.3113925e-06,True,2,3.5356865e-11,-2.0724279e-12,-0.00012789241,45888.77,45960.0
1.4655,0.46406771,4.9995777,3.3106402e-06,True,2,3.5329126e-11,-2.0733431e-12,-0.00012802485,45901.91,45973.0
1.46574,0.46410369,5.0000486,3.3106402e-06,True,2,3.5305074e-11,-2.0775694e-12,-0.00012815725,45914.9,45986.0
1.46598,0.46413964,5.0005173,3.3106402e-06,True,2,3.5306687e-11,-2.0774562e-12,-0.00012828963,45927.91,45999.0
1.46622,0.46406572,4.9998006,3.3098566e-06,True,2,3.5291077e-11,-2.0762966e-12,-0.00012842198,45940.97,46012.0
1.46646,0.46410165,5.0002659,3.3098566e-06,True,2,3.5292686e-11,-2.076198e-12,-0.0001285543,45953.97,46025.0
1.46669,0.46402265,4.9994914,3.3090372e-06,True,2,3.5276385e-11,-2.0749135e-12,-0.00012868659,45967.02,46038.0
1.46693,0.46405855,4.999954,3.3090372e-06,True,2,3.5277902e-11,-2.0749333e-12,-0.00012881885,45980.07,46051.0
1.46717,0.46409442,5.0004153,3.3090372e-06,True,2,3.5279504e-11,-2.0749189e-12,-0.00012895109,45993.24,46065.0
1.46741,0.46400948,4.9995738,3.3081759e-06,True,2,3.5262187e-11,-2.0737194e-12,-0.0001290833,46006.31,46078.0
1.46765,0.46404531,5.000033,3.3081759e-06,True,2,3.5263737e-11,-2.0737312e-12,-0.00012921547,46019.35,46091.0
1.46789,0.46408113,5.0004913,3.3081759e-06,True,2,3.526535e-11,-2.073711e-12,-0.00012934762,46032.48,46104.0
1.46812,0.46398919,4.9995722,3.3072653e-06,True,2,3.5246962e-11,-2.0724472e-12,-0.00012947974,46045.58,46117.0
1.46836,0.46402497,5.0000291,3.3072653e-06,True,2,3.5248541e-11,-2.0724738e-12,-0.00012961183,46058.62,46130.0
1.4686,0.46406076,5.0004851,3.3072653e-06,True,2,3.525017e-11,-2.0724936e-12,-0.0001297439,46071.86,46143.0
1.46884,0.4639604,4.9994735,3.3062951e-06,True,2,3.5230522e-11,-2.0711804e-12,-0.00012987593,46084.97,46157.0
1.46908,0.46399615,4.9999284,3.3062951e-06,True,2,3.5232092e-11,-2.07128e-12,-0.00013000793,46098.01,46170.0
1.46931,0.4640319,5.0003827,3.3062951e-06,True,2,3.5233747e-11,-2.0713404e-12,-0.00013013991,46111.11,46183.0
1.46955,0.46392121,4.9992579,3.3052518e-06,True,2,3.5212584e-11,-2.0699129e-12,-0.00013027187,46124.2,46196.0
1.46979,0.46395693,4.9997116,3.3052518e-06,True,2,3.5214081e-11,-2.0700408e-12,-0.00013040378,46137.38,46209.0
1.47003,0.4639921,5.0001596,3.3052518e-06,True,2,3.5238047e-11,-2.0699876e-12,-0.0001305357,46150.53,46222.0
1.47027,0.46402254,5.0005651,3.3052518e-06,True,2,3.5239625e-11,-2.0696621e-12,-0.00013066772,46163.53,46235.0
1.4705,0.46389253,4.9992391,3.3041093e-06,True,2,3.521602e-11,-2.067806e-12,-0.00013079971,46176.52,46248.0
1.47074,0.46392288,4.9996401,3.3041093e-06,True,2,3.5217241e-11,-2.0677567e-12,-0.00013093167,46189.6,46261.0
1.47098,0.46395321,5.0000389,3.3041093e-06,True,2,3.5218572e-11,-2.0676364e-12,-0.00013106362,46202.69,46274.0
1.47122,0.46398354,5.0004358,3.3041093e-06,True,2,3.5219906e-11,-2.0675161e-12,-0.00013119555,46215.7,46287.0
1.47146,0.46401386,5.000831,3.3041093e-06,True,2,3.5221257e-11,-2.0673713e-12,-0.00013132746,46228.65,46300.0
1.47169,0.46386298,4.999272,3.3028191e-06,True,2,3.5194249e-11,-2.065471e-12,-0.00013145933,46241.67,46313.0
1.47193,0.46389327,4.9996648,3.3028191e-06,True,2,3.5195531e-11,-2.0654177e-12,-0.00013159117,46254.71,46327.0
1.47217,0.46392354,5.0000562,3.3028191e-06,True,2,3.519688e-11,-2.0653805e-12,-0.000131723,46267.74,46340.0
1.47241,0.46395379,5.0004465,3.3028191e-06,True,2,3.5198225e-11,-2.0653543e-12,-0.00013185481,46280.72,46353.0
1.47264,0.46398404,5.0008357,3.3028191e-06,True,2,3.5199588e-11,-2.0653216e-12,-0.0001319866,46293.79,46366.0
1.47288,0.46380044,4.9989189,3.3012971e-06,True,2,3.5167651e-11,-2.0631003e-12,-0.00013211836,46306.86,46379.0
1.47312,0.46383063,4.9993072,3.3012971e-06,True,2,3.5168793e-11,-2.0632321e-12,-0.00013225008,46319.86,46392.0
1.47336,0.46386083,4.9996944,3.3012971e-06,True,2,3.5170149e-11,-2.0632422e-12,-0.00013238178,46332.91,46405.0
1.4736,0.46389101,5.0000807,3.3012971e-06,True,2,3.5171515e-11,-2.0632624e-12,-0.00013251346,46345.9,46418.0
1.47383,0.4639212,5.0004662,3.3012971e-06,True,2,3.5172894e-11,-2.0632923e-12,-0.00013264513,46358.98,46431.0
1.47407,0.46395138,5.0008512,3.3012971e-06,True,2,3.5174274e-11,-2.0633342e-12,-0.00013277677,46372.05,46444.0
1.47431,0.46398156,5.0012356,3.3012971e-06,True,2,3.5175661e-11,-2.0633789e-12,-0.0001329084,46385.23,46457.0
1.47455,0.4637352,4.9986387,3.2993297e-06,True,2,3.5133911e-11,-2.060615e-12,-0.00013303999,46398.47,46470.0
1.47478,0.46376533,4.9990228,3.2993297e-06,True,2,3.51351e-11,-2.0608007e-12,-0.00013317154,46411.81,46484.0
1.47502,0.46379506,4.9994027,3.2993297e-06,True,2,3.515876e-11,-2.0607505e-12,-0.00013330309,46424.9,46497.0
1.47526,0.46381993,4.9997389,3.2993297e-06,True,2,3.5160037e-11,-2.0603958e-12,-0.00013343474,46438.07,46510.0
1.4755,0.46384475,5.0000723,3.2993297e-06,True,2,3.5161192e-11,-2.0601671e-12,-0.00013356639,46451.13,46523.0
1.47573,0.46386955,5.0004034,3.2993297e-06,True,2,3.5162289e-11,-2.0599893e-12,-0.00013369803,46464.12,46536.0
1.47597,0.46389433,5.0007325,3.2993297e-06,True,2,3.5163362e-11,-2.0598474e-12,-0.00013382965,46477.13,46549.0
1.47621,0.4639191,5.0010599,3.2993297e-06,True,2,3.5164443e-11,-2.0597031e-12,-0.00013396126,46490.26,46562.0
1.47645,0.46394387,5.0013857,3.2993297e-06,True,2,3.5165531e-11,-2.0595376e-12,-0.00013409285,46503.3,46575.0
1.47668,0.46396864,5.00171,3.2993297e-06,True,2,3.5166614e-11,-2.0593769e-12,-0.00013422443,46516.39,46589.0
1.47692,0.4639934,5.0020329,3.2993297e-06,True,2,3.5167699e-11,-2.0592657e-12,-0.000134356,46529.48,46602.0
1.47716,0.46401814,5.0023547,3.2993297e-06,True,2,3.516879e-11,-2.0592072e-12,-0.00013448755,46542.48,46615.0
1.4774,0.46404287,5.0026754,3.2993297e-06,True,2,3.5169885e-11,-2.0591674e-12,-0.00013461909,46555.51,46628.0
1.47763,0.46406759,5.0029952,3.2993297e-06,True,2,3.5170986e-11,-2.0591237e-12,-0.00013475061,46568.56,46641.0
1.47787,0.4640923,5.0033142,3.2993297e-06,True,2,3.5172089e-11,-2.0590807e-12,-0.00013488212,46581.61,46654.0
1.47811,0.464117,5.0036323,3.2993297e-06,True,2,3.5173197e-11,-2.0590466e-12,-0.00013501362,46594.68,46667.0
1.47835,0.4641417,5.0039498,3.2993297e-06,True,2,3.5174309e-11,-2.0590263e-12,-0.0001351451,46607.72,46680.0
1.47858,0.46416639,5.0042666,3.2993297e-06,True,2,3.5175436e-11,-2.0590199e-12,-0.00013527656,46620.73,46693.0
1.47882,0.46419108,5.0045828,3.2993297e-06,True,2,3.5176561e-11,-2.0590324e-12,-0.00013540801,46633.72,46706.0
1.47906,0.46421576,5.0048985,3.2993297e-06,True,2,3.5177694e-11,-2.0590584e-12,-0.00013553945,46646.69,46719.0
1.4793,0.46424044,5.0052136,3.2993297e-06,True,2,3.5178826e-11,-2.0590848e-12,-0.00013567087,46659.74,46732.0
1.47953,0.46426512,5.0055283,3.2993297e-06,True,2,3.5179961e-11,-2.0591e-12,-0.00013580228,46672.78,46745.0
1.47977,0.46428979,5.0058426,3.2993297e-06,True,2,3.5181089e-11,-2.0590776e-12,-0.00013593367,46685.86,46758.0
1.48001,0.46376633,5.000245,3.2954358e-06,True,2,3.5124065e-11,-2.0460354e-12,-0.00013606506,46698.92,46771.0
1.48025,0.46370867,4.9996843,3.2948886e-06,True,2,3.5107726e-11,-2.0525e-12,-0.00013619648,46711.98,46785.0
1.48048,0.46372798,4.9999503,3.2948886e-06,True,2,3.5108533e-11,-2.0523195e-12,-0.00013632787,46725.01,46798.0
1.48072,0.46374725,5.0002133,3.2948886e-06,True,2,3.5109368e-11,-2.0521053e-12,-0.00013645926,46738.16,46811.0
1.48096,0.46368643,4.9996106,3.2943197e-06,True,2,3.5097737e-11,-2.0510947e-12,-0.00013659063,46751.23,46824.0
1.4812,0.46370567,4.9998699,3.2943197e-06,True,2,3.5098479e-11,-2.0509369e-12,-0.00013672198,46764.28,46837.0
1.48143,0.46372491,5.0001274,3.2943197e-06,True,2,3.5099294e-11,-2.050724e-12,-0.00013685332,46777.3,46850.0
1.48167,0.46374413,5.0003833,3.2943197e-06,True,2,3.5100112e-11,-2.0504937e-12,-0.00013698465,46790.4,46863.0
1.48191,0.46367973,4.9997362,3.2937257e-06,True,2,3.5087853e-11,-2.0495164e-12,-0.00013711596,46803.44,46876.0
1.48214,0.46369893,4.9999898,3.2937257e-06,True,2,3.5088656e-11,-2.0494455e-12,-0.00013724725,46816.49,46889.0
1.48238,0.46371812,5.0002421,3.2937257e-06,True,2,3.5089476e-11,-2.0493838e-12,-0.00013737854,46829.51,46902.0
1.48262,0.46364954,4.9995468,3.2931024e-06,True,2,3.5076588e-11,-2.048516e-12,-0.00013750981,46842.51,46915.0
1.48286,0.4636687,4.9997976,3.2931024e-06,True,2,3.5077406e-11,-2.048438e-12,-0.00013764105,46855.5,46928.0
1.48309,0.46368785,5.0000474,3.2931024e-06,True,2,3.5078236e-11,-2.0484126e-12,-0.00013777229,46868.52,46941.0
1.48333,0.463707,5.0002963,3.2931024e-06,True,2,3.507908e-11,-2.0483972e-12,-0.00013790351,46881.54,46954.0
1.48357,0.46363349,4.9995453,3.2924444e-06,True,2,3.5065516e-11,-2.0474481e-12,-0.00013803472,46894.57,46967.0
1.4838,0.46365262,4.9997932,3.2924444e-06,True,2,3.5066278e-11,-2.0475179e-12,-0.0001381659,46907.61,46980.0
1.48404,0.46367174,5.0000404,3.2924444e-06,True,2,3.5067133e-11,-2.0475443e-12,-0.00013829708,46920.63,46993.0
1.48428,0.46369086,5.0002869,3.2924444e-06,True,2,3.5067995e-11,-2.0475699e-12,-0.00013842824,46933.64,47007.0
1.48452,0.46370998,5.000533,3.2917446e-06,True,2,3.5054611e-11,-2.0457934e-12,-0.00013855939,46946.63,47020.0
1.48475,0.46363054,4.9997159,3.2917446e-06,True,2,3.5054311e-11,-2.0466571e-12,-0.00013869051,46959.63,47033.0
1.48499,0.46364964,4.9999612,3.2917446e-06,True,2,3.5055162e-11,-2.0466754e-12,-0.00013882162,46972.68,47046.0
1.48523,0.4636638,5.0001623,3.2917446e-06,True,2,3.5078158e-11,-2.0462784e-12,-0.00013895287,46985.66,47059.0
1.48546,0.46367763,5.0003583,3.2917446e-06,True,2,3.5078819e-11,-2.0460778e-12,-0.00013908412,46998.71,47072.0
1.4857,0.46369143,5.0005518,3.2917446e-06,True,2,3.5079425e-11,-2.0459342e-12,-0.00013921536,47011.67,47085.0
1.48594,0.46359826,4.9995903,3.2909855e-06,True,2,3.5063274e-11,-2.044803e-12,-0.00013934658,47024.66,47098.0
1.48617,0.46361202,4.9997805,3.2909855e-06,True,2,3.5063828e-11,-2.0447107e-12,-0.00013947778,47037.67,47111.0
1.48641,0.46362579,4.999969,3.2909855e-06,True,2,3.5064405e-11,-2.0445894e-12,-0.00013960898,47050.65,47124.0
1.48665,0.46363955,5.0001559,3.2909855e-06,True,2,3.5064985e-11,-2.0444597e-12,-0.00013974018,47063.63,47137.0
1.48689,0.4636533,5.0003414,3.2909855e-06,True,2,3.5065567e-11,-2.0443674e-12,-0.00013987137,47076.6,47150.0
1.48712,0.46366704,5.0005258,3.2909855e-06,True,2,3.5066136e-11,-2.0443285e-12,-0.00014000255,47089.63,47163.0
1.48736,0.46356086,4.9994159,3.2901344e-06,True,2,3.5048025e-11,-2.0430893e-12,-0.00014013371,47102.63,47176.0
1.4876,0.46357456,4.9995987,3.2901344e-06,True,2,3.5048518e-11,-2.0431086e-12,-0.00014026486,47115.62,47189.0
1.48783,0.46358826,4.9997804,3.2901344e-06,True,2,3.5049086e-11,-2.04305e-12,-0.00014039599,47128.6,47202.0
1.48807,0.46360194,4.9999613,3.2901344e-06,True,2,3.5049656e-11,-2.0429966e-12,-0.00014052712,47141.65,47215.0
1.48831,0.46361563,5.0001414,3.2901344e-06,True,2,3.5050251e-11,-2.0430337e-12,-0.00014065824,47154.78,47228.0
1.48854,0.46362932,5.0003208,3.2901344e-06,True,2,3.5050924e-11,-2.0435289e-12,-0.00014078936,47167.78,47241.0
1.48878,0.46364302,5.0004996,3.2901344e-06,True,2,3.5051642e-11,-2.0442381e-12,-0.00014092047,47180.86,47254.0
1.48902,0.46365673,5.0006778,3.2901344e-06,True,2,3.505236e-11,-2.04491e-12,-0.00014105157,47193.86,47267.0
1.48925,0.46353028,4.9993439,3.2891398e-06,True,2,3.5031181e-11,-2.0438898e-12,-0.00014118266,47206.92,47280.0
1.48949,0.463544,4.9995216,3.2891398e-06,True,2,3.5031787e-11,-2.0440615e-12,-0.00014131374,47219.92,47293.0
1.48973,0.46355771,4.9996986,3.2891398e-06,True,2,3.5032421e-11,-2.0440787e-12,-0.0001414448,47232.93,47306.0
1.48996,0.46357142,4.9998752,3.2891398e-06,True,2,3.503303e-11,-2.0439796e-12,-0.00014157587,47245.97,47319.0
1.4902,0.46358074,5.0000125,3.2891398e-06,True,2,3.5055731e-11,-2.0433933e-12,-0.00014170707,47258.98,47332.0
1.49044,0.46358918,5.0001402,3.2891398e-06,True,2,3.5056111e-11,-2.0427862e-12,-0.00014183828,47272.0,47345.0
1.49068,0.46359757,5.0002653,3.2891398e-06,True,2,3.505767e-11,-2.0448317e-12,-0.00014196948,47285.04,47358.0
1.49091,0.46360595,5.0003885,3.2891398e-06,True,2,3.5056345e-11,-2.0401345e-12,-0.00014210069,47298.02,47371.0
1.49115,0.46361431,5.0005099,3.2891398e-06,True,2,3.5056347e-11,-2.0386641e-12,-0.00014223189,47311.03,47384.0
1.49139,0.46362267,5.0006298,3.2891398e-06,True,2,3.5056451e-11,-2.0374307e-12,-0.00014236308,47324.01,47397.0
1.49162,0.46363103,5.0007481,3.2891398e-06,True,2,3.5056566e-11,-2.0362466e-12,-0.00014249427,47337.03,47411.0
1.49186,0.46363938,5.0008651,3.2891398e-06,True,2,3.505669e-11,-2.0351463e-12,-0.00014262546,47350.0,47424.0
1.4921,0.46364771,5.0009809,3.2891398e-06,True,2,3.5056822e-11,-2.0341273e-12,-0.00014275664,47362.98,47437.0
1.49233,0.46345897,4.9989701,3.287742e-06,True,2,3.5026281e-11,-2.031171e-12,-0.00014288781,47375.98,47450.0
1.49257,0.46346726,4.9990848,3.287742e-06,True,2,3.5026279e-11,-2.0303791e-12,-0.00014301894,47389.0,47463.0
1.49281,0.46347553,4.9991983,3.287742e-06,True,2,3.5026435e-11,-2.0295165e-12,-0.00014315008,47402.13,47476.0
1.49304,0.4634838,4.9993109,3.287742e-06,True,2,3.5026611e-11,-2.0286993e-12,-0.0001432812,47415.15,47489.0
1.49328,0.46349205,4.9994227,3.287742e-06,True,2,3.5026805e-11,-2.0279335e-12,-0.00014341232,47428.12,47502.0
1.49352,0.4635003,4.9995338,3.287742e-06,True,2,3.5027008e-11,-2.0272248e-12,-0.00014354344,47441.09,47515.0
1.49375,0.46350854,4.9996442,3.287742e-06,True,2,3.5027228e-11,-2.026567e-12,-0.00014367455,47454.13,47528.0
1.49399,0.46351678,4.9997541,3.287742e-06,True,2,3.5027459e-11,-2.0259493e-12,-0.00014380565,47467.12,47541.0
1.49423,0.46352501,4.9998635,3.287742e-06,True,2,3.5027694e-11,-2.0253658e-12,-0.00014393675,47480.13,47554.0
1.49446,0.46353323,4.9999724,3.287742e-06,True,2,3.5027934e-11,-2.0248058e-12,-0.00014406785,47493.16,47567.0
1.4947,0.46354146,5.0000808,3.287742e-06,True,2,3.5028184e-11,-2.0242659e-12,-0.00014419894,47506.19,47580.0
1.49494,0.46354968,5.0001888,3.287742e-06,True,2,3.5028444e-11,-2.0237565e-12,-0.00014433002,47519.21,47593.0
1.49517,0.46355412,5.0002632,3.287742e-06,True,2,3.5050827e-11,-2.0229053e-12,-0.00014446122,47532.28,47606.0
1.49541,0.46355707,5.0003226,3.287742e-06,True,2,3.5050916e-11,-2.0221547e-12,-0.00014459245,47545.3,47619.0
1.49565,0.46355998,5.0003795,3.287742e-06,True,2,3.5050924e-11,-2.0214806e-12,-0.00014472368,47558.4,47632.0
1.49588,0.46356287,5.0004344,3.287742e-06,True,2,3.5050898e-11,-2.0208579e-12,-0.00014485492,47571.44,47645.0
1.49612,0.46356574,5.0004876,3.287742e-06,True,2,3.5050868e-11,-2.0202624e-12,-0.00014498615,47584.48,47658.0
1.49636,0.46356862,5.0005392,3.287742e-06,True,2,3.5050844e-11,-2.0196622e-12,-0.00014511737,47597.48,47671.0
1.49659,0.46357149,5.0005892,3.287742e-06,True,2,3.5050825e-11,-2.0190644e-12,-0.0001452486,47610.43,47684.0
1.49683,0.46357436,5.000638,3.287742e-06,True,2,3.5050801e-11,-2.0185058e-12,-0.00014537983,47623.38,47697.0
1.49707,0.46357721,5.0006855,3.287742e-06,True,2,3.5050787e-11,-2.0179977e-12,-0.00014551106,47636.38,47710.0
1.4973,0.46358005,5.000732,3.287742e-06,True,2,3.5050768e-11,-2.0175174e-12,-0.00014564228,47649.36,47723.0
1.49754,0.46358287,5.0007776,3.287742e-06,True,2,3.5050758e-11,-2.0170436e-12,-0.00014577351,47662.37,47736.0
1.49778,0.46358568,5.0008223,3.287742e-06,True,2,3.5050747e-11,-2.0165863e-12,-0.00014590473,47675.39,47749.0
1.49801,0.46358848,5.0008662,3.287742e-06,True,2,3.5050747e-11,-2.0161561e-12,-0.00014603595,47688.4,47762.0
1.49825,0.46359128,5.0009094,3.287742e-06,True,2,3.5050756e-11,-2.0157565e-12,-0.00014616717,47701.41,47775.0
1.49849,0.46359407,5.0009519,3.287742e-06,True,2,3.5050771e-11,-2.0153882e-12,-0.00014629839,47714.42,47788.0
1.49872,0.46359685,5.0009939,3.287742e-06,True,2,3.5050793e-11,-2.0150525e-12,-0.00014642961,47727.48,47802.0
1.49896,0.46359963,5.0010353,3.287742e-06,True,2,3.5050826e-11,-2.0147467e-12,-0.00014656082,47740.5,47815.0
1.4992,0.4636024,5.0010762,3.287742e-06,True,2,3.5050861e-11,-2.0144639e-12,-0.00014669203,47753.52,47828.0
1.49943,0.46360517,5.0011166,3.287742e-06,True,2,3.5050903e-11,-2.0141899e-12,-0.00014682325,47766.53,47841.0
1.49967,0.46360793,5.0011566,3.287742e-06,True,2,3.5050947e-11,-2.0139202e-12,-0.00014695446,47779.5,47854.0
1.49991,0.46361069,5.0011962,3.287742e-06,True,2,3.5050995e-11,-2.0136617e-12,-0.00014708567,47792.48,47867.0
1.50014,0.46347337,4.9997306,3.2867707e-06,True,2,3.5051764e-11,-2.0117758e-12,-0.00014721696,47805.47,47880.0
1.50038,0.46347086,4.9997225,3.2867707e-06,True,2,3.5051612e-11,-2.0112726e-12,-0.0001473483,47818.47,47893.0
1.50062,0.46346832,4.9997117,3.2867707e-06,True,2,3.5051405e-11,-2.0108165e-12,-0.00014747964,47831.46,47906.0
1.50085,0.46346575,4.9996988,3.2867707e-06,True,2,3.5051167e-11,-2.0104033e-12,-0.00014761098,47844.45,47919.0
1.50109,0.46346317,4.9996841,3.2867707e-06,True,2,3.505092e-11,-2.0100158e-12,-0.00014774233,47857.41,47932.0
1.50133,0.46346059,4.9996677,3.2867707e-06,True,2,3.5050676e-11,-2.0096244e-12,-0.00014787368,47870.38,47945.0
1.50156,0.463458,4.9996499,3.2867707e-06,True,2,3.5050446e-11,-2.0092231e-12,-0.00014800503,47883.41,47958.0
1.5018,0.46345541,4.9996307,3.2867707e-06,True,2,3.5050199e-11,-2.0088507e-12,-0.00014813638,47896.42,47971.0
1.50204,0.46345281,4.9996102,3.2867707e-06,True,2,3.5049961e-11,-2.0085269e-12,-0.00014826774,47909.39,47984.0
1.50227,0.46345019,4.9995888,3.2867707e-06,True,2,3.5049724e-11,-2.0082305e-12,-0.0001483991,47922.36,47997.0
1.50251,0.46344756,4.9995663,3.2867707e-06,True,2,3.504949e-11,-2.0079415e-12,-0.00014853046,47935.33,48010.0
1.50275,0.46344492,4.999543,3.2867707e-06,True,2,3.5049265e-11,-2.0076633e-12,-0.00014866182,47948.3,48023.0
1.50298,0.46344226,4.9995188,3.2867707e-06,True,2,3.5049032e-11,-2.0074047e-12,-0.00014879319,47961.29,48036.0
1.50322,0.46352924,5.0004608,3.2874065e-06,True,2,3.5062851e-11,-2.008011e-12,-0.00014892457,47974.34,48049.0
1.50346,0.46352658,5.0004349,3.2874065e-06,True,2,3.506265e-11,-2.007787e-12,-0.00014905595,47987.34,48062.0
1.50369,0.46352391,5.0004085,3.2874065e-06,True,2,3.5062443e-11,-2.0075951e-12,-0.00014918734,48000.33,48075.0
1.50393,0.46352123,5.0003816,3.2874065e-06,True,2,3.5062244e-11,-2.0074314e-12,-0.00014931873,48013.38,48088.0
1.50417,0.46351855,5.0003543,3.2874065e-06,True,2,3.506205e-11,-2.0072904e-12,-0.00014945012,48026.46,48101.0
1.5044,0.46351587,5.0003264,3.2874065e-06,True,2,3.5061856e-11,-2.0071623e-12,-0.00014958152,48039.62,48114.0
1.50464,0.46351318,5.0002982,3.2874065e-06,True,2,3.5061671e-11,-2.0070419e-12,-0.00014971291,48052.76,48127.0
1.50488,0.46351049,5.0002695,3.2874065e-06,True,2,3.5061487e-11,-2.0069345e-12,-0.00014984431,48065.93,48141.0
1.50511,0.46350533,5.0002188,3.2874065e-06,True,2,3.5083454e-11,-2.0065494e-12,-0.00014997579,48079.1,48154.0
1.50535,0.46349738,5.0001422,3.2874065e-06,True,2,3.508314e-11,-2.0061506e-12,-0.00015010734,48092.27,48167.0
1.50559,0.46348939,5.000063,3.2874065e-06,True,2,3.5082717e-11,-2.0058344e-12,-0.00015023891,48105.39,48180.0
1.50582,0.46348137,4.9999818,3.2874065e-06,True,2,3.5082253e-11,-2.0055683e-12,-0.00015037048,48118.43,48193.0
1.50606,0.46347334,4.9998987,3.2874065e-06,True,2,3.5081774e-11,-2.0053346e-12,-0.00015050205,48131.51,48206.0
1.5063,0.46346531,4.9998141,3.2874065e-06,True,2,3.5081307e-11,-2.0050995e-12,-0.00015063363,48144.67,48219.0
1.50653,0.46345727,4.9997279,3.2874065e-06,True,2,3.5080838e-11,-2.0048542e-12,-0.00015076522,48157.83,48233.0
1.50677,0.46344923,4.9996404,3.2874065e-06,True,2,3.5080372e-11,-2.0046321e-12,-0.00015089682,48170.95,48246.0
1.50701,0.46344118,4.9995517,3.2874065e-06,True,2,3.5079901e-11,-2.0044579e-12,-0.00015102842,48184.13,48259.0
1.50724,0.46343311,4.9994619,3.2874065e-06,True,2,3.5079432e-11,-2.0043128e-12,-0.00015116002,48197.2,48272.0
1.50748,0.46342503,4.9993712,3.2874065e-06,True,2,3.5078968e-11,-2.0041742e-12,-0.00015129163,48210.46,48285.0
1.50772,0.46353946,5.0006012,3.2882757e-06,True,2,3.5097695e-11,-2.0052101e-12,-0.00015142326,48223.71,48299.0
1.50796,0.46353135,5.0005083,3.2882757e-06,True,2,3.5097274e-11,-2.005073e-12,-0.00015155491,48236.99,48312.0
1.50819,0.46352323,5.0004148,3.2882757e-06,True,2,3.5096825e-11,-2.0049818e-12,-0.00015168656,48250.21,48325.0
1.50843,0.46351511,5.0003207,3.2882757e-06,True,2,3.5096382e-11,-2.0049174e-12,-0.00015181821,48263.28,48338.0
1.50867,0.46350699,5.000226,3.2882757e-06,True,2,3.5095944e-11,-2.0048831e-12,-0.00015194987,48276.35,48351.0
1.5089,0.46349886,5.0001308,3.2882757e-06,True,2,3.5095512e-11,-2.0048757e-12,-0.00015208154,48289.45,48364.0
1.50914,0.46349072,5.0000351,3.2882757e-06,True,2,3.5095085e-11,-2.0048945e-12,-0.00015221321,48302.64,48378.0
1.50938,0.46348258,4.9999389,3.2882757e-06,True,2,3.5094672e-11,-2.00493e-12,-0.00015234489,48315.67,48391.0
1.50961,0.46347443,4.9998424,3.2882757e-06,True,2,3.5094252e-11,-2.0049765e-12,-0.00015247657,48328.71,48404.0
1.50985,0.46346628,4.9997454,3.2882757e-06,True,2,3.5093839e-11,-2.005036e-12,-0.00015260826,48341.76,48417.0
1.51009,0.4634563,4.999632,3.2882757e-06,True,2,3.5115575e-11,-2.0048613e-12,-0.00015274002,48354.81,48430.0
1.51032,0.46344289,4.9994874,3.2882757e-06,True,2,3.5115053e-11,-2.0046206e-12,-0.00015287187,48367.91,48443.0
1.51056,0.46342945,4.9993402,3.2882757e-06,True,2,3.5114397e-11,-2.0044742e-12,-0.00015300373,48380.98,48456.0
1.5108,0.46341597,4.9991909,3.2882757e-06,True,2,3.5113704e-11,-2.0043784e-12,-0.00015313561,48393.98,48469.0
1.51103,0.46357093,5.0008569,3.289471e-06,True,2,3.5139328e-11,-2.0059914e-12,-0.0001532675,48406.99,48482.0
1.51127,0.46355743,5.0007034,3.289471e-06,True,2,3.5138734e-11,-2.0058349e-12,-0.00015339942,48420.05,48495.0
1.51151,0.46354393,5.0005484,3.289471e-06,True,2,3.5138032e-11,-2.0057532e-12,-0.00015353136,48433.11,48508.0
1.51174,0.46353043,5.0003923,3.289471e-06,True,2,3.513733e-11,-2.0056926e-12,-0.0001536633,48446.18,48521.0
1.51198,0.46351691,5.000235,3.289471e-06,True,2,3.5136617e-11,-2.0056843e-12,-0.00015379525,48459.35,48535.0
1.51222,0.46350338,5.0000766,3.289471e-06,True,2,3.5135909e-11,-2.0057068e-12,-0.00015392722,48472.39,48548.0
1.51245,0.46348984,4.9999173,3.289471e-06,True,2,3.5135202e-11,-2.0057405e-12,-0.00015405919,48485.43,48561.0
1.51269,0.46347628,4.9997572,3.289471e-06,True,2,3.5134507e-11,-2.0057857e-12,-0.00015419117,48498.42,48574.0
1.51293,0.46346271,4.9995962,3.289471e-06,True,2,3.5133811e-11,-2.0058514e-12,-0.00015432316,48511.54,48587.0
1.51316,0.46344913,4.9994346,3.289471e-06,True,2,3.5133119e-11,-2.0059404e-12,-0.00015445516,48524.57,48600.0
1.5134,0.46343554,4.9992723,3.289471e-06,True,2,3.5132447e-11,-2.006048e-12,-0.00015458716,48537.63,48613.0
1.51364,0.46342195,4.9991095,3.289471e-06,True,2,3.5131782e-11,-2.0061823e-12,-0.00015471918,48550.7,48626.0
1.51388,0.46340835,4.9989461,3.289471e-06,True,2,3.5131121e-11,-2.0063459e-12,-0.0001548512,48563.74,48639.0
1.51411,0.46339475,4.9987822,3.289471e-06,True,2,3.5130474e-11,-2.0065365e-12,-0.00015498324,48576.76,48652.0
1.51435,0.46338115,4.9986178,3.289471e-06,True,2,3.5129829e-11,-2.0067457e-12,-0.00015511528,48589.79,48665.0
1.51459,0.4636455,5.0014517,3.2914443e-06,True,2,3.5172651e-11,-2.0097458e-12,-0.00015524735,48602.87,48678.0
1.51482,0.46363187,5.001285,3.2914443e-06,True,2,3.5172232e-11,-2.0097991e-12,-0.00015537946,48615.89,48691.0
1.51506,0.46361699,5.0011073,3.2914443e-06,True,2,3.51938e-11,-2.0098153e-12,-0.00015551163,48628.94,48704.0
1.5153,0.46359811,5.0008938,3.2914443e-06,True,2,3.5193095e-11,-2.0097065e-12,-0.00015564391,48641.99,48717.0
1.51553,0.46357918,5.0006778,3.2914443e-06,True,2,3.5192238e-11,-2.0097026e-12,-0.00015577621,48655.04,48731.0
1.51577,0.46356023,5.0004596,3.2914443e-06,True,2,3.5191323e-11,-2.0097483e-12,-0.00015590852,48668.1,48744.0
1.51601,0.46354126,5.0002397,3.2914443e-06,True,2,3.5190389e-11,-2.0098327e-12,-0.00015604084,48681.19,48757.0
1.51624,0.46352229,5.0000182,3.2914443e-06,True,2,3.518946e-11,-2.009924e-12,-0.00015617318,48694.21,48770.0
1.51648,0.46350332,4.9997951,3.2914443e-06,True,2,3.5188545e-11,-2.01e-12,-0.00015630553,48707.25,48783.0
1.51672,0.46348434,4.9995707,3.2914443e-06,True,2,3.5187632e-11,-2.010087e-12,-0.00015643789,48720.28,48796.0
1.51696,0.46346534,4.9993451,3.2914443e-06,True,2,3.5186706e-11,-2.010218e-12,-0.00015657027,48733.38,48809.0
1.51719,0.46344633,4.9991184,3.2914443e-06,True,2,3.5185788e-11,-2.0103814e-12,-0.00015670266,48746.4,48822.0
1.51743,0.46342731,4.9988908,3.2914443e-06,True,2,3.5184877e-11,-2.0105518e-12,-0.00015683506,48759.43,48835.0
1.51767,0.46340827,4.9986623,3.2914443e-06,True,2,3.5183964e-11,-2.0107307e-12,-0.00015696748,48772.55,48848.0
1.5179,0.46338922,4.9984331,3.2914443e-06,True,2,3.5183057e-11,-2.0109283e-12,-0.0001570999,48785.58,48861.0
1.51814,0.46337017,4.9982031,3.2914443e-06,True,2,3.5182154e-11,-2.0111523e-12,-0.00015723234,48798.63,48874.0
1.51838,0.46335111,4.9979725,3.2914443e-06,True,2,3.5181258e-11,-2.0114032e-12,-0.00015736479,48811.66,48887.0
1.51861,0.46333204,4.9977413,3.2914443e-06,True,2,3.518037e-11,-2.0116816e-12,-0.00015749726,48824.74,48901.0
1.51885,0.46331297,4.9975096,3.2914443e-06,True,2,3.5179494e-11,-2.0119886e-12,-0.00015762974,48837.8,48914.0
1.51909,0.4632939,4.9972773,3.2914443e-06,True,2,3.5178621e-11,-2.0123217e-12,-0.00015776222,48850.85,48927.0
1.51933,0.46327481,4.9970446,3.2914443e-06,True,2,3.5177752e-11,-2.01267e-12,-0.00015789472,48863.92,48940.0
1.51956,0.46325573,4.9968115,3.2914443e-06,True,2,3.5176887e-11,-2.0130245e-12,-0.00015802724,48876.99,48953.0
1.5198,0.46323664,4.9965779,3.2914443e-06,True,2,3.5176027e-11,-2.0133859e-12,-0.00015815976,48890.11,48966.0
1.52004,0.46354941,4.9999256,3.2938076e-06,True,2,3.5249334e-11,-2.0169583e-12,-0.00015829234,48903.18,48979.0
1.52027,0.46352504,4.9996427,3.2938076e-06,True,2,3.5248796e-11,-2.0167305e-12,-0.00015842511,48916.18,48992.0
1.52051,0.46357822,5.0001946,3.2943591e-06,True,2,3.5259934e-11,-2.0175506e-12,-0.0001585579,48929.24,49005.0
1.52075,0.46355378,4.9999073,3.2943591e-06,True,2,3.5258813e-11,-2.0176692e-12,-0.00015869072,48942.28,49018.0
1.52098,0.46352931,4.9996185,3.2943591e-06,True,2,3.5257637e-11,-2.0178376e-12,-0.00015882355,48955.34,49031.0
1.52122,0.46358534,5.0001961,3.2949312e-06,True,2,3.526913e-11,-2.0187763e-12,-0.00015895641,48968.38,49044.0
1.52146,0.46356087,4.9999039,3.2949312e-06,True,2,3.526798e-11,-2.0189123e-12,-0.00015908929,48981.41,49057.0
1.5217,0.4635364,4.9996103,3.2949312e-06,True,2,3.5266814e-11,-2.0190722e-12,-0.00015922218,48994.42,49070.0
1.52193,0.4635956,5.000218,3.2955261e-06,True,2,3.5278829e-11,-2.0200838e-12,-0.00015935511,49007.45,49084.0
1.52217,0.46357109,4.9999219,3.2955261e-06,True,2,3.527768e-11,-2.0203166e-12,-0.00015948805,49020.52,49097.0
1.52241,0.46354656,4.9996249,3.2955261e-06,True,2,3.5276525e-11,-2.0205674e-12,-0.00015962101,49033.5,49110.0
1.52265,0.46360924,5.0002677,3.2961462e-06,True,2,3.52891e-11,-2.0216657e-12,-0.000159754,49046.52,49123.0
1.52288,0.46358468,4.9999688,3.2961462e-06,True,2,3.5287967e-11,-2.0219159e-12,-0.00015988701,49059.59,49136.0
1.52312,0.46356011,4.9996692,3.2961462e-06,True,2,3.5286818e-11,-2.0221969e-12,-0.00016002003,49072.78,49149.0
1.52336,0.46362675,5.0003528,3.2967948e-06,True,2,3.5300019e-11,-2.0233946e-12,-0.00016015308,49085.9,49162.0
1.5236,0.46360216,5.0000517,3.2967948e-06,True,2,3.5298922e-11,-2.0236911e-12,-0.00016028615,49099.04,49175.0
1.52383,0.46357757,4.9997501,3.2967948e-06,True,2,3.5297792e-11,-2.0240372e-12,-0.00016041924,49112.06,49188.0
1.52407,0.46364875,5.0004813,3.297476e-06,True,2,3.5311666e-11,-2.0253756e-12,-0.00016055235,49125.25,49201.0
1.52431,0.46362414,5.0001783,3.297476e-06,True,2,3.5310653e-11,-2.0256999e-12,-0.00016068548,49138.42,49215.0
1.52454,0.46359953,4.9998752,3.297476e-06,True,2,3.530954e-11,-2.0260726e-12,-0.00016081864,49151.65,49228.0
1.52478,0.46357491,4.9995717,3.297476e-06,True,2,3.5308426e-11,-2.0264502e-12,-0.00016095181,49164.71,49241.0
1.52502,0.46365098,5.0003545,3.2981949e-06,True,2,3.5345555e-11,-2.0276819e-12,-0.00016108502,49177.79,49254.0
1.52526,0.46362108,5.0000034,3.2981949e-06,True,2,3.5344365e-11,-2.027654e-12,-0.0001612184,49190.84,49267.0
1.52549,0.46359115,4.9996499,3.2981949e-06,True,2,3.5343034e-11,-2.0277814e-12,-0.00016135179,49203.98,49280.0
1.52573,0.46366769,5.0004429,3.2989527e-06,True,2,3.5358399e-11,-2.0290261e-12,-0.00016148521,49217.01,49293.0
1.52597,0.4636377,5.0000849,3.2989527e-06,True,2,3.5357044e-11,-2.0291676e-12,-0.00016161867,49230.08,49306.0
1.52621,0.46360769,4.9997253,3.2989527e-06,True,2,3.5355623e-11,-2.0293504e-12,-0.00016175214,49243.16,49320.0
1.52644,0.46369038,5.0005799,3.2997546e-06,True,2,3.5371991e-11,-2.030544e-12,-0.00016188564,49256.16,49333.0
1.52668,0.46366036,5.0002167,3.2997546e-06,True,2,3.5370592e-11,-2.0307508e-12,-0.00016201917,49269.16,49346.0
1.52692,0.46363033,4.9998526,3.2997546e-06,True,2,3.536918e-11,-2.0309523e-12,-0.00016215273,49282.22,49359.0
1.52716,0.46360028,4.9994876,3.2997546e-06,True,2,3.5367764e-11,-2.0312096e-12,-0.0001622863,49295.26,49372.0
1.52739,0.46369016,5.0004149,3.3006084e-06,True,2,3.5385276e-11,-2.0326515e-12,-0.00016241991,49308.32,49385.0
1.52763,0.46366007,5.0000475,3.3006084e-06,True,2,3.5383902e-11,-2.0329015e-12,-0.00016255355,49321.31,49398.0
1.52787,0.46362998,4.9996795,3.3006084e-06,True,2,3.53825e-11,-2.0331823e-12,-0.0001626872,49334.32,49411.0
1.52811,0.46359987,4.9993108,3.3006084e-06,True,2,3.5381103e-11,-2.0334845e-12,-0.00016282088,49347.34,49424.0
1.52835,0.46369845,5.000329,3.3015247e-06,True,2,3.5400046e-11,-2.0350467e-12,-0.0001629546,49360.45,49437.0
1.52858,0.46366832,4.9999585,3.3015247e-06,True,2,3.5398674e-11,-2.0353797e-12,-0.00016308833,49373.49,49450.0
1.52882,0.46363818,4.9995877,3.3015247e-06,True,2,3.5397291e-11,-2.0357454e-12,-0.00016322209,49386.5,49463.0
1.52906,0.46374772,5.0007232,3.3025194e-06,True,2,3.5417976e-11,-2.0374236e-12,-0.00016335587,49399.6,49476.0
1.5293,0.46371756,5.0003505,3.3025194e-06,True,2,3.5416627e-11,-2.0378763e-12,-0.00016348969,49412.68,49489.0
1.52953,0.46368739,4.9999778,3.3025194e-06,True,2,3.5415264e-11,-2.0382607e-12,-0.00016362353,49425.75,49502.0
1.52977,0.46365722,4.9996049,3.3025194e-06,True,2,3.5413897e-11,-2.0386556e-12,-0.00016375739,49438.91,49516.0
1.53001,0.4636269,4.9992304,3.3025194e-06,True,2,3.5435836e-11,-2.0383974e-12,-0.00016389129,49451.96,49529.0
1.53025,0.46374525,5.0004685,3.3036152e-06,True,2,3.5457788e-11,-2.040471e-12,-0.00016402536,49465.0,49542.0
1.53049,0.46370975,5.0000452,3.3036152e-06,True,2,3.5456731e-11,-2.0417727e-12,-0.00016415947,49478.01,49555.0
1.53072,0.46367422,4.9996198,3.3036152e-06,True,2,3.5454555e-11,-2.0407043e-12,-0.0001642936,49491.09,49568.0
1.53096,0.46363866,4.9991927,3.3036152e-06,True,2,3.5452802e-11,-2.0405651e-12,-0.00016442775,49504.11,49581.0
1.5312,0.46377371,5.0006033,3.3048311e-06,True,2,3.5478035e-11,-2.0420855e-12,-0.00016456195,49517.16,49594.0
1.53144,0.46373813,5.0001722,3.3048311e-06,True,2,3.5476327e-11,-2.0419325e-12,-0.00016469618,49530.21,49607.0
1.53168,0.46370253,4.9997398,3.3048311e-06,True,2,3.5474581e-11,-2.0418071e-12,-0.00016483043,49543.28,49620.0
1.53191,0.46366693,4.9993064,3.3048311e-06,True,2,3.5472829e-11,-2.0417271e-12,-0.0001649647,49556.39,49633.0
1.53215,0.46382545,5.0009655,3.306215e-06,True,2,3.5501643e-11,-2.0436726e-12,-0.000165099,49569.45,49646.0
1.53239,0.46378979,5.0005288,3.306215e-06,True,2,3.5493238e-11,-2.043939e-12,-0.00016523335,49582.49,49659.0
1.53263,0.46375411,5.0000916,3.306215e-06,True,2,3.5486287e-11,-2.0442106e-12,-0.00016536773,49595.54,49673.0
1.53287,0.46371842,4.9996538,3.306215e-06,True,2,3.5480266e-11,-2.0444153e-12,-0.00016550212,49608.57,49686.0
1.5331,0.46368272,4.9992154,3.306215e-06,True,2,3.5474866e-11,-2.0445759e-12,-0.00016563654,49621.58,49699.0
1.53334,0.46364701,4.9987764,3.306215e-06,True,2,3.5469874e-11,-2.0447046e-12,-0.00016577098,49634.6,49712.0
1.53358,0.46384193,5.0008229,3.3078599e-06,True,2,3.5501471e-11,-2.047036e-12,-0.00016590547,49647.65,49725.0
1.53382,0.46380617,5.0003816,3.3078599e-06,True,2,3.5496842e-11,-2.0471145e-12,-0.00016603999,49660.67,49738.0
1.53406,0.4637704,4.9999401,3.3078599e-06,True,2,3.5492182e-11,-2.0471472e-12,-0.00016617453,49673.73,49751.0
1.53429,0.46373461,4.9994983,3.3078599e-06,True,2,3.5487531e-11,-2.0470494e-12,-0.00016630909,49686.72,49764.0
1.53453,0.4636988,4.9990562,3.3078599e-06,True,2,3.5482925e-11,-2.046297e-12,-0.00016644367,49699.78,49777.0
1.53477,0.46366298,4.9986138,3.3078599e-06,True,2,3.5478608e-11,-2.0462347e-12,-0.00016657826,49712.77,49790.0
1.53501,0.46392753,5.0014089,3.3100037e-06,True,2,3.5549248e-11,-2.0495953e-12,-0.00016671291,49725.79,49803.0
1.53525,0.46388644,5.0009175,3.3100037e-06,True,2,3.5535357e-11,-2.0509852e-12,-0.00016684776,49738.82,49816.0
1.53549,0.46384533,5.0004239,3.3100037e-06,True,2,3.5528158e-11,-2.0520204e-12,-0.00016698263,49751.79,49829.0
1.53572,0.46380418,4.9999282,3.3100037e-06,True,2,3.5521728e-11,-2.0527885e-12,-0.00016711754,49764.83,49842.0
1.53596,0.46376302,4.9994309,3.3100037e-06,True,2,3.5515773e-11,-2.0533252e-12,-0.00016725247,49777.92,49855.0
1.5362,0.46372186,4.9989319,3.3100037e-06,True,2,3.5510193e-11,-2.0536693e-12,-0.00016738743,49791.14,49868.0
1.53644,0.46368071,4.9984316,3.3100037e-06,True,2,3.5504975e-11,-2.0538608e-12,-0.00016752242,49804.15,49882.0
1.53668,0.46363955,4.9979299,3.3100037e-06,True,2,3.5500128e-11,-2.053968e-12,-0.00016765743,49817.21,49895.0
1.53692,0.46359837,4.9974269,3.3100037e-06,True,2,3.5495637e-11,-2.0540576e-12,-0.00016779247,49830.26,49908.0
1.53715,0.46406937,5.0024433,3.3136611e-06,True,2,3.5572467e-11,-2.059164e-12,-0.0001679276,49843.27,49921.0
1.53739,0.46402808,5.0019353,3.3136611e-06,True,2,3.5568819e-11,-2.059124e-12,-0.00016806279,49856.48,49934.0
1.53763,0.46398677,5.0014269,3.3136611e-06,True,2,3.5565216e-11,-2.0591357e-12,-0.00016819801,49869.57,49947.0
1.53787,0.46394546,5.0009181,3.3136611e-06,True,2,3.556303e-11,-2.0590505e-12,-0.00016833325,49882.6,49960.0
1.53811,0.46390413,5.0004088,3.3136611e-06,True,2,3.556156e-11,-2.0589309e-12,-0.00016846852,49895.64,49973.0
1.53835,0.46386281,4.9998989,3.3136611e-06,True,2,3.5565285e-11,-2.0584975e-12,-0.00016860381,49908.69,49986.0
1.53859,0.46382148,4.9993886,3.3136611e-06,True,2,3.5569338e-11,-2.0580654e-12,-0.00016873913,49921.73,49999.0
1.53882,0.46378015,4.9988778,3.3136611e-06,True,2,3.5574012e-11,-2.0576189e-12,-0.00016887448,49934.75,50012.0
1.53906,0.4637388,4.9983665,3.3136611e-06,True,2,3.5579831e-11,-2.0571119e-12,-0.00016900984,49947.83,50025.0
1.5393,0.46369745,4.9978549,3.3136611e-06,True,2,3.5587273e-11,-2.056499e-12,-0.00016914524,49960.89,50038.0
1.53954,0.46365609,4.9973429,3.3136611e-06,True,2,3.5596686e-11,-2.0557531e-12,-0.00016928065,49973.9,50052.0
1.53978,0.46361472,4.9968306,3.3136611e-06,True,2,3.5608087e-11,-2.0548769e-12,-0.00016941609,49986.96,50065.0
1.54002,0.46392818,5.0001441,3.3161996e-06,True,2,3.5659747e-11,-2.0728392e-12,-0.00016955158,50000.0,50078.0
1.54026,0.46388146,4.9995812,3.3161996e-06,True,2,3.5665473e-11,-2.0726097e-12,-0.0001696873,50013.07,50091.0
1.54049,0.46391261,4.9998565,3.3167567e-06,True,2,3.5675977e-11,-2.0730388e-12,-0.00016982306,50026.22,50104.0
1.54073,0.46394519,5.0001453,3.3173242e-06,True,2,3.5686291e-11,-2.0735772e-12,-0.00016995887,50039.26,50117.0
1.54097,0.46389835,4.9995766,3.3173242e-06,True,2,3.5683973e-11,-2.0733548e-12,-0.00017009471,50052.29,50130.0
1.54121,0.4639324,4.999878,3.3179028e-06,True,2,3.5694362e-11,-2.0739928e-12,-0.00017023059,50065.33,50143.0
1.54145,0.46396806,5.0001952,3.3184929e-06,True,2,3.5705264e-11,-2.0745676e-12,-0.00017036652,50078.36,50156.0
1.54169,0.46392119,4.9996216,3.3184929e-06,True,2,3.5702958e-11,-2.0743353e-12,-0.00017050248,50091.39,50169.0
1.54193,0.46395852,4.9999542,3.3190954e-06,True,2,3.5714006e-11,-2.0750266e-12,-0.00017063849,50104.36,50182.0
1.54217,0.46399764,5.0003053,3.319711e-06,True,2,3.5712484e-11,-2.0781844e-12,-0.00017077454,50117.37,50195.0
1.54241,0.46395069,4.9997279,3.319711e-06,True,2,3.5689756e-11,-2.0817678e-12,-0.00017091063,50130.37,50208.0
1.54264,0.46399168,5.0000975,3.3203404e-06,True,2,3.5682086e-11,-2.0860595e-12,-0.00017104675,50143.39,50221.0
1.54288,0.46394469,4.9995183,3.3203404e-06,True,2,3.5661894e-11,-2.089186e-12,-0.00017118291,50156.44,50234.0
1.54312,0.46398769,4.9999082,3.3209847e-06,True,2,3.5656903e-11,-2.0930484e-12,-0.00017131911,50169.45,50247.0
1.54336,0.46403288,5.0003212,3.3216448e-06,True,2,3.5654078e-11,-2.0966537e-12,-0.00017145535,50182.42,50260.0
1.5436,0.46398584,4.9997394,3.3216448e-06,True,2,3.5637425e-11,-2.0991253e-12,-0.00017159162,50195.44,50273.0
1.54384,0.46403336,5.0001762,3.3223218e-06,True,2,3.5637128e-11,-2.1023693e-12,-0.00017172794,50208.49,50286.0
1.54408,0.46398629,4.9995932,3.3223218e-06,True,2,3.5622782e-11,-2.1044936e-12,-0.00017186429,50221.53,50300.0
1.54432,0.46403632,5.0000561,3.3230173e-06,True,2,3.5624494e-11,-2.1074918e-12,-0.00017200069,50234.61,50313.0
1.54456,0.46398923,4.999472,3.3230173e-06,True,2,3.5611837e-11,-2.1093146e-12,-0.00017213712,50247.7,50326.0
1.5448,0.46404197,4.9999633,3.3237326e-06,True,2,3.5615239e-11,-2.1120999e-12,-0.0001722736,50260.77,50339.0
1.54504,0.46409699,5.0004804,3.3244695e-06,True,2,3.564194e-11,-2.1147995e-12,-0.00017241015,50273.85,50352.0
1.54528,0.46404454,4.9998474,3.3244695e-06,True,2,3.5623866e-11,-2.1171622e-12,-0.00017254687,50286.88,50365.0
1.54552,0.46409795,5.0003531,3.3252284e-06,True,2,3.5628144e-11,-2.1197607e-12,-0.00017268364,50299.94,50378.0
1.54575,0.4640454,4.9997149,3.3252284e-06,True,2,3.5620755e-11,-2.1203349e-12,-0.00017282045,50312.98,50391.0
1.54599,0.46410202,5.0002515,3.326011e-06,True,2,3.5631282e-11,-2.1219767e-12,-0.00017295731,50326.1,50404.0
1.54623,0.46404943,4.9996095,3.326011e-06,True,2,3.5630164e-11,-2.1214803e-12,-0.00017309422,50339.17,50417.0
1.54647,0.4641096,5.0001811,3.3268194e-06,True,2,3.5646774e-11,-2.122152e-12,-0.00017323118,50352.27,50430.0
1.54671,0.46405697,4.9995358,3.3268194e-06,True,2,3.5645209e-11,-2.1217293e-12,-0.00017336818,50365.33,50444.0
1.54695,0.46412105,5.0001468,3.3276564e-06,True,2,3.5661989e-11,-2.1224753e-12,-0.00017350524,50378.47,50457.0
1.54719,0.46406837,4.9994988,3.3276564e-06,True,2,3.5660149e-11,-2.1219968e-12,-0.00017364235,50391.5,50470.0
1.54743,0.46413675,5.0001542,3.3285247e-06,True,2,3.5677509e-11,-2.1227509e-12,-0.00017377951,50404.57,50483.0
1.54767,0.46408401,4.999504,3.3285247e-06,True,2,3.5675569e-11,-2.1223038e-12,-0.00017391671,50417.65,50496.0
1.54791,0.46415724,5.0002102,3.3294285e-06,True,2,3.5693577e-11,-2.1231282e-12,-0.00017405397,50430.66,50509.0
1.54815,0.46410445,4.999558,3.3294285e-06,True,2,3.5697985e-11,-2.1215394e-12,-0.00017419128,50443.79,50522.0
1.54839,0.46418314,5.0003215,3.3303719e-06,True,2,3.5743988e-11,-2.1175949e-12,-0.00017432861,50456.88,50535.0
1.54863,0.4641303,4.9996675,3.3303719e-06,True,2,3.5773532e-11,-2.1115265e-12,-0.00017446597,50469.92,50548.0
1.54887,0.4642152,5.000497,3.3313605e-06,True,2,3.5830354e-11,-2.1058852e-12,-0.00017460335,50482.98,50561.0
1.54911,0.46416232,4.9998416,3.3313605e-06,True,2,3.5877677e-11,-2.0964801e-12,-0.00017474077,50496.02,50574.0
1.54935,0.46425448,5.0007488,3.3324015e-06,True,2,3.5942151e-11,-2.0892464e-12,-0.00017487821,50509.13,50588.0
1.54959,0.46420157,5.0000919,3.3324015e-06,True,2,3.595235e-11,-2.0870092e-12,-0.00017501572,50522.16,50601.0
1.54983,0.46414866,4.9994353,3.3324015e-06,True,2,3.5950306e-11,-2.0866565e-12,-0.00017515327,50535.22,50614.0
1.55007,0.46424779,5.000419,3.3335039e-06,True,2,3.5994758e-11,-2.0876066e-12,-0.00017529093,50548.36,50627.0
1.55031,0.46418951,4.9997137,3.3335039e-06,True,2,3.5992027e-11,-2.0869528e-12,-0.00017542873,50561.46,50640.0
1.55055,0.46429427,5.0007627,3.3346752e-06,True,2,3.6015062e-11,-2.0881585e-12,-0.00017556657,50574.52,50653.0
1.55079,0.46423588,5.0000517,3.3346752e-06,True,2,3.6012275e-11,-2.087576e-12,-0.00017570448,50587.58,50666.0
1.55103,0.46417747,4.9993394,3.3346752e-06,True,2,3.6009294e-11,-2.0871649e-12,-0.00017584242,50600.59,50679.0
1.55127,0.46429346,5.0005038,3.3359283e-06,True,2,3.6034217e-11,-2.0885067e-12,-0.00017598042,50613.63,50692.0
1.55151,0.464235,4.9997876,3.3359283e-06,True,2,3.6031295e-11,-2.0880935e-12,-0.00017611847,50626.66,50705.0
1.55175,0.46417654,4.9990702,3.3359283e-06,True,2,3.6028306e-11,-2.0877243e-12,-0.00017625656,50639.75,50718.0
1.55199,0.4643064,5.0003798,3.3372822e-06,True,2,3.6055501e-11,-2.0892676e-12,-0.00017639472,50652.8,50731.0
1.55223,0.46424786,4.9996593,3.3372822e-06,True,2,3.6052527e-11,-2.0889926e-12,-0.00017653291,50665.85,50745.0
1.55247,0.46418931,4.9989383,3.3372822e-06,True,2,3.6049535e-11,-2.0887387e-12,-0.00017667114,50678.91,50758.0
1.55271,0.46433691,5.0004361,3.3387648e-06,True,2,3.6079604e-11,-2.0905204e-12,-0.00017680944,50692.01,50771.0
1.55295,0.46427827,4.9997124,3.3387648e-06,True,2,3.6076626e-11,-2.0902761e-12,-0.00017694779,50705.04,50784.0
1.55319,0.46421964,4.9989883,3.3387648e-06,True,2,3.6073632e-11,-2.089995e-12,-0.00017708616,50718.05,50797.0
1.55343,0.46439121,5.0007424,3.3404209e-06,True,2,3.6107564e-11,-2.0920746e-12,-0.0001772246,50731.08,50810.0
1.55367,0.4643325,5.0000159,3.3404209e-06,True,2,3.6104641e-11,-2.0918502e-12,-0.0001773631,50744.15,50823.0
1.55391,0.46427379,4.9992892,3.3404209e-06,True,2,3.6101649e-11,-2.0916589e-12,-0.00017750162,50757.17,50836.0
1.55415,0.46448019,5.0014174,3.3423286e-06,True,2,3.6135057e-11,-2.1089024e-12,-0.00017764019,50770.2,50849.0
1.55439,0.4644214,5.0006882,3.3423286e-06,True,2,3.6138305e-11,-2.0939708e-12,-0.00017777884,50783.21,50862.0
1.55464,0.46436262,4.9999589,3.3423286e-06,True,2,3.6135386e-11,-2.093826e-12,-0.00017791753,50796.23,50875.0
1.55488,0.46430382,4.9992297,3.3423286e-06,True,2,3.6132457e-11,-2.0936915e-12,-0.00017805625,50809.31,50888.0
1.55512,0.46424251,4.9984783,3.3423286e-06,True,2,3.6152175e-11,-2.0931755e-12,-0.00017819509,50822.37,50901.0
1.55536,0.46450045,5.0011681,3.3446481e-06,True,2,3.6200859e-11,-2.0959962e-12,-0.00017833409,50835.38,50914.0
1.5556,0.46443617,5.0003858,3.3446481e-06,True,2,3.6197742e-11,-2.0956774e-12,-0.00017847315,50848.38,50927.0
1.55584,0.46437187,4.9996018,3.3446481e-06,True,2,3.6194512e-11,-2.0954547e-12,-0.00017861225,50861.39,50940.0
1.55608,0.46430755,4.9988165,3.3446481e-06,True,2,3.619127e-11,-2.0952893e-12,-0.00017875139,50874.45,50953.0
1.55632,0.46424322,4.9980298,3.3446481e-06,True,2,3.6188033e-11,-2.0951654e-12,-0.00017889057,50887.52,50967.0
1.55656,0.46461471,5.0019331,3.3477886e-06,True,2,3.6254809e-11,-2.099433e-12,-0.00017902983,50900.56,50980.0
1.5568,0.46455026,5.0011406,3.3477886e-06,True,2,3.6251733e-11,-2.0992875e-12,-0.00017916918,50913.59,50993.0
1.55704,0.46448579,5.0003475,3.3477886e-06,True,2,3.6248457e-11,-2.0993231e-12,-0.00017930857,50926.64,51006.0
1.55728,0.4644213,4.9995537,3.3477886e-06,True,2,3.6245208e-11,-2.0994454e-12,-0.00017944799,50939.63,51019.0
1.55753,0.46435679,4.9987593,3.3477886e-06,True,2,3.6241944e-11,-2.0997078e-12,-0.00017958746,50952.65,51032.0
1.55777,0.46429226,4.9979643,3.3477886e-06,True,2,3.6238669e-11,-2.1000605e-12,-0.00017972696,50965.65,51045.0
1.55801,0.46422771,4.9971687,3.3477886e-06,True,2,3.6235409e-11,-2.1007054e-12,-0.0001798665,50978.64,51058.0
1.55825,0.46416313,4.9963725,3.3477886e-06,True,2,3.6232132e-11,-2.1017695e-12,-0.00018000608,50991.66,51071.0
1.55849,0.46409849,4.9955759,3.3477886e-06,True,2,3.6228876e-11,-2.1039414e-12,-0.0001801457,51004.63,51084.0
1.55873,0.46403374,4.9947788,3.3477886e-06,True,2,3.6226744e-11,-2.109594e-12,-0.00018028535,51017.67,51097.0
1.55897,0.46397292,4.9939813,3.3477886e-06,True,2,3.6248894e-11,-2.1194426e-12,-0.00018042521,51030.76,51110.0
1.55921,0.4639072,4.9931835,3.3477886e-06,True,2,3.6250036e-11,-2.1091249e-12,-0.00018056569,51043.82,51123.0
1.55945,0.46384226,4.9923854,3.3477886e-06,True,2,3.6237168e-11,-2.0532378e-12,-0.00018070633,51056.87,51136.0
1.5597,0.46377775,4.9915869,3.3477886e-06,True,2,3.6227718e-11,-2.0300418e-12,-0.00018084696,51069.91,51149.0
1.55994,0.46371337,4.9907883,3.3477886e-06,True,2,3.6222121e-11,-2.0248569e-12,-0.00018098757,51082.94,51162.0
1.56018,0.46458597,5.0000772,3.3545813e-06,True,2,3.6391276e-11,-2.0256819e-12,-0.00018112844,51095.97,51175.0
1.56042,0.46459544,5.0000742,3.3551531e-06,True,2,3.6399332e-11,-2.0211201e-12,-0.00018126944,51108.99,51188.0
1.56066,0.46460586,5.00008,3.3557323e-06,True,2,3.6407367e-11,-2.0187514e-12,-0.00018141049,51122.04,51201.0
1.5609,0.4646173,5.000095,3.3563191e-06,True,2,3.6415306e-11,-2.0170285e-12,-0.00018155156,51135.07,51215.0
1.56114,0.46462982,5.0001197,3.3569137e-06,True,2,3.6424093e-11,-2.0143127e-12,-0.00018169268,51148.09,51228.0
1.56139,0.46464375,5.0001546,3.3575164e-06,True,2,3.6436642e-11,-2.0229722e-12,-0.00018183394,51161.11,51241.0
1.56163,0.4646578,5.0002002,3.3581277e-06,True,2,3.6434379e-11,-2.0812558e-12,-0.00018197477,51174.29,51254.0
1.56187,0.46467163,5.0002574,3.3587478e-06,True,2,3.6447855e-11,-2.0751433e-12,-0.00018211577,51187.3,51267.0
1.56211,0.46468794,5.0003268,3.3593772e-06,True,2,3.6451384e-11,-2.0611563e-12,-0.00018225663,51200.3,51280.0
1.56235,0.46470522,5.000409,3.3600161e-06,True,2,3.6463855e-11,-2.075958e-12,-0.00018239743,51213.29,51293.0
1.5626,0.46463402,4.9995388,3.3600161e-06,True,2,3.6462085e-11,-2.0797057e-12,-0.00018253832,51226.31,51306.0
1.56284,0.46465276,4.9996333,3.360665e-06,True,2,3.6473226e-11,-2.0879856e-12,-0.00018267924,51239.31,51319.0
1.56308,0.46467307,4.9997424,3.3613244e-06,True,2,3.6486274e-11,-2.0946172e-12,-0.00018282022,51252.33,51332.0
1.56332,0.46469495,4.9998666,3.3619948e-06,True,2,3.649735e-11,-2.0968882e-12,-0.00018296126,51265.39,51345.0
1.56356,0.46471835,5.0000069,3.3626768e-06,True,2,3.6509075e-11,-2.0986608e-12,-0.00018310236,51278.42,51358.0
1.56381,0.46474344,5.0001644,3.363371e-06,True,2,3.65212e-11,-2.101293e-12,-0.00018324351,51291.46,51371.0
1.56405,0.46477024,5.0003399,3.3640779e-06,True,2,3.653356e-11,-2.1040286e-12,-0.00018338471,51304.48,51384.0
1.56429,0.46469935,4.9994636,3.3647982e-06,True,2,3.6545288e-11,-2.1082912e-12,-0.00018352598,51317.47,51397.0
1.56453,0.4647279,4.9996573,3.3647982e-06,True,2,3.6543085e-11,-2.1108645e-12,-0.0001836673,51330.5,51410.0
1.56477,0.46475827,4.9998713,3.3655329e-06,True,2,3.655726e-11,-2.1195491e-12,-0.00018380869,51343.53,51423.0
1.56502,0.46479398,5.0001044,3.3662828e-06,True,2,3.6617702e-11,-2.1337612e-12,-0.00018395039,51356.58,51436.0
1.56526,0.46482231,5.0003149,3.3670482e-06,True,2,3.6636039e-11,-2.1145311e-12,-0.00018409285,51369.64,51449.0
1.5655,0.46485367,5.0005464,3.3678298e-06,True,2,3.6638905e-11,-2.0657431e-12,-0.00018423545,51382.7,51463.0
1.56574,0.46477728,4.999614,3.3678298e-06,True,2,3.6631064e-11,-2.041987e-12,-0.00018437807,51395.79,51476.0
1.56599,0.46481118,4.9998653,3.3686284e-06,True,2,3.6643245e-11,-2.0377126e-12,-0.00018452071,51408.87,51489.0
1.56623,0.46484761,5.0001417,3.3694454e-06,True,2,3.6655765e-11,-2.0316492e-12,-0.00018466339,51422.0,51502.0
1.56647,0.46488686,5.000445,3.3702819e-06,True,2,3.6669696e-11,-2.0297154e-12,-0.00018480612,51435.16,51515.0
1.56671,0.46481063,4.999505,3.3702819e-06,True,2,3.6665455e-11,-2.0312585e-12,-0.00018494891,51448.3,51528.0
1.56696,0.46485257,4.9998353,3.3711393e-06,True,2,3.6679469e-11,-2.0272212e-12,-0.00018509175,51461.42,51541.0
1.5672,0.46489759,5.0001974,3.3720193e-06,True,2,3.6693925e-11,-2.0235855e-12,-0.00018523464,51474.79,51555.0
1.56744,0.46494592,5.0005944,3.3729235e-06,True,2,3.6708897e-11,-2.0202463e-12,-0.00018537758,51487.91,51568.0
1.56769,0.46486959,4.9996485,3.3729235e-06,True,2,3.6703915e-11,-2.0177011e-12,-0.00018552058,51500.98,51581.0
1.56793,0.46492149,5.0000812,3.373854e-06,True,2,3.6719787e-11,-2.0172319e-12,-0.00018566362,51514.03,51594.0
1.56817,0.4649773,5.0005554,3.3748133e-06,True,2,3.6737264e-11,-2.0176433e-12,-0.00018580672,51527.03,51607.0
1.56841,0.46490092,4.9996066,3.3748133e-06,True,2,3.6735541e-11,-2.0230899e-12,-0.00018594993,51540.11,51620.0
1.56866,0.4649617,5.0001244,3.3758039e-06,True,2,3.671823e-11,-1.9901319e-12,-0.00018609297,51553.15,51633.0
1.5689,0.46502359,5.0006928,3.376829e-06,True,2,3.676486e-11,-2.0948664e-12,-0.00018623589,51566.17,51646.0
1.56914,0.46494603,4.9997412,3.376829e-06,True,2,3.6755616e-11,-2.0687264e-12,-0.00018637882,51579.21,51659.0
1.56939,0.46501488,5.000364,3.3778926e-06,True,2,3.6774425e-11,-2.0833504e-12,-0.00018652164,51592.32,51673.0
1.56963,0.46493708,4.9994115,3.3778926e-06,True,2,3.6773887e-11,-2.0909506e-12,-0.00018666451,51605.39,51686.0
1.56987,0.46501203,5.0000962,3.3789993e-06,True,2,3.6795071e-11,-2.1005439e-12,-0.00018680746,51618.48,51699.0
1.57012,0.46509106,5.0008291,3.3801542e-06,True,2,3.6836876e-11,-2.1128393e-12,-0.00018695053,51631.57,51712.0
1.57036,0.46500829,4.9998253,3.3801542e-06,True,2,3.683676e-11,-2.106781e-12,-0.00018709375,51644.74,51725.0
1.5706,0.46509151,5.0006047,3.3813614e-06,True,2,3.6860081e-11,-2.1129434e-12,-0.00018723704,51657.81,51738.0
1.57085,0.46500849,4.9995956,3.3813614e-06,True,2,3.6857617e-11,-2.1227823e-12,-0.0001873804,51670.89,51751.0
1.57109,0.46510329,5.0004576,3.3826283e-06,True,2,3.6904731e-11,-2.1347605e-12,-0.00018752405,51683.95,51764.0
1.57133,0.46501946,4.9994446,3.3826283e-06,True,2,3.6907056e-11,-2.1213919e-12,-0.00018766834,51696.99,51777.0
1.57158,0.46512015,5.0004049,3.3839647e-06,True,2,3.6923545e-11,-2.0754112e-12,-0.0001878128,51710.08,51790.0
1.57182,0.46503736,4.9993882,3.3839647e-06,True,2,3.6915709e-11,-2.0567871e-12,-0.00018795727,51723.06,51803.0
1.57206,0.46514942,5.0004653,3.385383e-06,True,2,3.6940234e-11,-2.0469644e-12,-0.00018810179,51736.05,51816.0
1.57231,0.46506665,4.9994456,3.385383e-06,True,2,3.6934581e-11,-2.0405715e-12,-0.00018824636,51749.15,51830.0
1.57255,0.46519215,5.0006645,3.3868997e-06,True,2,3.6963273e-11,-2.0382376e-12,-0.00018839099,51762.2,51843.0
1.5728,0.46510927,4.9996421,3.3868997e-06,True,2,3.695836e-11,-2.0354195e-12,-0.00018853569,51775.23,51856.0
1.57304,0.4652514,5.001038,3.3885383e-06,True,2,3.6990325e-11,-2.0378214e-12,-0.00018868043,51788.26,51869.0
1.57328,0.46516847,5.0000129,3.3885383e-06,True,2,3.6985752e-11,-2.0361674e-12,-0.00018882527,51801.3,51882.0
1.57353,0.46508554,4.9989879,3.3885383e-06,True,2,3.6981011e-11,-2.0345268e-12,-0.00018897016,51814.39,51895.0
1.57377,0.46524883,5.0006091,3.3903331e-06,True,2,3.7016727e-11,-2.0370964e-12,-0.00018911513,51827.45,51908.0
1.57402,0.46516575,4.9995817,3.3903331e-06,True,2,3.7012027e-11,-2.0335743e-12,-0.00018926016,51840.48,51921.0
1.57426,0.46508268,4.9985543,3.3903331e-06,True,2,3.7007728e-11,-2.0336201e-12,-0.00018940524,51853.51,51934.0
1.5745,0.46527463,5.0004827,3.3923392e-06,True,2,3.7048239e-11,-2.0361205e-12,-0.00018955043,51866.59,51947.0
1.57475,0.46519143,4.9994529,3.3923392e-06,True,2,3.7043631e-11,-2.0307702e-12,-0.00018969567,51879.67,51960.0
1.57499,0.4651082,4.9984233,3.3923392e-06,True,2,3.7039783e-11,-2.0370642e-12,-0.00018984096,51892.69,51973.0
1.57524,0.46533661,5.0007529,3.3946516e-06,True,2,3.710947e-11,-2.0305941e-12,-0.00018998652,51905.73,51986.0
1.57548,0.46524789,4.9996706,3.3946516e-06,True,2,3.710526e-11,-2.0307651e-12,-0.00019013215,51918.83,52000.0
1.57573,0.46515892,4.9985864,3.3946516e-06,True,2,3.7101345e-11,-2.0388699e-12,-0.00019027783,51931.85,52013.0
1.57597,0.4654524,5.0016099,3.3974433e-06,True,2,3.7157529e-11,-2.0270274e-12,-0.0001904236,51944.87,52026.0
1.57622,0.46536349,5.0005194,3.3974433e-06,True,2,3.7153911e-11,-2.032826e-12,-0.00019056948,51957.91,52039.0
1.57646,0.46527427,4.999428,3.3974433e-06,True,2,3.7149822e-11,-2.0397783e-12,-0.00019071541,51970.96,52052.0
1.5767,0.46518519,4.9983357,3.3974433e-06,True,2,3.7143321e-11,-2.022889e-12,-0.0001908614,51984.0,52065.0
1.57695,0.46509624,4.9972424,3.3974433e-06,True,2,3.7139791e-11,-2.0319387e-12,-0.00019100744,51997.02,52078.0
1.57719,0.46552582,5.0017217,3.4012351e-06,True,2,3.7220612e-11,-2.041614e-12,-0.00019115366,52010.05,52091.0
1.57744,0.46543652,5.0006225,3.4012351e-06,True,2,3.7214372e-11,-2.0258579e-12,-0.00019129993,52023.1,52104.0
1.57768,0.4653473,4.9995232,3.4012351e-06,True,2,3.7211044e-11,-2.0380543e-12,-0.00019144625,52036.14,52117.0
1.57793,0.46525771,4.9984236,3.4012351e-06,True,2,3.7205785e-11,-2.0373021e-12,-0.00019159264,52049.2,52130.0
1.57817,0.46516842,4.9973236,3.4012351e-06,True,2,3.7200167e-11,-2.0253644e-12,-0.00019173908,52062.3,52143.0
1.57842,0.46507908,4.9962232,3.4012351e-06,True,2,3.7197154e-11,-2.0409602e-12,-0.00019188557,52075.33,52156.0
1.57866,0.46498948,4.9951226,3.4012351e-06,True,2,3.7191021e-11,-2.0309181e-12,-0.00019203213,52088.34,52169.0
1.57891,0.46490023,4.9940216,3.4012351e-06,True,2,3.718642e-11,-2.0284227e-12,-0.00019217873,52101.35,52182.0
1.57915,0.46481071,4.9929203,3.4012351e-06,True,2,3.7182744e-11,-2.040678e-12,-0.0001923254,52114.4,52195.0
1.5794,0.46472118,4.9918188,3.4012351e-06,True,2,3.7176594e-11,-2.0268974e-12,-0.00019247212,52127.49,52209.0
1.57964,0.46463186,4.9907171,3.4012351e-06,True,2,3.7172758e-11,-2.0327813e-12,-0.0001926189,52140.51,52222.0
1.57989,0.46454227,4.9896152,3.4012351e-06,True,2,3.7168021e-11,-2.0360221e-12,-0.00019276573,52153.6,52235.0
1.58013,0.4654961,4.9997232,3.4088972e-06,True,2,3.7357955e-11,-2.0391147e-12,-0.00019291285,52166.63,52248.0
1.58038,0.46556155,5.0002889,3.4100748e-06,True,2,3.7380262e-11,-2.0438569e-12,-0.00019306022,52179.64,52261.0
1.58062,0.46554757,5.0000007,3.4106721e-06,True,2,3.7388688e-11,-2.0438377e-12,-0.00019320769,52192.62,52274.0
1.58087,0.46553437,4.9997193,3.4112754e-06,True,2,3.7397233e-11,-2.0435168e-12,-0.00019335524,52205.7,52287.0
1.58112,0.46560594,5.0003472,3.4125006e-06,True,2,3.7419758e-11,-2.0450915e-12,-0.00019350287,52218.8,52300.0
1.58136,0.4655952,5.0000888,3.4131229e-06,True,2,3.7428991e-11,-2.0474324e-12,-0.00019365059,52231.84,52313.0
1.58161,0.46558535,4.9998382,3.4137518e-06,True,2,3.7438294e-11,-2.0490738e-12,-0.0001937984,52245.01,52326.0
1.58185,0.46557639,4.9995958,3.4143877e-06,True,2,3.7447697e-11,-2.0505895e-12,-0.00019394629,52258.14,52339.0
1.5821,0.465657,5.0003143,3.415681e-06,True,2,3.7471773e-11,-2.0528862e-12,-0.00019409428,52271.16,52352.0
1.58234,0.46565088,5.0001003,3.4163389e-06,True,2,3.7481609e-11,-2.0541267e-12,-0.00019424235,52284.17,52365.0
1.58259,0.46564574,4.9998962,3.4170046e-06,True,2,3.7491576e-11,-2.0552472e-12,-0.0001943905,52297.17,52379.0
1.58284,0.46564164,4.9997027,3.4176784e-06,True,2,3.7501695e-11,-2.0562161e-12,-0.00019453874,52310.22,52392.0
1.58308,0.46563864,4.9995202,3.4183607e-06,True,2,3.7512034e-11,-2.0572939e-12,-0.00019468706,52323.26,52405.0
1.58333,0.46573209,5.0003728,3.4197518e-06,True,2,3.7538281e-11,-2.0595395e-12,-0.00019483548,52336.29,52418.0
1.58357,0.46573265,5.0002271,3.4204613e-06,True,2,3.7549257e-11,-2.0607276e-12,-0.00019498397,52349.34,52431.0
1.58382,0.46573447,5.0000942,3.4211805e-06,True,2,3.7560445e-11,-2.0618457e-12,-0.00019513256,52362.4,52444.0
1.58407,0.46573762,4.9999753,3.4219099e-06,True,2,3.7571828e-11,-2.0629501e-12,-0.00019528122,52375.42,52457.0
1.58431,0.46574214,4.9998706,3.42265e-06,True,2,3.7583438e-11,-2.0640455e-12,-0.00019542998,52388.41,52470.0
1.58456,0.46574809,4.999781,3.423401e-06,True,2,3.7595294e-11,-2.0651098e-12,-0.00019557881,52401.45,52483.0
1.58481,0.46575554,4.9997071,3.4241637e-06,True,2,3.7607396e-11,-2.0661588e-12,-0.00019572774,52414.46,52496.0
1.58505,0.46576346,4.9996399,3.4249383e-06,True,2,3.7643116e-11,-2.0668179e-12,-0.00019587679,52427.48,52509.0
1.5853,0.46576861,4.9995507,3.4257255e-06,True,2,3.7655662e-11,-2.0674696e-12,-0.00019602605,52440.51,52522.0
1.58555,0.46577537,4.9994766,3.4265254e-06,True,2,3.766841e-11,-2.0681943e-12,-0.0001961754,52453.53,52535.0
1.58579,0.46578386,4.999419,3.4273387e-06,True,2,3.7681406e-11,-2.0689785e-12,-0.00019632484,52466.56,52548.0
1.58604,0.46579415,4.999379,3.4290078e-06,True,2,3.7712279e-11,-2.0719075e-12,-0.00019647437,52479.56,52561.0
1.58629,0.46580635,4.9993579,3.4298653e-06,True,2,3.7726271e-11,-2.0727183e-12,-0.000196624,52492.55,52574.0
1.58653,0.46582058,4.999357,3.4307389e-06,True,2,3.7740617e-11,-2.0735161e-12,-0.00019677372,52505.55,52587.0
1.58678,0.46583693,4.9993774,3.4307389e-06,True,2,3.7736729e-11,-2.0720924e-12,-0.00019692353,52518.55,52600.0
1.58703,0.46585552,4.9994209,3.4316298e-06,True,2,3.7751469e-11,-2.0729344e-12,-0.00019707343,52531.52,52613.0
1.58728,0.46587649,4.9994888,3.4325388e-06,True,2,3.7766426e-11,-2.0735105e-12,-0.00019722342,52544.58,52626.0
1.58752,0.4659,4.9995831,3.4334673e-06,True,2,3.7780726e-11,-2.0721395e-12,-0.0001973735,52557.59,52639.0
1.58777,0.4659262,4.9997055,3.4344163e-06,True,2,3.7797015e-11,-2.0736607e-12,-0.00019752368,52570.57,52652.0
1.58802,0.46595529,4.9998582,3.4353873e-06,True,2,3.781382e-11,-2.0752677e-12,-0.00019767394,52583.59,52665.0
1.58826,0.4659875,5.0000437,3.4363819e-06,True,2,3.7831172e-11,-2.0769757e-12,-0.0001978243,52596.67,52679.0
1.58851,0.46602301,5.0002641,3.4374016e-06,True,2,3.7849101e-11,-2.0787806e-12,-0.00019797475,52609.69,52692.0
1.58876,0.46606215,5.0005229,3.4384486e-06,True,2,3.7867464e-11,-2.080257e-12,-0.00019812528,52622.67,52705.0
1.58901,0.4659593,4.9992573,3.4384486e-06,True,2,3.7862153e-11,-2.0796257e-12,-0.00019827591,52635.63,52718.0
1.58925,0.46600227,4.9995561,3.4395252e-06,True,2,3.7880997e-11,-2.0805512e-12,-0.00019842664,52648.59,52731.0
1.5895,0.46604947,4.9998997,3.4406336e-06,True,2,3.7900539e-11,-2.0815052e-12,-0.00019857745,52661.62,52744.0
1.58975,0.46610131,5.0002929,3.4417771e-06,True,2,3.7920833e-11,-2.082533e-12,-0.00019872835,52674.68,52757.0
1.59,0.46615827,5.0007409,3.442959e-06,True,2,3.7941967e-11,-2.0835586e-12,-0.00019887934,52687.71,52770.0
1.59025,0.46604973,4.9994224,3.442959e-06,True,2,3.7959966e-11,-2.082172e-12,-0.00019903061,52700.77,52783.0
1.59049,0.46610646,4.9998754,3.4441816e-06,True,2,3.7981809e-11,-2.082944e-12,-0.00019918196,52713.81,52796.0
1.59074,0.46616921,5.000391,3.4454497e-06,True,2,3.8004546e-11,-2.0838949e-12,-0.00019933341,52726.89,52809.0
1.59099,0.4660603,4.9990633,3.4454497e-06,True,2,3.7998715e-11,-2.0830205e-12,-0.00019948495,52739.92,52822.0
1.59124,0.46612966,4.9996461,3.4467683e-06,True,2,3.8022601e-11,-2.0840326e-12,-0.0001996366,52752.93,52835.0
1.59149,0.46620652,5.0003079,3.4481432e-06,True,2,3.8047724e-11,-2.0851177e-12,-0.00019978834,52765.99,52848.0
1.59173,0.46609742,4.9989736,3.4481432e-06,True,2,3.8041877e-11,-2.0842545e-12,-0.00019994017,52779.04,52861.0
1.59198,0.46618275,4.9997234,3.4495823e-06,True,2,3.8068515e-11,-2.0854315e-12,-0.00020009211,52792.09,52874.0
1.59223,0.46627802,5.000579,3.4510959e-06,True,2,3.8096737e-11,-2.0868435e-12,-0.00020024415,52805.1,52887.0
1.59248,0.4661687,4.9992393,3.4510959e-06,True,2,3.8090911e-11,-2.0860048e-12,-0.00020039627,52818.1,52900.0
1.59273,0.46627539,5.0002155,3.4526959e-06,True,2,3.8121125e-11,-2.0874481e-12,-0.00020054851,52831.06,52913.0
1.59298,0.46616594,4.9988732,3.4526959e-06,True,2,3.8115229e-11,-2.0866481e-12,-0.00020070082,52844.11,52926.0
1.59323,0.46628624,4.9999938,3.4543984e-06,True,2,3.8147779e-11,-2.0881919e-12,-0.00020085326,52857.23,52939.0
1.59347,0.46642332,5.0012943,3.4562261e-06,True,2,3.817738e-11,-2.1037466e-12,-0.00020100576,52870.22,52953.0
1.59372,0.46631363,4.999947,3.4562261e-06,True,2,3.8177198e-11,-2.089141e-12,-0.0002011584,52883.26,52966.0
1.59397,0.46620393,4.9985999,3.4562261e-06,True,2,3.8171233e-11,-2.0883869e-12,-0.00020131109,52896.31,52979.0
1.59422,0.46636173,5.0001201,3.4582102e-06,True,2,3.8210158e-11,-2.0903415e-12,-0.00020146392,52909.37,52992.0
1.59447,0.4662519,4.9987706,3.4582102e-06,True,2,3.8204222e-11,-2.0895728e-12,-0.00020161682,52922.39,53005.0
1.59472,0.46643703,5.0005832,3.4603989e-06,True,2,3.8247716e-11,-2.0918199e-12,-0.00020176984,52935.38,53018.0
1.59497,0.46632706,4.9992312,3.4603989e-06,True,2,3.8241808e-11,-2.0909928e-12,-0.00020192295,52948.52,53031.0
1.59522,0.46654505,5.0014049,3.4628689e-06,True,2,3.8314989e-11,-2.0931138e-12,-0.00020207629,52961.59,53044.0
1.59547,0.46642933,4.9999989,3.4628689e-06,True,2,3.830896e-11,-2.0917594e-12,-0.00020222978,52974.58,53057.0
1.59572,0.46631356,4.9985913,3.4628689e-06,True,2,3.830254e-11,-2.0907512e-12,-0.00020238335,52987.63,53070.0
1.59597,0.46658557,5.0013387,3.4657498e-06,True,2,3.836123e-11,-2.0938096e-12,-0.00020253703,53000.64,53083.0
1.59622,0.46646958,4.9999247,3.4657498e-06,True,2,3.8354925e-11,-2.0927545e-12,-0.00020269083,53013.74,53096.0
1.59646,0.46635358,4.9985097,3.4657498e-06,True,2,3.8348451e-11,-2.0918134e-12,-0.00020284471,53026.78,53109.0
1.59671,0.4667212,5.002278,3.469345e-06,True,2,3.8423014e-11,-2.0961422e-12,-0.00020299868,53039.84,53122.0
1.59696,0.46660495,5.000856,3.469345e-06,True,2,3.8416934e-11,-2.0948708e-12,-0.00020315282,53052.92,53135.0
1.59721,0.46648869,4.9994341,3.469345e-06,True,2,3.841041e-11,-2.0940405e-12,-0.00020330703,53065.97,53149.0
1.59746,0.46637241,4.998012,3.469345e-06,True,2,3.8403894e-11,-2.0932215e-12,-0.0002034613,53079.05,53162.0
1.59771,0.46625611,4.9965896,3.469345e-06,True,2,3.8397372e-11,-2.0923875e-12,-0.00020361565,53092.03,53175.0
1.59796,0.46687842,5.0030806,3.4748431e-06,True,2,3.851527e-11,-2.0991368e-12,-0.00020377018,53105.1,53188.0
1.59821,0.46676174,5.00165,3.4748431e-06,True,2,3.8508973e-11,-2.0981466e-12,-0.00020392486,53118.12,53201.0
1.59846,0.46664505,5.0002199,3.4748431e-06,True,2,3.8502417e-11,-2.0972804e-12,-0.00020407961,53131.19,53214.0
1.59871,0.46652836,4.99879,3.4748431e-06,True,2,3.8495887e-11,-2.0963463e-12,-0.00020423443,53144.24,53227.0
1.59896,0.46641166,4.9973602,3.4748431e-06,True,2,3.8489306e-11,-2.095446e-12,-0.00020438931,53157.32,53240.0
1.59921,0.46629496,4.9959303,3.4748431e-06,True,2,3.8482768e-11,-2.0945232e-12,-0.00020454427,53170.44,53253.0
1.59946,0.46617825,4.9945004,3.4748431e-06,True,2,3.8476233e-11,-2.0935896e-12,-0.00020469929,53183.53,53266.0
1.59972,0.46606154,4.9930704,3.4748431e-06,True,2,3.8469695e-11,-2.0926669e-12,-0.00020485439,53196.65,53279.0
1.59997,0.46594482,4.9916404,3.4748431e-06,True,2,3.8463165e-11,-2.0917618e-12,-0.00020500955,53209.73,53293.0
1.60022,0.46676937,5.0003007,3.4819013e-06,True,2,3.8640418e-11,-2.0998621e-12,-0.00020516513,53222.76,53306.0
1.60047,0.46672919,4.9996949,3.482518e-06,True,2,3.8647637e-11,-2.0993987e-12,-0.00020532087,53235.85,53319.0
1.60072,0.46677352,4.9999931,3.4837663e-06,True,2,3.8668883e-11,-2.1000067e-12,-0.00020547672,53248.96,53332.0
1.60097,0.46682049,5.0003181,3.4850355e-06,True,2,3.8690578e-11,-2.1006428e-12,-0.00020563267,53261.97,53345.0
1.60122,0.46678343,4.999741,3.4856781e-06,True,2,3.8698198e-11,-2.1003982e-12,-0.00020578875,53275.09,53358.0
1.60147,0.46683457,5.0001073,3.4869801e-06,True,2,3.8720782e-11,-2.1010564e-12,-0.00020594493,53288.07,53371.0
1.60172,0.46679962,4.9995497,3.4876398e-06,True,2,3.8728895e-11,-2.1007467e-12,-0.00020610122,53301.09,53384.0
1.60197,0.46685527,4.9999615,3.4889773e-06,True,2,3.8752271e-11,-2.1015547e-12,-0.00020625762,53314.14,53397.0
1.60222,0.46691415,5.0004072,3.4903401e-06,True,2,3.8776363e-11,-2.1021977e-12,-0.00020641414,53327.27,53410.0
1.60248,0.46688306,4.9998879,3.4910314e-06,True,2,3.8784948e-11,-2.102573e-12,-0.00020657077,53340.36,53423.0
1.60273,0.46694706,5.0003867,3.4924346e-06,True,2,3.8809811e-11,-2.1035488e-12,-0.0002067275,53353.43,53437.0
1.60298,0.46691855,4.9998937,3.4931469e-06,True,2,3.8818969e-11,-2.1036829e-12,-0.00020688435,53366.51,53450.0
1.60323,0.46698816,5.0004513,3.4945941e-06,True,2,3.8844916e-11,-2.1044659e-12,-0.00020704131,53379.64,53463.0
1.60348,0.46696252,4.9999878,3.4953295e-06,True,2,3.8854436e-11,-2.1049002e-12,-0.00020719839,53392.74,53476.0
1.60373,0.46693788,4.9995346,3.496073e-06,True,2,3.8864313e-11,-2.1049839e-12,-0.00020735557,53405.76,53489.0
1.60398,0.46701584,5.0001796,3.4975857e-06,True,2,3.8891527e-11,-2.1062445e-12,-0.00020751287,53418.81,53502.0
1.60424,0.46699448,4.9997604,3.4983554e-06,True,2,3.8902014e-11,-2.1063291e-12,-0.00020767028,53431.86,53515.0
1.60449,0.46707956,5.0004808,3.4999234e-06,True,2,3.8930698e-11,-2.1072316e-12,-0.00020782779,53444.84,53528.0
1.60474,0.46706184,5.0000997,3.5007221e-06,True,2,3.8941595e-11,-2.1077507e-12,-0.00020798543,53457.86,53541.0
1.60499,0.46704543,4.9997324,3.5015313e-06,True,2,3.895287e-11,-2.1079089e-12,-0.00020814317,53470.82,53554.0
1.60524,0.46713573,5.0005176,3.5031819e-06,True,2,3.9006984e-11,-2.1083066e-12,-0.0002083012,53483.84,53567.0
1.6055,0.46711781,5.0001418,3.504024e-06,True,2,3.901848e-11,-2.1086659e-12,-0.00020845935,53496.91,53580.0
1.60575,0.4671013,4.9997793,3.5048778e-06,True,2,3.9030389e-11,-2.1086821e-12,-0.00020861762,53509.94,53593.0
1.606,0.4670863,4.9994312,3.5057439e-06,True,2,3.9042513e-11,-2.1087884e-12,-0.000208776,53523.0,53606.0
1.60625,0.46719164,5.0003698,3.5075143e-06,True,2,3.9075067e-11,-2.1102069e-12,-0.0002089345,53535.99,53619.0
1.60651,0.46718169,5.0000722,3.5084202e-06,True,2,3.9088151e-11,-2.110276e-12,-0.00020909313,53549.05,53632.0
1.60676,0.46717351,4.9997924,3.5093403e-06,True,2,3.9101509e-11,-2.110326e-12,-0.00020925187,53562.07,53645.0
1.60701,0.46716724,4.9995318,3.5102756e-06,True,2,3.9115161e-11,-2.1104762e-12,-0.00020941073,53575.08,53659.0
1.60726,0.46716297,4.9992917,3.512195e-06,True,2,3.9149489e-11,-2.1131837e-12,-0.00020956971,53588.06,53672.0
1.60752,0.46729187,5.000476,3.5131805e-06,True,2,3.9165753e-11,-2.1125031e-12,-0.00020972881,53601.07,53685.0
1.60777,0.46729432,5.000306,3.5141845e-06,True,2,3.9180957e-11,-2.1128534e-12,-0.00020988803,53614.09,53698.0
1.60802,0.46729925,5.0001618,3.5152082e-06,True,2,3.9196589e-11,-2.1132214e-12,-0.00021004736,53627.1,53711.0
1.60828,0.46730679,5.0000449,3.5162525e-06,True,2,3.9212659e-11,-2.1136387e-12,-0.00021020682,53640.11,53724.0
1.60853,0.46731716,4.9999577,3.517319e-06,True,2,3.9229223e-11,-2.1141115e-12,-0.0002103664,53653.12,53737.0
1.60878,0.46733048,4.9999014,3.5184086e-06,True,2,3.9246222e-11,-2.1146725e-12,-0.00021052609,53666.2,53750.0
1.60904,0.46734701,4.9998789,3.5195234e-06,True,2,3.9263929e-11,-2.1152702e-12,-0.00021068591,53679.25,53763.0
1.60929,0.46736692,4.9998921,3.5206647e-06,True,2,3.9282165e-11,-2.115935e-12,-0.00021084584,53692.3,53776.0
1.60954,0.46739052,4.9999443,3.5218347e-06,True,2,3.9301024e-11,-2.1166568e-12,-0.0002110059,53705.33,53789.0
1.6098,0.46741806,5.0000383,3.5230355e-06,True,2,3.9320527e-11,-2.1174321e-12,-0.00021116608,53718.36,53802.0
1.61005,0.46744882,5.0001682,3.5242695e-06,True,2,3.9364565e-11,-2.1179578e-12,-0.00021132642,53731.36,53815.0
1.6103,0.46747953,5.0003057,3.525539e-06,True,2,3.9385494e-11,-2.1184246e-12,-0.00021148701,53744.38,53828.0
1.61056,0.46751512,5.0004929,3.5268467e-06,True,2,3.9407756e-11,-2.1181576e-12,-0.00021164771,53757.36,53841.0
1.61081,0.46755603,5.000735,3.5281959e-06,True,2,3.9430204e-11,-2.1188931e-12,-0.00021180853,53770.36,53854.0
1.61107,0.46741802,4.9990612,3.5281959e-06,True,2,3.9422169e-11,-2.1176732e-12,-0.00021196948,53783.33,53867.0
1.61132,0.46746471,4.9993614,3.529591e-06,True,2,3.9482068e-11,-2.1160821e-12,-0.00021213055,53796.37,53880.0
1.61157,0.46751791,4.9997298,3.5310364e-06,True,2,3.950175e-11,-2.1175516e-12,-0.00021229176,53809.43,53893.0
1.61183,0.46757835,5.0001741,3.5325377e-06,True,2,3.9518403e-11,-2.1191243e-12,-0.0002124531,53822.48,53906.0
1.61208,0.46764698,5.0007051,3.5341021e-06,True,2,3.9533131e-11,-2.1211219e-12,-0.00021261456,53835.58,53919.0
1.61234,0.46750847,4.9990196,3.5341021e-06,True,2,3.951539e-11,-2.1205372e-12,-0.00021277615,53848.66,53933.0
1.61259,0.46758626,4.9996463,3.5357383e-06,True,2,3.9545206e-11,-2.1216269e-12,-0.00021293787,53861.75,53946.0
1.61285,0.46767467,5.0003856,3.5374563e-06,True,2,3.9653266e-11,-2.1049646e-12,-0.00021309968,53874.79,53959.0
1.6131,0.46753547,4.998684,3.5392704e-06,True,2,2.1064739e-11,-2.942667e-12,-0.00021326178,53887.85,53972.0
1.61336,0.46763626,4.9995546,3.5392704e-06,True,2,2.1057373e-11,-2.9425325e-12,-0.00021342581,53900.98,53985.0
1.61361,0.46775174,5.0005818,3.5411971e-06,True,2,2.1074138e-11,-2.9442903e-12,-0.00021358995,53914.05,53998.0
1.61387,0.46761261,4.9988863,3.5411971e-06,True,2,2.1067693e-11,-2.9431278e-12,-0.00021375419,53927.15,54011.0
1.61412,0.46774584,5.0001019,3.5432607e-06,True,2,2.1086107e-11,-2.9451412e-12,-0.00021391857,53940.26,54024.0
1.61438,0.46760654,4.9984041,3.5454934e-06,True,2,2.1107699e-11,-2.9461027e-12,-0.00021408303,53953.32,54037.0
1.61463,0.46776172,4.9998532,3.5454934e-06,True,2,2.110014e-11,-2.9462912e-12,-0.00021424764,53966.38,54050.0
1.61489,0.46794562,5.0016105,3.5479453e-06,True,2,2.1122501e-11,-2.9493015e-12,-0.00021441233,53979.43,54064.0
1.61514,0.46780285,4.9998787,3.5479453e-06,True,2,2.1124465e-11,-2.9501749e-12,-0.00021457728,53992.51,54077.0
1.6154,0.46765745,4.9981241,3.5479453e-06,True,2,2.1117381e-11,-2.9491247e-12,-0.00021474237,54005.6,54090.0
1.61565,0.46787347,5.0002294,3.5506893e-06,True,2,2.1143355e-11,-2.9523993e-12,-0.00021490764,54018.71,54103.0
1.61591,0.46772778,4.9984672,3.5506893e-06,True,2,2.113657e-11,-2.9521543e-12,-0.00021507299,54031.84,54116.0
1.61617,0.46799872,5.0011556,3.5538539e-06,True,2,2.1171033e-11,-2.9707095e-12,-0.0002152385,54045.04,54129.0
1.61642,0.46785255,4.9993813,3.5538539e-06,True,2,2.1193344e-11,-3.1454828e-12,-0.00021540461,54058.13,54142.0
1.61668,0.46770656,4.9976129,3.5538539e-06,True,2,2.1188831e-11,-3.1608162e-12,-0.00021557249,54071.25,54156.0
1.61693,0.46806812,5.0012661,3.5577126e-06,True,2,2.1228023e-11,-3.1659332e-12,-0.00021574061,54084.38,54169.0
1.61719,0.46792181,4.999491,3.5577126e-06,True,2,2.1221052e-11,-3.1646868e-12,-0.00021590883,54097.51,54182.0
1.61745,0.46777549,4.9977158,3.5577126e-06,True,2,2.1214139e-11,-3.1634705e-12,-0.00021607713,54110.59,54195.0
1.6177,0.46834306,5.0035688,3.5631442e-06,True,2,2.1272486e-11,-3.1709248e-12,-0.00021624553,54123.64,54208.0
1.61796,0.46819626,5.0017838,3.5631442e-06,True,2,2.1265371e-11,-3.1699636e-12,-0.0002164142,54136.72,54221.0
1.61821,0.46804947,4.9999999,3.5631442e-06,True,2,2.1258104e-11,-3.164559e-12,-0.00021658293,54149.84,54234.0
1.61847,0.46790266,4.9982165,3.5631442e-06,True,2,2.12508e-11,-3.1592531e-12,-0.00021675169,54162.95,54247.0
1.61873,0.46775585,4.9964331,3.5631442e-06,True,2,2.1243542e-11,-3.1538285e-12,-0.00021692048,54176.05,54260.0
1.61898,0.46760903,4.9946497,3.5631442e-06,True,2,2.1236203e-11,-3.1480353e-12,-0.0002170893,54189.15,54274.0
1.61924,0.46746222,4.9928662,3.5631442e-06,True,2,2.1228744e-11,-3.1421244e-12,-0.00021725814,54202.17,54287.0
1.6195,0.4673154,4.9910826,3.5631442e-06,True,2,2.1221261e-11,-3.1360289e-12,-0.00021742701,54215.27,54300.0
1.61975,0.46716856,4.989299,3.5631442e-06,True,2,2.121375e-11,-3.1298278e-12,-0.00021759589,54228.29,54313.0
1.62001,0.46819099,5.0000066,3.5720664e-06,True,2,2.1334045e-11,-3.1319467e-12,-0.00021776482,54241.38,54326.0
1.62027,0.46820602,4.9999535,3.5733516e-06,True,2,2.1327911e-11,-3.1334628e-12,-0.00021793429,54254.41,54339.0
1.62053,0.46822313,4.9999228,3.5746542e-06,True,2,2.1335093e-11,-3.1278261e-12,-0.00021810383,54267.41,54352.0
1.62078,0.46824242,4.999914,3.575975e-06,True,2,2.1342748e-11,-3.123694e-12,-0.00021827343,54280.45,54365.0
1.62104,0.46826398,4.9999279,3.5773146e-06,True,2,2.135087e-11,-3.1209277e-12,-0.00021844312,54293.5,54378.0
1.6213,0.46828793,4.9999657,3.5786738e-06,True,2,2.1359165e-11,-3.1175887e-12,-0.00021861291,54306.54,54391.0
1.62156,0.46831439,5.0000285,3.5800534e-06,True,2,2.1367533e-11,-3.113302e-12,-0.00021878278,54319.63,54404.0
1.62181,0.46834345,5.0001175,3.5814542e-06,True,2,2.1376107e-11,-3.1084921e-12,-0.00021895273,54332.67,54417.0
1.62207,0.46837522,5.0002344,3.5828772e-06,True,2,2.138503e-11,-3.1035333e-12,-0.00021912275,54345.75,54430.0
1.62233,0.46840985,5.0003809,3.5843237e-06,True,2,2.1394067e-11,-3.0986447e-12,-0.00021929285,54358.83,54444.0
1.62259,0.46835098,4.999528,3.5850561e-06,True,2,2.1394882e-11,-3.0924753e-12,-0.00021946302,54371.87,54457.0
1.62285,0.46839003,4.9997201,3.5865394e-06,True,2,2.1404393e-11,-3.0872469e-12,-0.00021963327,54385.02,54470.0
1.6231,0.46843231,4.999946,3.5880489e-06,True,2,2.141417e-11,-3.081927e-12,-0.00021980359,54398.1,54483.0
1.62336,0.46847802,5.0002079,3.5895863e-06,True,2,2.1424277e-11,-3.0765067e-12,-0.00021997398,54411.1,54496.0
1.62362,0.46842467,4.9994115,3.5911528e-06,True,2,2.1435097e-11,-3.0708186e-12,-0.00022014444,54424.14,54509.0
1.62388,0.46847582,4.9997299,3.5919474e-06,True,2,2.1435848e-11,-3.0643965e-12,-0.00022031497,54437.13,54522.0
1.62414,0.46853084,5.0000893,3.5935604e-06,True,2,2.1446794e-11,-3.0586653e-12,-0.00022048558,54450.2,54535.0
1.6244,0.46859005,5.0004929,3.595207e-06,True,2,2.1459323e-11,-3.0523032e-12,-0.00022065625,54463.26,54548.0
1.62466,0.4685435,4.9997669,3.5960435e-06,True,2,2.1459591e-11,-3.045915e-12,-0.00022082701,54476.34,54561.0
1.62491,0.46860938,5.0002408,3.5977442e-06,True,2,2.1471384e-11,-3.0399031e-12,-0.00022099783,54489.41,54574.0
1.62517,0.46856239,4.9995166,3.5986088e-06,True,2,2.1480955e-11,-3.0346127e-12,-0.00022116885,54502.46,54587.0
1.62543,0.46862968,5.0000141,3.6003681e-06,True,2,2.1492669e-11,-3.0277368e-12,-0.00022134,54515.54,54601.0
1.62569,0.46870216,5.0005646,3.6021693e-06,True,2,2.1506135e-11,-3.0198831e-12,-0.00022151122,54528.6,54614.0
1.62595,0.46865944,4.9998835,3.6030868e-06,True,2,2.1506461e-11,-3.0131949e-12,-0.00022168252,54541.64,54627.0
1.62621,0.46874039,5.0005208,3.6049567e-06,True,2,2.1519417e-11,-3.0077237e-12,-0.00022185389,54554.72,54640.0
1.62647,0.46870198,4.9998822,3.6059101e-06,True,2,2.1521637e-11,-2.9999774e-12,-0.00022202536,54567.76,54653.0
1.62673,0.46879247,5.0006179,3.6078567e-06,True,2,2.1536032e-11,-2.9925955e-12,-0.0002221969,54580.8,54666.0
1.62699,0.46875896,5.0000289,3.6088506e-06,True,2,2.1536617e-11,-2.9848835e-12,-0.00022236851,54593.85,54679.0
1.62725,0.46872723,4.9994581,3.6098595e-06,True,2,2.1538684e-11,-2.9765498e-12,-0.0002225402,54606.88,54692.0
1.62751,0.46883233,5.0003461,3.6119239e-06,True,2,2.1553389e-11,-2.9690846e-12,-0.00022271197,54619.92,54705.0
1.62777,0.46880642,4.9998355,3.6129806e-06,True,2,2.1555783e-11,-2.9602727e-12,-0.00022288382,54633.01,54718.0
1.62803,0.46878262,4.999347,3.6140549e-06,True,2,2.1558287e-11,-2.9513116e-12,-0.00022305575,54646.08,54731.0
1.62829,0.4689052,5.000419,3.6162595e-06,True,2,2.1574263e-11,-2.9434494e-12,-0.00022322776,54659.15,54744.0
1.62855,0.46888852,5.0000048,3.6173917e-06,True,2,2.1577168e-11,-2.9342107e-12,-0.00022339986,54672.26,54757.0
1.62881,0.46887448,4.9996184,3.6185456e-06,True,2,2.157904e-11,-2.9245434e-12,-0.00022357205,54685.3,54771.0
1.62907,0.46886319,4.9992607,3.6197219e-06,True,2,2.1582197e-11,-2.9149318e-12,-0.00022374432,54698.37,54784.0
1.62933,0.46901362,5.0006273,3.6221487e-06,True,2,2.1600139e-11,-2.9063257e-12,-0.00022391668,54711.44,54797.0
1.62959,0.46901187,5.0003705,3.623402e-06,True,2,2.1603903e-11,-2.8961091e-12,-0.00022408914,54724.47,54810.0
1.62985,0.46901368,5.000151,3.6246842e-06,True,2,2.160771e-11,-2.8856416e-12,-0.00022426169,54737.53,54823.0
1.63012,0.46901683,4.9999502,3.6259975e-06,True,2,2.162046e-11,-2.8772791e-12,-0.00022443442,54750.62,54836.0
1.63038,0.46902063,4.9997611,3.6273434e-06,True,2,2.1628542e-11,-2.8788227e-12,-0.00022460736,54763.72,54849.0
1.63064,0.4690287,4.999615,3.6287242e-06,True,2,2.163712e-11,-2.8803547e-12,-0.00022478046,54776.74,54862.0
1.6309,0.46904142,4.9995166,3.6301428e-06,True,2,2.1646193e-11,-2.8818998e-12,-0.00022495373,54789.83,54875.0
1.63116,0.46905916,4.9994698,3.6316019e-06,True,2,2.1655789e-11,-2.8834792e-12,-0.00022512717,54802.87,54888.0
1.63142,0.46908237,4.9994797,3.633105e-06,True,2,2.1665882e-11,-2.8851553e-12,-0.00022530077,54815.94,54901.0
1.63168,0.46911166,4.999553,3.634657e-06,True,2,2.1676585e-11,-2.8868982e-12,-0.00022547454,54828.99,54914.0
1.63195,0.46914763,4.999696,3.6362624e-06,True,2,2.1687965e-11,-2.8886973e-12,-0.00022564848,54842.09,54928.0
1.63221,0.46919094,4.9999161,3.6379266e-06,True,2,2.1699962e-11,-2.8901156e-12,-0.00022582258,54855.16,54941.0
1.63247,0.46924247,5.000223,3.6396564e-06,True,2,2.1712486e-11,-2.8906352e-12,-0.00022599685,54868.23,54954.0
1.63273,0.46930336,5.0006291,3.6414609e-06,True,2,2.1725892e-11,-2.8911786e-12,-0.00022617127,54881.37,54967.0
1.63299,0.46937485,5.0011477,3.6433497e-06,True,2,2.1739656e-11,-2.8922129e-12,-0.00022634584,54894.37,54980.0
1.63326,0.46920283,4.9990696,3.6433497e-06,True,2,2.1731635e-11,-2.8901056e-12,-0.00022652058,54907.43,54993.0
1.63352,0.46928632,4.9997142,3.6453351e-06,True,2,2.1747082e-11,-2.890874e-12,-0.00022669547,54920.52,55006.0
1.63378,0.46938396,5.000509,3.6474326e-06,True,2,2.1763878e-11,-2.8917249e-12,-0.00022687052,54933.61,55019.0
1.63404,0.46949868,5.0014855,3.6496648e-06,True,2,2.1798146e-11,-2.885089e-12,-0.00022704572,54946.87,55033.0
1.63431,0.46932602,4.9993992,3.6496648e-06,True,2,2.1773666e-11,-2.8909727e-12,-0.00022722109,54960.02,55046.0
1.63457,0.46946114,5.0005918,3.6520596e-06,True,2,2.1794003e-11,-2.8921486e-12,-0.00022739662,54973.23,55059.0
1.63483,0.46928825,4.9985029,3.6520596e-06,True,2,2.1785397e-11,-2.8902675e-12,-0.00022757229,54986.35,55072.0
1.6351,0.46944708,4.9999507,3.6546589e-06,True,2,2.1817242e-11,-2.8936593e-12,-0.00022774822,54999.52,55085.0
1.63536,0.46963518,5.0017171,3.6575186e-06,True,2,2.1842565e-11,-2.8951184e-12,-0.00022792439,55012.74,55099.0
1.63562,0.4694558,4.9995652,3.6575186e-06,True,2,2.1833224e-11,-2.8930807e-12,-0.00022810076,55025.86,55112.0
1.63589,0.46968907,5.0018079,3.6607354e-06,True,2,2.1863227e-11,-2.8953697e-12,-0.00022827725,55038.97,55125.0
1.63615,0.46950931,4.9996483,3.6607354e-06,True,2,2.1854144e-11,-2.8940657e-12,-0.00022845396,55052.05,55138.0
1.63641,0.46932953,4.9974885,3.6607354e-06,True,2,2.1845111e-11,-2.8921192e-12,-0.00022863077,55065.15,55151.0
1.63668,0.46962928,5.0004324,3.6644785e-06,True,2,2.1881333e-11,-2.8951178e-12,-0.00022880784,55078.24,55164.0
1.63694,0.46944912,4.9982653,3.6644785e-06,True,2,2.187222e-11,-2.8929741e-12,-0.00022898501,55091.31,55177.0
1.6372,0.46986514,5.0024456,3.6691347e-06,True,2,2.1919811e-11,-2.897035e-12,-0.00022916235,55104.4,55190.0
1.63747,0.4696845,5.0002703,3.6691347e-06,True,2,2.1910628e-11,-2.89507e-12,-0.00022933991,55117.48,55203.0
1.63773,0.46950384,4.9980954,3.6691347e-06,True,2,2.1901648e-11,-2.8929189e-12,-0.00022951758,55130.63,55217.0
1.638,0.46932316,4.9959208,3.6691347e-06,True,2,2.1891106e-11,-2.8918376e-12,-0.00022969533,55143.82,55230.0
1.63826,0.47004097,5.0033086,3.6761637e-06,True,2,2.1968723e-11,-2.8989549e-12,-0.00022987338,55157.1,55243.0
1.63853,0.46985959,5.0011224,3.6761637e-06,True,2,2.195794e-11,-2.8973482e-12,-0.00023005164,55170.24,55256.0
1.63879,0.46967819,4.9989371,3.6761637e-06,True,2,2.1948965e-11,-2.8955022e-12,-0.00023022996,55183.45,55269.0
1.63906,0.46949679,4.9967526,3.6761637e-06,True,2,2.1940028e-11,-2.8935104e-12,-0.00023040839,55196.71,55283.0
1.63932,0.46931539,4.9945684,3.6761637e-06,True,2,2.1930987e-11,-2.8912054e-12,-0.00023058692,55210.2,55296.0
1.63958,0.46913398,4.9923845,3.6761637e-06,True,2,2.1921916e-11,-2.8889339e-12,-0.00023076554,55223.59,55310.0
1.63985,0.46895256,4.9902009,3.6761637e-06,True,2,2.1912812e-11,-2.8866175e-12,-0.00023094427,55236.72,55323.0
1.64011,0.46993106,5.0003638,3.6852808e-06,True,2,2.2067352e-11,-2.8638192e-12,-0.00023112334,55249.99,55336.0
1.64038,0.46991824,4.9999785,3.6866578e-06,True,2,2.2072803e-11,-2.8635407e-12,-0.00023130286,55263.14,55349.0
1.64065,0.46990728,4.9996109,3.6880513e-06,True,2,2.2079856e-11,-2.8629028e-12,-0.00023148256,55276.37,55363.0
1.64091,0.46998893,5.0002275,3.6901742e-06,True,2,2.2096187e-11,-2.8641038e-12,-0.00023166244,55289.58,55376.0
1.64118,0.46998303,4.9999108,3.6916119e-06,True,2,2.2104134e-11,-2.8641832e-12,-0.00023184249,55302.78,55389.0
1.64144,0.46997932,4.9996157,3.6930686e-06,True,2,2.2112126e-11,-2.8638947e-12,-0.00023202273,55315.89,55402.0
1.64171,0.4700727,5.000352,3.6952903e-06,True,2,2.2129119e-11,-2.8645084e-12,-0.00023220314,55329.02,55415.0
1.64197,0.47007485,5.000116,3.696797e-06,True,2,2.2137889e-11,-2.8639656e-12,-0.00023238373,55342.15,55428.0
1.64224,0.47007946,4.9999052,3.6983251e-06,True,2,2.2146821e-11,-2.8635448e-12,-0.0002325645,55355.3,55442.0
1.64251,0.47008665,4.9997209,3.6998757e-06,True,2,2.2156025e-11,-2.8631151e-12,-0.00023274544,55368.37,55455.0
1.64277,0.47009652,4.9995645,3.7014494e-06,True,2,2.2165463e-11,-2.8626647e-12,-0.00023292657,55381.5,55468.0
1.64304,0.47010923,4.9994376,3.7038562e-06,True,2,2.2185388e-11,-2.8628578e-12,-0.00023310787,55394.64,55481.0
1.64331,0.47022914,5.0004505,3.7054927e-06,True,2,2.2194757e-11,-2.8630344e-12,-0.00023328935,55407.71,55494.0
1.64357,0.47024962,5.0004048,3.7071566e-06,True,2,2.2205296e-11,-2.8625813e-12,-0.00023347099,55420.92,55507.0
1.64384,0.47027345,5.0003942,3.7088491e-06,True,2,2.2216258e-11,-2.862109e-12,-0.00023365283,55434.14,55521.0
1.64411,0.47030082,5.0004208,3.7105715e-06,True,2,2.2227264e-11,-2.861856e-12,-0.00023383484,55447.3,55534.0
1.64437,0.4703319,5.0004862,3.7123254e-06,True,2,2.2238819e-11,-2.8615992e-12,-0.00023401704,55460.39,55547.0
1.64464,0.4702532,4.9993837,3.7141123e-06,True,2,2.2251664e-11,-2.8607251e-12,-0.00023419941,55473.58,55560.0
1.64491,0.47029017,4.999511,3.7150189e-06,True,2,2.2252501e-11,-2.8597772e-12,-0.00023438197,55486.69,55573.0
1.64518,0.47032752,4.9996489,3.7168592e-06,True,2,2.2274658e-11,-2.8609476e-12,-0.00023456485,55499.85,55586.0
1.64544,0.47036719,4.9998137,3.7187371e-06,True,2,2.2286873e-11,-2.8604006e-12,-0.00023474796,55512.98,55600.0
1.64571,0.47041152,5.0000254,3.7206545e-06,True,2,2.2299725e-11,-2.8599163e-12,-0.00023493126,55526.09,55613.0
1.64598,0.47046081,5.0002879,3.7226139e-06,True,2,2.2313436e-11,-2.8601567e-12,-0.00023511475,55539.26,55626.0
1.64625,0.47051544,5.0006054,3.724618e-06,True,2,2.2329261e-11,-2.8597126e-12,-0.00023529843,55552.42,55639.0
1.64652,0.47044547,4.9995965,3.7256379e-06,True,2,2.2329825e-11,-2.8591598e-12,-0.0002354823,55565.59,55652.0
1.64679,0.47050873,5.0000024,3.727715e-06,True,2,2.2344743e-11,-2.859015e-12,-0.00023566636,55578.72,55665.0
1.64705,0.47057832,5.0004743,3.7298449e-06,True,2,2.2360283e-11,-2.8590388e-12,-0.00023585061,55591.86,55679.0
1.64732,0.47051594,4.9995423,3.7309311e-06,True,2,2.2363197e-11,-2.857806e-12,-0.00023603505,55604.99,55692.0
1.64759,0.47059592,5.0001226,3.7331483e-06,True,2,2.237995e-11,-2.8577638e-12,-0.00023621969,55618.11,55705.0
1.64786,0.47053884,4.9992455,3.7342806e-06,True,2,2.238333e-11,-2.8564527e-12,-0.00023640451,55631.29,55718.0
1.64813,0.47063056,4.9999488,3.7365962e-06,True,2,2.2401226e-11,-2.8564415e-12,-0.00023658952,55644.42,55731.0
1.6484,0.47073111,5.0007453,3.7389847e-06,True,2,2.2428398e-11,-2.8524346e-12,-0.00023677472,55657.52,55744.0
1.64867,0.47068474,4.9999801,3.7402086e-06,True,2,2.2424405e-11,-2.855238e-12,-0.00023696012,55670.62,55757.0
1.64894,0.47064076,4.9992398,3.7414533e-06,True,2,2.2429095e-11,-2.8539449e-12,-0.0002371457,55683.68,55770.0
1.64921,0.47076145,5.0002484,3.7440095e-06,True,2,2.2449985e-11,-2.8540431e-12,-0.00023733149,55696.84,55784.0
1.64948,0.47072565,4.999594,3.7453237e-06,True,2,2.2455584e-11,-2.8527266e-12,-0.00023751746,55709.98,55797.0
1.64975,0.47086465,5.0007966,3.7480311e-06,True,2,2.2477683e-11,-2.8533026e-12,-0.00023770362,55723.15,55810.0
1.65002,0.47083835,5.0002423,3.7494275e-06,True,2,2.250652e-11,-2.8556979e-12,-0.00023789,55736.4,55823.0
1.65029,0.4708098,4.9996745,3.7508543e-06,True,2,2.2515127e-11,-2.8547331e-12,-0.00023807676,55749.66,55837.0
1.65056,0.470785,4.9991443,3.7523132e-06,True,2,2.2513131e-11,-2.8508941e-12,-0.00023826373,55762.81,55850.0
1.65083,0.47095617,5.000693,3.7553372e-06,True,2,2.2533656e-11,-2.8499628e-12,-0.00023845089,55776.05,55863.0
1.6511,0.47094459,5.0002987,3.7569072e-06,True,2,2.2542272e-11,-2.8492713e-12,-0.00023863824,55789.25,55876.0
1.65137,0.47093805,4.9999561,3.7585196e-06,True,2,2.2551301e-11,-2.8482795e-12,-0.0002388258,55802.68,55890.0
1.65164,0.47093701,4.9996705,3.7601782e-06,True,2,2.2560761e-11,-2.8469022e-12,-0.00023901356,55815.99,55903.0
1.65191,0.470942,4.9994476,3.7618874e-06,True,2,2.2570835e-11,-2.8455963e-12,-0.00023920152,55829.1,55916.0
1.65218,0.47095349,4.9992925,3.7636511e-06,True,2,2.2581539e-11,-2.8444351e-12,-0.00023938969,55842.28,55929.0
1.65245,0.47097226,4.9992138,3.7654754e-06,True,2,2.2592908e-11,-2.8432616e-12,-0.00023957806,55855.4,55942.0
1.65272,0.47099906,4.9992194,3.7673667e-06,True,2,2.2605032e-11,-2.842055e-12,-0.00023976663,55868.56,55956.0
1.65299,0.47103491,4.9993202,3.7693329e-06,True,2,2.2617994e-11,-2.8408797e-12,-0.00023995542,55881.72,55969.0
1.65326,0.47108083,4.9995273,3.7713826e-06,True,2,2.2631905e-11,-2.8397732e-12,-0.0002401444,55894.88,55982.0
1.65354,0.47113835,4.9998567,3.7735279e-06,True,2,2.2646936e-11,-2.8387178e-12,-0.0002403336,55908.03,55995.0
1.65381,0.47120911,5.0003261,3.7757821e-06,True,2,2.2663319e-11,-2.837704e-12,-0.000240523,55921.15,56008.0
1.65408,0.47129548,5.0009608,3.7781643e-06,True,2,2.268132e-11,-2.8367657e-12,-0.0002407126,55934.29,56022.0
1.65435,0.47108445,4.9984386,3.7781643e-06,True,2,2.2670078e-11,-2.8333914e-12,-0.0002409024,55947.44,56035.0
1.65462,0.4711891,4.9992658,3.7806982e-06,True,2,2.2689822e-11,-2.8325826e-12,-0.00024109243,55960.59,56048.0
1.6549,0.47131628,5.0003316,3.7834162e-06,True,2,2.2711701e-11,-2.8318005e-12,-0.00024128266,55973.75,56061.0
1.65517,0.47146784,5.001663,3.7863628e-06,True,2,2.2746745e-11,-2.8322557e-12,-0.00024147321,55986.9,56074.0
1.65544,0.47124972,4.9990734,3.7863628e-06,True,2,2.2734464e-11,-2.8282396e-12,-0.00024166408,56000.05,56087.0
1.65571,0.47143405,5.0007515,3.789599e-06,True,2,2.2878736e-11,-2.6550734e-12,-0.00024185514,56013.2,56101.0
1.65599,0.47121548,4.9981537,3.789599e-06,True,2,2.2866836e-11,-2.6521606e-12,-0.00024204639,56026.34,56114.0
1.65626,0.4714483,5.000342,3.7932324e-06,True,2,2.290018e-11,-2.6533804e-12,-0.0002422379,56039.5,56127.0
1.65653,0.47122928,4.9977363,3.7932324e-06,True,2,2.2889521e-11,-2.6526111e-12,-0.00024242956,56052.66,56140.0
1.65681,0.47153399,5.0006833,3.7974518e-06,True,2,2.2931593e-11,-2.6570527e-12,-0.00024262152,56065.79,56153.0
1.65708,0.47131446,4.9980694,3.7974518e-06,True,2,2.292093e-11,-2.6562846e-12,-0.00024281364,56078.9,56166.0
1.65735,0.47174278,5.0023251,3.8026752e-06,True,2,2.2975734e-11,-2.6616853e-12,-0.000243006,56092.05,56180.0
1.65763,0.47152262,4.9997018,3.8026752e-06,True,2,2.2964955e-11,-2.6609868e-12,-0.00024319862,56105.22,56193.0
1.6579,0.47130243,4.997079,3.8026752e-06,True,2,2.2954324e-11,-2.6601188e-12,-0.00024339138,56118.33,56206.0
1.65817,0.47203768,5.004588,3.8103886e-06,True,2,2.3040531e-11,-2.6682627e-12,-0.00024358434,56131.46,56219.0
1.65845,0.47181658,5.0019505,3.8103886e-06,True,2,2.3029426e-11,-2.6678726e-12,-0.00024377772,56144.57,56232.0
1.65872,0.47159546,4.9993149,3.8103886e-06,True,2,2.3018747e-11,-2.6670561e-12,-0.00024397123,56157.65,56245.0
1.659,0.47137434,4.9966806,3.8103886e-06,True,2,2.3008055e-11,-2.666237e-12,-0.00024416487,56170.81,56258.0
1.65927,0.47115321,4.9940469,3.8103886e-06,True,2,2.2997388e-11,-2.6653939e-12,-0.00024435864,56183.95,56272.0
1.65955,0.47093208,4.9914137,3.8103886e-06,True,2,2.2986661e-11,-2.6644441e-12,-0.00024455254,56197.19,56285.0
1.65982,0.47071094,4.988781,3.8103886e-06,True,2,2.2975928e-11,-2.6635181e-12,-0.00024474657,56210.36,56298.0
1.6601,0.47181898,5.0002388,3.8211718e-06,True,2,2.3111989e-11,-2.6763308e-12,-0.00024494098,56223.53,56311.0
1.66037,0.47186442,5.0004345,3.8233927e-06,True,2,2.3133128e-11,-2.6759331e-12,-0.00024513602,56236.68,56324.0
1.66065,0.47182058,4.9996822,3.8248936e-06,True,2,2.3135448e-11,-2.6798535e-12,-0.00024533131,56249.89,56338.0
1.66092,0.47187281,4.9999466,3.8271764e-06,True,2,2.3152874e-11,-2.6817903e-12,-0.00024552683,56263.06,56351.0
1.6612,0.4719295,5.0002566,3.8294988e-06,True,2,2.3170848e-11,-2.6837218e-12,-0.00024572259,56276.16,56364.0
1.66147,0.47189326,4.99958,3.83107e-06,True,2,2.3179468e-11,-2.6847127e-12,-0.00024591859,56289.27,56377.0
1.66175,0.47195784,4.9999701,3.8334627e-06,True,2,2.3198359e-11,-2.6866648e-12,-0.00024611482,56302.43,56390.0
1.66202,0.47202755,5.0004132,3.8359004e-06,True,2,2.3217469e-11,-2.688848e-12,-0.00024631129,56315.57,56403.0
1.6623,0.47200011,4.9998254,3.8375519e-06,True,2,2.3227558e-11,-2.6896444e-12,-0.000246508,56328.73,56417.0
1.66258,0.47207894,5.000363,3.8400706e-06,True,2,2.324798e-11,-2.6917465e-12,-0.00024670494,56341.87,56430.0
1.66285,0.47205769,4.9998393,3.8417787e-06,True,2,2.3258761e-11,-2.6925264e-12,-0.00024690213,56355.04,56443.0
1.66313,0.47214653,5.0004814,3.8443859e-06,True,2,2.3281733e-11,-2.6937634e-12,-0.00024709955,56368.22,56456.0
1.66341,0.47213214,5.000029,3.8461559e-06,True,2,2.3291599e-11,-2.6955721e-12,-0.00024729721,56381.4,56469.0
1.66368,0.47212067,4.9996071,3.8479525e-06,True,2,2.3303055e-11,-2.6966327e-12,-0.00024749511,56394.54,56482.0
1.66396,0.47222551,5.0004167,3.8507005e-06,True,2,2.3326213e-11,-2.698942e-12,-0.00024769324,56407.73,56496.0
1.66424,0.47222213,5.0000792,3.8525694e-06,True,2,2.3338985e-11,-2.6998138e-12,-0.00024789162,56420.92,56509.0
1.66452,0.47222223,4.9997781,3.8544696e-06,True,2,2.3351884e-11,-2.7008753e-12,-0.00024809024,56434.13,56522.0
1.66479,0.47222597,4.9995152,3.8564024e-06,True,2,2.3365197e-11,-2.7019473e-12,-0.00024828909,56447.35,56535.0
1.66507,0.47235402,5.0005708,3.8593665e-06,True,2,2.3410228e-11,-2.7013138e-12,-0.00024848825,56460.52,56549.0
1.66535,0.47236151,5.0003574,3.8613879e-06,True,2,2.3416945e-11,-2.7064773e-12,-0.00024868779,56473.72,56562.0
1.66563,0.4723732,5.0001857,3.8634474e-06,True,2,2.3431137e-11,-2.7078208e-12,-0.00024888759,56486.85,56575.0
1.66591,0.47238943,5.0000597,3.8655474e-06,True,2,2.3445938e-11,-2.7091225e-12,-0.00024908764,56499.97,56588.0
1.66618,0.47241042,4.9999821,3.8676899e-06,True,2,2.3461384e-11,-2.7104005e-12,-0.00024928793,56513.11,56601.0
1.66646,0.47243654,4.9999572,3.8698779e-06,True,2,2.3477395e-11,-2.7117219e-12,-0.00024948848,56526.28,56614.0
1.66674,0.47246815,4.9999885,3.8721142e-06,True,2,2.3493978e-11,-2.7131286e-12,-0.00024968928,56539.4,56628.0
1.66702,0.47250557,5.00008,3.8744018e-06,True,2,2.3510958e-11,-2.7146848e-12,-0.00024989033,56552.59,56641.0
1.6673,0.47254917,5.0002356,3.8767436e-06,True,2,2.3528607e-11,-2.7162757e-12,-0.00025009162,56565.71,56654.0
1.66758,0.47259953,5.0004618,3.8791445e-06,True,2,2.3547067e-11,-2.7178632e-12,-0.00025029317,56578.91,56667.0
1.66786,0.4725061,4.9991655,3.8816084e-06,True,2,2.3566862e-11,-2.7186347e-12,-0.00025049495,56592.08,56680.0
1.66814,0.47256735,4.9995052,3.8828654e-06,True,2,2.3570664e-11,-2.7195763e-12,-0.00025069699,56605.17,56693.0
1.66842,0.47263672,4.9999303,3.8854331e-06,True,2,2.3591628e-11,-2.7210987e-12,-0.00025089926,56618.27,56707.0
1.6687,0.47271487,5.0004476,3.8880773e-06,True,2,2.365236e-11,-2.7280077e-12,-0.00025110174,56631.4,56720.0
1.66898,0.47263572,4.9992999,3.8894301e-06,True,2,2.3623345e-11,-2.7231985e-12,-0.00025130455,56644.5,56733.0
1.66926,0.47272861,4.9999721,3.8922025e-06,True,2,2.3643312e-11,-2.7242859e-12,-0.00025150756,56657.67,56746.0
1.66954,0.47283273,5.0007629,3.8950715e-06,True,2,2.3667763e-11,-2.7263268e-12,-0.00025171081,56670.8,56759.0
1.66982,0.47276705,4.9997564,3.8965452e-06,True,2,2.3675302e-11,-2.726369e-12,-0.00025191432,56683.98,56772.0
1.6701,0.47288794,5.0007273,3.8995778e-06,True,2,2.3714117e-11,-2.7291838e-12,-0.00025211816,56697.13,56786.0
1.67038,0.47282588,4.9997689,3.9011402e-06,True,2,2.3721507e-11,-2.7298351e-12,-0.00025232238,56710.36,56799.0
1.67066,0.47296477,5.0009336,3.9043646e-06,True,2,2.3752283e-11,-2.7308371e-12,-0.00025252686,56723.51,56812.0
1.67094,0.47291441,5.0000939,3.906031e-06,True,2,2.3758846e-11,-2.7328743e-12,-0.00025273161,56736.71,56825.0
1.67122,0.47286844,4.9992989,3.9077367e-06,True,2,2.3768214e-11,-2.7335232e-12,-0.00025293663,56749.87,56838.0
1.6715,0.47304414,5.0008464,3.9112785e-06,True,2,2.3800948e-11,-2.7361375e-12,-0.00025314191,56763.02,56852.0
1.67179,0.4730138,5.0002129,3.9131208e-06,True,2,2.3812169e-11,-2.7368753e-12,-0.00025334746,56776.18,56865.0
1.67207,0.47298952,4.9996425,3.9150167e-06,True,2,2.3823994e-11,-2.7376762e-12,-0.00025355327,56789.35,56878.0
1.67235,0.47297179,4.9991403,3.9169703e-06,True,2,2.3836669e-11,-2.738456e-12,-0.00025375935,56802.5,56891.0
1.67263,0.47296129,4.9987136,3.9189873e-06,True,2,2.3850195e-11,-2.7392616e-12,-0.00025396569,56815.65,56904.0
1.67291,0.47321962,5.0011279,3.9232368e-06,True,2,2.3891936e-11,-2.7425826e-12,-0.00025417231,56828.78,56917.0
1.6732,0.47323613,5.0009847,3.9254864e-06,True,2,2.3908397e-11,-2.7436481e-12,-0.0002543792,56841.94,56931.0
1.67348,0.47326384,5.0009594,3.9278328e-06,True,2,2.3926021e-11,-2.7448444e-12,-0.00025458635,56855.14,56944.0
1.67376,0.47330434,5.0010685,3.9302892e-06,True,2,2.3945036e-11,-2.7461551e-12,-0.00025479377,56868.3,56957.0
1.67405,0.4733595,5.0013322,3.9328715e-06,True,2,2.3965693e-11,-2.7475812e-12,-0.00025500145,56881.46,56970.0
1.67433,0.47310353,4.9983073,3.9328715e-06,True,2,2.3953605e-11,-2.7461732e-12,-0.00025520941,56894.65,56983.0
1.67461,0.47317551,4.9987475,3.9356008e-06,True,2,2.3976174e-11,-2.7477149e-12,-0.00025541765,56907.81,56997.0
1.6749,0.47326828,4.9994068,3.9385074e-06,True,2,2.4001032e-11,-2.7494156e-12,-0.00025562615,56920.97,57010.0
1.67518,0.47338198,5.0002937,3.9416258e-06,True,2,2.4056043e-11,-2.7394167e-12,-0.00025583557,56934.13,57023.0
1.67546,0.47352409,5.0014836,3.9450063e-06,True,2,2.4086318e-11,-2.7416832e-12,-0.00025604534,56947.28,57036.0
1.67575,0.47325999,4.9983789,3.9450063e-06,True,2,2.4073395e-11,-2.7404034e-12,-0.00025625541,56960.4,57049.0
1.67603,0.47344145,4.9999786,3.9487245e-06,True,2,2.4107987e-11,-2.7430081e-12,-0.00025646578,56973.59,57062.0
1.67632,0.47367798,5.002159,3.9529074e-06,True,2,2.4148736e-11,-2.7459047e-12,-0.00025667638,56986.78,57076.0
1.6766,0.47341275,4.9990365,3.9529074e-06,True,2,2.4135963e-11,-2.7445669e-12,-0.00025688733,57000.11,57089.0
1.67689,0.4737308,5.0020736,3.9577816e-06,True,2,2.4185479e-11,-2.7482405e-12,-0.00025709851,57013.29,57102.0
1.67717,0.47346489,4.9989417,3.9577816e-06,True,2,2.4172601e-11,-2.7468853e-12,-0.00025731002,57026.56,57115.0
1.67746,0.47392578,5.0034852,3.9638611e-06,True,2,2.4237537e-11,-2.7516717e-12,-0.00025752172,57039.81,57129.0
1.67774,0.47365901,5.0003411,3.9638611e-06,True,2,2.4224703e-11,-2.7503728e-12,-0.00025773386,57052.97,57142.0
1.67803,0.47339222,4.9971985,3.9638611e-06,True,2,2.4212115e-11,-2.7487458e-12,-0.00025794615,57066.18,57155.0
1.67831,0.47423081,5.0057286,3.9731224e-06,True,2,2.4330885e-11,-2.7487223e-12,-0.00025815862,57079.32,57168.0
1.6786,0.47396274,5.002566,3.9731224e-06,True,2,2.4304729e-11,-2.7556101e-12,-0.00025837171,57092.47,57181.0
1.67888,0.47369466,4.9994069,3.9731224e-06,True,2,2.4292129e-11,-2.7539283e-12,-0.00025858495,57105.68,57195.0
1.67917,0.47342657,4.9962496,3.9731224e-06,True,2,2.427948e-11,-2.7522629e-12,-0.00025879836,57118.83,57208.0
1.67946,0.47315847,4.9930932,3.9731224e-06,True,2,2.4266765e-11,-2.7506617e-12,-0.00025901191,57132.07,57221.0
1.67974,0.47289037,4.9899376,3.9731224e-06,True,2,2.4253962e-11,-2.7491063e-12,-0.00025922562,57145.26,57234.0
1.68003,0.47382878,4.9995169,3.9832703e-06,True,2,2.4383765e-11,-2.7583794e-12,-0.00025943957,57158.37,57247.0
1.68031,0.47393331,5.0002961,3.9864719e-06,True,2,2.4410501e-11,-2.7610379e-12,-0.00025965444,57171.49,57261.0
1.6806,0.47394706,5.0001163,3.9889151e-06,True,2,2.4428312e-11,-2.7620867e-12,-0.00025986961,57184.57,57274.0
1.68089,0.47396472,4.9999762,3.991396e-06,True,2,2.4446482e-11,-2.763202e-12,-0.00026008508,57197.67,57287.0
1.68118,0.47398651,4.999878,3.9939164e-06,True,2,2.4465166e-11,-2.764313e-12,-0.00026030086,57210.8,57300.0
1.68146,0.47401264,4.9998239,3.9964779e-06,True,2,2.448445e-11,-2.7654258e-12,-0.00026051693,57223.9,57313.0
1.68175,0.47404331,4.9998159,3.9990823e-06,True,2,2.4504376e-11,-2.7665279e-12,-0.00026073331,57237.0,57326.0
1.68204,0.4740788,4.9998572,4.0017319e-06,True,2,2.4524866e-11,-2.76768e-12,-0.00026094999,57250.12,57339.0
1.68233,0.47411932,4.9999503,4.0044287e-06,True,2,2.4546029e-11,-2.7688364e-12,-0.00026116697,57263.22,57352.0
1.68262,0.47416514,5.0000983,4.0071753e-06,True,2,2.4567869e-11,-2.7699738e-12,-0.00026138426,57276.33,57366.0
1.68291,0.47421654,5.0003044,4.0099741e-06,True,2,2.4590302e-11,-2.7711829e-12,-0.00026160185,57289.44,57379.0
1.68319,0.4741607,4.9993787,4.0128283e-06,True,2,2.4613831e-11,-2.7717861e-12,-0.00026181974,57302.53,57392.0
1.68348,0.47422204,4.9996882,4.0147631e-06,True,2,2.4624847e-11,-2.772691e-12,-0.00026203794,57315.63,57405.0
1.68377,0.47428995,5.0000664,4.0177164e-06,True,2,2.4649209e-11,-2.7740063e-12,-0.00026225645,57328.76,57418.0
1.68406,0.47436485,5.0005177,4.0207341e-06,True,2,2.467586e-11,-2.7744796e-12,-0.00026247526,57341.91,57431.0
1.68435,0.47432499,4.9997582,4.0227837e-06,True,2,2.4687205e-11,-2.7757476e-12,-0.00026269439,57355.05,57444.0
1.68464,0.47441246,5.0003408,4.0259179e-06,True,2,2.4713861e-11,-2.7772414e-12,-0.00026291381,57368.25,57458.0
1.68493,0.47438123,4.9996712,4.0280495e-06,True,2,2.472772e-11,-2.7776843e-12,-0.00026313355,57381.44,57471.0
1.68522,0.47447791,5.0003582,4.0313138e-06,True,2,2.4771166e-11,-2.7795674e-12,-0.00026335377,57394.59,57484.0
1.68551,0.47444964,4.9997285,4.0335365e-06,True,2,2.4835429e-11,-2.783595e-12,-0.00026357432,57407.81,57497.0
1.6858,0.47456024,5.00056,4.0369447e-06,True,2,2.4862424e-11,-2.7854808e-12,-0.00026379523,57420.93,57510.0
1.68609,0.47454283,5.0000398,4.0392695e-06,True,2,2.4877902e-11,-2.7856808e-12,-0.00026401647,57434.02,57524.0
1.68638,0.47453012,4.9995673,4.0416389e-06,True,2,2.4894214e-11,-2.7862264e-12,-0.00026423802,57447.1,57537.0
1.68667,0.47466632,5.0006623,4.0452821e-06,True,2,2.4928808e-11,-2.7869175e-12,-0.00026445989,57460.2,57550.0
1.68697,0.47466684,5.0003258,4.0477747e-06,True,2,2.494462e-11,-2.7885516e-12,-0.00026468209,57473.35,57563.0
1.68726,0.47467318,5.0000494,4.0503217e-06,True,2,2.4961966e-11,-2.7890857e-12,-0.00026490461,57486.41,57576.0
1.68755,0.4746857,4.9998368,4.0529265e-06,True,2,2.4978818e-11,-2.7895793e-12,-0.00026512746,57499.53,57589.0
1.68784,0.4747049,4.9996937,4.0555934e-06,True,2,2.4995146e-11,-2.7900501e-12,-0.00026535063,57512.69,57602.0
1.68813,0.47473126,4.9996254,4.0583269e-06,True,2,2.5011033e-11,-2.7905676e-12,-0.00026557412,57525.81,57615.0
1.68843,0.47476535,4.9996376,4.0611316e-06,True,2,2.5026618e-11,-2.7910767e-12,-0.00026579793,57538.95,57629.0
1.68872,0.47480771,4.9997362,4.0640125e-06,True,2,2.5042341e-11,-2.791623e-12,-0.00026602207,57552.14,57642.0
1.68901,0.47485919,4.9999303,4.0669769e-06,True,2,2.5058905e-11,-2.7922553e-12,-0.00026624654,57565.29,57655.0
1.6893,0.47492055,5.0002278,4.0700315e-06,True,2,2.5077065e-11,-2.7929901e-12,-0.00026647133,57578.45,57668.0
1.6896,0.4749927,5.0006383,4.0731844e-06,True,2,2.5097718e-11,-2.793903e-12,-0.00026669644,57591.58,57681.0
1.68989,0.47488512,4.9991557,4.0748007e-06,True,2,2.5102016e-11,-2.7934869e-12,-0.00026692188,57604.73,57695.0
1.69018,0.47497142,4.9997209,4.0781205e-06,True,2,2.5144551e-11,-2.7945303e-12,-0.0002671478,57617.92,57708.0
1.69048,0.47506883,5.0004057,4.0815645e-06,True,2,2.5173951e-11,-2.796034e-12,-0.00026737413,57630.98,57721.0
1.69077,0.47497113,4.9990333,4.0833375e-06,True,2,2.5181776e-11,-2.7958595e-12,-0.0002676008,57644.09,57734.0
1.69107,0.47509196,4.9999591,4.0869952e-06,True,2,2.5214172e-11,-2.797314e-12,-0.00026782781,57657.16,57747.0
1.69136,0.47523122,5.0010771,4.090818e-06,True,2,2.5251399e-11,-2.7972325e-12,-0.00026805515,57670.27,57760.0
1.69165,0.47515583,4.9999332,4.092799e-06,True,2,2.5259467e-11,-2.7986717e-12,-0.00026828285,57683.33,57773.0
1.69195,0.47508576,4.9988443,4.0948302e-06,True,2,2.5270828e-11,-2.798484e-12,-0.00026851088,57696.4,57786.0
1.69224,0.47527019,5.0004322,4.0990612e-06,True,2,2.5310821e-11,-2.8002387e-12,-0.00026873926,57709.56,57799.0
1.69254,0.47521942,4.9995434,4.1012697e-06,True,2,2.5324556e-11,-2.8001423e-12,-0.00026896799,57722.74,57813.0
1.69284,0.47517618,4.9987335,4.1035482e-06,True,2,2.5339271e-11,-2.7999956e-12,-0.00026919705,57735.84,57826.0
1.69313,0.47542359,5.0009804,4.1083435e-06,True,2,2.5386597e-11,-2.8021158e-12,-0.00026942646,57749.04,57839.0
1.69343,0.47540858,5.0004654,4.1108779e-06,True,2,2.5404696e-11,-2.8021444e-12,-0.00026965622,57762.25,57852.0
1.69372,0.47540518,5.0000718,4.1135182e-06,True,2,2.5424176e-11,-2.8022172e-12,-0.00026988633,57775.33,57865.0
1.69402,0.47541486,4.9998153,4.1162771e-06,True,2,2.5445223e-11,-2.8023265e-12,-0.00027011678,57788.52,57879.0
1.69432,0.47543981,4.9997186,4.1191738e-06,True,2,2.5468092e-11,-2.8024923e-12,-0.00027034758,57801.69,57892.0
1.69461,0.47548244,4.9998073,4.1222296e-06,True,2,2.5493044e-11,-2.8027479e-12,-0.00027057873,57814.84,57905.0
1.69491,0.47554599,5.0001154,4.1254729e-06,True,2,2.552037e-11,-2.8031714e-12,-0.00027081023,57828.09,57918.0
1.69521,0.47562999,5.0006456,4.1289397e-06,True,2,2.556503e-11,-2.8032841e-12,-0.00027104226,57841.2,57931.0
1.6955,0.47574248,5.0014771,4.1326797e-06,True,2,2.5597968e-11,-2.8042638e-12,-0.0002712747,57854.27,57944.0
1.6958,0.47542387,4.9977726,4.1326797e-06,True,2,2.5582276e-11,-2.801923e-12,-0.00027150749,57867.35,57958.0
1.6961,0.47557487,4.999003,4.1367674e-06,True,2,2.5619803e-11,-2.8031979e-12,-0.00027174069,57880.44,57971.0
1.6964,0.47577821,5.0007817,4.1413183e-06,True,2,2.5663292e-11,-2.8048838e-12,-0.00027197424,57893.53,57984.0
1.6967,0.4754582,4.9970578,4.1413183e-06,True,2,2.564766e-11,-2.8024726e-12,-0.00027220809,57906.6,57997.0
1.69699,0.47573621,4.999617,4.146534e-06,True,2,2.5699714e-11,-2.8047835e-12,-0.00027244243,57919.69,58010.0
1.69729,0.47613673,5.0034646,4.1528262e-06,True,2,2.5765725e-11,-2.8078734e-12,-0.00027267699,57932.81,58023.0
1.69759,0.47581489,4.9997153,4.1528262e-06,True,2,2.5750049e-11,-2.8055728e-12,-0.00027291208,57945.94,58036.0
1.69789,0.47549303,4.9959683,4.1528262e-06,True,2,2.5734404e-11,-2.8030414e-12,-0.00027314736,57959.09,58049.0
1.69819,0.47614637,5.0024662,4.1613536e-06,True,2,2.5829535e-11,-2.8081788e-12,-0.00027338318,57972.27,58063.0
1.69849,0.47582314,4.9987022,4.1613536e-06,True,2,2.5813858e-11,-2.8056852e-12,-0.00027361933,57985.48,58076.0
1.69879,0.47549989,4.99494,4.1613536e-06,True,2,2.579812e-11,-2.8031597e-12,-0.00027385567,57998.66,58089.0
1.69909,0.47517663,4.9911792,4.1613536e-06,True,2,2.5782199e-11,-2.8007178e-12,-0.00027409219,58011.79,58102.0
1.69939,0.47485336,4.9874195,4.1613536e-06,True,2,2.576625e-11,-2.798278e-12,-0.0002743289,58024.92,58115.0
1.69969,0.47453008,4.9836606,4.1613536e-06,True,2,2.5750426e-11,-2.7957758e-12,-0.00027456579,58038.02,58128.0
1.69999,0.47420679,4.9799026,4.1613536e-06,True,2,2.573457e-11,-2.7932701e-12,-0.00027480287,58051.1,58142.0
1.70029,0.47616987,5.0001571,4.1814999e-06,True,2,2.5995745e-11,-2.807505e-12,-0.00027504142,58064.21,58155.0
1.70059,0.47614153,4.9994938,4.1841809e-06,True,2,2.6014142e-11,-2.8073962e-12,-0.00027528041,58077.3,58168.0
1.70089,0.4762209,4.9999603,4.1878157e-06,True,2,2.6045092e-11,-2.8079108e-12,-0.0002755198,58090.43,58181.0
1.70119,0.47630756,5.0005017,4.1915222e-06,True,2,2.6083757e-11,-2.8047968e-12,-0.00027575957,58103.51,58194.0
1.70149,0.47629377,4.9999867,4.1943518e-06,True,2,2.6097608e-11,-2.8081456e-12,-0.00027599973,58116.62,58207.0
1.7018,0.47628434,4.9995156,4.197226e-06,True,2,2.6118598e-11,-2.8079645e-12,-0.00027624028,58129.7,58220.0
1.7021,0.47639108,5.0002625,4.201131e-06,True,2,2.6152839e-11,-2.8087023e-12,-0.00027648122,58142.79,58233.0
1.7024,0.47639276,4.999905,4.204117e-06,True,2,2.6175069e-11,-2.808654e-12,-0.00027672256,58155.97,58247.0
1.7027,0.47639954,4.9996003,4.2071547e-06,True,2,2.6197843e-11,-2.8087566e-12,-0.00027696429,58169.13,58260.0
1.70301,0.47641165,4.9993507,4.2112896e-06,True,2,2.6235332e-11,-2.8090478e-12,-0.00027720641,58182.37,58273.0
1.70331,0.47654963,5.0004217,4.2144585e-06,True,2,2.6258925e-11,-2.8101286e-12,-0.00027744893,58195.66,58286.0
1.70361,0.47657567,5.0003169,4.2176883e-06,True,2,2.6284625e-11,-2.8100755e-12,-0.00027769184,58208.83,58300.0
1.70392,0.4766082,5.0002795,4.2209826e-06,True,2,2.6310779e-11,-2.8102274e-12,-0.00027793515,58222.0,58313.0
1.70422,0.47664761,5.0003138,4.2243452e-06,True,2,2.6337756e-11,-2.8104362e-12,-0.00027817886,58235.22,58326.0
1.70453,0.47669433,5.0004242,4.2277797e-06,True,2,2.6365388e-11,-2.8108379e-12,-0.00027842297,58248.39,58339.0
1.70483,0.47674891,5.000616,4.2312913e-06,True,2,2.6403064e-11,-2.8063238e-12,-0.00027866748,58261.54,58352.0
1.70514,0.47667292,4.9994428,4.2336771e-06,True,2,2.6424551e-11,-2.8090388e-12,-0.00027891252,58274.68,58365.0
1.70544,0.47673448,4.9997175,4.237327e-06,True,2,2.6454195e-11,-2.8096773e-12,-0.00027915809,58287.98,58379.0
1.70575,0.47680521,5.0000851,4.2410667e-06,True,2,2.6485136e-11,-2.810244e-12,-0.00027940408,58301.28,58392.0
1.70605,0.47688582,5.000554,4.2449027e-06,True,2,2.6516807e-11,-2.8111269e-12,-0.00027965049,58314.45,58405.0
1.70636,0.47682833,4.999572,4.247517e-06,True,2,2.6533844e-11,-2.8103046e-12,-0.00027989731,58327.57,58418.0
1.70666,0.47692699,5.0002258,4.2515297e-06,True,2,2.6568673e-11,-2.810781e-12,-0.00028014456,58340.64,58432.0
1.70697,0.47688206,4.9993721,4.2542701e-06,True,2,2.6586819e-11,-2.8102666e-12,-0.00028039222,58353.73,58445.0
1.70728,0.47700157,5.0002412,4.2584853e-06,True,2,2.6624361e-11,-2.8107767e-12,-0.00028064031,58366.9,58458.0
1.70758,0.47697115,4.9995371,4.26137e-06,True,2,2.6644479e-11,-2.8102488e-12,-0.00028088882,58379.97,58471.0
1.70789,0.47711485,5.0006577,4.2658186e-06,True,2,2.6684643e-11,-2.8110564e-12,-0.00028113776,58393.11,58484.0
1.7082,0.47710154,5.0001307,4.2688717e-06,True,2,2.6708103e-11,-2.8099183e-12,-0.00028138712,58406.23,58497.0
1.7085,0.47709584,4.9996831,4.2720003e-06,True,2,2.6731971e-11,-2.8091223e-12,-0.00028163691,58419.35,58510.0
1.70881,0.4770983,4.9993203,4.2752095e-06,True,2,2.6756723e-11,-2.8084016e-12,-0.00028188713,58432.41,58523.0
1.70912,0.47710965,4.99905,4.2785059e-06,True,2,2.6782547e-11,-2.8077322e-12,-0.00028213777,58445.46,58537.0
1.70943,0.47732387,5.000905,4.2836305e-06,True,2,2.6844722e-11,-2.801602e-12,-0.00028238885,58458.57,58550.0
1.70974,0.47736135,5.0009074,4.2871782e-06,True,2,2.6863776e-11,-2.8062616e-12,-0.00028264036,58471.65,58563.0
1.71005,0.47720449,4.998874,4.2908435e-06,True,2,2.6909115e-11,-2.8044164e-12,-0.00028289235,58484.74,58576.0
1.71035,0.47725324,4.9990043,4.292723e-06,True,2,2.691411e-11,-2.8042159e-12,-0.00028314499,58497.85,58589.0
1.71066,0.47731579,4.999276,4.2965837e-06,True,2,2.6946046e-11,-2.8040507e-12,-0.00028339808,58510.97,58602.0
1.71097,0.47739362,4.999705,4.3005911e-06,True,2,2.6980005e-11,-2.8038925e-12,-0.00028365162,58524.21,58615.0
1.71128,0.47748876,5.0003131,4.3047638e-06,True,2,2.7016269e-11,-2.8037333e-12,-0.00028390561,58537.43,58629.0
1.71159,0.47760348,5.0011242,4.3091225e-06,True,2,2.7058105e-11,-2.8017663e-12,-0.00028416009,58550.46,58642.0
1.7119,0.47748438,4.999484,4.3113798e-06,True,2,2.7065921e-11,-2.8022557e-12,-0.00028441507,58563.52,58655.0
1.71221,0.47763346,5.0006512,4.3160668e-06,True,2,2.7108983e-11,-2.8023451e-12,-0.00028467053,58576.68,58668.0
1.71252,0.4775329,4.9992028,4.3185066e-06,True,2,2.7122111e-11,-2.8010159e-12,-0.00028492645,58589.93,58681.0
1.71284,0.47772564,5.0008246,4.3236079e-06,True,2,2.717047e-11,-2.8013318e-12,-0.00028518285,58603.05,58694.0
1.71315,0.47764916,4.9996263,4.3262817e-06,True,2,2.7186679e-11,-2.8000994e-12,-0.00028543974,58616.21,58708.0
1.71346,0.47758229,4.9985284,4.3290496e-06,True,2,2.7204127e-11,-2.7988633e-12,-0.00028569708,58629.59,58721.0
1.71377,0.47785544,5.0009889,4.3349098e-06,True,2,2.720143e-11,-2.8469028e-12,-0.00028595492,58642.86,58734.0
1.71408,0.47782527,5.0002733,4.3380284e-06,True,2,2.7224756e-11,-2.8447731e-12,-0.00028621325,58656.01,58747.0
1.7144,0.47781053,4.9997187,4.341295e-06,True,2,2.7250171e-11,-2.8425901e-12,-0.00028647204,58669.14,58761.0
1.71471,0.47781397,4.999354,4.344735e-06,True,2,2.7278054e-11,-2.8403602e-12,-0.00028673132,58682.19,58774.0
1.71502,0.47783829,4.9992076,4.3483769e-06,True,2,2.7326776e-11,-2.8355012e-12,-0.00028699111,58695.24,58787.0
1.71533,0.4778809,4.9992629,4.3522559e-06,True,2,2.7359667e-11,-2.8335619e-12,-0.00028725163,58708.3,58800.0
1.71565,0.47795423,4.9996362,4.3564247e-06,True,2,2.7396648e-11,-2.8315753e-12,-0.00028751266,58721.47,58813.0
1.71596,0.47806586,5.0004074,4.3609532e-06,True,2,2.7438464e-11,-2.8296912e-12,-0.00028777417,58734.61,58826.0
1.71628,0.47822811,5.0017062,4.3659543e-06,True,2,2.7486963e-11,-2.8277164e-12,-0.00028803617,58747.72,58839.0
1.71659,0.47784177,4.9972641,4.3659543e-06,True,2,2.7467729e-11,-2.8237356e-12,-0.00028829865,58761.16,58853.0
1.7169,0.47807344,4.9992839,4.3716097e-06,True,2,2.7524807e-11,-2.822149e-12,-0.00028856171,58774.46,58866.0
1.71722,0.47841185,5.0024189,4.3782535e-06,True,2,2.7595441e-11,-2.8207324e-12,-0.00028882519,58787.6,58879.0
1.71754,0.47802329,4.9979495,4.3782535e-06,True,2,2.757605e-11,-2.8166695e-12,-0.00028908921,58800.81,58892.0
1.71785,0.47855648,5.0031179,4.3867057e-06,True,2,2.7671248e-11,-2.8157863e-12,-0.00028935369,58813.98,58906.0
1.71817,0.47816636,4.9986306,4.3867057e-06,True,2,2.7651824e-11,-2.811579e-12,-0.00028961875,58827.12,58919.0
1.71848,0.47777621,4.9941452,4.3867057e-06,True,2,2.7632624e-11,-2.8071437e-12,-0.00028988405,58840.42,58932.0
1.7188,0.47892038,5.005696,4.4008109e-06,True,2,2.7804127e-11,-2.8085148e-12,-0.00029015009,58853.56,58945.0
1.71912,0.47852769,5.0011788,4.4008109e-06,True,2,2.7784896e-11,-2.8041325e-12,-0.00029041681,58866.69,58958.0
1.71943,0.47813498,4.9966641,4.4008109e-06,True,2,2.7765588e-11,-2.7996046e-12,-0.00029068377,58879.89,58972.0
1.71975,0.47774226,4.9921518,4.4008109e-06,True,2,2.7746096e-11,-2.7952018e-12,-0.00029095096,58892.99,58985.0
1.72007,0.47857154,5.0004134,4.4120917e-06,True,2,2.7899399e-11,-2.790834e-12,-0.0002912186,58906.12,58998.0
1.72038,0.47859696,5.0002752,4.4160371e-06,True,2,2.793038e-11,-2.7895895e-12,-0.00029148742,58919.22,59011.0
1.7207,0.47862887,5.0002024,4.4200529e-06,True,2,2.7964702e-11,-2.7864605e-12,-0.00029175618,58932.33,59024.0
1.72102,0.47866761,5.0001987,4.4241426e-06,True,2,2.7999799e-11,-2.7835217e-12,-0.00029202542,58945.47,59037.0
1.72134,0.47871355,5.0002682,4.4283095e-06,True,2,2.8035923e-11,-2.7805651e-12,-0.00029229516,58958.61,59051.0
1.72166,0.47876716,5.0004157,4.4325582e-06,True,2,2.8074794e-11,-2.7765608e-12,-0.0002925654,58971.72,59064.0
1.72198,0.47871105,4.9994149,4.4358008e-06,True,2,2.8096841e-11,-2.774186e-12,-0.00029283616,58984.82,59077.0
1.7223,0.478779,4.9997085,4.4402031e-06,True,2,2.8135873e-11,-2.7712653e-12,-0.00029310742,58997.92,59090.0
1.72262,0.47885602,5.0000954,4.4447008e-06,True,2,2.8176341e-11,-2.7682268e-12,-0.00029337918,59011.04,59103.0
1.72294,0.47894264,5.0005813,4.4492992e-06,True,2,2.8226585e-11,-2.760476e-12,-0.00029365145,59024.15,59116.0
1.72326,0.47891191,4.9998407,4.452818e-06,True,2,2.8245667e-11,-2.7615118e-12,-0.00029392423,59037.23,59129.0
1.72358,0.4790168,5.0005156,4.4576088e-06,True,2,2.8292189e-11,-2.757716e-12,-0.00029419752,59050.3,59142.0
1.7239,0.47900027,4.9999217,4.4612807e-06,True,2,2.8319637e-11,-2.7551257e-12,-0.00029447133,59063.39,59155.0
1.72422,0.4789903,4.9993958,4.4650238e-06,True,2,2.8349794e-11,-2.7513712e-12,-0.00029474565,59076.57,59169.0
1.72454,0.47912557,5.0003852,4.4701321e-06,True,2,2.8398426e-11,-2.7479828e-12,-0.00029502048,59089.63,59182.0
1.72486,0.47913283,5.0000376,4.4740576e-06,True,2,2.8431056e-11,-2.7440878e-12,-0.00029529582,59102.7,59195.0
1.72519,0.47914397,4.9997366,4.4780687e-06,True,2,2.8483436e-11,-2.7367303e-12,-0.00029557185,59115.88,59208.0
1.72551,0.47916039,4.9994936,4.4821705e-06,True,2,2.8517285e-11,-2.7330447e-12,-0.00029584851,59129.18,59221.0
1.72583,0.47918583,4.9993414,4.4863683e-06,True,2,2.855243e-11,-2.7291614e-12,-0.00029612569,59142.44,59235.0
1.72616,0.47922095,4.9992875,4.4906685e-06,True,2,2.8589153e-11,-2.7251391e-12,-0.0002964034,59155.57,59248.0
1.72648,0.47926658,4.999341,4.4950791e-06,True,2,2.8627485e-11,-2.7210539e-12,-0.00029668165,59168.81,59261.0
1.7268,0.47932352,4.9995104,4.4996076e-06,True,2,2.8667446e-11,-2.7169914e-12,-0.00029696043,59182.02,59274.0
1.72713,0.4793927,4.9998055,4.5042631e-06,True,2,2.8709141e-11,-2.7128703e-12,-0.00029723974,59195.22,59288.0
1.72745,0.47947526,5.0002386,4.5090569e-06,True,2,2.8752943e-11,-2.7086051e-12,-0.00029751959,59208.39,59301.0
1.72778,0.4795723,5.0008212,4.5139996e-06,True,2,2.8810601e-11,-2.6975951e-12,-0.00029779998,59221.47,59314.0
1.7281,0.47950262,4.9996642,4.5173847e-06,True,2,2.8823108e-11,-2.6997158e-12,-0.00029808091,59234.57,59327.0
1.72843,0.47962696,5.0005296,4.5226096e-06,True,2,2.8872551e-11,-2.69543e-12,-0.00029836237,59247.69,59340.0
1.72875,0.47957651,4.9995713,4.5261984e-06,True,2,2.8899487e-11,-2.6908149e-12,-0.00029864438,59260.99,59353.0
1.72908,0.47973324,5.0007729,4.5317549e-06,True,2,2.8952291e-11,-2.6870289e-12,-0.00029892693,59274.23,59367.0
1.7294,0.47970587,5.0000537,4.535585e-06,True,2,2.898323e-11,-2.6819e-12,-0.00029921003,59287.31,59380.0
1.72973,0.47968902,4.9994439,4.5395257e-06,True,2,2.9014543e-11,-2.6773078e-12,-0.00029949367,59300.49,59393.0
1.73006,0.47968242,4.9989424,4.5435864e-06,True,2,2.9066985e-11,-2.6685861e-12,-0.00029977792,59313.77,59406.0
1.73039,0.47990851,5.0008755,4.5499243e-06,True,2,2.9129339e-11,-2.664911e-12,-0.00030006294,59326.88,59419.0
1.73071,0.4799295,5.0006668,4.5543325e-06,True,2,2.9167048e-11,-2.6596928e-12,-0.00030034849,59340.03,59433.0
1.73104,0.47996638,5.000621,4.5589043e-06,True,2,2.9202881e-11,-2.6561792e-12,-0.00030063456,59353.2,59446.0
1.73137,0.48002134,5.0007601,4.5636598e-06,True,2,2.9240076e-11,-2.6526435e-12,-0.00030092108,59366.31,59459.0
1.7317,0.48009623,5.0011063,4.5686196e-06,True,2,2.9282943e-11,-2.6483406e-12,-0.00030120812,59379.47,59472.0
1.73203,0.47991826,4.9988156,4.5711848e-06,True,2,2.9295781e-11,-2.6423244e-12,-0.00030149572,59392.63,59485.0
1.73236,0.48002833,4.9995246,4.5765055e-06,True,2,2.9345536e-11,-2.6370682e-12,-0.00030178389,59405.7,59498.0
1.73269,0.48016696,5.0005299,4.5821133e-06,True,2,2.9399222e-11,-2.6317644e-12,-0.00030207264,59418.83,59511.0
1.73302,0.48002326,4.998593,4.5850393e-06,True,2,2.9415607e-11,-2.6263877e-12,-0.00030236195,59431.95,59525.0
1.73335,0.48021436,5.0001424,4.5911767e-06,True,2,2.9476537e-11,-2.6208937e-12,-0.00030265186,59445.04,59538.0
1.73368,0.48009985,4.9985081,4.5944054e-06,True,2,2.9497089e-11,-2.6152663e-12,-0.00030294232,59458.18,59551.0
1.73401,0.48036116,5.0007865,4.601245e-06,True,2,2.9567781e-11,-2.6094638e-12,-0.0003032334,59471.26,59564.0
1.73434,0.48028727,4.9995733,4.6048881e-06,True,2,2.959383e-11,-2.603695e-12,-0.00030352504,59484.31,59577.0
1.73467,0.48023045,4.9985377,4.6087064e-06,True,2,2.9622131e-11,-2.5980127e-12,-0.00030381726,59497.43,59590.0
1.735,0.48019356,4.9977092,4.612728e-06,True,2,2.9654599e-11,-2.5910516e-12,-0.00030411009,59510.48,59603.0
1.73534,0.48064547,5.0019796,4.6215354e-06,True,2,2.9770272e-11,-2.5816049e-12,-0.00030440378,59523.56,59616.0
1.73567,0.48068754,5.00198,4.6264208e-06,True,2,2.9812438e-11,-2.5758188e-12,-0.00030469808,59536.68,59629.0
1.736,0.48077298,5.0024292,4.6317385e-06,True,2,2.9860094e-11,-2.5701777e-12,-0.00030499298,59549.78,59643.0
1.73634,0.48030538,4.9971202,4.6317385e-06,True,2,2.9834019e-11,-2.5646681e-12,-0.00030528847,59562.97,59656.0
1.73667,0.4804469,4.9981478,4.6376238e-06,True,2,2.9889901e-11,-2.5585726e-12,-0.00030558462,59576.29,59669.0
1.737,0.48066925,5.000014,4.6443062e-06,True,2,2.995674e-11,-2.5523215e-12,-0.00030588137,59589.38,59682.0
1.73734,0.48101697,5.0031839,4.6522182e-06,True,2,3.0041199e-11,-2.5454338e-12,-0.00030617863,59602.47,59695.0
1.73767,0.48054517,4.9978252,4.6522182e-06,True,2,3.0015301e-11,-2.5394386e-12,-0.0003064766,59615.65,59709.0
1.73801,0.48112804,5.0034369,4.6624428e-06,True,2,3.0132952e-11,-2.5316675e-12,-0.0003067751,59628.75,59722.0
1.73834,0.48065411,4.9980552,4.6624428e-06,True,2,3.0107783e-11,-2.5251141e-12,-0.0003070743,59641.88,59735.0
1.73868,0.48018014,4.992676,4.6624428e-06,True,2,3.0082556e-11,-2.5183239e-12,-0.00030737375,59655.01,59748.0
1.73902,0.4816712,5.0077265,4.6815512e-06,True,2,3.0324642e-11,-2.5088089e-12,-0.00030767409,59668.11,59761.0
1.73935,0.48119327,5.0022995,4.6815512e-06,True,2,3.0298954e-11,-2.5023276e-12,-0.00030797542,59681.33,59774.0
1.73969,0.4807153,4.996876,4.6815512e-06,True,2,3.0272937e-11,-2.4956009e-12,-0.00030827701,59694.45,59788.0
1.74003,0.48103484,4.9997479,4.6893318e-06,True,2,3.0375974e-11,-2.4822724e-12,-0.00030857892,59707.6,59801.0
1.74037,0.48111669,5.0001528,4.6948891e-06,True,2,3.0426545e-11,-2.4749175e-12,-0.00030888207,59720.72,59814.0
1.7407,0.48109166,4.9994441,4.6994195e-06,True,2,3.0462101e-11,-2.4678005e-12,-0.00030918587,59733.83,59827.0
1.74104,0.48119236,5.0000393,4.7051944e-06,True,2,3.051519e-11,-2.4601681e-12,-0.00030949031,59746.91,59840.0
1.74138,0.4811829,4.9994871,4.7099083e-06,True,2,3.0531325e-11,-2.4579257e-12,-0.00030979544,59760.01,59853.0
1.74172,0.4813048,5.0002978,4.7159249e-06,True,2,3.0609658e-11,-2.4448921e-12,-0.00031010116,59773.45,59867.0
1.74206,0.48131296,4.9999241,4.7208436e-06,True,2,3.0569247e-11,-2.4948465e-12,-0.00031040754,59786.76,59880.0
1.7424,0.48132961,4.9996371,4.7258612e-06,True,2,3.061117e-11,-2.4872118e-12,-0.00031071458,59799.96,59893.0
1.74274,0.48135527,4.9994424,4.7309836e-06,True,2,3.0656528e-11,-2.4794337e-12,-0.00031102245,59813.15,59906.0
1.74308,0.48139051,4.9993458,4.7362164e-06,True,2,3.0698652e-11,-2.4729914e-12,-0.00031133097,59826.32,59920.0
1.74342,0.48143599,4.9993546,4.7415667e-06,True,2,3.07425e-11,-2.4662613e-12,-0.00031164013,59839.39,59933.0
1.74377,0.48149245,4.9994765,4.7470422e-06,True,2,3.0787913e-11,-2.4595747e-12,-0.00031195008,59852.5,59946.0
1.74411,0.48156065,4.9997194,4.7526507e-06,True,2,3.0835246e-11,-2.4525853e-12,-0.00031226069,59865.6,59959.0
1.74445,0.48164151,5.0000929,4.7584017e-06,True,2,3.0884911e-11,-2.4451928e-12,-0.00031257192,59878.7,59972.0
1.74479,0.481736,5.0006072,4.7643053e-06,True,2,3.0938627e-11,-2.4362497e-12,-0.00031288377,59891.79,59985.0
1.74514,0.4816874,4.9996394,4.76884e-06,True,2,3.0989584e-11,-2.4245055e-12,-0.00031319637,59904.87,59998.0
1.74548,0.48180015,5.0003527,4.7750382e-06,True,2,3.1043718e-11,-2.4171606e-12,-0.00031350976,59918.01,60011.0
1.74582,0.48176696,4.9995469,4.7798081e-06,True,2,3.1078851e-11,-2.4096356e-12,-0.00031382379,59931.08,60025.0
1.74617,0.4819098,5.0005655,4.7863428e-06,True,2,3.1137843e-11,-2.4019175e-12,-0.00031413846,59944.19,60038.0
1.74651,0.48190046,5.0000016,4.7913848e-06,True,2,3.1177589e-11,-2.3935201e-12,-0.00031445379,59957.29,60051.0
1.74686,0.48190256,4.9995544,4.7965575e-06,True,2,3.1218053e-11,-2.3856192e-12,-0.00031476978,59970.39,60064.0
1.7472,0.48191691,4.9992322,4.8018696e-06,True,2,3.1260588e-11,-2.377528e-12,-0.00031508642,59983.47,60077.0
1.74755,0.48194464,4.999047,4.8073328e-06,True,2,3.1305356e-11,-2.3691236e-12,-0.00031540374,59996.5,60090.0
1.7479,0.48198683,4.9990104,4.8129586e-06,True,2,3.1343011e-11,-2.364816e-12,-0.00031572165,60009.59,60103.0
1.74824,0.48204504,4.9991388,4.8187632e-06,True,2,3.1396109e-11,-2.3533736e-12,-0.00031604003,60022.66,60116.0
1.74859,0.48212067,4.9994469,4.8247613e-06,True,2,3.1453523e-11,-2.3421626e-12,-0.00031635931,60035.73,60129.0
1.74894,0.48221578,4.999956,4.830974e-06,True,2,3.1511244e-11,-2.3336098e-12,-0.00031667946,60048.8,60142.0
1.74929,0.48233234,5.0006865,4.8374217e-06,True,2,3.1569635e-11,-2.3238651e-12,-0.00031700035,60061.86,60155.0
1.74963,0.48224721,4.9993245,4.841865e-06,True,2,3.159921e-11,-2.315253e-12,-0.00031732196,60074.94,60169.0
1.74998,0.48240535,5.0004844,4.8487697e-06,True,2,3.1662785e-11,-2.3057688e-12,-0.00031764431,60088.03,60182.0
1.75033,0.48234251,4.9993636,4.8535483e-06,True,2,3.1717561e-11,-2.2900873e-12,-0.00031796775,60101.12,60195.0
1.75068,0.48254376,5.0009781,4.8610102e-06,True,2,3.1786526e-11,-2.2810272e-12,-0.00031829194,60114.19,60208.0
1.75103,0.48251757,5.0002309,4.8662026e-06,True,2,3.182677e-11,-2.2710096e-12,-0.00031861683,60127.21,60221.0
1.75138,0.4825089,4.999663,4.8715905e-06,True,2,3.1868069e-11,-2.2616553e-12,-0.00031894238,60140.3,60234.0
1.75173,0.48251998,4.9992974,4.877197e-06,True,2,3.1911296e-11,-2.2526234e-12,-0.00031926856,60153.4,60247.0
1.75208,0.48255355,4.9991631,4.883051e-06,True,2,3.1958126e-11,-2.2431571e-12,-0.00031959541,60166.56,60260.0
1.75244,0.48261267,4.9992921,4.8891844e-06,True,2,3.2012929e-11,-2.2310989e-12,-0.00031992307,60179.7,60274.0
1.75279,0.48270123,4.9997249,4.8956377e-06,True,2,3.2072693e-11,-2.2180071e-12,-0.00032025155,60192.8,60287.0
1.75314,0.48282445,5.0005154,4.9024648e-06,True,2,3.2137243e-11,-2.2044908e-12,-0.00032058084,60205.93,60300.0
1.75349,0.48298931,5.0017357,4.9097377e-06,True,2,3.2233402e-11,-2.1749093e-12,-0.00032091093,60219.02,60313.0
1.75385,0.48281344,4.999426,4.9135674e-06,True,2,3.2231345e-11,-2.1788713e-12,-0.00032124189,60232.14,60326.0
1.7542,0.48305767,5.0014662,4.9216924e-06,True,2,3.2314933e-11,-2.1641192e-12,-0.00032157364,60245.3,60339.0
1.75456,0.48292793,4.9996316,4.9260287e-06,True,2,3.2345275e-11,-2.1515916e-12,-0.00032190623,60258.42,60352.0
1.75491,0.48281778,4.9979999,4.9305814e-06,True,2,3.23769e-11,-2.1397376e-12,-0.00032223962,60271.51,60365.0
1.75527,0.48322275,5.0017097,4.9404809e-06,True,2,3.2505891e-11,-2.1162394e-12,-0.00032257394,60284.72,60379.0
1.75562,0.48318754,5.0008616,4.9459279e-06,True,2,3.2547752e-11,-2.105738e-12,-0.00032290898,60297.88,60392.0
1.75598,0.48319264,5.0004276,4.9518089e-06,True,2,3.2595921e-11,-2.0936111e-12,-0.00032324483,60310.99,60405.0
1.75634,0.48324919,5.0005237,4.9582398e-06,True,2,3.2652088e-11,-2.0808723e-12,-0.0003235815,60324.06,60418.0
1.75669,0.48337497,5.001334,4.9654049e-06,True,2,3.2719254e-11,-2.0671472e-12,-0.000323919,60337.2,60431.0
1.75705,0.48360111,5.0031805,4.9736258e-06,True,2,3.2800965e-11,-2.0528069e-12,-0.00032425733,60350.32,60444.0
1.75741,0.48302609,4.9967348,4.9736258e-06,True,2,3.27678e-11,-2.0435218e-12,-0.00032459659,60363.48,60458.0
1.75777,0.48341312,5.0002418,4.9835532e-06,True,2,3.2872068e-11,-2.0282818e-12,-0.00032493683,60376.6,60471.0
1.75813,0.48283577,4.9937731,4.9835532e-06,True,2,3.2834775e-11,-2.0206264e-12,-0.00032527764,60389.73,60484.0
1.75849,0.48356039,5.0007668,4.9970223e-06,True,2,3.2987408e-11,-2.0031152e-12,-0.00032561978,60402.87,60497.0
1.75885,0.48297993,4.9942644,4.9970223e-06,True,2,3.2950167e-11,-1.9946895e-12,-0.00032596232,60415.99,60510.0
1.75921,0.48239947,4.9877657,4.9970223e-06,True,2,3.2913043e-11,-1.9862563e-12,-0.00032630515,60429.07,60523.0
1.75957,0.48181899,4.9812698,4.9970223e-06,True,2,3.2876065e-11,-1.9777256e-12,-0.00032664827,60442.17,60536.0
1.75993,0.48123849,4.9747764,4.9970223e-06,True,2,3.2839357e-11,-1.9689106e-12,-0.00032699168,60455.25,60550.0
1.76029,0.48372017,4.9999378,5.0289528e-06,True,2,3.3277256e-11,-1.9246437e-12,-0.00032733757,60468.31,60563.0
1.76065,0.48374577,4.9997032,5.0354309e-06,True,2,3.3336282e-11,-1.9058474e-12,-0.00032768478,60481.42,60576.0
1.76101,0.48378201,4.9995768,5.0420452e-06,True,2,3.3406026e-11,-1.8796089e-12,-0.00032803271,60494.57,60589.0
1.76137,0.48382959,4.9995665,5.0488039e-06,True,2,3.3483307e-11,-1.849403e-12,-0.00032838129,60507.66,60602.0
1.76174,0.48388939,4.9996802,5.0557154e-06,True,2,3.3559531e-11,-1.8220712e-12,-0.00032873055,60520.77,60615.0
1.7621,0.48396222,4.9999259,5.0627886e-06,True,2,3.3631712e-11,-1.7990548e-12,-0.00032908056,60533.89,60628.0
1.76247,0.48404912,5.0003149,5.0700351e-06,True,2,3.3705485e-11,-1.7740045e-12,-0.00032943151,60546.97,60641.0
1.76283,0.48400791,4.9993784,5.0759651e-06,True,2,3.3745332e-11,-1.7646705e-12,-0.00032978319,60560.06,60655.0
1.7632,0.48412232,5.0000487,5.0835534e-06,True,2,3.3814009e-11,-1.7477035e-12,-0.00033013566,60573.18,60668.0
1.76357,0.48410396,4.9993465,5.0897739e-06,True,2,3.386295e-11,-1.7320241e-12,-0.00033048898,60586.25,60681.0
1.76393,0.48425015,5.0003433,5.0977516e-06,True,2,3.3935732e-11,-1.7150851e-12,-0.00033084317,60599.39,60694.0
1.7643,0.48425845,4.9999148,5.1043053e-06,True,2,3.3988465e-11,-1.6991026e-12,-0.00033119824,60612.48,60707.0
1.76467,0.48427996,4.9996223,5.111024e-06,True,2,3.404264e-11,-1.6831597e-12,-0.00033155418,60625.67,60720.0
1.76504,0.48431492,4.9994688,5.1179183e-06,True,2,3.4122879e-11,-1.6565002e-12,-0.00033191106,60638.83,60733.0
1.7654,0.48435732,4.9994024,5.1250011e-06,True,2,3.4180649e-11,-1.6400691e-12,-0.00033226913,60652.01,60747.0
1.76577,0.48441609,4.9995011,5.1322859e-06,True,2,3.424091e-11,-1.6232612e-12,-0.0003326281,60665.15,60760.0
1.76614,0.48449273,4.9997805,5.139789e-06,True,2,3.4331243e-11,-1.5894229e-12,-0.00033298798,60678.25,60773.0
1.76651,0.48458886,5.0002584,5.1475287e-06,True,2,3.4398393e-11,-1.5710346e-12,-0.00033334877,60691.35,60786.0
1.76688,0.48451612,4.9989908,5.1555271e-06,True,2,3.4468906e-11,-1.5514781e-12,-0.00033371047,60704.51,60799.0
1.76726,0.48465077,4.9998611,5.1617099e-06,True,2,3.4512552e-11,-1.5362103e-12,-0.0003340731,60717.57,60812.0
1.76763,0.4846087,4.9989063,5.1702232e-06,True,2,3.4590087e-11,-1.5156771e-12,-0.00033443664,60730.62,60825.0
1.768,0.48478977,5.0002517,5.1768286e-06,True,2,3.4639341e-11,-1.4997882e-12,-0.0003348011,60743.75,60838.0
1.76837,0.48478517,4.9996805,5.1836406e-06,True,2,3.4691231e-11,-1.4825494e-12,-0.00033516647,60756.89,60852.0
1.76875,0.48479906,4.9992988,5.1906788e-06,True,2,3.4745824e-11,-1.4650814e-12,-0.00033553277,60769.94,60865.0
1.76912,0.48483329,4.9991259,5.1979641e-06,True,2,3.4803106e-11,-1.4475715e-12,-0.00033589999,60783.01,60878.0
1.7695,0.48489032,4.9991871,5.2055237e-06,True,2,3.4823872e-11,-1.4581751e-12,-0.00033626813,60796.05,60891.0
1.76987,0.48497283,4.9995103,5.2133879e-06,True,2,3.4890196e-11,-1.4385565e-12,-0.0003366372,60809.17,60904.0
1.77025,0.48507827,5.000077,5.2215904e-06,True,2,3.4988069e-11,-1.4047403e-12,-0.00033700746,60822.33,60917.0
1.77062,0.48521294,5.0009467,5.2301752e-06,True,2,3.5065158e-11,-1.3824603e-12,-0.00033737877,60835.43,60930.0
1.771,0.48510142,4.9992738,5.2361376e-06,True,2,3.5106876e-11,-1.3617394e-12,-0.00033775103,60848.57,60943.0
1.77138,0.4853008,5.0008031,5.245488e-06,True,2,3.5196864e-11,-1.3363442e-12,-0.00033812425,60861.74,60957.0
1.77175,0.48523705,4.9996175,5.2520271e-06,True,2,3.5246311e-11,-1.3146341e-12,-0.00033849844,60874.99,60970.0
1.77213,0.48519629,4.9986667,5.2588443e-06,True,2,3.5300324e-11,-1.2919816e-12,-0.00033887358,60888.08,60983.0
1.77251,0.48552267,5.0014973,5.2696763e-06,True,2,3.5414581e-11,-1.260754e-12,-0.00033924969,60901.14,60996.0
1.77289,0.48555628,5.0013091,5.2773678e-06,True,2,3.5468511e-11,-1.2455323e-12,-0.00033962678,60914.2,61009.0
1.77327,0.48562834,5.0015158,5.2855104e-06,True,2,3.5532793e-11,-1.2262371e-12,-0.00034000483,60927.32,61022.0
1.77365,0.48534158,4.9980246,5.2897764e-06,True,2,3.5543224e-11,-1.2110366e-12,-0.00034038386,60940.39,61035.0
1.77403,0.48548558,4.9989698,5.2987677e-06,True,2,3.5620828e-11,-1.1888619e-12,-0.00034076389,60953.43,61048.0
1.77442,0.48569269,5.000564,5.3084854e-06,True,2,3.5700626e-11,-1.1685311e-12,-0.00034114482,60966.49,61062.0
1.7748,0.48548255,4.9978601,5.3136746e-06,True,2,3.5722324e-11,-1.1520412e-12,-0.00034152662,60979.6,61075.0
1.77518,0.48581486,5.0007466,5.3248811e-06,True,2,3.5856348e-11,-1.1124798e-12,-0.00034190966,60992.73,61088.0
1.77556,0.48567436,4.9987691,5.3309946e-06,True,2,3.5889601e-11,-1.0943089e-12,-0.00034229383,61005.82,61101.0
1.77595,0.48557078,4.9971686,5.3375438e-06,True,2,3.5929561e-11,-1.0747814e-12,-0.00034267898,61018.89,61114.0
1.77633,0.48621707,5.003284,5.3523798e-06,True,2,3.6086254e-11,-1.0431455e-12,-0.00034306517,61031.98,61127.0
1.77672,0.48629944,5.0035908,5.3610547e-06,True,2,3.6158485e-11,-1.018647e-12,-0.00034345239,61045.1,61140.0
1.77711,0.48559266,4.9957738,5.3610547e-06,True,2,3.610477e-11,-1.0084304e-12,-0.00034384062,61058.34,61154.0
1.77749,0.48578923,4.9972513,5.3710566e-06,True,2,3.6192789e-11,-9.828639e-13,-0.00034422998,61071.47,61167.0
1.77788,0.48618116,5.0007366,5.3832636e-06,True,2,3.6311795e-11,-9.5344869e-13,-0.00034462035,61084.64,61180.0
1.77827,0.48546833,4.9928593,5.3832636e-06,True,2,3.6254117e-11,-9.4462215e-13,-0.00034501134,61097.74,61193.0
1.77866,0.48629719,5.0008347,5.4004077e-06,True,2,3.6437711e-11,-9.0997663e-13,-0.00034540384,61110.87,61206.0
1.77904,0.4855798,4.992909,5.4004077e-06,True,2,3.6364844e-11,-9.1181933e-13,-0.00034579644,61123.99,61219.0
1.77943,0.48486245,4.9849879,5.4004077e-06,True,2,3.6299472e-11,-9.085868e-13,-0.00034618977,61137.11,61232.0
1.77982,0.48414509,4.9770705,5.4004077e-06,True,2,3.6236226e-11,-9.0377156e-13,-0.00034658339,61150.28,61246.0
1.78021,0.4863673,4.9993734,5.4333243e-06,True,2,3.6679683e-11,-8.2088802e-13,-0.00034697903,61163.49,61259.0
1.7806,0.48643956,4.9995679,5.4423664e-06,True,2,3.6747786e-11,-7.9756525e-13,-0.00034737704,61176.65,61272.0
1.781,0.48652793,4.9999245,5.4516308e-06,True,2,3.6819118e-11,-7.730591e-13,-0.00034777613,61189.72,61285.0
1.78139,0.4866336,5.0004561,5.4611316e-06,True,2,3.6894696e-11,-7.467711e-13,-0.00034817632,61202.83,61298.0
1.78178,0.48661169,4.9996739,5.4692417e-06,True,2,3.694544e-11,-7.2682165e-13,-0.0003485776,61215.99,61311.0
1.78218,0.48675238,5.00056,5.4792206e-06,True,2,3.7035794e-11,-6.9331313e-13,-0.00034897997,61229.13,61325.0
1.78257,0.48676107,5.0000877,5.4877561e-06,True,2,3.7083617e-11,-6.7821964e-13,-0.00034938346,61242.16,61338.0
1.78297,0.48678519,4.9997716,5.4965061e-06,True,2,3.7144124e-11,-6.5536944e-13,-0.00034978804,61255.27,61351.0
1.78336,0.48682586,4.999624,5.5054848e-06,True,2,3.7207715e-11,-6.318413e-13,-0.00035019374,61268.35,61364.0
1.78376,0.48688435,4.999658,5.5147078e-06,True,2,3.7275026e-11,-6.073215e-13,-0.00035060055,61281.47,61377.0
1.78416,0.48696231,4.9998904,5.5241949e-06,True,2,3.7345601e-11,-5.821692e-13,-0.0003510085,61294.59,61390.0
1.78455,0.48706143,5.000339,5.5339667e-06,True,2,3.7419255e-11,-5.569478e-13,-0.00035141757,61307.7,61403.0
1.78495,0.48700435,4.9991823,5.5420062e-06,True,2,3.7467969e-11,-5.3464512e-13,-0.00035182777,61320.79,61416.0
1.78535,0.48713813,4.9999953,5.5523535e-06,True,2,3.7574986e-11,-4.9252943e-13,-0.00035223947,61333.94,61430.0
1.78575,0.48710767,4.9991195,5.5608887e-06,True,2,3.7628455e-11,-4.6910232e-13,-0.00035265233,61347.1,61443.0
1.78615,0.48729061,5.0004301,5.5719076e-06,True,2,3.7717691e-11,-4.4007039e-13,-0.00035306637,61360.23,61456.0
1.78656,0.48730343,4.9999905,5.5810294e-06,True,2,3.7790834e-11,-4.0763496e-13,-0.00035348193,61373.28,61469.0
1.78696,0.48733815,4.9997728,5.5904476e-06,True,2,3.7855618e-11,-3.8198117e-13,-0.00035389865,61386.4,61482.0
1.78736,0.48739714,4.9998014,5.600191e-06,True,2,3.7924767e-11,-3.5533154e-13,-0.00035431651,61399.48,61495.0
1.78776,0.48748303,5.0001033,5.6102916e-06,True,2,3.7999272e-11,-3.2742023e-13,-0.00035473554,61412.56,61508.0
1.78817,0.48759899,5.000712,5.6207878e-06,True,2,3.8078249e-11,-2.9904807e-13,-0.00035515571,61425.65,61521.0
1.78857,0.48750806,4.9991963,5.6289463e-06,True,2,3.8125277e-11,-2.7412722e-13,-0.00035557705,61438.73,61535.0
1.78898,0.48768531,5.00043,5.6402496e-06,True,2,3.8220005e-11,-2.3981311e-13,-0.00035599953,61451.85,61548.0
1.78939,0.48764456,4.9994269,5.6490817e-06,True,2,3.827786e-11,-2.1179481e-13,-0.0003564231,61465.0,61561.0
1.78979,0.48762911,4.9986823,5.6582532e-06,True,2,3.8341048e-11,-1.8233413e-13,-0.00035684775,61478.12,61574.0
1.7902,0.48791918,5.0010751,5.6710758e-06,True,2,3.8488989e-11,-1.2360966e-13,-0.00035727369,61491.27,61587.0
1.79061,0.48796679,5.0009852,5.6811941e-06,True,2,3.8560657e-11,-9.4518044e-14,-0.00035770089,61504.35,61600.0
1.79102,0.48805264,5.0012821,5.6918105e-06,True,2,3.8648512e-11,-5.5925076e-14,-0.00035812918,61517.4,61613.0
1.79143,0.48785743,4.9986939,5.6991983e-06,True,2,3.8652398e-11,-6.3858666e-14,-0.00035855851,61530.52,61626.0
1.79184,0.48801988,4.9997656,5.7108163e-06,True,2,3.8593398e-11,-2.0666003e-13,-0.00035898885,61543.64,61640.0
1.79225,0.48824131,5.0014425,5.723181e-06,True,2,3.8695901e-11,-1.6804935e-13,-0.00035942073,61556.8,61653.0
1.79266,0.4881482,4.9998932,5.7319132e-06,True,2,3.8759577e-11,-1.2708472e-13,-0.00035985378,61569.88,61666.0
1.79308,0.48808937,4.9986937,5.7410968e-06,True,2,3.8825196e-11,-8.8079946e-14,-0.00036028794,61582.99,61679.0
1.79349,0.48807184,4.9979159,5.7508171e-06,True,2,3.8897947e-11,-4.8020281e-14,-0.00036072289,61596.12,61692.0
1.7939,0.48810281,4.9976337,5.7666082e-06,True,2,3.9061909e-11,1.1904624e-14,-0.00036115878,61609.22,61705.0
1.79432,0.48819523,4.9979593,5.7722673e-06,True,2,3.9161343e-11,8.9513284e-14,-0.00036159574,61622.34,61718.0
1.79474,0.48836176,4.9990511,5.7843174e-06,True,2,3.9195994e-11,7.2536051e-14,-0.00036203426,61635.41,61732.0
1.79515,0.4886227,5.001116,5.797593e-06,True,2,3.9364171e-11,1.5307567e-13,-0.00036247445,61648.5,61745.0
1.79557,0.48836134,4.9978483,5.804813e-06,True,2,3.9375755e-11,1.6940861e-13,-0.00036291609,61661.64,61758.0
1.79599,0.48883275,5.0020745,5.8208034e-06,True,2,3.9529975e-11,2.2109964e-13,-0.0003633587,61674.79,61771.0
1.79641,0.4887148,5.0002634,5.8298419e-06,True,2,3.9582065e-11,2.5505699e-13,-0.00036380238,61687.94,61784.0
1.79683,0.48867572,4.9992572,5.8398761e-06,True,2,3.9649588e-11,2.931634e-13,-0.00036424729,61701.1,61797.0
1.79725,0.48874639,4.9993714,5.8512821e-06,True,2,3.9737345e-11,3.3604343e-13,-0.00036469348,61714.17,61810.0
1.79767,0.48899273,5.0012806,5.8648581e-06,True,2,3.9856864e-11,3.8594079e-13,-0.00036514093,61727.27,61824.0
1.79809,0.48957826,5.0066605,5.8825767e-06,True,2,4.0036427e-11,4.4706865e-13,-0.00036558938,61740.39,61837.0
1.79852,0.48868389,4.9968977,5.8825767e-06,True,2,3.9946096e-11,4.509389e-13,-0.00036603952,61753.54,61850.0
1.79894,0.48778949,4.9871439,5.8825767e-06,True,2,3.9861175e-11,4.6179339e-13,-0.00036648977,61766.71,61863.0
1.79937,0.48993445,5.0084527,5.9193428e-06,True,2,4.0332844e-11,5.867855e-13,-0.00036694269,61779.85,61876.0
1.79979,0.48902923,4.9985761,5.9193428e-06,True,2,4.0242792e-11,5.9195228e-13,-0.00036739672,61792.91,61889.0
1.80022,0.48924372,5.0001567,5.9329917e-06,True,2,4.0404385e-11,6.7362526e-13,-0.00036785185,61805.98,61902.0
1.80065,0.48921276,4.9992296,5.9456229e-06,True,2,4.0502954e-11,7.1899501e-13,-0.00036830891,61819.1,61916.0
1.80108,0.48935162,5.0000335,5.956735e-06,True,2,4.0577436e-11,7.5814845e-13,-0.00036876741,61832.16,61929.0
1.8015,0.48935785,4.9994775,5.9681274e-06,True,2,4.065469e-11,7.9830733e-13,-0.00036922745,61845.25,61942.0
1.80193,0.48938322,4.9991139,5.9818001e-06,True,2,4.076577e-11,8.4597383e-13,-0.00036968901,61858.26,61955.0
1.80237,0.48959548,5.0006564,5.9938703e-06,True,2,4.0863129e-11,8.951476e-13,-0.00037015198,61871.33,61968.0
1.8028,0.48949772,4.9990292,6.0062907e-06,True,2,4.0941894e-11,9.2952085e-13,-0.00037061631,61884.46,61981.0
1.80323,0.48959079,4.9993483,6.0169285e-06,True,2,4.1004448e-11,9.6502976e-13,-0.00037108228,61897.55,61994.0
1.80366,0.48971071,4.9999393,6.0300661e-06,True,2,4.1104631e-11,1.0102715e-12,-0.00037154966,61910.6,62007.0
1.8041,0.4896741,4.9989296,6.0436433e-06,True,2,4.1210536e-11,1.0574873e-12,-0.00037201843,61923.71,62020.0
1.80453,0.48984979,5.0000856,6.055323e-06,True,2,4.1286491e-11,1.0965535e-12,-0.00037248862,61936.8,62033.0
1.80497,0.48986294,4.9995799,6.0673642e-06,True,2,4.1367106e-11,1.1377128e-12,-0.00037296026,61949.95,62047.0
1.80541,0.48989213,4.9992483,6.0797941e-06,True,2,4.1475497e-11,1.1940224e-12,-0.00037343373,61963.02,62060.0
1.80585,0.48994851,4.9991899,6.0926489e-06,True,2,4.1568015e-11,1.2386377e-12,-0.00037390863,61976.15,62073.0
1.80629,0.49003585,4.9994421,6.105968e-06,True,2,4.1678096e-11,1.2854401e-12,-0.00037438508,61989.29,62086.0
1.80673,0.49015777,5.0000425,6.1197989e-06,True,2,4.1785473e-11,1.3410969e-12,-0.00037486314,62002.37,62099.0
1.80717,0.49008466,4.9986493,6.1342016e-06,True,2,4.1893303e-11,1.3948412e-12,-0.00037534262,62015.5,62112.0
1.80761,0.49027941,4.9999855,6.1461777e-06,True,2,4.1958643e-11,1.4346016e-12,-0.00037582341,62028.62,62125.0
1.80805,0.49026949,4.9992312,6.1586001e-06,True,2,4.2036201e-11,1.4745912e-12,-0.0003763056,62041.69,62138.0
1.8085,0.4902927,4.9988121,6.1715178e-06,True,2,4.2135208e-11,1.522691e-12,-0.00037678944,62054.77,62152.0
1.80894,0.49035334,4.9987726,6.1849889e-06,True,2,4.2232516e-11,1.5713665e-12,-0.00037727498,62067.86,62165.0
1.80939,0.49045685,4.999168,6.199086e-06,True,2,4.2339151e-11,1.6226935e-12,-0.00037776199,62080.94,62178.0
1.80983,0.49060934,5.0000609,6.2138903e-06,True,2,4.2475045e-11,1.6935213e-12,-0.00037825043,62094.01,62191.0
1.81028,0.49049825,4.9982744,6.229509e-06,True,2,4.2680081e-11,1.8091266e-12,-0.00037874071,62107.14,62204.0
1.81073,0.49074507,5.0001348,6.2418329e-06,True,2,4.282173e-11,1.9067565e-12,-0.00037923287,62120.23,62217.0
1.81118,0.49071841,4.9992005,6.2547581e-06,True,2,4.2943746e-11,1.9819337e-12,-0.00037972661,62133.34,62230.0
1.81163,0.49073943,4.9987462,6.2683779e-06,True,2,4.3050292e-11,2.0367875e-12,-0.00038022183,62146.51,62243.0
1.81208,0.49081563,4.9988514,6.2827953e-06,True,2,4.316574e-11,2.0927388e-12,-0.00038071866,62159.56,62257.0
1.81254,0.49095864,4.9996355,6.2981656e-06,True,2,4.3293624e-11,2.151268e-12,-0.00038121709,62172.68,62270.0
1.81299,0.49118379,5.0012494,6.3146884e-06,True,2,4.3372049e-11,2.1729484e-12,-0.00038171685,62185.82,62283.0
1.81345,0.49103339,4.9990488,6.3264773e-06,True,2,2.2570632e-11,-4.6363031e-12,-0.00038221669,62199.12,62296.0
1.8139,0.49093456,4.9973712,6.3456038e-06,True,2,2.2609144e-11,-4.6434611e-12,-0.00038271785,62212.45,62309.0
1.81436,0.49144744,5.0019162,6.3595553e-06,True,2,2.2618672e-11,-4.6448011e-12,-0.00038322073,62225.77,62323.0
1.81482,0.49153869,5.0021637,6.3747501e-06,True,2,2.2632925e-11,-4.6471017e-12,-0.00038372529,62239.11,62336.0
1.81528,0.49107567,4.9967743,6.3829228e-06,True,2,2.260078e-11,-4.6399438e-12,-0.0003842318,62252.43,62350.0
1.81574,0.49134405,4.9988297,6.4007566e-06,True,2,2.2630535e-11,-4.64535e-12,-0.00038474029,62265.8,62363.0
1.8162,0.49181148,5.0029041,6.4213034e-06,True,2,2.2677518e-11,-4.6541978e-12,-0.00038525042,62279.13,62376.0
1.81666,0.49159585,5.0000211,6.4330426e-06,True,2,2.2667403e-11,-4.6516228e-12,-0.00038576237,62292.45,62390.0
1.81712,0.49148366,4.9981864,6.446225e-06,True,2,2.2670163e-11,-4.6515614e-12,-0.00038627595,62305.82,62403.0
1.81759,0.4915261,4.9979204,6.4615367e-06,True,2,2.2668684e-11,-4.6508132e-12,-0.00038679124,62319.17,62416.0
1.81806,0.49183222,5.0003314,6.4804301e-06,True,2,2.2704496e-11,-4.6574696e-12,-0.00038730823,62332.45,62430.0
1.81852,0.49278732,5.0093408,6.5080064e-06,True,2,2.2792469e-11,-4.674493e-12,-0.00038782639,62345.75,62443.0
1.81899,0.4916452,4.9970169,6.5080064e-06,True,2,2.2699312e-11,-4.6553617e-12,-0.00038834708,62359.04,62456.0
1.81946,0.49050306,4.9847041,6.5080064e-06,True,2,2.2611044e-11,-4.6372302e-12,-0.00038886784,62372.41,62470.0
1.81993,0.48936092,4.9723985,6.5080064e-06,True,2,2.251924e-11,-4.618372e-12,-0.00038938864,62385.74,62483.0
1.8204,0.49207679,4.9992918,6.5596476e-06,True,2,2.2763101e-11,-4.666384e-12,-0.00038991374,62399.06,62496.0
1.82087,0.49223687,5.000206,6.5774611e-06,True,2,2.2776118e-11,-4.6690908e-12,-0.00039044128,62412.39,62510.0
1.82135,0.49225684,4.9996911,6.5935278e-06,True,2,2.2792754e-11,-4.6713258e-12,-0.00039097039,62425.79,62523.0
1.82182,0.49230373,4.9994489,6.6100776e-06,True,2,2.2804498e-11,-4.6731196e-12,-0.00039150139,62439.53,62537.0
1.8223,0.49238038,4.9995054,6.6271501e-06,True,2,2.2818456e-11,-4.6753974e-12,-0.00039203419,62452.94,62550.0
1.82278,0.49248984,4.9998899,6.6447884e-06,True,2,2.283538e-11,-4.6782706e-12,-0.00039256876,62466.3,62564.0
1.82326,0.49263557,5.0006382,6.6630449e-06,True,2,2.2855849e-11,-4.6818447e-12,-0.00039310509,62479.67,62577.0
1.82374,0.49261866,4.9997316,6.6792282e-06,True,2,2.2861655e-11,-4.6825043e-12,-0.00039364321,62493.0,62590.0
1.82422,0.49263227,4.9991319,6.6959497e-06,True,2,2.2870563e-11,-4.6837804e-12,-0.00039418308,62506.4,62604.0
1.8247,0.49267995,4.9988743,6.7162065e-06,True,2,2.2900135e-11,-4.6891908e-12,-0.00039472472,62519.83,62617.0
1.82518,0.49276101,4.9989574,6.7312152e-06,True,2,2.2899082e-11,-4.6883142e-12,-0.00039526832,62533.27,62631.0
1.82567,0.4928766,4.9993957,6.7498791e-06,True,2,2.2917458e-11,-4.6914906e-12,-0.00039581393,62546.61,62644.0
1.82616,0.49303915,5.0003038,6.7693306e-06,True,2,2.2939977e-11,-4.6954943e-12,-0.00039636133,62559.89,62657.0
1.82664,0.49300389,4.9991991,6.7862066e-06,True,2,2.2945379e-11,-4.6960837e-12,-0.00039691054,62573.24,62671.0
1.82713,0.49326825,5.0011287,6.8073528e-06,True,2,2.2977514e-11,-4.7020045e-12,-0.00039746155,62586.6,62684.0
1.82762,0.49332694,5.0009684,6.8258114e-06,True,2,2.2991033e-11,-4.7042241e-12,-0.00039801437,62599.95,62698.0
1.82812,0.4931534,4.9984492,6.8451314e-06,True,2,2.3007695e-11,-4.7070814e-12,-0.00039856895,62613.28,62711.0
1.82861,0.49330914,4.9992649,6.8612846e-06,True,2,2.3007011e-11,-4.7064667e-12,-0.00039912528,62626.7,62724.0
1.82911,0.49353206,5.0007585,6.8824685e-06,True,2,2.3035439e-11,-4.7116661e-12,-0.00039968357,62640.06,62738.0
1.8296,0.49350514,4.9997162,6.9003219e-06,True,2,2.3043669e-11,-4.7128263e-12,-0.0004002439,62653.34,62751.0
1.8301,0.4935315,4.9992142,6.9190987e-06,True,2,2.3056596e-11,-4.7147811e-12,-0.00040080618,62666.76,62764.0
1.8306,0.49361251,4.9992733,6.9389325e-06,True,2,2.3073316e-11,-4.7176554e-12,-0.00040137036,62680.29,62778.0
1.8311,0.4937699,5.0000983,6.9600055e-06,True,2,2.3096897e-11,-4.7218969e-12,-0.00040193639,62693.76,62792.0
1.8316,0.49401983,5.0018537,6.9825562e-06,True,2,2.3129469e-11,-4.7279243e-12,-0.00040250422,62707.06,62805.0
1.8321,0.4939408,5.0002719,7.0006242e-06,True,2,2.3131935e-11,-4.7279682e-12,-0.00040307403,62720.41,62818.0
1.83261,0.49393493,4.9994255,7.0198862e-06,True,2,2.3141604e-11,-4.7294434e-12,-0.00040364584,62733.74,62832.0
1.83311,0.4940187,4.9994821,7.0405889e-06,True,2,2.3162059e-11,-4.7324557e-12,-0.00040422085,62747.11,62845.0
1.83362,0.49421546,5.0006778,7.0630787e-06,True,2,2.3190147e-11,-4.7377177e-12,-0.00040480129,62760.46,62858.0
1.83413,0.49396276,4.9973214,7.0793105e-06,True,2,2.3176307e-11,-4.7343998e-12,-0.00040538365,62773.79,62872.0
1.83464,0.49443158,5.0012627,7.1060641e-06,True,2,2.3225974e-11,-4.7437052e-12,-0.00040596783,62787.09,62885.0
1.83515,0.49440987,5.0002412,7.1260089e-06,True,2,2.3238795e-11,-4.7457123e-12,-0.00040655385,62800.43,62898.0
1.83567,0.49452823,5.0006417,7.1482799e-06,True,2,2.3260925e-11,-4.7496923e-12,-0.00040714184,62813.77,62912.0
1.83618,0.4948607,5.0031993,7.1738471e-06,True,2,2.3301943e-11,-4.7574421e-12,-0.00040773161,62827.15,62925.0
1.8367,0.49442061,4.9979373,7.1883985e-06,True,2,2.3274475e-11,-4.7515337e-12,-0.0004083233,62840.54,62939.0
1.83722,0.49408795,4.9937583,7.2046618e-06,True,2,2.3256473e-11,-4.7475145e-12,-0.00040891672,62854.01,62952.0
1.83774,0.49547294,5.006939,7.2462108e-06,True,2,2.3385181e-11,-4.7725514e-12,-0.00040951136,62867.4,62965.0
1.83826,0.49400415,4.9912669,7.2462108e-06,True,2,2.3266841e-11,-4.748528e-12,-0.00041010706,62880.75,62979.0
1.83878,0.49467134,4.997178,7.2777161e-06,True,2,2.3338423e-11,-4.7623756e-12,-0.0004107051,62894.09,62992.0
1.83931,0.49318985,4.9813861,7.2777161e-06,True,2,2.3218984e-11,-4.7381313e-12,-0.00041130297,62907.48,63006.0
1.83983,0.49170833,4.9656051,7.2777161e-06,True,2,2.3099949e-11,-4.7139655e-12,-0.00041190025,62920.83,63019.0
1.84036,0.49510245,4.9990566,7.353108e-06,True,2,2.3431996e-11,-4.7796575e-12,-0.00041250186,62934.18,63032.0
1.84089,0.49526493,4.9998572,7.3755115e-06,True,2,2.344471e-11,-4.7817909e-12,-0.00041310722,62947.53,63046.0
1.84142,0.49527713,4.9991327,7.3986532e-06,True,2,2.3459776e-11,-4.7844044e-12,-0.00041371441,62960.9,63059.0
1.84196,0.49532814,4.9987941,7.4256512e-06,True,2,2.349642e-11,-4.7913349e-12,-0.00041432364,62974.24,63072.0
1.84249,0.49542235,4.9988857,7.4505874e-06,True,2,2.3519191e-11,-4.7955058e-12,-0.00041493488,62987.6,63086.0
1.84303,0.49556445,4.9994545,7.4731989e-06,True,2,2.3527906e-11,-4.7968712e-12,-0.00041554738,63001.01,63099.0
1.84357,0.49576064,5.0005627,7.5000388e-06,True,2,2.3561349e-11,-4.8031703e-12,-0.00041616171,63014.44,63113.0
1.84411,0.49578262,4.999907,7.524486e-06,True,2,2.357816e-11,-4.8061585e-12,-0.00041677812,63027.79,63126.0
1.84465,0.49585416,4.9997463,7.5499271e-06,True,2,2.3599687e-11,-4.8100893e-12,-0.00041739637,63041.16,63139.0
1.8452,0.49597758,5.0001099,7.5764767e-06,True,2,2.3627818e-11,-4.8152211e-12,-0.00041801655,63054.55,63153.0
1.84574,0.4961557,5.0010276,7.6042564e-06,True,2,2.3659609e-11,-4.82119e-12,-0.00041863834,63067.99,63166.0
1.84629,0.49612927,4.9998741,7.6291644e-06,True,2,2.3673381e-11,-4.8235643e-12,-0.00041926279,63081.38,63180.0
1.84684,0.49616039,4.9992928,7.6552162e-06,True,2,2.3690455e-11,-4.8266041e-12,-0.00041988873,63095.04,63193.0
1.84739,0.49625731,4.9993675,7.682553e-06,True,2,2.3711225e-11,-4.8302386e-12,-0.00042051645,63108.66,63207.0
1.84795,0.49643084,5.0002071,7.7113566e-06,True,2,2.3740443e-11,-4.835671e-12,-0.0004211451,63122.15,63221.0
1.8485,0.49636022,4.9985801,7.736644e-06,True,2,2.3750886e-11,-4.8373522e-12,-0.00042177657,63135.73,63234.0
1.84906,0.49670971,5.0011783,7.7687705e-06,True,2,2.3798777e-11,-4.8465084e-12,-0.0004224094,63149.19,63248.0
1.84962,0.496808,5.0012394,7.7972725e-06,True,2,2.3824174e-11,-4.851185e-12,-0.00042304406,63162.62,63261.0
1.85018,0.49660602,4.9982768,7.8214079e-06,True,2,2.3824495e-11,-4.8507551e-12,-0.00042368064,63176.05,63275.0
1.85075,0.49688298,5.0001396,7.8535329e-06,True,2,2.3867038e-11,-4.8588577e-12,-0.00042431923,63189.52,63288.0
1.85132,0.49685067,4.9988779,7.8810856e-06,True,2,2.3882025e-11,-4.8614722e-12,-0.00042495962,63202.9,63301.0
1.85188,0.49692389,4.9986679,7.910621e-06,True,2,2.3908731e-11,-4.8664129e-12,-0.00042560186,63216.33,63315.0
1.85245,0.49712952,4.9997855,7.9425994e-06,True,2,2.3945736e-11,-4.8734198e-12,-0.00042624598,63229.75,63328.0
1.85303,0.49693943,4.996917,7.9776814e-06,True,2,2.3995293e-11,-4.8829425e-12,-0.00042689189,63243.11,63342.0
1.8536,0.49747777,5.0013666,8.0065783e-06,True,2,2.4015298e-11,-4.8865453e-12,-0.00042753965,63256.51,63355.0
1.85418,0.49760831,5.0017081,8.0383885e-06,True,2,2.4046606e-11,-4.892422e-12,-0.00042818918,63269.89,63369.0
1.85476,0.49719284,4.996555,8.0616971e-06,True,2,2.4028205e-11,-4.8883989e-12,-0.00042884045,63283.37,63382.0
1.85534,0.49773273,5.0010078,8.1009801e-06,True,2,2.4099548e-11,-4.9021546e-12,-0.00042949373,63296.83,63396.0
1.85593,0.49768507,4.9995524,8.1311833e-06,True,2,2.4116171e-11,-4.9051037e-12,-0.00043014884,63310.4,63409.0
1.85651,0.49791718,5.0008977,8.1663346e-06,True,2,2.4158376e-11,-4.9131533e-12,-0.00043080571,63323.84,63423.0
1.8571,0.49722735,4.9929739,8.1866996e-06,True,2,2.4116082e-11,-4.9043723e-12,-0.00043146415,63337.27,63436.0
1.85769,0.49835711,5.0033135,8.2374413e-06,True,2,2.4240944e-11,-4.928891e-12,-0.00043212451,63350.72,63450.0
1.85829,0.49855568,5.0042919,8.2732563e-06,True,2,2.4281215e-11,-4.9365592e-12,-0.00043278629,63364.12,63463.0
1.85888,0.49658165,4.9834614,8.2732563e-06,True,2,2.4121197e-11,-4.9043397e-12,-0.00043344883,63377.64,63476.0
1.85948,0.49868202,5.0035056,8.3416303e-06,True,2,2.4337639e-11,-4.9470993e-12,-0.0004341152,63390.98,63490.0
1.86008,0.49846384,5.0002895,8.3717139e-06,True,2,2.4342745e-11,-4.9476611e-12,-0.00043478141,63404.32,63503.0
1.86069,0.49855225,5.0001462,8.4076014e-06,True,2,2.4376851e-11,-4.9541017e-12,-0.00043545017,63417.67,63517.0
1.86129,0.49870178,5.000601,8.444966e-06,True,2,2.4412247e-11,-4.9607871e-12,-0.00043612106,63431.0,63530.0
1.8619,0.49868596,4.9993875,8.4799841e-06,True,2,2.4435316e-11,-4.9650513e-12,-0.00043679404,63444.37,63543.0
1.86252,0.49872914,4.998755,8.5206068e-06,True,2,2.4485916e-11,-4.9748117e-12,-0.00043746815,63457.71,63557.0
1.86313,0.4988389,4.9987804,8.5545422e-06,True,2,2.4504387e-11,-4.9782941e-12,-0.00043814423,63471.12,63570.0
1.86375,0.49902549,4.9995672,8.5944354e-06,True,2,2.4542139e-11,-4.9852098e-12,-0.000438821,63484.52,63584.0
1.86437,0.49902425,4.9984634,8.6363543e-06,True,2,2.4589298e-11,-4.9941721e-12,-0.0004394997,63497.94,63597.0
1.86499,0.49938636,5.0009912,8.6755444e-06,True,2,2.4631983e-11,-5.0025437e-12,-0.00044017754,63511.3,63610.0
1.86562,0.49924421,4.9984747,8.7167908e-06,True,2,2.4675559e-11,-5.0108304e-12,-0.00044085434,63524.68,63624.0
1.86625,0.49949031,4.9998316,8.7547974e-06,True,2,2.4700968e-11,-5.0155619e-12,-0.00044153274,63538.03,63637.0
1.86688,0.4995198,4.9990068,8.7948413e-06,True,2,2.4732877e-11,-5.0216001e-12,-0.00044221274,63551.41,63651.0
1.86751,0.49965118,4.9991915,8.8372384e-06,True,2,2.4774703e-11,-5.0296177e-12,-0.0004428943,63564.81,63664.0
1.86815,0.49990397,5.0005843,8.8823729e-06,True,2,2.4828376e-11,-5.0399942e-12,-0.00044357743,63578.35,63677.0
1.86879,0.49990387,4.999436,8.9236067e-06,True,2,2.4858626e-11,-5.0456994e-12,-0.00044426212,63591.84,63691.0
1.86944,0.50002762,4.9995168,8.9676463e-06,True,2,2.4900931e-11,-5.0538082e-12,-0.00044494834,63605.32,63704.0
1.87008,0.5003004,5.0010806,9.0150238e-06,True,2,2.4960797e-11,-5.0653357e-12,-0.00044563617,63618.7,63718.0
1.87073,0.50025723,4.9994876,9.0575955e-06,True,2,2.4988818e-11,-5.070609e-12,-0.0004463257,63632.11,63731.0
1.87139,0.50036935,4.9994307,9.1036238e-06,True,2,2.5033155e-11,-5.0791525e-12,-0.00044701686,63645.53,63745.0
1.87205,0.50067907,5.0013338,9.1539422e-06,True,2,2.5095671e-11,-5.0912853e-12,-0.00044770968,63658.84,63758.0
1.87271,0.50061658,4.9995039,9.1981498e-06,True,2,2.5123085e-11,-5.0964323e-12,-0.00044840385,63672.25,63772.0
1.87337,0.50076454,4.9997646,9.2469202e-06,True,2,2.5169929e-11,-5.1054056e-12,-0.00044909931,63685.68,63785.0
1.87404,0.50120357,5.0029192,9.3018237e-06,True,2,2.5246654e-11,-5.1203656e-12,-0.00044979604,63699.08,63798.0
1.87471,0.50116142,5.0012534,9.3485625e-06,True,2,2.5277702e-11,-5.1262491e-12,-0.00045049419,63712.46,63812.0
1.87538,0.50144528,5.0028388,9.4023132e-06,True,2,2.5343958e-11,-5.1390673e-12,-0.00045119381,63725.8,63825.0
1.87606,0.50102848,4.9974214,9.443824e-06,True,2,2.5341373e-11,-5.1382914e-12,-0.00045189505,63739.18,63839.0
1.87674,0.50094743,4.995338,9.4924083e-06,True,2,2.536868e-11,-5.1434034e-12,-0.00045259757,63752.57,63852.0
1.87743,0.50146686,4.9992262,9.5532378e-06,True,2,2.5462726e-11,-5.1619319e-12,-0.00045330189,63765.95,63865.0
1.87812,0.50079753,4.9912512,9.5922307e-06,True,2,2.5433694e-11,-5.1558131e-12,-0.00045400745,63779.31,63879.0
1.87881,0.50078739,4.989834,9.6446472e-06,True,2,2.5472462e-11,-5.1632466e-12,-0.00045471424,63792.66,63892.0
1.87951,0.4980382,4.9611402,9.6446472e-06,True,2,2.5246202e-11,-5.1179525e-12,-0.00045541814,63806.06,63906.0
1.88021,0.50198067,4.9990965,9.7752344e-06,True,2,2.5673432e-11,-5.2025989e-12,-0.00045612195,63819.42,63919.0
1.88091,0.50215754,4.9994977,9.8345022e-06,True,2,2.5733597e-11,-5.2143053e-12,-0.00045683323,63832.8,63932.0
1.88162,0.50216872,4.9982357,9.8968498e-06,True,2,2.5802164e-11,-5.2276601e-12,-0.0004575456,63846.14,63946.0
1.88234,0.50255781,5.0007199,9.9570489e-06,True,2,2.5860081e-11,-5.238885e-12,-0.00045825932,63859.49,63959.0
1.88306,0.50249184,4.9986604,1.001463e-05,True,2,2.589984e-11,-5.2465481e-12,-0.00045897454,63872.9,63972.0
1.88378,0.50283904,5.0006955,1.0081546e-05,True,2,2.5981693e-11,-5.2625819e-12,-0.00045969083,63886.29,63986.0
1.88451,0.50301113,5.000974,1.0146111e-05,True,2,2.6046568e-11,-5.2752341e-12,-0.00046040809,63899.65,63999.0
1.88524,0.50297382,4.9991627,1.0207718e-05,True,2,2.6091256e-11,-5.2837417e-12,-0.0004611267,63913.07,64013.0
1.88598,0.50305423,4.9985147,1.0273148e-05,True,2,2.6146929e-11,-5.2945039e-12,-0.00046184686,63926.46,64026.0
1.88672,0.50329158,4.9994034,1.034305e-05,True,2,2.6219042e-11,-5.3085393e-12,-0.00046256816,63939.86,64040.0
1.88747,0.50330307,4.9980268,1.0409606e-05,True,2,2.6269334e-11,-5.3182307e-12,-0.00046329067,63953.21,64053.0
1.88822,0.50349135,4.9983876,1.0481146e-05,True,2,2.6337956e-11,-5.3315568e-12,-0.00046401437,63966.57,64066.0
1.88898,0.50390023,5.0009186,1.0558707e-05,True,2,2.6426655e-11,-5.348817e-12,-0.0004647393,63979.99,64080.0
1.88974,0.50406646,5.0010211,1.0632656e-05,True,2,2.6494562e-11,-5.3620016e-12,-0.00046546544,63993.38,64093.0
1.89051,0.50391948,4.9980076,1.0701695e-05,True,2,2.6537276e-11,-5.3701925e-12,-0.00046619297,64006.76,64107.0
1.89128,0.50400097,4.997239,1.0777226e-05,True,2,2.6594539e-11,-5.3811489e-12,-0.00046692158,64020.19,64120.0
1.89206,0.50439843,4.9995758,1.0861155e-05,True,2,2.6683958e-11,-5.3984795e-12,-0.00046765082,64033.59,64133.0
1.89285,0.50446223,4.9985798,1.0939591e-05,True,2,2.6747628e-11,-5.4108692e-12,-0.00046838159,64047.05,64147.0
1.89364,0.50494181,5.0016817,1.1028807e-05,True,2,2.6849325e-11,-5.4306944e-12,-0.00046911366,64060.49,64160.0
1.89443,0.50502858,5.0008662,1.1111275e-05,True,2,2.6911782e-11,-5.442709e-12,-0.00046984684,64073.89,64174.0
1.89524,0.50452645,4.9942028,1.1182643e-05,True,2,2.6917195e-11,-5.4433389e-12,-0.00047058114,64087.32,64187.0
1.89605,0.50592846,5.0063713,1.1298573e-05,True,2,2.7112665e-11,-5.4816752e-12,-0.0004713167,64100.76,64201.0
1.89686,0.50533207,4.9987259,1.1371994e-05,True,2,2.7106942e-11,-5.4801583e-12,-0.00047205351,64114.22,64214.0
1.89768,0.50559554,4.9995578,1.1466756e-05,True,2,2.7187782e-11,-5.4957621e-12,-0.00047279176,64127.66,64228.0
1.89851,0.5044358,4.9862932,1.1531176e-05,True,2,2.7124218e-11,-5.4827023e-12,-0.00047353023,64141.08,64241.0
1.89935,0.50475191,4.9875914,1.1631447e-05,True,2,2.7209732e-11,-5.4991915e-12,-0.00047427021,64154.53,64255.0
1.90019,0.50610456,4.9991295,1.1757875e-05,True,2,2.7400734e-11,-5.5365144e-12,-0.00047500773,64168.01,64268.0
1.90104,0.50619025,4.9980899,1.1865799e-05,True,2,2.7490741e-11,-5.5538495e-12,-0.00047574994,64181.44,64281.0
1.9019,0.50644021,4.9986395,1.1965355e-05,True,2,2.753705e-11,-5.5624644e-12,-0.00047649321,64194.81,64295.0
1.90276,0.50688788,5.0011055,1.2079807e-05,True,2,2.763122e-11,-5.5805148e-12,-0.0004772376,64208.48,64309.0
1.90364,0.50682163,4.9984658,1.218487e-05,True,2,2.7672135e-11,-5.5879992e-12,-0.00047798306,64221.87,64322.0
1.90452,0.5069484,4.9976963,1.2307259e-05,True,2,2.7767627e-11,-5.6062445e-12,-0.00047872959,64235.3,64335.0
1.90541,0.50730553,4.9991683,1.2419082e-05,True,2,2.7808236e-11,-5.6135007e-12,-0.00047947731,64248.75,64349.0
1.90631,0.5074872,4.9988799,1.2540009e-05,True,2,2.7866584e-11,-5.6242802e-12,-0.00048022615,64262.2,64362.0
1.90721,0.50797291,5.0015373,1.267199e-05,True,2,2.7953866e-11,-5.6406896e-12,-0.00048097597,64275.58,64376.0
1.90813,0.50775982,4.9972693,1.2803934e-05,True,2,2.8016621e-11,-5.6522614e-12,-0.00048172663,64289.03,64389.0
1.90906,0.50845379,5.0018819,1.2935004e-05,True,2,2.8062639e-11,-5.6603248e-12,-0.00048247847,64302.48,64403.0
1.90999,0.50836612,4.9987601,1.3064044e-05,True,2,2.8079666e-11,-5.662693e-12,-0.00048323154,64315.93,64416.0
1.91094,0.50869164,4.9996778,1.3208495e-05,True,2,2.8126951e-11,-5.6708316e-12,-0.00048398608,64329.38,64430.0
1.9119,0.50880432,4.9984457,1.3351945e-05,True,2,2.8151018e-11,-5.6743991e-12,-0.00048474179,64342.76,64443.0
1.91286,0.50959411,5.0038045,1.3518052e-05,True,2,2.8234635e-11,-5.6896068e-12,-0.00048549877,64356.19,64457.0
1.91384,0.50916654,4.9971563,1.3656887e-05,True,2,2.8193384e-11,-5.6801449e-12,-0.00048625758,64369.61,64470.0
1.91483,0.50953432,4.9982631,1.3822219e-05,True,2,2.8217862e-11,-5.6834492e-12,-0.00048701783,64382.99,64483.0
1.91583,0.50962238,4.9965853,1.3986158e-05,True,2,2.8199166e-11,-5.6780296e-12,-0.00048777938,64396.43,64497.0
1.91685,0.50925363,4.9903705,1.414346e-05,True,2,2.8131319e-11,-5.662889e-12,-0.0004885424,64409.85,64510.0
1.91787,0.511178,5.0065552,1.4371275e-05,True,2,2.8268145e-11,-5.687821e-12,-0.00048930699,64423.31,64524.0
1.91891,0.50913558,4.9838183,1.4494107e-05,True,2,2.8016477e-11,-5.6362521e-12,-0.00049007282,64436.75,64537.0
1.91996,0.50270119,4.9181317,1.4494107e-05,True,2,2.7353515e-11,-5.5038165e-12,-0.00049083314,64450.16,64551.0
1.92102,0.51141468,5.0005082,1.4941619e-05,True,2,2.8057794e-11,-5.6388524e-12,-0.00049160266,64463.57,64564.0
1.92211,0.51154722,4.9988415,1.5150229e-05,True,2,4.0931558e-11,-9.5434941e-12,-0.00049237575,64476.85,64577.0
1.92321,0.51203678,5.0005757,1.5378436e-05,True,2,4.1495463e-11,-9.6052461e-12,-0.00049315071,64490.13,64591.0
1.92432,0.51197614,4.9968593,1.5615239e-05,True,2,4.2063148e-11,-9.6683678e-12,-0.00049392745,64503.39,64604.0
1.92546,0.51233027,4.997139,1.5861494e-05,True,2,4.2662194e-11,-9.7315446e-12,-0.00049470607,64516.65,64617.0
1.92661,0.51262953,4.9968027,1.6118247e-05,True,2,4.3247421e-11,-9.7903902e-12,-0.00049548729,64529.98,64631.0
1.92777,0.51223861,4.9957181,1.6365527e-05,True,2,4.3729243e-11,-9.8257091e-12,-0.00049627097,64543.27,64644.0
1.92896,0.51181892,5.0008633,1.6599436e-05,True,2,4.4090842e-11,-9.8357514e-12,-0.00049705551,64556.54,64657.0
1.93017,0.51055305,4.9980594,1.6840149e-05,True,2,4.4447076e-11,-9.8431246e-12,-0.00049784131,64569.85,64671.0
1.93139,0.51009202,5.0034975,1.7121622e-05,True,2,4.4905495e-11,-9.876718e-12,-0.00049862855,64583.16,64684.0
1.93263,0.50859393,4.999114,1.7382728e-05,True,2,4.5244469e-11,-9.8844983e-12,-0.00049941727,64596.43,64697.0
1.93389,0.50694034,4.9935602,1.7653465e-05,True,2,4.5559207e-11,-9.8905324e-12,-0.0005002076,64609.71,64710.0
1.93518,0.50698446,5.0051624,1.8000931e-05,True,2,4.6230559e-11,-9.9703651e-12,-0.00050100041,64622.97,64724.0
1.93648,0.50570783,5.004236,1.8321928e-05,True,2,4.6665093e-11,-1.0007913e-11,-0.00050179468,64636.3,64737.0
1.93781,0.50535282,5.0129347,1.8697448e-05,True,2,4.730454e-11,-1.0091264e-11,-0.00050259009,64649.66,64750.0
1.93917,0.50024711,4.9749582,1.8917418e-05,True,2,4.7048483e-11,-1.000816e-11,-0.00050338706,64662.92,64764.0
1.94054,0.5015334,5.0010198,1.9400768e-05,True,2,4.8068724e-11,-1.0180666e-11,-0.00050418098,64676.22,64777.0
1.94195,0.50004235,5.0001731,1.9810605e-05,True,2,4.8574442e-11,-1.0253643e-11,-0.00050498164,64689.54,64790.0
1.94339,0.49851572,4.9996531,2.0250226e-05,True,2,4.9127041e-11,-1.0340321e-11,-0.0005057833,64702.91,64804.0
1.94487,0.49701339,5.0001106,2.0725977e-05,True,2,4.9752726e-11,-1.0446485e-11,-0.00050658565,64716.19,64817.0
1.94638,0.49483252,4.9945886,2.1246977e-05,True,2,5.0491067e-11,-1.0580664e-11,-0.00050738948,64729.49,64830.0
1.94793,0.49359201,4.9994585,2.1787625e-05,True,2,5.1618046e-11,-1.0802395e-11,-0.00050819274,64742.77,64844.0
1.94952,0.49187836,5.0005479,2.2393046e-05,True,2,5.2406083e-11,-1.0955662e-11,-0.00050899503,64756.08,64857.0
1.95116,0.48957036,4.9967317,2.3032141e-05,True,2,6.5965164e-11,-1.5112376e-11,-0.00050979619,64769.33,64870.0
1.95284,0.48815417,5.0032912,2.3784235e-05,True,2,6.7995907e-11,-1.619301e-11,-0.00051059668,64782.5,64884.0
1.95458,0.48475348,4.9909006,2.4520968e-05,True,2,6.975972e-11,-1.6938479e-11,-0.00051139701,64795.65,64897.0
1.95638,0.48378798,5.0052444,2.5481153e-05,True,2,7.3800174e-11,-1.728824e-11,-0.00051219719,64808.81,64910.0
1.95825,0.48189425,5.01193,2.6516032e-05,True,2,7.5290218e-11,-1.7237202e-11,-0.00051299654,64822.15,64923.0
1.96019,0.478047,5.0004108,2.758668e-05,True,2,7.2134565e-11,-1.7222113e-11,-0.000513796,64835.36,64936.0
1.96223,0.47449151,4.9944284,2.8901953e-05,True,2,6.7890036e-11,-1.6485162e-11,-0.00051459965,64848.56,64950.0
1.96436,0.47120755,4.9942662,3.0429559e-05,True,2,6.6627996e-11,-1.5086813e-11,-0.00051541156,64861.72,64963.0
1.96661,0.46774063,4.9958382,3.2182133e-05,True,2,6.9093509e-11,-1.4852734e-11,-0.000516241,64874.91,64976.0
1.96901,0.46340554,4.9926561,3.4348967e-05,True,2,8.7510508e-11,-1.999916e-11,-0.00051736066,64888.17,64989.0
1.97158,0.45881374,4.9924297,3.7086969e-05,True,2,3.771577e-11,-7.7764097e-12,-0.00051869267,64901.57,65003.0
1.97438,0.45423907,5.0000808,4.0723438e-05,True,2,4.1064782e-11,-8.2161682e-12,-0.00052000853,64915.19,65016.0
1.97748,0.44885624,5.0097244,4.5769571e-05,True,2,4.9151349e-11,-9.6675237e-12,-0.000520904,64928.93,65030.0
1.98099,0.43897747,4.984343,5.3107059e-05,True,2,4.0663926e-11,-7.730054e-12,-0.0005212477,64942.9,65044.0
1.98525,0.42879061,4.983545,6.6743834e-05,False,3,7.354731e-11,-1.4215431e-11,-0.00051997896,64957.22,65059.0
1.98532,0.42880475,4.9857134,6.7047215e-05,False,3,7.3677019e-11,-1.4171799e-11,-0.00051995777,64957.5,65059.0
1.98538,0.42881941,4.9880213,6.7354771e-05,False,3,7.4359666e-11,-1.4296625e-11,-0.0005199364,64957.77,65059.0
1.98545,0.42883445,4.9903701,6.7354771e-05,False,3,7.4215362e-11,-1.427342e-11,-0.00051991509,64958.05,65059.0
1.98552,0.4268827,4.9698118,6.7668049e-05,False,3,7.4867878e-11,-1.4396814e-11,-0.00051989399,64958.34,65060.0
1.98559,0.42689856,4.9721459,6.798574e-05,False,3,7.5586629e-11,-1.453145e-11,-0.00051987315,64958.61,65060.0
1.98566,0.4269149,4.9744822,6.8307947e-05,False,3,7.6322481e-11,-1.4669407e-11,-0.00051985262,64958.89,65060.0
1.98572,0.42693174,4.9768235,6.8634779e-05,False,3,7.7079768e-11,-1.4811675e-11,-0.00051983243,64959.18,65060.0
1.98579,0.42694909,4.9791723,6.8966348e-05,False,3,7.7857135e-11,-1.4957589e-11,-0.00051981263,64959.46,65061.0
1.98586,0.42696694,4.9815307,6.930277e-05,False,3,7.8664136e-11,-1.5109671e-11,-0.00051979325,64959.74,65061.0
1.98593,0.4269853,4.9839005,6.9644163e-05,False,3,7.9425894e-11,-1.5259495e-11,-0.00051977441,64960.02,65061.0
1.986,0.42700422,4.9862829,6.9990651e-05,False,3,8.0273365e-11,-1.5419681e-11,-0.0005197561,64960.3,65062.0
1.98607,0.42702377,4.9886797,6.9990651e-05,False,3,8.0109821e-11,-1.5395971e-11,-0.00051973804,64960.58,65062.0
1.98614,0.4249193,4.966251,7.0344139e-05,False,3,8.0913755e-11,-1.5549826e-11,-0.00051972064,64960.86,65062.0
1.98621,0.42493996,4.9686579,7.0703038e-05,False,3,8.1774851e-11,-1.5712055e-11,-0.00051970388,64961.15,65062.0
1.98628,0.42496127,4.971081,7.1067486e-05,False,3,8.2686284e-11,-1.5884774e-11,-0.00051968789,64961.43,65063.0
1.98636,0.42498326,4.9735215,7.143763e-05,False,3,8.3606627e-11,-1.6058131e-11,-0.00051967261,64961.72,65063.0
1.98643,0.42500594,4.9759809,7.1813617e-05,False,3,8.4642743e-11,-1.625664e-11,-0.00051965815,64962.0,65063.0
1.9865,0.4250294,4.9784606,7.2195604e-05,False,3,8.5667552e-11,-1.6451504e-11,-0.00051964458,64962.28,65064.0
1.98657,0.4250536,4.9809618,7.2583753e-05,False,3,8.671217e-11,-1.6650071e-11,-0.00051963195,64962.56,65064.0
1.98664,0.42507857,4.9834856,7.297823e-05,False,3,8.7772969e-11,-1.6850839e-11,-0.00051962031,64962.85,65064.0
1.98672,0.42510438,4.9860328,7.3379209e-05,False,3,8.8867652e-11,-1.7058752e-11,-0.00051960972,64963.13,65064.0
1.98679,0.42513107,4.9886045,7.3379209e-05,False,3,8.8692986e-11,-1.703467e-11,-0.0005195995,64963.41,65065.0
1.98687,0.42282253,4.963767,7.3789149e-05,False,3,8.9745394e-11,-1.7236553e-11,-0.00051959045,64963.7,65065.0
1.98694,0.42285084,4.9663664,7.4206037e-05,False,3,9.0891873e-11,-1.7453213e-11,-0.0005195827,64963.98,65065.0
1.98701,0.42288012,4.9689921,7.4630071e-05,False,3,9.2056597e-11,-1.7673066e-11,-0.00051957625,64964.26,65066.0
1.98709,0.42291043,4.9716446,7.5061459e-05,False,3,9.3453799e-11,-1.7948512e-11,-0.00051957121,64964.54,65066.0
1.98716,0.42294179,4.9743245,7.5500415e-05,False,3,9.4572669e-11,-1.8148415e-11,-0.00051956761,64964.82,65066.0
1.98724,0.42297418,4.9770328,7.5947163e-05,False,3,9.5490518e-11,-1.8298733e-11,-0.00051956557,64965.1,65066.0
1.98732,0.42300771,4.9797705,7.6401936e-05,False,3,9.7318369e-11,-1.8657299e-11,-0.00051964283,64965.38,65067.0
1.98739,0.42304246,4.9825377,7.6864978e-05,False,3,9.8744229e-11,-1.8927522e-11,-0.00051972059,64965.67,65067.0
1.98747,0.4230784,4.9853359,7.6864978e-05,False,3,9.851385e-11,-1.8892462e-11,-0.00051979822,64965.95,65067.0
1.98755,0.42055112,4.9579229,7.7339453e-05,False,3,9.9804438e-11,-1.9137349e-11,-0.00051987607,64966.23,65068.0
1.98763,0.42058922,4.9607586,7.7822825e-05,False,3,1.0121991e-10,-1.9402537e-11,-0.00051995447,64966.51,65068.0
1.9877,0.4206286,4.9636269,7.8315374e-05,False,3,1.0263901e-10,-1.9666536e-11,-0.00052003337,64966.78,65068.0
1.98778,0.42066929,4.9665283,7.8817396e-05,False,3,1.0411057e-10,-1.9940072e-11,-0.00052011274,64967.06,65068.0
1.98786,0.42071134,4.9694642,7.9329197e-05,False,3,1.0560891e-10,-2.0217655e-11,-0.00052019261,64967.35,65069.0
1.98794,0.42075487,4.9724359,7.98511e-05,False,3,1.0715879e-10,-2.050191e-11,-0.00052027307,64967.63,65069.0
1.98802,0.42079994,4.9754441,8.0383441e-05,False,3,1.0871122e-10,-2.0787783e-11,-0.00052035398,64967.91,65069.0
1.9881,0.4208467,4.9784908,8.0926572e-05,False,3,1.1030233e-10,-2.1079944e-11,-0.0005204353,64968.21,65070.0
1.98819,0.42089516,4.9815771,8.1480864e-05,False,3,4.4523366e-11,-8.2645503e-12,-0.00052051702,64968.49,65070.0
1.98827,0.42094537,4.9847042,8.1480864e-05,False,3,4.4353306e-11,-8.2338512e-12,-0.00052059851,64968.78,65070.0
1.98835,0.41811373,4.9536953,8.205066e-05,False,3,4.4958481e-11,-8.3415254e-12,-0.00052068003,64969.06,65070.0
1.98843,0.41816724,4.9568733,8.2632579e-05,False,3,4.5613314e-11,-8.4563947e-12,-0.00052076197,64969.35,65071.0
1.98851,0.41822276,4.960095,8.3227058e-05,False,3,4.6284098e-11,-8.573894e-12,-0.00052084431,64969.63,65071.0
1.9886,0.41828038,4.9633617,8.3834555e-05,False,3,4.6973969e-11,-8.6944791e-12,-0.00052092702,64969.93,65071.0
1.98868,0.4183402,4.9666746,8.4455552e-05,False,3,4.7685205e-11,-8.8185463e-12,-0.00052101013,64970.21,65072.0
1.98877,0.41840223,4.9700352,8.5090556e-05,False,3,4.841271e-11,-8.9450493e-12,-0.00052109359,64970.49,65072.0
1.98885,0.41846673,4.9734445,8.5740102e-05,False,3,4.9156716e-11,-9.0739127e-12,-0.00052117733,64970.77,65072.0
1.98894,0.4185337,4.9769036,8.6404754e-05,False,3,4.9909523e-11,-9.2038537e-12,-0.00052126137,64971.06,65072.0
1.98903,0.41860335,4.9804141,8.7085107e-05,False,3,5.0682849e-11,-9.3369865e-12,-0.00052134571,64971.34,65073.0
1.98911,0.41867588,4.9839778,8.7085107e-05,False,3,5.0444836e-11,-9.2923956e-12,-0.00052142971,64971.62,65073.0
1.9892,0.41545371,4.948306,8.7787406e-05,False,3,5.1178651e-11,-9.4189969e-12,-0.00052151369,64971.91,65073.0
1.98929,0.41553121,4.9519368,8.8506975e-05,False,3,5.195598e-11,-9.5508445e-12,-0.00052159802,64972.19,65074.0
1.98938,0.41561187,4.9556251,8.9244533e-05,False,3,1.0625508e-10,-1.8807887e-11,-0.00052168273,64972.47,65074.0
1.98947,0.41569573,4.9593747,9.0000842e-05,False,3,1.0756838e-10,-1.9009267e-11,-0.00052176781,64972.76,65074.0
1.98956,0.41578328,4.963186,9.0776712e-05,False,3,1.0809693e-10,-1.9057816e-11,-0.00052185342,64973.04,65074.0
1.98965,0.41587468,4.9670609,9.1572999e-05,False,3,1.0751218e-10,-1.8888121e-11,-0.0005219386,64973.32,65075.0
1.98974,0.41597007,4.971002,9.2390615e-05,False,3,1.0820457e-10,-1.8965134e-11,-0.00052202443,64973.61,65075.0
1.98984,0.41606985,4.9750116,9.3230529e-05,False,3,1.0974966e-10,-1.9203397e-11,-0.00052211048,64973.89,65075.0
1.98993,0.41617394,4.9790927,9.3230529e-05,False,3,1.0795807e-10,-1.8860101e-11,-0.00052219618,64974.17,65076.0
1.99003,0.41249761,4.9379219,9.4101843e-05,False,3,1.089746e-10,-1.9000356e-11,-0.00052228194,64974.46,65076.0
1.99012,0.412609,4.9420893,9.4998051e-05,False,3,1.1039312e-10,-1.9209117e-11,-0.00052236811,64974.74,65076.0
1.99022,0.41272417,4.9463216,9.5920362e-05,False,3,1.1189464e-10,-1.9431539e-11,-0.00052245438,64975.03,65076.0
1.99031,0.41284472,4.9506341,9.6870069e-05,False,3,1.1354321e-10,-1.9679189e-11,-0.00052254029,64975.31,65077.0
1.99041,0.41297113,4.9550301,9.7848554e-05,False,3,4.4819554e-11,-7.7236634e-12,-0.00052262517,64975.6,65077.0
1.99051,0.41310387,4.9595124,9.8857302e-05,False,3,4.5519277e-11,-7.8301539e-12,-0.00052270787,64975.9,65077.0
1.99061,0.41324312,4.9640849,9.9897905e-05,False,3,6.7498301e-11,-1.1908848e-11,-0.00052273077,64976.18,65078.0
1.99071,0.41338936,4.9687319,0.00010097208,False,3,6.8033125e-11,-1.1977032e-11,-0.00052274889,64976.47,65078.0
1.99081,0.41354305,4.973486,0.00010097208,False,3,6.6844114e-11,-1.1755421e-11,-0.00052276534,64976.75,65078.0
1.99091,0.40925512,4.9247884,0.00010209399,False,3,6.7170313e-11,-1.1786581e-11,-0.00052277023,64977.04,65078.0
1.99102,0.40942224,4.9296822,0.00010325415,False,3,6.7587121e-11,-1.1829753e-11,-0.00052276071,64977.33,65079.0
1.99112,0.40959795,4.9346866,0.00010445478,False,3,6.8013305e-11,-1.187299e-11,-0.00052273287,64977.62,65079.0
1.99123,0.40978276,4.9398066,0.00010569829,False,3,6.8431992e-11,-1.1913037e-11,-0.00052268383,64977.91,65079.0
1.99133,0.40997786,4.9450489,0.00010698729,False,3,6.8848358e-11,-1.1950713e-11,-0.00052261225,64978.2,65080.0
1.99144,0.41018419,4.9504212,0.00010832463,False,3,6.9205278e-11,-1.1972618e-11,-0.00052266263,64978.49,65080.0
1.99155,0.41040244,4.955928,0.00010971341,False,3,6.9624739e-11,-1.2006302e-11,-0.00052271707,64978.77,65080.0
1.99166,0.4106334,4.961575,0.00011115701,False,3,6.9794244e-11,-1.1991621e-11,-0.00052277593,64979.06,65080.0
1.99177,0.41087819,4.9673707,0.00011115701,False,3,6.8003782e-11,-1.1661037e-11,-0.00052283584,64979.35,65081.0
1.99189,0.40572591,4.9078436,0.0001126797,False,3,6.8177131e-11,-1.1649499e-11,-0.00052289951,64979.64,65081.0
1.992,0.40599565,4.9138474,0.00011426674,False,3,6.8508437e-11,-1.1661641e-11,-0.00052288629,64979.93,65081.0
1.99212,0.40628265,4.9200224,0.00011592278,False,3,6.896339e-11,-1.1691548e-11,-0.00052287662,64980.21,65082.0
1.99223,0.40658791,4.926379,0.00011765297,False,3,6.933614e-11,-1.1703104e-11,-0.00052287057,64980.5,65082.0
1.99235,0.40691381,4.9329296,0.00011946302,False,3,6.9720147e-11,-1.1712725e-11,-0.00052286835,64980.8,65082.0
1.99248,0.40726231,4.9396885,0.00012135926,False,3,6.9920097e-11,-1.1684915e-11,-0.00052287053,64981.09,65082.0
1.9926,0.40763504,4.9466715,0.00012334875,False,3,6.9577278e-11,-1.1553921e-11,-0.00052287895,64981.39,65083.0
1.99272,0.40803531,4.9538971,0.00012543941,False,3,6.8353759e-11,-1.1257753e-11,-0.00052289719,64981.69,65083.0
1.99285,0.40846592,4.9613783,0.00012543941,False,3,6.5168043e-11,-1.0675953e-11,-0.00052292065,64981.98,65083.0
1.99298,0.40199326,4.8848371,0.0001276794,False,3,6.2487713e-11,-1.012471e-11,-0.0005229641,64982.28,65084.0
1.99311,0.40247951,4.892678,0.00013004383,False,3,5.9779729e-11,-9.6017063e-12,-0.00052303683,64982.57,65084.0
1.99324,0.40300461,4.9008162,0.00013254468,False,3,5.8877913e-11,-9.474604e-12,-0.00052314804,64982.87,65084.0
1.99338,0.403572,4.9092663,0.00013519557,False,3,6.0642024e-11,-9.8331407e-12,-0.00052330142,64983.16,65085.0
1.99351,0.40418811,4.9180592,0.00013801214,False,3,6.4194112e-11,-1.0474575e-11,-0.00052349541,64983.46,65085.0
1.99365,0.40485832,4.9272291,0.00014101241,False,3,6.8341722e-11,-1.1190601e-11,-0.00052372852,64983.76,65085.0
1.9938,0.40559121,4.9368102,0.00014421723,False,3,7.2629375e-11,-1.1897458e-11,-0.00052399104,64984.05,65085.0
1.99394,0.40639263,4.9468399,0.00014421723,False,3,7.1996021e-11,-1.181499e-11,-0.00052426496,64984.36,65086.0
1.99409,0.39800072,4.8445903,0.00014773473,False,3,8.4997513e-11,-1.3453858e-11,-0.00052429251,64984.65,65086.0
1.99424,0.39893038,4.8645364,0.0001515228,False,3,8.9451354e-11,-1.4079032e-11,-0.00052432538,64984.94,65086.0
1.9944,0.39995881,4.8939486,0.00015561801,False,3,9.4038905e-11,-1.4709363e-11,-0.0005243597,64985.24,65087.0
1.99456,0.40109993,4.9254157,0.00016006424,False,3,9.9185952e-11,-1.5409747e-11,-0.0005243962,64985.54,65087.0
1.99472,0.4023724,4.9592072,0.00016006424,False,3,9.5580473e-11,-1.4749886e-11,-0.00052443395,64985.84,65087.0
1.99488,0.39222854,4.8520461,0.00016506625,False,3,1.0069473e-10,-1.5425042e-11,-0.00052447327,64986.14,65087.0
1.99505,0.39374556,4.8893876,0.00017056845,False,3,1.0742313e-10,-1.6334793e-11,-0.0005245142,64986.44,65088.0
1.99522,0.39545912,4.9299333,0.00017056845,False,3,1.0348469e-10,-1.5627455e-11,-0.00052455662,64986.74,65088.0
1.9954,0.38411021,4.8071853,0.0001768858,False,3,1.1064951e-10,-1.6600447e-11,-0.00052459982,64987.04,65088.0
1.99558,0.38620454,4.8527944,0.00018396124,False,3,1.2020371e-10,-1.7934216e-11,-0.00052464399,64987.34,65089.0
1.99577,0.3886174,4.9031324,0.00018396124,False,3,1.1529463e-10,-1.7121538e-11,-0.00052468924,64987.66,65089.0
1.99596,0.37567753,4.7589391,0.00019232311,False,3,1.2544487e-10,-1.8573244e-11,-0.00052447677,64987.97,65089.0
1.99616,0.37871608,4.8208009,0.00020193927,False,3,1.410408e-10,-2.0653157e-11,-0.00052423365,64988.28,65090.0
1.99637,0.38230963,4.9018236,0.00020193927,False,3,1.4119607e-10,-1.9995803e-11,-0.00052399845,64988.59,65090.0
1.99657,0.36712569,4.7418067,0.00020193927,False,3,1.5843983e-10,-2.0921625e-11,-0.00052377697,64988.9,65090.0
1.99677,0.3521143,4.5819416,0.00020193927,False,3,1.5864706e-10,-2.0730823e-11,-0.00052356083,64989.21,65091.0
1.99697,0.33730301,4.4222387,0.00020193927,False,3,1.5344483e-10,-2.0020755e-11,-0.00052335371,64989.52,65091.0
1.99717,0.32277452,4.2626834,0.00020193927,False,3,1.4448017e-10,-1.8918004e-11,-0.00052314721,64989.83,65091.0
1.99737,0.30859807,4.1032294,0.00020193927,False,3,1.2256149e-10,-1.7585733e-11,-0.00052311177,64990.14,65091.0
1.99758,0.29483104,3.9438111,0.00020193927,False,3,1.1465306e-10,-1.7570364e-11,-0.00052308403,64990.45,65092.0
1.99778,0.28149353,3.7844541,0.00020193927,False,3,1.1045518e-10,-1.771316e-11,-0.00052306583,64990.75,65092.0
1.99798,0.26862504,3.6252599,0.00020193927,False,3,1.0850281e-10,-1.7461656e-11,-0.00052305953,64991.06,65092.0
1.99818,0.2562813,3.5176229,0.00020193927,False,3,1.0692085e-10,-1.669657e-11,-0.00052305356,64991.36,65093.0
1.99838,0.24458743,3.4351926,0.00020193927,False,3,1.0276296e-10,-1.5769593e-11,-0.00052304762,64991.66,65093.0
1.99859,0.23369432,3.3529518,0.00020193927,False,3,9.6609976e-11,-1.4333322e-11,-0.00052304382,64991.97,65093.0
1.99879,0.22370474,3.2709161,0.00020193927,False,3,1.3816288e-10,2.1945881e-11,-0.00052304909,64992.27,65094.0
1.99899,0.21460109,3.1890073,0.00020193927,False,3,1.1849537e-10,1.9158812e-11,-0.0005230553,64992.58,65094.0
1.99919,0.20637654,3.1072542,0.00020193927,False,3,1.1096001e-10,1.855198e-11,-0.00052305906,64992.88,65094.0
1.99939,0.19912451,3.0256645,0.00020193927,False,3,1.0958695e-10,1.8850965e-11,-0.00052305841,64993.2,65095.0
1.9996,0.19300742,2.9442437,0.00020193927,False,3,1.0883194e-10,1.915097e-11,-0.00052305429,64993.49,65095.0
1.9998,0.18814292,2.8629861,0.00020193927,False,3,1.0795179e-10,1.9543729e-11,-0.00052305393,64993.79,65095.0
2.0,0.18450782,2.7819043,0.00020193927,False,3,1.0843291e-10,2.0073908e-11,-0.00052306009,64994.09,65095.0
