iteration,Ux_initial,Uy_initial,Uz_initial,p_initial,Ux_final,Uy_final,Uz_final,p_final,p_corrections,Ux_linear_iterations,Uy_linear_iterations,Uz_linear_iterations,continuity_local,continuity_global,continuity_cumulative
1,1.0,1.0,1.0,1.0,0.014866954,0.018599112,0.019281161,0.00054488043,3,2,3,3,92.397249,1.5604683,1.5604683
2,0.34720251,0.40229883,0.41543553,0.22396502,0.0063042443,0.010700038,0.015794971,0.00061454,3,3,3,3,64.19955,-1.6021659,-0.04169765
3,0.30498342,0.46668122,0.58419947,0.099851509,0.013672952,0.0088692707,0.01121827,0.0021189871,3,3,4,4,40.341582,-0.32767076,-0.36936841
4,0.15701443,0.27314333,0.3080259,0.097957603,0.0067930152,0.013441161,0.0058515731,0.00083099446,3,3,3,4,66.636733,-0.046167672,-0.41553608
5,0.1509444,0.22963517,0.17594876,0.26086754,0.0029070553,0.0065158743,0.0075698368,0.00066913514,3,3,3,3,33.621424,-1.0378019,-1.453338
6,0.22341101,0.34173395,0.37942754,0.18565971,0.0083962583,0.015983189,0.018889876,0.0015795727,3,3,3,3,28.472379,0.12179214,-1.3315458
7,0.15018166,0.22269608,0.23559094,0.23777687,0.0055703055,0.01006712,0.011615708,0.00070793839,3,3,3,3,33.696694,0.53847306,-0.79307276
8,0.14501673,0.22141296,0.17658479,0.18549521,0.0032402021,0.0071631883,0.0080933405,0.00050323861,3,3,3,3,13.394351,0.34315822,-0.44991454
9,0.13607274,0.23161418,0.23708497,0.14497706,0.0050965291,0.010844207,0.011853954,0.0016176436,3,3,3,3,19.739025,-0.27082963,-0.72074416
10,0.062278901,0.09615205,0.087803632,0.18746598,0.0020740033,0.0039661316,0.0042554735,0.00072405601,3,3,3,3,19.030968,-0.14416537,-0.86490954
11,0.068468679,0.10906382,0.090593907,0.17011252,0.0017149716,0.0038762801,0.0042662359,0.00045427135,3,3,3,3,5.8550154,-0.22905441,-1.093964
12,0.075201315,0.1266028,0.13030607,0.15337105,0.0028554759,0.0059296672,0.0064776749,0.0012085067,3,3,3,3,11.591542,0.098058215,-0.99590574
13,0.038231987,0.054536608,0.044025537,0.20068262,0.0011173328,0.0018657297,0.001982564,0.00058751865,3,3,3,3,9.1366433,0.19931012,-0.79659562
14,0.044792903,0.072652393,0.063491144,0.12151725,0.0012527372,0.002833992,0.0030790886,0.00028250302,3,3,3,3,2.0335161,0.056292974,-0.74030264
15,0.039297681,0.068338353,0.069983506,0.12106649,0.0015333495,0.0032485001,0.0013281679,0.0011874747,3,3,3,4,7.4735748,-0.14800986,-0.8883125
16,0.018947051,0.026813548,0.019002544,0.12934067,0.00049227255,0.00077966108,0.00075291673,0.00052274131,3,3,3,3,4.5602537,-0.17523293,-1.0635454
17,0.024204333,0.039600307,0.036088944,0.11108108,0.00069568779,0.0015627041,0.0017393887,0.00032688198,3,3,3,3,1.225858,0.024381555,-1.0391639
18,0.020776127,0.035208268,0.035693681,0.11722268,0.00079948278,0.0016370142,0.001764957,0.00086467159,3,3,3,3,4.3518882,0.062953384,-0.97621049
19,0.011469701,0.015982248,0.01061534,0.12212704,0.00026092408,0.00037855697,0.00034399687,0.00036727093,3,3,3,3,2.1473243,0.077383123,-0.89882737
20,0.014432982,0.024080932,0.02285862,0.076850361,0.00045368012,0.0010141533,0.0011226533,0.00035069053,3,3,3,3,1.0801417,-0.041960202,-0.94078757
21,0.011101846,0.019103191,0.019431606,0.075274127,0.00044089064,0.00089910968,0.0009702068,0.00074303775,3,3,3,3,2.4907352,-0.030674941,-0.97146252
22,0.0069659422,0.0099072788,0.007272284,0.064956838,0.00018014911,0.00028388691,0.00027205736,0.00042177228,3,3,3,3,1.4744435,-0.0059930527,-0.97745557
23,0.008243339,0.013515227,0.012258646,0.070478588,0.00025461428,0.0005375663,0.000577016,0.00043342236,3,3,3,3,0.91338036,-0.032820918,-1.0102765
24,0.0061794682,0.0098963054,0.009233938,0.070405666,0.00023006845,0.00042104164,0.00043524903,0.00045621311,3,3,3,3,1.4454349,0.018865852,-0.99141063
25,0.0048415983,0.0071298498,0.0060049415,0.051193628,0.0001428245,0.00024676009,0.00024963407,0.00023606891,3,3,3,3,0.73768789,0.0022721905,-0.98913844
26,0.0052879308,0.0089416529,0.0086680112,0.045252169,0.00018235555,0.00037879764,0.0004078787,0.00022956353,3,3,3,3,0.53500407,0.00014631339,-0.98899213
27,0.0040263362,0.0067852739,0.0067353674,0.041743618,0.00015807511,0.00030001131,0.00031595212,0.00036339343,3,3,3,3,0.82729062,-0.010418182,-0.99941031
28,0.0035300797,0.0053020764,0.0046780184,0.037478193,0.00012072976,0.00020298445,0.00020001576,0.00017260933,3,3,3,3,0.37970279,0.0017028547,-0.99770746
29,0.0035769853,0.0055721844,0.0049616621,0.040093504,0.00013069133,0.00022329024,0.00021868381,0.00016056536,3,3,3,3,0.36082745,0.0096706066,-0.98803685
30,0.0030240761,0.004633834,0.004265186,0.036855118,0.00012074529,0.00019557299,0.00018913541,0.00017758206,3,3,3,3,0.44876236,0.0031940417,-0.98484281
31,0.0028967208,0.0046462878,0.0044857744,0.031164267,0.00011079179,0.00019905328,0.00020200227,9.2461443e-05,3,3,3,3,0.22652055,0.007209794,-0.97763302
32,0.002810277,0.0047776507,0.0047488957,0.029320907,0.00011224564,0.00021107845,0.0002181612,0.00011146642,3,3,3,3,0.24833832,-0.0059147533,-0.98354777
33,0.0025212993,0.0042539901,0.0042474378,0.027366974,0.00010530128,0.00019090492,0.00019519691,8.6187332e-05,3,3,3,3,0.18285062,-0.006638198,-0.99018597
34,0.0024541937,0.0039328702,0.00379958,0.026308909,0.00010047421,0.0001728887,0.00017210174,6.3442019e-05,3,3,3,3,0.13600321,-0.0032722162,-0.99345818
35,0.0023930224,0.0038153111,0.003655761,0.026092775,0.00010019951,0.00016884463,0.00016585913,7.5943779e-05,3,3,3,3,0.17148931,0.0039705614,-0.98948762
36,0.0022758752,0.003701519,0.0036066631,0.024587694,9.7240512e-05,0.00016653825,0.00016500265,7.5446139e-05,3,3,3,3,0.17510967,0.004467827,-0.98501979
37,0.0022203157,0.0037086011,0.0036644231,0.022987627,9.471818e-05,0.00016798178,0.00016875365,3.6462992e-05,3,3,3,3,0.08344602,0.00088894428,-0.98413085
38,0.0021479159,0.0036441848,0.0036277695,0.022002656,9.285795e-05,0.00016629511,0.00016801466,5.6662215e-05,3,3,3,3,0.12619093,-0.0022054883,-0.98633634
39,0.0020723717,0.0034901104,0.0034666338,0.021101554,9.0372337e-05,0.00015957369,0.00016051512,5.436262e-05,3,3,3,3,0.11944808,-0.0012054006,-0.98754174
40,0.0020335939,0.0033688947,0.0033191637,0.020515075,8.8632798e-05,0.00015379853,0.00015345344,2.8128543e-05,3,3,3,3,0.062328973,7.4349767e-05,-0.98746739
41,0.001993833,0.003291834,0.0032346498,0.020014361,8.7400591e-05,0.0001506538,0.00014979827,3.998208e-05,3,3,3,3,0.089841089,0.0012855046,-0.98618188
42,0.0019496703,0.0032393555,0.0031920256,0.019305836,8.5871632e-05,0.00014883298,0.00014833649,3.7482792e-05,3,3,3,3,0.084799044,0.0011381109,-0.98504377
43,0.0019102834,0.00319799,0.0031624431,0.018605739,8.4326719e-05,0.00014738078,0.00014749613,2.0990091e-05,3,3,3,3,0.047248717,0.0005809491,-0.98446282
44,0.0018692233,0.0031369292,0.0031080355,0.018020015,8.2854874e-05,0.00014491794,0.00014533502,3.3337812e-05,3,3,3,3,0.074562057,-0.00035338621,-0.98481621
45,0.0018326453,0.0030624131,0.0030316844,0.017503509,8.1472638e-05,0.00014164542,0.00014190292,3.078771e-05,3,3,3,3,0.068638543,-0.00025608628,-0.9850723
46,0.0018031867,0.0029952179,0.0029592507,0.017084707,8.0287007e-05,0.00013865302,0.00013860626,2.219925e-05,3,3,3,3,0.049643024,0.00020494109,-0.98486736
47,0.0017745537,0.0029404685,0.0029027103,0.016688439,7.919879e-05,0.00013632797,0.00013615281,2.4286526e-05,3,3,3,3,0.054477278,0.00037023774,-0.98449712
48,0.001746406,0.0028938023,0.0028578983,0.016269094,7.810542e-05,0.00013441367,0.00013431494,2.4341582e-05,3,3,3,3,0.054697529,2.9648472e-05,-0.98446747
49,0.0017193006,0.0028493464,0.0028166498,0.015856628,7.7045072e-05,0.00013257397,0.00013263831,1.6984567e-05,3,3,3,3,0.038151416,-0.00030869115,-0.98477616
50,0.0016931053,0.0028020034,0.0027714701,0.015475313,7.6042107e-05,0.0001305522,0.00013070747,2.5178831e-05,3,3,3,3,0.056501678,3.1394855e-05,-0.98474477
51,0.0016686544,0.0027535158,0.0027235569,0.015123333,7.5087641e-05,0.00012843017,0.00012857818,2.5015222e-05,3,3,3,3,0.056089753,0.00010352501,-0.98464124
52,0.0016463179,0.0027071612,0.0026763724,0.014809632,7.420791e-05,0.00012637666,0.00012645502,2.9300278e-05,3,3,3,3,0.065772034,0.00045820726,-0.98418303
53,0.001625386,0.0026647903,0.0026331596,0.014514466,7.3393016e-05,0.00012450409,0.0001245196,2.5443051e-05,3,3,3,3,0.057159218,0.00037315535,-0.98380988
54,0.0016057776,0.0026254143,0.0025936638,0.014224308,7.2631894e-05,0.00012276373,0.00012277529,2.3340616e-05,3,3,3,3,0.052457866,0.00070704949,-0.98310283
55,0.001587124,0.0025877064,0.002556255,0.013942305,7.1912159e-05,0.0001211039,0.00012113435,2.2084471e-05,3,3,3,3,0.049665447,0.0013478513,-0.98175498
56,0.0015689855,0.0025506838,0.0025198135,0.013673889,7.1209497e-05,0.00011947816,0.00011952907,3.1989246e-05,3,3,3,3,0.07197624,0.0015104217,-0.98024456
57,0.0015517357,0.0025141128,0.0024833558,0.013426984,7.0530224e-05,0.00011785911,0.0001178999,2.9501903e-05,3,3,3,3,0.066338588,0.00031225315,-0.9799323
58,0.0015355539,0.0024786444,0.0024475161,0.01319527,6.9891538e-05,0.00011628472,0.0001162861,2.8780125e-05,3,3,3,3,0.064775824,0.001035096,-0.97889721
59,0.0015203743,0.002444772,0.0024133174,0.012974459,6.9296364e-05,0.00011478643,0.00011475528,2.256048e-05,3,3,3,3,0.050787717,0.00064813234,-0.97824907
60,0.0015061286,0.0024123468,0.0023807336,0.01275887,6.8750595e-05,0.00011337081,0.000113307,2.0858048e-05,3,3,3,3,0.046973991,0.00053412263,-0.97771495
61,0.0014925882,0.0023812879,0.0023495395,0.012549376,6.8241236e-05,0.0001120083,0.00011192825,2.2108959e-05,3,3,3,3,0.049816003,0.00086389728,-0.97685105
62,0.0014795913,0.0023512819,0.002319489,0.012347675,6.7748207e-05,0.00011068748,0.00011060182,2.4402537e-05,3,3,3,3,0.055006523,0.00083269025,-0.97601836
63,0.0014672308,0.002322063,0.0022901737,0.012155547,6.7278483e-05,0.00010940238,0.00010930782,2.5790481e-05,3,3,3,3,0.05815579,0.00085869769,-0.97515967
64,0.0014554663,0.0022936599,0.0022615981,0.011975145,6.6831145e-05,0.00010815337,0.00010804396,2.5228163e-05,3,3,3,3,0.05690642,0.00082021907,-0.97433945
65,0.0014442614,0.0022661771,0.0022338843,0.011802613,6.6413014e-05,0.00010694369,0.00010682618,2.3414388e-05,3,3,3,3,0.052833726,0.00078019965,-0.97355925
66,0.001433677,0.0022397517,0.0022072058,0.011636449,6.6019295e-05,0.00010577924,0.00010565828,2.1803238e-05,3,3,3,3,0.049217894,0.00070266536,-0.97285658
67,0.0014237957,0.0022142549,0.002181645,0.011476075,6.565986e-05,0.00010465776,0.00010454035,2.1350586e-05,3,3,3,3,0.048217273,0.00067300779,-0.97218358
68,0.001414589,0.0021896842,0.0021570815,0.01132181,6.5326297e-05,0.00010357355,0.00010345893,2.1659941e-05,3,3,3,3,0.048938099,0.00066173586,-0.97152184
69,0.0014058134,0.0021658855,0.0021332771,0.01117454,6.5016959e-05,0.00010252195,0.00010241271,2.2139479e-05,3,3,3,3,0.050044137,0.00064720273,-0.97087464
70,0.0013975161,0.0021427354,0.0021102254,0.011034604,6.4720201e-05,0.00010150172,0.00010139977,2.228207e-05,3,3,3,3,0.050389081,0.00062440671,-0.97025023
71,0.0013896353,0.0021202521,0.0020878784,0.010900399,6.4439403e-05,0.00010051215,0.00010041161,2.1870737e-05,3,3,3,3,0.049481515,0.0005849613,-0.96966527
72,0.0013822991,0.0020984795,0.002066163,0.010770572,6.4171794e-05,9.9546173e-05,9.9446654e-05,2.1178017e-05,3,3,3,3,0.047937103,0.00054593448,-0.96911933
73,0.001375444,0.0020773391,0.0020451186,0.0106451,6.3924214e-05,9.8603563e-05,9.851113e-05,2.059058e-05,3,3,3,3,0.046630631,0.00051250632,-0.96860683
74,0.001368984,0.0020568529,0.0020247053,0.010525508,6.3689125e-05,9.7682893e-05,9.7604845e-05,2.0288542e-05,3,3,3,3,0.045970422,0.00048561773,-0.96812121
75,0.0013628117,0.0020371129,0.0020048976,0.01041109,6.3460509e-05,9.6785277e-05,9.6718917e-05,2.0215058e-05,3,3,3,3,0.045828281,0.00046297175,-0.96765824
76,0.0013568932,0.0020179551,0.0019856707,0.010301399,6.3244372e-05,9.5911614e-05,9.5853353e-05,2.0225635e-05,3,3,3,3,0.045877146,0.00044231503,-0.96721592
77,0.001351371,0.0019992446,0.00196702,0.010195645,6.3040923e-05,9.5059206e-05,9.5008295e-05,2.0178212e-05,3,3,3,3,0.045795045,0.0004210859,-0.96679484
78,0.0013462828,0.0019809094,0.0019489079,0.010092319,6.2846544e-05,9.4230178e-05,9.4185457e-05,1.7931205e-05,3,3,3,3,0.040718454,0.00080400627,-0.96599083
79,0.0013414006,0.001963023,0.0019313727,0.0099901264,6.2663065e-05,9.3428561e-05,9.3390623e-05,2.1318016e-05,3,3,3,3,0.04844028,0.0004295314,-0.9655613
80,0.0013368086,0.0019456351,0.001914293,0.0098976243,6.2498526e-05,9.2644851e-05,9.261113e-05,2.0544883e-05,3,3,3,3,0.046708873,0.00037854035,-0.96518276
81,0.0013323873,0.0019285852,0.0018977182,0.0098084101,6.2347873e-05,9.1880252e-05,9.1859203e-05,2.156089e-05,3,3,3,3,0.049046617,0.00011377052,-0.96506899
82,0.0013280223,0.001911961,0.0018815965,0.0097207804,6.2204824e-05,9.1137935e-05,9.1128261e-05,2.0429571e-05,3,3,3,3,0.046502496,0.00013279671,-0.96493619
83,0.0013238227,0.0018958124,0.0018659241,0.0096338829,6.2071667e-05,9.0412588e-05,9.0416979e-05,2.0528779e-05,3,3,3,3,0.04675902,0.00012193543,-0.96481426
84,0.0013199401,0.001880167,0.0018507484,0.0095483914,6.1942071e-05,8.9702984e-05,8.9727637e-05,2.1232559e-05,3,3,3,3,0.048393954,0.00010112912,-0.96471313
85,0.0013163482,0.0018649361,0.001836035,0.0094661155,6.1814269e-05,8.9008019e-05,8.905628e-05,1.7719531e-05,3,3,3,3,0.040413193,0.00062265002,-0.96409048
86,0.001312931,0.0018500456,0.0018217027,0.0093861,6.1687926e-05,8.8328494e-05,8.8401484e-05,2.0439647e-05,3,3,3,3,0.046648476,0.0002958323,-0.96379465
87,0.0013096517,0.001835506,0.0018076327,0.0093143336,6.1570028e-05,8.7665449e-05,8.7761129e-05,1.9595637e-05,3,3,3,3,0.04474927,0.00027482103,-0.96351982
88,0.0013064481,0.0018212541,0.0017939281,0.0092464124,6.1462551e-05,8.7031856e-05,8.7137189e-05,1.8375581e-05,3,3,3,3,0.041989831,0.00043779971,-0.96308202
89,0.001303352,0.0018072815,0.0017806564,0.0091782956,6.1363039e-05,8.6419974e-05,8.6530244e-05,1.8346785e-05,3,3,3,3,0.041954705,0.00044934231,-0.96263268
90,0.001300291,0.0017936564,0.0017677957,0.00911227,6.1271643e-05,8.5823233e-05,8.5935915e-05,2.0176285e-05,3,3,3,3,0.046172163,0.00031692042,-0.96231576
91,0.0012972243,0.0017802634,0.0017552462,0.0090512324,6.1181926e-05,8.5245451e-05,8.5349357e-05,2.1398094e-05,3,3,3,3,0.048998984,0.00010579581,-0.96220997
92,0.0012941851,0.0017671689,0.0017428596,0.0089911833,6.1089328e-05,8.4684636e-05,8.4776144e-05,1.8272592e-05,3,3,3,3,0.04186997,0.00047634631,-0.96173362
93,0.0012912074,0.001754358,0.0017306275,0.0089310159,6.1002373e-05,8.4134282e-05,8.4214618e-05,1.8017243e-05,3,3,3,3,0.041315494,0.00048538071,-0.96124824
94,0.0012882983,0.0017418169,0.0017186725,0.0088737176,6.0920703e-05,8.3596994e-05,8.3661323e-05,1.7304597e-05,3,3,3,3,0.039710623,0.00064986452,-0.96059837
95,0.0012855978,0.0017296649,0.0017069521,0.0088181379,6.0841133e-05,8.3077107e-05,8.311564e-05,1.9724581e-05,3,3,3,3,0.045295202,0.00033945085,-0.96025892
96,0.001282982,0.0017177847,0.0016954029,0.0087678241,6.0756173e-05,8.2568367e-05,8.2579031e-05,1.7718757e-05,3,3,3,3,0.0407146,0.00050238417,-0.95975654
97,0.0012804073,0.0017061612,0.0016839621,0.0087177681,6.0668018e-05,8.2073569e-05,8.2056904e-05,1.7760721e-05,3,3,3,3,0.040840901,0.00051237149,-0.95924417
98,0.0012779749,0.0016948025,0.0016727079,0.0086695046,6.0584429e-05,8.1591548e-05,8.1546245e-05,1.773264e-05,3,3,3,3,0.040806434,0.00054929783,-0.95869487
99,0.0012756262,0.0016837508,0.0016616317,0.0086212188,6.050638e-05,8.1122242e-05,8.1046917e-05,2.0145517e-05,3,3,3,3,0.046393275,0.00022713062,-0.95846774
100,0.0012733282,0.0016729968,0.0016507475,0.0085746223,6.042714e-05,8.0660272e-05,8.055589e-05,1.7597623e-05,3,3,3,3,0.040553513,0.00057438306,-0.95789336
101,0.0012711613,0.0016625784,0.0016399962,0.0085282029,6.0356358e-05,8.0202208e-05,8.0073488e-05,1.7552748e-05,3,3,3,3,0.040480339,0.00059048276,-0.95730287
102,0.0012689236,0.0016524057,0.0016293918,0.0084818268,6.029262e-05,7.9752596e-05,7.9601629e-05,1.9872136e-05,3,3,3,3,0.045863532,0.00026470318,-0.95703817
103,0.0012667548,0.0016424352,0.001618997,0.0084390786,6.022762e-05,7.9315153e-05,7.9137617e-05,1.734472e-05,3,3,3,3,0.040057993,0.00056145728,-0.95647671
104,0.0012645886,0.0016324769,0.0016087968,0.0083948843,6.0157618e-05,7.8877505e-05,7.867999e-05,1.7289e-05,3,3,3,3,0.039958923,0.00054457846,-0.95593213
105,0.0012625019,0.0016225997,0.0015987568,0.0083516987,6.0076532e-05,7.844358e-05,7.8233797e-05,1.7251191e-05,3,3,3,3,0.039901289,0.00055142077,-0.95538071
106,0.0012605116,0.0016129282,0.00158894,0.0083098803,5.9993392e-05,7.8021122e-05,7.7798252e-05,1.7218425e-05,3,3,3,3,0.039855032,0.00057669034,-0.95480402
107,0.0012585481,0.0016034954,0.0015792938,0.0082685579,5.990887e-05,7.7606706e-05,7.7375613e-05,1.6975439e-05,3,3,3,3,0.039321887,0.00056777668,-0.95423625
108,0.0012565383,0.0015942489,0.0015698552,0.0082312128,5.9816037e-05,7.7194882e-05,7.6965224e-05,1.9847484e-05,3,3,3,3,0.046009111,0.00021864221,-0.9540176
109,0.0012545271,0.0015852301,0.0015606241,0.0081980596,5.9717764e-05,7.6779777e-05,7.6566048e-05,1.7105595e-05,3,3,3,3,0.03968091,0.00052202697,-0.95349558
110,0.0012525696,0.0015764035,0.0015515338,0.0081623559,5.9625707e-05,7.6368335e-05,7.6180463e-05,1.7035342e-05,3,3,3,3,0.039548492,0.00043310735,-0.95306247
111,0.0012505075,0.0015677575,0.0015426562,0.0081282137,5.9526484e-05,7.5965104e-05,7.5808822e-05,1.7001736e-05,3,3,3,3,0.039501367,0.00034909372,-0.95271338
112,0.0012481261,0.0015592335,0.0015340096,0.0080948057,5.9424484e-05,7.5566596e-05,7.5447781e-05,1.6955758e-05,3,3,3,3,0.039425427,0.00027332795,-0.95244005
113,0.0012456951,0.0015508212,0.001525591,0.0080615401,5.9319539e-05,7.5172701e-05,7.5097483e-05,1.68931e-05,3,3,3,3,0.039310498,0.0002071376,-0.95223291
114,0.0012431799,0.0015424827,0.001517389,0.0080282458,5.9211011e-05,7.4784403e-05,7.4752108e-05,1.6809774e-05,3,3,3,3,0.039147248,0.00014445291,-0.95208846
115,0.0012405055,0.0015342983,0.0015093962,0.0079951795,5.9092395e-05,7.4403057e-05,7.4408459e-05,1.6787469e-05,3,3,3,3,0.039126016,8.8460754e-05,-0.952
116,0.0012377128,0.0015262197,0.0015016387,0.0079636582,5.896063e-05,7.4023128e-05,7.4069005e-05,1.6777378e-05,3,3,3,3,0.039133099,3.8842618e-05,-0.95196115
117,0.0012348577,0.0015182616,0.0014940749,0.0079333437,5.881548e-05,7.3652864e-05,7.3734669e-05,1.669156e-05,3,3,3,3,0.038963285,-1.0581287e-05,-0.95197174
118,0.0012319122,0.0015104183,0.0014866617,0.0079035877,5.8670172e-05,7.3288461e-05,7.339895e-05,1.6629424e-05,3,3,3,3,0.038848458,-6.1261712e-05,-0.952033
119,0.0012288154,0.00150271,0.0014794416,0.007879117,5.8517257e-05,7.2926483e-05,7.3060501e-05,1.6509649e-05,3,3,3,3,0.038598743,-0.00016997657,-0.95220297
120,0.0012256108,0.0014950614,0.0014722947,0.007856926,5.8358829e-05,7.2564057e-05,7.2719499e-05,1.8161271e-05,3,3,3,3,0.042493664,0.00012011685,-0.95208286
121,0.0012223442,0.0014875127,0.0014651876,0.0078328452,5.8201618e-05,7.220803e-05,7.2376917e-05,1.6386279e-05,3,3,3,3,0.038373001,-6.5912859e-05,-0.95214877
122,0.0012187594,0.0014800066,0.0014581497,0.0078088267,5.802755e-05,7.1857004e-05,7.2031755e-05,1.6355085e-05,3,3,3,3,0.03833049,-3.2335102e-05,-0.95218111
123,0.0012151239,0.00147272,0.0014511466,0.0077838159,5.7846119e-05,7.151237e-05,7.1684373e-05,1.6355055e-05,3,3,3,3,0.038361133,-3.6837477e-05,-0.95221794
124,0.0012114839,0.001465542,0.0014441117,0.0077584945,5.7659004e-05,7.117036e-05,7.1333728e-05,1.6342278e-05,3,3,3,3,0.038361974,-8.9139218e-05,-0.95230708
125,0.0012078207,0.0014584023,0.0014370768,0.0077338906,5.7468704e-05,7.0828489e-05,7.0981498e-05,1.6318905e-05,3,3,3,3,0.038338194,-0.00020079232,-0.95250787
126,0.0012041167,0.0014513641,0.0014300012,0.0077087723,5.7274765e-05,7.048887e-05,7.0628314e-05,1.7972967e-05,3,3,3,3,0.042258465,-5.0980794e-05,-0.95255886
127,0.0012004072,0.0014444287,0.0014229949,0.0076818917,5.7078435e-05,7.0156121e-05,7.0279243e-05,1.7362141e-05,3,3,3,3,0.040857891,-0.00012824511,-0.9526871
128,0.0011965809,0.0014375021,0.0014160754,0.0076550978,5.6873798e-05,6.9826802e-05,6.9934027e-05,1.5859097e-05,3,3,3,3,0.037353137,-0.00032133719,-0.95300844
129,0.0011926299,0.0014306081,0.0014091986,0.0076313635,5.6662779e-05,6.9498428e-05,6.9590326e-05,1.5904247e-05,3,3,3,3,0.03749036,-0.00036025146,-0.95336869
130,0.0011886702,0.0014237676,0.0014023238,0.0076085858,5.6453352e-05,6.916844e-05,6.9245722e-05,1.6187869e-05,3,3,3,3,0.038190523,-0.00052275854,-0.95389145
131,0.0011847387,0.0014169047,0.0013953939,0.0075890631,5.625104e-05,6.8836575e-05,6.8903181e-05,1.6789684e-05,3,3,3,3,0.039643339,-0.00030932383,-0.95420077
132,0.0011808931,0.0014103161,0.0013884721,0.0075701416,5.6058836e-05,6.8516977e-05,6.8561728e-05,1.7267828e-05,3,3,3,3,0.040809479,-0.00027149061,-0.95447226
133,0.0011767701,0.0014036848,0.0013816009,0.0075528372,5.5854248e-05,6.8200388e-05,6.822426e-05,1.5621341e-05,3,3,3,3,0.03695091,-0.00049729482,-0.95496956
134,0.001172505,0.0013969256,0.0013747783,0.0075365886,5.5642023e-05,6.7886779e-05,6.7890095e-05,1.580272e-05,3,3,3,3,0.037411119,-0.00057112044,-0.95554068
135,0.0011682858,0.0013902709,0.0013680509,0.0075192877,5.5437497e-05,6.757616e-05,6.7558907e-05,1.6536341e-05,3,3,3,3,0.039180786,-0.00039407713,-0.95593475
136,0.0011642936,0.0013838198,0.0013614753,0.007500843,5.5250889e-05,6.7280362e-05,6.7238538e-05,1.5404886e-05,3,3,3,3,0.036533464,-0.00066563703,-0.95660039
137,0.0011601513,0.0013772912,0.0013550535,0.0074831892,5.5058124e-05,6.6981842e-05,6.6924684e-05,1.6337955e-05,3,3,3,3,0.038780267,-0.00037028337,-0.95697067
138,0.0011561348,0.0013708519,0.0013487772,0.0074632544,5.4873154e-05,6.6689053e-05,6.662164e-05,1.661404e-05,3,3,3,3,0.039471908,-0.00030453127,-0.95727521
139,0.0011519906,0.0013644412,0.001342556,0.0074433508,5.4686547e-05,6.6400253e-05,6.632749e-05,1.5646213e-05,3,3,3,3,0.037205704,-0.00055236647,-0.95782757
140,0.0011476885,0.0013579555,0.0013364096,0.0074263293,5.4499873e-05,6.6113836e-05,6.6041262e-05,1.5488988e-05,3,3,3,3,0.036863094,-0.00063016766,-0.95845774
141,0.0011435486,0.0013517189,0.0013304609,0.0074113371,5.4319142e-05,6.5836999e-05,6.5764591e-05,1.6802932e-05,3,3,3,3,0.040024942,-0.00035275158,-0.95881049
142,0.0011396265,0.0013457612,0.0013247119,0.0073959522,5.4142466e-05,6.5572281e-05,6.55005e-05,1.6482251e-05,3,3,3,3,0.039297102,-0.00033012997,-0.95914062
143,0.0011355248,0.0013398567,0.001319143,0.0073793525,5.3959088e-05,6.5310956e-05,6.5247029e-05,1.6611634e-05,3,3,3,3,0.039640871,-0.00022109299,-0.95936171
144,0.0011312536,0.0013340019,0.0013137757,0.0073635835,5.3770051e-05,6.5045937e-05,6.5001839e-05,1.5694458e-05,3,3,3,3,0.037483954,-0.00044277609,-0.95980449
145,0.0011271099,0.001328112,0.0013085386,0.0073497591,5.3587555e-05,6.4779651e-05,6.4761066e-05,1.7011559e-05,3,3,3,3,0.040662003,-0.00014232572,-0.95994682
146,0.0011231895,0.0013225319,0.0013035079,0.0073342421,5.343115e-05,6.4525542e-05,6.4527769e-05,1.6317785e-05,3,3,3,3,0.039036213,-0.00022273102,-0.96016955
147,0.0011193935,0.0013171164,0.0012986625,0.0073173329,5.3278846e-05,6.4280673e-05,6.4303114e-05,1.6887826e-05,3,3,3,3,0.040434013,-0.00010137528,-0.96027092
148,0.0011156176,0.0013117959,0.0012939252,0.007300528,5.313053e-05,6.4042695e-05,6.4081508e-05,1.6535178e-05,3,3,3,3,0.039621968,-9.2627677e-05,-0.96036355
149,0.0011120671,0.0013066292,0.0012893104,0.007285322,5.2988301e-05,6.3814515e-05,6.3861661e-05,1.545533e-05,3,3,3,3,0.037064054,-0.00035347497,-0.96071703
150,0.0011087134,0.0013015795,0.0012847425,0.0072742997,5.2856259e-05,6.3594539e-05,6.3641139e-05,1.1077063e-05,3,3,3,3,0.026585388,-2.3077976e-05,-0.9607401
151,0.0011061838,0.0012970808,0.001280278,0.007265949,5.2765947e-05,6.3403893e-05,6.3419223e-05,1.6323059e-05,3,3,3,3,0.039205925,3.0143313e-05,-0.96070996
152,0.0011028937,0.0012924803,0.0012760085,0.007261877,5.2636589e-05,6.3219183e-05,6.3211383e-05,1.135694e-05,3,3,3,3,0.027300051,0.00010382614,-0.96060613
153,0.0011003485,0.0012881504,0.0012716441,0.0072602137,5.2539119e-05,6.304308e-05,6.2993978e-05,1.5192352e-05,3,3,3,3,0.036545514,-9.5835411e-05,-0.96070197
154,0.0010974651,0.0012839184,0.0012673414,0.0072594901,5.2417103e-05,6.2867267e-05,6.2783465e-05,1.1792372e-05,3,3,3,3,0.028388012,0.00010839125,-0.96059358
155,0.001095568,0.0012801438,0.0012628776,0.00725855,5.2344477e-05,6.2704745e-05,6.256405e-05,1.1707801e-05,3,3,3,3,0.028205096,0.00012767671,-0.9604659
156,0.0010935558,0.0012764976,0.0012584561,0.007253994,5.2267538e-05,6.2549362e-05,6.2352918e-05,1.5279007e-05,3,3,3,3,0.036833422,-6.7475587e-05,-0.96053338
157,0.0010909399,0.0012727436,0.0012541814,0.0072456704,5.216228e-05,6.2391088e-05,6.2158149e-05,1.1913616e-05,3,3,3,3,0.028741281,3.6863629e-05,-0.96049651
158,0.0010892157,0.0012695068,0.0012498195,0.0072362215,5.2105655e-05,6.2246813e-05,6.1953714e-05,1.1396722e-05,3,3,3,3,0.027514293,0.00010435021,-0.96039216
159,0.0010875482,0.0012663561,0.0012455626,0.0072252992,5.2058785e-05,6.2106075e-05,6.175979e-05,1.0148136e-05,3,3,3,3,0.024517407,-7.1061995e-05,-0.96046323
160,0.0010856929,0.0012632201,0.0012413996,0.0072177339,5.2007943e-05,6.1964683e-05,6.1575564e-05,1.0128173e-05,3,3,3,3,0.024485745,-8.697477e-05,-0.9605502
161,0.0010838514,0.0012602619,0.0012373195,0.0072131017,5.1963839e-05,6.1830185e-05,6.1401776e-05,1.1443599e-05,3,3,3,3,0.027684569,-6.8657181e-06,-0.96055707
162,0.0010822652,0.0012576317,0.0012333655,0.0072123831,5.1934659e-05,6.1710033e-05,6.1234779e-05,1.1313221e-05,3,3,3,3,0.027389106,6.6729311e-05,-0.96049034
163,0.0010808708,0.0012552297,0.0012296018,0.0072128339,5.1920433e-05,6.160168e-05,6.1081282e-05,1.0285025e-05,3,3,3,3,0.024917882,-8.9473174e-05,-0.96057981
164,0.0010796355,0.0012528291,0.0012259713,0.0072200137,5.1911147e-05,6.149429e-05,6.0938659e-05,1.0415638e-05,3,3,3,3,0.025251776,-0.00011526547,-0.96069507
165,0.0010785486,0.0012505196,0.0012225356,0.0072304941,5.1907124e-05,6.1394267e-05,6.080842e-05,1.1473129e-05,3,3,3,3,0.027834737,-6.2676857e-05,-0.96075775
166,0.0010776451,0.0012484802,0.0012193183,0.0072390112,5.1906356e-05,6.1305839e-05,6.0688396e-05,1.0508729e-05,3,3,3,3,0.025514017,-0.00018551088,-0.96094326
167,0.001076849,0.0012464992,0.0012163296,0.0072475916,5.1903421e-05,6.1221823e-05,6.0582552e-05,1.1678232e-05,3,3,3,3,0.028373574,6.0909258e-06,-0.96093717
168,0.0010763276,0.0012447485,0.0012136145,0.0072578146,5.1909564e-05,6.115317e-05,6.0487777e-05,1.0611338e-05,3,3,3,3,0.025800677,-0.00019983299,-0.961137
169,0.0010758946,0.0012431141,0.0012110939,0.0072717906,5.1916708e-05,6.108534e-05,6.0402662e-05,1.0815899e-05,3,3,3,3,0.026316835,-0.00022773949,-0.96136474
170,0.0010755544,0.0012416942,0.0012088654,0.007291524,5.1922473e-05,6.1026177e-05,6.0329448e-05,1.203643e-05,3,3,3,3,0.029307451,-6.1810123e-05,-0.96142655
171,0.0010753207,0.0012406275,0.0012069861,0.007312083,5.1929729e-05,6.0980279e-05,6.0268423e-05,1.0988082e-05,3,3,3,3,0.026775036,-0.00024848764,-0.96167504
172,0.0010751082,0.0012397132,0.0012054328,0.0073330452,5.1931889e-05,6.0944701e-05,6.0221317e-05,1.1127359e-05,3,3,3,3,0.027133925,-0.00028550081,-0.96196054
173,0.0010749745,0.0012390798,0.0012042213,0.0073577269,5.1929654e-05,6.0920564e-05,6.0181888e-05,1.2524797e-05,3,3,3,3,0.030563518,-9.9854671e-05,-0.9620604
174,0.0010750588,0.0012386981,0.0012033358,0.0073824241,5.1932953e-05,6.090928e-05,6.0154403e-05,1.1252157e-05,3,3,3,3,0.027478941,-0.0003085585,-0.96236896
175,0.0010751816,0.0012383827,0.0012027005,0.0074239052,5.1931483e-05,6.0900915e-05,2.2828885e-05,1.2626237e-05,3,3,3,4,0.030857706,-9.5865496e-05,-0.96246482
176,0.0010811428,0.0012450973,0.0011975692,0.0074478657,5.2222391e-05,6.1258423e-05,5.9870095e-05,1.1365622e-05,3,3,3,3,0.02779794,-0.00026104184,-0.96272586
177,0.0010804515,0.0012438268,0.0011980129,0.0074918165,5.2170172e-05,6.1208424e-05,2.2746969e-05,1.1637668e-05,3,3,3,4,0.02848457,-0.00026361724,-0.96298948
178,0.0010816289,0.0012452788,0.001196872,0.0075407073,5.2206056e-05,6.1287994e-05,2.272418e-05,1.1955789e-05,3,3,3,4,0.029285028,-0.00031738048,-0.96330686
179,0.0010831626,0.0012474706,0.001195428,0.0075896241,5.2258047e-05,6.1409549e-05,2.2694308e-05,1.3886814e-05,3,3,3,4,0.034040083,-8.4778306e-05,-0.96339164
180,0.0010837228,0.0012487617,0.0011949821,0.0076366235,5.2258525e-05,6.1481434e-05,2.2682448e-05,1.2181606e-05,3,3,3,4,0.029882999,-0.00035497757,-0.96374662
181,0.0010829134,0.0012484065,0.001195633,0.0076711112,5.218868e-05,6.1469675e-05,5.9773003e-05,1.2389694e-05,3,3,3,3,0.030414459,-0.0003813621,-0.96412798
182,0.0010763696,0.0012407738,0.0012012663,0.0077008802,5.182421e-05,6.107656e-05,6.0060309e-05,1.2472084e-05,3,3,3,3,0.030637802,-0.00039169337,-0.96451967
183,0.00107104,0.0012347657,0.0012060002,0.007728823,5.152369e-05,6.0769015e-05,6.0283965e-05,1.3993038e-05,3,3,3,3,0.034397776,-6.7698339e-05,-0.96458737
184,0.001070359,0.0012351503,0.0012067491,0.0077588971,5.1462605e-05,6.0781873e-05,6.0285548e-05,1.2639708e-05,3,3,3,3,0.031093676,-0.00021885233,-0.96480622
185,0.0010725387,0.0012395444,0.0012048479,0.0077913027,5.1551294e-05,6.099634e-05,6.0146515e-05,1.2883317e-05,3,3,3,3,0.031715238,-0.00013904072,-0.96494526
186,0.0010740339,0.0012434215,0.0012035599,0.0078276889,5.1610241e-05,6.1189941e-05,6.0045647e-05,1.3152267e-05,3,3,3,3,0.032399925,-0.00010424787,-0.96504951
187,0.001073033,0.0012443185,0.0012044444,0.0078626767,5.1545713e-05,6.1225892e-05,6.0069767e-05,1.3445733e-05,3,3,3,3,0.033146036,-0.00010866317,-0.96515817
188,0.0010703963,0.0012430478,0.0012069316,0.0078939398,5.1402812e-05,6.1156132e-05,6.0179497e-05,1.3619447e-05,3,3,3,3,0.033597703,-0.0001400915,-0.96529827
189,0.0010680504,0.0012421517,0.0012093437,0.0079346004,5.1283098e-05,6.110726e-05,6.0288547e-05,1.3734497e-05,3,3,3,3,0.033904948,-0.00019021834,-0.96548848
190,0.001067071,0.0012431069,0.0012107884,0.0079840598,5.1234806e-05,6.1156864e-05,6.0348404e-05,1.3779188e-05,3,3,3,3,0.034038405,-0.00025175895,-0.96574024
191,0.0010671546,0.0012455541,0.0012115273,0.0080429419,5.1246781e-05,6.128213e-05,6.037682e-05,1.5464458e-05,3,3,3,3,0.038226679,9.5628758e-06,-0.96573068
192,0.0010672582,0.0012481979,0.0012123577,0.0080996092,5.1264486e-05,6.1418853e-05,6.0418507e-05,1.3533773e-05,3,3,3,3,0.033478009,-0.00020077843,-0.96593146
193,0.0010667118,0.0012497776,0.0012136956,0.0081520289,5.1247676e-05,6.1504599e-05,6.0491331e-05,1.354419e-05,3,3,3,3,0.033526429,-0.00013378512,-0.96606524
194,0.0010657427,0.0012506469,0.0012155533,0.0081919068,5.1208669e-05,6.155444e-05,6.0584155e-05,1.3681278e-05,3,3,3,3,0.033888557,-8.1329693e-05,-0.96614657
195,0.0010646421,0.0012515714,0.0012174069,0.0082320423,5.1177227e-05,6.1612002e-05,6.0678432e-05,1.3955655e-05,3,3,3,3,0.034591493,-4.776058e-05,-0.96619433
196,0.0010638584,0.0012531019,0.0012192051,0.0082747647,5.1167608e-05,6.1704122e-05,6.0764642e-05,1.4261308e-05,3,3,3,3,0.035372988,-4.6564114e-05,-0.9662409
197,0.0010635284,0.0012553614,0.0012208441,0.0083100599,5.1178458e-05,6.1827523e-05,6.0848245e-05,1.429415e-05,3,3,3,3,0.035478781,-6.9826824e-05,-0.96631073
198,0.0010632675,0.0012579659,0.0012225492,0.0083462467,5.1187441e-05,6.196524e-05,6.0932561e-05,1.4172651e-05,3,3,3,3,0.035201143,-0.00011511978,-0.96642585
199,0.0010630081,0.0012606121,0.0012245269,0.0083868809,5.1197376e-05,6.2096949e-05,6.1027953e-05,1.4136077e-05,3,3,3,3,0.035133938,-0.00018395941,-0.9666098
200,0.0010629755,0.0012631602,0.0012266264,0.0084348933,5.1215865e-05,6.2233203e-05,6.1135206e-05,1.428718e-05,3,3,3,3,0.03553301,-0.00027344999,-0.96688325
201,0.0010631504,0.0012660243,0.0012289043,0.0084887735,5.1241438e-05,6.2385843e-05,6.1250459e-05,1.6159804e-05,3,3,3,3,0.040216867,-2.1219459e-05,-0.96690447
202,0.0010637893,0.0012694551,0.001231391,0.0085456038,5.1280057e-05,6.2557297e-05,6.1367575e-05,1.4507185e-05,3,3,3,3,0.036128781,-0.00028881635,-0.96719329
203,0.0010644826,0.0012728921,0.0012338349,0.0086035785,5.1318539e-05,6.2719273e-05,6.1480818e-05,1.4684952e-05,3,3,3,3,0.036594774,-0.00026835622,-0.96746165
204,0.0010651469,0.0012763673,0.0012362744,0.0086603999,5.1355825e-05,6.2870267e-05,6.1597034e-05,1.4957454e-05,3,3,3,3,0.037297032,-0.00026944049,-0.96773109
205,0.0010659319,0.0012798755,0.001238624,0.0087164802,5.1390454e-05,6.3006142e-05,6.1711434e-05,1.5285418e-05,3,3,3,3,0.038138035,-0.00031620867,-0.9680473
206,0.001066803,0.0012832859,0.0012411517,0.0087747015,5.1427588e-05,6.3143482e-05,6.1830855e-05,1.7245078e-05,3,3,3,3,0.043053848,-1.0751683e-05,-0.96805805
207,0.0010677464,0.0012870822,0.001243742,0.0088288242,5.1465867e-05,6.3303263e-05,6.1948964e-05,1.5255586e-05,3,3,3,3,0.038111947,-0.00032764093,-0.96838569
208,0.0010689929,0.0012908638,0.0012462897,0.0088812569,5.1505339e-05,6.3460333e-05,6.2064389e-05,1.5251067e-05,3,3,3,3,0.038123482,-0.00036520238,-0.96875089
209,0.0010704289,0.0012945018,0.0012488763,0.0089375359,5.153954e-05,6.3610836e-05,6.2170186e-05,1.6888616e-05,3,3,3,3,0.042241838,-4.3106909e-05,-0.968794
210,0.0010718247,0.0012977843,0.0012515074,0.0089912057,5.1552079e-05,6.3748461e-05,6.2258441e-05,1.5260209e-05,3,3,3,3,0.038192915,-0.00031417064,-0.96910817
211,0.0010730809,0.0013006247,0.0012541133,0.0090353133,5.154041e-05,6.3857722e-05,6.2339326e-05,1.5411721e-05,3,3,3,3,0.038594239,-0.00031177012,-0.96941994
212,0.0010741595,0.0013035989,0.0012566877,0.0090743345,5.1530378e-05,6.3961408e-05,6.2410347e-05,1.5745956e-05,3,3,3,3,0.039453949,-0.00036487595,-0.96978481
213,0.0010753743,0.0013067933,0.0012592357,0.009112039,5.152445e-05,6.4078456e-05,6.2482865e-05,1.7915821e-05,3,3,3,3,0.044917353,-2.3682019e-05,-0.9698085
214,0.0010766668,0.0013100873,0.0012617722,0.0091560627,5.1527591e-05,6.4198839e-05,6.2554569e-05,1.5705575e-05,3,3,3,3,0.039401777,-0.0003654847,-0.97017398
215,0.0010776673,0.0013126761,0.0012640242,0.0091942703,5.1527311e-05,6.4297806e-05,6.2623193e-05,1.7085544e-05,3,3,3,3,0.042889156,-5.8696446e-05,-0.97023268
216,0.0010785902,0.0013146579,0.0012661367,0.0092107821,5.1530656e-05,6.4378745e-05,6.26899e-05,1.5412439e-05,3,3,3,3,0.03871281,-0.00026844239,-0.97050112
217,0.0010794855,0.0013164932,0.0012680231,0.0092200536,5.1525364e-05,6.4452686e-05,6.2742356e-05,1.5460507e-05,3,3,3,3,0.038854495,-0.00026684779,-0.97076797
218,0.0010802179,0.001318534,0.001269917,0.0092369979,5.1527999e-05,6.4541331e-05,6.2793947e-05,1.5706806e-05,3,3,3,3,0.039493735,-0.00033350274,-0.97110147
219,0.0010808534,0.0013206761,0.0012717643,0.009263366,5.1539348e-05,6.4637049e-05,6.2851365e-05,1.8093369e-05,3,3,3,3,0.045516732,2.2326004e-06,-0.97109924
220,0.0010813284,0.0013225363,0.001273541,0.009293613,5.1546924e-05,6.4719359e-05,6.2917599e-05,1.7272646e-05,3,3,3,3,0.043474612,-2.3544586e-05,-0.97112278
221,0.0010814038,0.0013235984,0.0012750272,0.0093202296,5.1537162e-05,6.4756696e-05,6.2983399e-05,1.5020748e-05,3,3,3,3,0.037825655,-0.00026069901,-0.97138348
222,0.0010811993,0.0013237617,0.0012761828,0.0093474429,5.1505227e-05,6.4758308e-05,6.3055518e-05,1.5188461e-05,3,3,3,3,0.038264768,-0.0002527921,-0.97163627
223,0.00108074,0.0013236923,0.0012772941,0.0093845244,5.1457521e-05,6.4742389e-05,6.3128959e-05,1.5692281e-05,3,3,3,3,0.039550936,-0.0003298448,-0.97196612
224,0.0010804004,0.0013237506,0.0012784664,0.0094163782,5.1419906e-05,6.4734713e-05,6.3197613e-05,1.8497239e-05,3,3,3,3,0.046639816,2.8125188e-05,-0.97193799
225,0.0010801947,0.0013236315,0.0012795406,0.0094459465,5.1397802e-05,6.4737407e-05,6.3271917e-05,1.7930652e-05,3,3,3,3,0.045232573,1.0760578e-05,-0.97192723
226,0.0010795043,0.0013227324,0.0012804121,0.0094675246,5.1349904e-05,6.4704821e-05,6.3346476e-05,1.5944864e-05,3,3,3,3,0.040241524,-0.00029970713,-0.97222694
227,0.0010780043,0.0013204976,0.0012810222,0.0094697108,5.1256579e-05,6.4613075e-05,6.3407205e-05,1.5615324e-05,3,3,3,3,0.039426059,-0.00023662641,-0.97246357
228,0.0010756462,0.0013174269,0.0012813544,0.0094579726,5.1130126e-05,6.4475409e-05,6.3456799e-05,1.5731039e-05,3,3,3,3,0.039735156,-0.00027341476,-0.97273698
229,0.0010727807,0.0013140011,0.0012814183,0.0094434031,5.0990088e-05,6.4307856e-05,6.3487518e-05,1.6019722e-05,3,3,3,3,0.040482012,-0.00038430365,-0.97312128
230,0.0010702854,0.0013105828,0.0012813166,0.0094296158,5.0859714e-05,6.4140054e-05,6.3514051e-05,1.8756079e-05,3,3,3,3,0.047417994,-5.7174967e-05,-0.97317846
231,0.0010683298,0.0013070502,0.0012811223,0.0094255764,5.0747975e-05,6.3994755e-05,6.3535341e-05,1.7582021e-05,3,3,3,3,0.044472671,-7.0294588e-05,-0.97324875
232,0.0010664788,0.0013032618,0.0012808202,0.0094176811,5.0641616e-05,6.3834913e-05,6.3537266e-05,1.5703783e-05,3,3,3,3,0.039741244,-0.00026441973,-0.97351317
233,0.0010643898,0.0012989337,0.0012801942,0.0093994772,5.0528522e-05,6.364468e-05,6.3529613e-05,1.5794641e-05,3,3,3,3,0.039989342,-0.00016285438,-0.97367603
234,0.0010620276,0.0012942543,0.0012792794,0.0093720005,5.0394719e-05,6.3425191e-05,6.3515401e-05,1.5863522e-05,3,3,3,3,0.040183138,-9.6107108e-05,-0.97377214
235,0.0010595409,0.0012892487,0.0012781397,0.0093396504,5.0251145e-05,6.3188806e-05,6.3495308e-05,1.6132859e-05,3,3,3,3,0.040885714,-0.00013318961,-0.97390533
236,0.0010570277,0.0012843981,0.0012767263,0.0093036919,5.0110693e-05,6.2938587e-05,6.3465883e-05,1.6127357e-05,3,3,3,3,0.04089363,-0.00023611062,-0.97414144
237,0.0010547736,0.0012795326,0.0012750344,0.009264036,4.9981567e-05,6.2688398e-05,6.34227e-05,1.609563e-05,3,3,3,3,0.040835397,-0.00039880213,-0.97454024
238,0.0010526908,0.0012746857,0.0012730505,0.0092284766,4.9859038e-05,6.2423384e-05,6.3367921e-05,1.704424e-05,3,3,3,3,0.043265992,-0.0001286788,-0.97466892
239,0.001050527,0.0012699325,0.001270986,0.0091938315,4.9736681e-05,6.2149238e-05,6.3299378e-05,1.5164309e-05,3,3,3,3,0.038518495,-0.00040832418,-0.97507724
240,0.0010483059,0.0012649942,0.0012685434,0.0091624922,4.9605129e-05,6.1857946e-05,6.3207266e-05,1.4800501e-05,3,3,3,3,0.037615744,-0.00012862358,-0.97520586
241,0.0010462085,0.0012601613,0.0012659667,0.0091296679,4.9478189e-05,6.1558488e-05,6.3096698e-05,1.4835944e-05,3,3,3,3,0.037727002,-0.0001144809,-0.97532035
242,0.0010442535,0.0012553974,0.0012630738,0.0090995771,4.937127e-05,6.1258075e-05,6.296547e-05,1.5149747e-05,3,3,3,3,0.03854691,-2.5395579e-05,-0.97534574
243,0.0010425203,0.0012503923,0.0012600438,0.0090649949,4.9273644e-05,6.0960131e-05,6.2814923e-05,1.5341946e-05,3,3,3,3,0.039058318,3.7261204e-05,-0.97530848
244,0.0010409557,0.0012454083,0.0012567629,0.0090273743,4.9197974e-05,6.0653342e-05,6.2646109e-05,1.5157673e-05,3,3,3,3,0.038611955,5.9737639e-05,-0.97524874
245,0.0010395141,0.0012404182,0.0012533308,0.0089878139,4.9131493e-05,6.0348644e-05,6.2464393e-05,1.4854945e-05,3,3,3,3,0.037862721,6.0086852e-05,-0.97518866
246,0.0010382271,0.0012354343,0.0012498402,0.0089472186,4.9070209e-05,6.0049576e-05,6.2276797e-05,1.4423657e-05,3,3,3,3,0.036784414,4.7232186e-05,-0.97514142
247,0.0010371713,0.0012303804,0.0012462779,0.0089126995,4.901863e-05,5.9759415e-05,6.2071933e-05,1.4411876e-05,3,3,3,3,0.036775965,1.8467759e-06,-0.97513958
248,0.0010366121,0.0012257159,0.0012427307,0.0088838174,4.8986665e-05,5.9483542e-05,6.184742e-05,1.4507804e-05,3,3,3,3,0.037042526,5.0524794e-06,-0.97513452
249,0.0010364351,0.0012214516,0.001239048,0.0088557877,4.8985805e-05,5.9220319e-05,6.1614038e-05,1.4504169e-05,3,3,3,3,0.037055128,1.9595197e-05,-0.97511493
250,0.0010367412,0.0012176825,0.0012352292,0.0088349006,4.9012551e-05,5.898808e-05,6.1376339e-05,1.4604207e-05,3,3,3,3,0.037332905,3.8875626e-06,-0.97511104
251,0.0010374623,0.0012144304,0.0012312568,0.008823138,4.906155e-05,5.877732e-05,6.1130417e-05,1.4652111e-05,3,3,3,3,0.037478175,-1.3092585e-05,-0.97512413
252,0.0010385169,0.0012116907,0.001227123,0.008810038,4.9120729e-05,5.8594719e-05,6.0876531e-05,1.4911349e-05,3,3,3,3,0.038165169,-5.8585443e-05,-0.97518272
253,0.0010397759,0.0012091641,0.0012229506,0.0087963775,4.9185959e-05,5.844371e-05,6.0625794e-05,1.5029611e-05,3,3,3,3,0.038492208,-8.7328221e-05,-0.97527005
254,0.0010410689,0.0012066955,0.0012187203,0.0087861553,4.9248843e-05,5.8308069e-05,6.0374802e-05,1.522085e-05,3,3,3,3,0.039006517,-0.00011461471,-0.97538466
255,0.0010425572,0.0012044312,0.0012144306,0.0087788066,4.9318168e-05,5.8184971e-05,6.0127312e-05,1.5379681e-05,3,3,3,3,0.039438517,-0.00014810952,-0.97553277
256,0.0010442192,0.0012025727,0.0012101325,0.0087722418,4.9402491e-05,5.8080315e-05,5.9877845e-05,1.5414736e-05,3,3,3,3,0.039553831,-0.00017786634,-0.97571064
257,0.0010459111,0.001200996,0.0012057991,0.0087626815,4.9504618e-05,5.7990299e-05,5.9629854e-05,1.5378712e-05,3,3,3,3,0.039487181,-0.00020922783,-0.97591987
258,0.0010478132,0.001199816,0.0012015461,0.0087450313,4.9608584e-05,5.7914988e-05,5.937688e-05,1.5305759e-05,3,3,3,3,0.039326108,-0.00022803356,-0.9761479
259,0.0010497012,0.001198895,0.0011973246,0.0087275131,4.9711592e-05,5.7851741e-05,5.9119311e-05,1.5098855e-05,3,3,3,3,0.038821043,-0.00023509105,-0.97638299
260,0.0010517255,0.0011983038,0.0011930694,0.0087192568,4.98051e-05,5.7800559e-05,5.8861531e-05,1.4772427e-05,3,3,3,3,0.038008216,-0.00013506056,-0.97651805
261,0.0010538187,0.0011981235,0.0011887992,0.0087199548,4.9886845e-05,5.7762756e-05,5.8603792e-05,1.5177952e-05,3,3,3,3,0.039079078,-0.00022938243,-0.97674743
262,0.0010562419,0.001198109,0.0011844284,0.0087206458,4.997211e-05,5.7739084e-05,5.8341793e-05,1.5207662e-05,3,3,3,3,0.039183911,-0.00022079484,-0.97696823
263,0.0010589432,0.00119823,0.0011802073,0.0087165684,5.0056827e-05,5.7733618e-05,5.8077172e-05,1.4654179e-05,3,3,3,3,0.037785473,-0.00013070424,-0.97709893
264,0.0010616749,0.0011983322,0.0011759422,0.0087066991,5.0141247e-05,5.7723658e-05,5.781079e-05,1.509424e-05,3,3,3,3,0.038949436,-0.00022576043,-0.97732469
265,0.0010645754,0.0011982212,0.0011715762,0.0086890876,5.0225436e-05,5.7713077e-05,5.7540435e-05,1.5097718e-05,3,3,3,3,0.038987863,-0.00025157867,-0.97757627
266,0.0010676242,0.0011981262,0.0011672557,0.0086795705,5.0312401e-05,5.7707547e-05,5.7267891e-05,1.4902676e-05,3,3,3,3,0.038513344,-0.00015961855,-0.97773589
267,0.0010708277,0.0011982395,0.0011629714,0.0086742714,5.0414844e-05,5.770999e-05,5.7001158e-05,1.4988565e-05,3,3,3,3,0.038764908,-0.00018782834,-0.97792372
268,0.0010742176,0.0011986695,0.001158723,0.0086745562,5.0518127e-05,5.7717918e-05,5.6734792e-05,1.5128638e-05,3,3,3,3,0.039157264,-0.00021821029,-0.97814193
269,0.0010778157,0.0011995894,0.0011544265,0.0086873247,5.0621597e-05,5.7734176e-05,5.6468299e-05,1.5341904e-05,3,3,3,3,0.039739992,-0.00027849684,-0.97842043
270,0.0010818233,0.0012008577,0.0011502692,0.0087039124,5.072669e-05,5.7754358e-05,5.6201668e-05,1.808675e-05,3,3,3,3,0.046886863,-4.0236761e-05,-0.97846066
271,0.0010861849,0.0012023014,0.0011462587,0.0087162141,5.0833649e-05,5.7772865e-05,5.5939949e-05,1.5526872e-05,3,3,3,3,0.040285107,-0.00029119606,-0.97875186
272,0.0010907976,0.0012034127,0.0011421911,0.0087260895,5.0955779e-05,5.7773527e-05,5.5673369e-05,1.5769945e-05,3,3,3,3,0.040948529,-0.00033445538,-0.97908631
273,0.0010955177,0.0012046236,0.0011381274,0.0087358473,5.108891e-05,5.7765906e-05,5.5406161e-05,1.6129146e-05,3,3,3,3,0.041914846,-0.00044590936,-0.97953222
274,0.0011006151,0.0012061148,0.0011341325,0.0087517339,5.1246604e-05,5.7755095e-05,5.513817e-05,1.7448585e-05,3,3,3,3,0.045380232,-0.0003304032,-0.97986263
275,0.0011063885,0.0012078599,0.0011302798,0.0087740187,5.142634e-05,5.774462e-05,5.4867582e-05,1.8889272e-05,3,3,3,3,0.049167455,-9.729937e-05,-0.97995993
276,0.0011124985,0.0012093691,0.0011266022,0.0087982423,5.1613106e-05,5.7718948e-05,5.460483e-05,1.7722863e-05,3,3,3,3,0.046170866,-0.00029956337,-0.98025949
277,0.0011188442,0.0012106302,0.0011229951,0.0088305317,5.1814087e-05,5.7676413e-05,5.4343531e-05,1.7052832e-05,3,3,3,3,0.044460379,-0.00053252486,-0.98079201
278,0.0011257129,0.0012115703,0.0011195941,0.0088614358,5.2041874e-05,5.7610579e-05,5.4080673e-05,1.972427e-05,3,3,3,3,0.051464537,-8.2035754e-05,-0.98087405
279,0.0011329874,0.001212386,0.0011164869,0.008892702,5.229314e-05,5.7539869e-05,5.3829815e-05,1.7434219e-05,3,3,3,3,0.045526429,-0.00058173726,-0.98145579
280,0.0011406144,0.0012132065,0.0011132696,0.0089236619,5.2571215e-05,5.7471412e-05,5.3569016e-05,1.9090456e-05,3,3,3,3,0.049888561,-0.00037723842,-0.98183303
281,0.0011485856,0.0012141089,0.0011101497,0.0089555801,5.2881847e-05,5.7410214e-05,5.3317704e-05,2.0597108e-05,3,3,3,3,0.053865944,-0.00015272029,-0.98198575
282,0.0011568212,0.0012148299,0.0011069768,0.0089907271,5.321077e-05,5.7347183e-05,5.3078293e-05,1.8910423e-05,3,3,3,3,0.049494442,-0.00035495507,-0.9823407
283,0.0011653706,0.0012153118,0.0011036577,0.0090278248,5.3553103e-05,5.7273846e-05,5.2828411e-05,2.0683037e-05,3,3,3,3,0.05417272,-5.385305e-05,-0.98239455
284,0.0011742828,0.0012156994,0.0011005381,0.0090714081,5.3915762e-05,5.7194407e-05,5.2562639e-05,1.8823876e-05,3,3,3,3,0.04934065,-0.0002720146,-0.98266657
285,0.0011834688,0.0012163061,0.001097376,0.0091143453,5.429686e-05,5.7110351e-05,5.2291326e-05,1.9097981e-05,3,3,3,3,0.050093694,-0.00028944142,-0.98295601
286,0.0011928514,0.0012171092,0.001094167,0.0091563428,5.4692586e-05,5.7029998e-05,5.2016098e-05,2.1237321e-05,3,3,3,3,0.055742788,-5.6853912e-05,-0.98301286
287,0.0012025606,0.0012177953,0.0010911729,0.0091995139,5.508558e-05,5.6948792e-05,5.1748972e-05,2.0099423e-05,3,3,3,3,0.05279484,-7.8577348e-05,-0.98309144
288,0.001212644,0.001218159,0.001088203,0.0092468104,5.5472246e-05,5.6861795e-05,5.1493461e-05,1.8849334e-05,3,3,3,3,0.049546742,-0.00033036083,-0.9834218
289,0.0012228879,0.0012184266,0.0010850478,0.009295723,5.5849232e-05,5.6773706e-05,5.1229553e-05,1.8954772e-05,3,3,3,3,0.049857046,-0.00033828267,-0.98376008
290,0.0012334304,0.0012188039,0.0010820308,0.0093387145,5.6227431e-05,5.6685863e-05,5.096553e-05,1.8975974e-05,3,3,3,3,0.049946535,-0.00037656344,-0.98413665
291,0.001243887,0.0012191617,0.0010789232,0.0093752637,5.6605288e-05,5.6596136e-05,5.070906e-05,2.0470126e-05,3,3,3,3,0.053916361,-0.00016322091,-0.98429987
292,0.0012539509,0.0012191781,0.001075847,0.0094088767,5.6979332e-05,5.6492699e-05,5.0458342e-05,2.0727724e-05,3,3,3,3,0.054637797,-9.2748025e-05,-0.98439262
293,0.0012637152,0.001218909,0.001072839,0.0094413605,5.7349631e-05,5.6376158e-05,5.0204414e-05,1.8498528e-05,3,3,3,3,0.048797528,-0.00024588382,-0.9846385
294,0.0012733444,0.0012182857,0.0010697329,0.0094708482,5.7710557e-05,5.6262078e-05,4.9946612e-05,1.8432491e-05,3,3,3,3,0.048655151,-0.00028785983,-0.98492636
295,0.0012827381,0.0012178369,0.0010665434,0.0094970503,5.806277e-05,5.6157725e-05,4.9690937e-05,1.8543367e-05,3,3,3,3,0.04897913,-0.00035968882,-0.98528605
296,0.0012916845,0.0012174974,0.001063294,0.009523729,5.8412675e-05,5.6070471e-05,4.9433726e-05,2.0946925e-05,3,3,3,3,0.0553627,-0.0001580682,-0.98544412
297,0.0012999075,0.0012173305,0.0010600953,0.0095394248,5.8748173e-05,5.5985645e-05,4.9172728e-05,2.0087304e-05,3,3,3,3,0.05312785,-0.00016319594,-0.98560731
298,0.0013076771,0.0012169068,0.0010566372,0.0095533478,5.9055139e-05,5.589748e-05,4.8907556e-05,1.7656519e-05,3,3,3,3,0.046730172,-0.00032135576,-0.98592867
299,0.0013149455,0.0012162774,0.0010528359,0.0095651507,5.9340064e-05,5.5812e-05,4.8645585e-05,1.7863169e-05,3,3,3,3,0.047305597,-0.00031586024,-0.98624453
300,0.0013219328,0.0012155519,0.0010489575,0.0095740672,5.9621602e-05,5.5730285e-05,4.8385444e-05,1.9352605e-05,3,3,3,3,0.051280555,-0.00015176086,-0.98639629
301,0.0013281688,0.0012148108,0.0010451555,0.0095816602,5.9885523e-05,5.5655964e-05,4.8142936e-05,1.7585127e-05,3,3,3,3,0.046627173,-0.00037123597,-0.98676753
302,0.0013337596,0.0012141127,0.0010411751,0.0095896071,6.0137225e-05,5.5578553e-05,4.7913711e-05,1.916407e-05,3,3,3,3,0.050843276,-0.00016297882,-0.98693051
303,0.0013387734,0.0012131883,0.0010371096,0.0095943091,6.0381209e-05,5.5489749e-05,4.7694993e-05,1.7088962e-05,3,3,3,3,0.045366902,-0.00036647292,-0.98729698
304,0.0013431888,0.0012120764,0.0010327835,0.0095955266,6.0611159e-05,5.5398598e-05,4.7489129e-05,1.8726535e-05,3,3,3,3,0.049743363,-0.00016365818,-0.98746064
305,0.0013470025,0.0012105343,0.0010284005,0.0095952054,6.0822056e-05,5.5307502e-05,4.72822e-05,1.7196887e-05,3,3,3,3,0.045708897,-0.00035310132,-0.98781374
306,0.001350465,0.0012089674,0.0010240275,0.0095910516,6.1009304e-05,5.5211409e-05,4.7074541e-05,1.7085315e-05,3,3,3,3,0.045437975,-0.00042288272,-0.98823662
307,0.0013537486,0.0012076124,0.0010196427,0.0095785971,6.1164613e-05,5.5111411e-05,4.6866715e-05,1.9747349e-05,3,3,3,3,0.052546769,-0.00019838641,-0.98843501
308,0.0013565105,0.0012062642,0.0010149111,0.0095582689,6.1287307e-05,5.5020838e-05,4.6653451e-05,1.8498426e-05,3,3,3,3,0.049253514,-0.0001979772,-0.98863298
309,0.001358522,0.0012047661,0.0010099198,0.0095342185,6.1393312e-05,5.4935223e-05,4.6433468e-05,1.6813909e-05,3,3,3,3,0.044794938,-0.00036538663,-0.98899837
310,0.001359978,0.0012031426,0.0010046591,0.0095083623,6.1486693e-05,5.4854687e-05,4.6198458e-05,1.6880516e-05,3,3,3,3,0.044996294,-0.00037372171,-0.98937209
311,0.0013613655,0.0012016143,0.00099924825,0.0094746307,6.1568535e-05,5.4770406e-05,4.5950026e-05,1.6636883e-05,3,3,3,3,0.044369706,-0.00043950036,-0.98981159
312,0.0013624936,0.0012001524,0.00099372614,0.0094400289,6.1634563e-05,5.4686788e-05,4.5701115e-05,1.8411422e-05,3,3,3,3,0.049126477,-0.00018877519,-0.99000037
313,0.0013631798,0.0011986624,0.00098822421,0.0094065376,6.1672308e-05,5.458785e-05,4.5450702e-05,1.6333382e-05,3,3,3,3,0.043604685,-0.00043442712,-0.99043479
314,0.0013635719,0.0011966594,0.00098272808,0.0093754079,6.1698289e-05,5.4476186e-05,4.519877e-05,1.8314598e-05,3,3,3,3,0.04891567,-0.00016515593,-0.99059995
315,0.0013638515,0.0011944324,0.0009771744,0.0093478122,6.1701743e-05,5.4351105e-05,4.494868e-05,1.6070521e-05,3,3,3,3,0.042942762,-0.00040650246,-0.99100645
316,0.001363814,0.0011920832,0.0009715777,0.0093197835,6.1695781e-05,5.4222111e-05,4.4688358e-05,1.6130491e-05,3,3,3,3,0.04312092,-0.00043571361,-0.99144217
317,0.0013638754,0.0011898527,0.00096600565,0.00929189,6.1680092e-05,5.4096658e-05,4.4424237e-05,1.7847163e-05,3,3,3,3,0.047729564,-0.0001955705,-0.99163774
318,0.0013638255,0.0011876408,0.00096044751,0.0092617575,6.1657767e-05,5.397402e-05,4.4161224e-05,1.5763943e-05,3,3,3,3,0.042177484,-0.00041893021,-0.99205667
319,0.0013636502,0.0011853193,0.00095491797,0.0092330388,6.1627454e-05,5.3864011e-05,4.3899995e-05,1.5628874e-05,3,3,3,3,0.041832547,-0.00042998482,-0.99248665
320,0.0013633798,0.0011830684,0.00094960101,0.0091995094,6.1609526e-05,5.3770445e-05,4.3641967e-05,1.7413991e-05,3,3,3,3,0.046628367,-0.00022016435,-0.99270682
321,0.0013629884,0.0011809153,0.00094453463,0.00916261,6.1601077e-05,5.368282e-05,4.3393938e-05,1.5283244e-05,3,3,3,3,0.040940573,-0.0003861938,-0.99309301
322,0.0013627508,0.0011789696,0.0009396147,0.0091276125,6.1593213e-05,5.3595935e-05,4.3154081e-05,1.5248527e-05,3,3,3,3,0.040862638,-0.0003809618,-0.99347397
323,0.0013624617,0.0011770782,0.00093485229,0.0090945144,6.1594413e-05,5.3506116e-05,4.2920932e-05,1.7110517e-05,3,3,3,3,0.045868742,-0.00016407062,-0.99363804
324,0.0013618954,0.0011750672,0.0009302237,0.0090629959,6.1583907e-05,5.3412338e-05,4.2710207e-05,1.5216103e-05,3,3,3,3,0.040806713,-0.00036561471,-0.99400366
325,0.0013613004,0.0011732732,0.00092571678,0.0090358782,6.1568624e-05,5.3316832e-05,4.2511885e-05,1.5835677e-05,3,3,3,3,0.042483213,-0.00018596318,-0.99418962
326,0.001360833,0.0011715475,0.00092144258,0.0090112772,6.1555964e-05,5.3208798e-05,4.2318611e-05,1.5056173e-05,3,3,3,3,0.040407581,-0.00030333986,-0.99449296
327,0.0013605113,0.0011698466,0.00091735091,0.0089901892,6.154544e-05,5.3099614e-05,4.2137567e-05,1.5059488e-05,3,3,3,3,0.040430199,-0.000310945,-0.99480391
328,0.0013601253,0.0011681708,0.00091340259,0.0089742861,6.151693e-05,5.2986718e-05,4.1958762e-05,1.4930022e-05,3,3,3,3,0.040096035,-0.00035053523,-0.99515444
329,0.0013595348,0.0011661996,0.00090970861,0.0089600916,6.1484466e-05,5.2877058e-05,4.1789033e-05,1.5307852e-05,3,3,3,3,0.041124644,-0.0003863026,-0.99554074
330,0.0013586721,0.0011640058,0.00090632475,0.0089461477,6.1447518e-05,5.2763827e-05,4.1625088e-05,1.6348104e-05,3,3,3,3,0.043934254,-0.00019666814,-0.99573741
331,0.00135777,0.0011613952,0.00090307203,0.0089296707,6.1399093e-05,5.2644729e-05,4.14642e-05,1.6333455e-05,3,3,3,3,0.043913626,-0.00011117032,-0.99584858
332,0.0013566597,0.0011585972,0.00090003713,0.0089117901,6.1347637e-05,5.2513134e-05,4.1311614e-05,1.4944056e-05,3,3,3,3,0.040193527,-0.00024435625,-0.99609294
333,0.0013552886,0.0011556362,0.00089704672,0.008890457,6.1292344e-05,5.2359591e-05,4.1166364e-05,1.4940778e-05,3,3,3,3,0.040198034,-0.00023177043,-0.99632471
334,0.0013539958,0.0011526327,0.00089433215,0.0088685751,6.1234186e-05,5.2198772e-05,4.1028555e-05,1.5066331e-05,3,3,3,3,0.040549025,-0.00026168755,-0.9965864
335,0.001352905,0.0011496527,0.00089178366,0.0088465195,6.116495e-05,5.204531e-05,4.0894397e-05,1.5269321e-05,3,3,3,3,0.041108602,-0.00032156895,-0.99690797
336,0.0013518221,0.0011469365,0.00088938306,0.0088212981,6.1075496e-05,5.1898273e-05,4.0775768e-05,1.7390885e-05,3,3,3,3,0.046835038,-0.00013862339,-0.99704659
337,0.0013504685,0.0011441953,0.00088718101,0.0087923029,6.0969874e-05,5.1747235e-05,4.0667371e-05,1.6951235e-05,3,3,3,3,0.045668088,-0.00012187133,-0.99716846
338,0.0013485773,0.0011415692,0.00088514655,0.0087617082,6.0863906e-05,5.1597511e-05,4.0568131e-05,1.4597191e-05,3,3,3,3,0.039340312,-0.00032897632,-0.99749744
339,0.0013464987,0.001139256,0.00088326904,0.0087280204,6.0761771e-05,5.1467914e-05,4.0466856e-05,1.6395375e-05,3,3,3,3,0.044199673,-0.00015017951,-0.99764762
340,0.0013446055,0.0011375229,0.00088150421,0.0086954846,6.0671165e-05,5.1372566e-05,4.0363343e-05,1.4971057e-05,3,3,3,3,0.040373711,-0.00033216999,-0.99797979
341,0.0013426399,0.0011363153,0.00087987635,0.0086633011,6.0581959e-05,5.1322766e-05,4.0262499e-05,1.5119602e-05,3,3,3,3,0.04078588,-0.00039578869,-0.99837557
342,0.0013408198,0.001135671,0.00087832004,0.0086310605,6.0490952e-05,5.1316245e-05,4.0157935e-05,1.8265255e-05,3,3,3,3,0.049285126,-0.00015428572,-0.99852986
343,0.0013388043,0.0011355241,0.00087672172,0.0085995597,6.0415153e-05,5.1341727e-05,4.0058011e-05,1.6933741e-05,3,3,3,3,0.045708288,-0.00018117793,-0.99871104
344,0.0013367819,0.0011357413,0.00087511879,0.0085680989,6.0344538e-05,5.1391032e-05,3.9963383e-05,1.4622947e-05,3,3,3,3,0.039483885,-0.00037392155,-0.99908496
345,0.0013347554,0.001136365,0.00087348768,0.0085363734,6.0289246e-05,5.1468358e-05,3.9866819e-05,1.4808953e-05,3,3,3,3,0.039996246,-0.00037748459,-0.99946244
346,0.0013329708,0.0011378546,0.00087192526,0.0085080948,6.0245882e-05,5.1567079e-05,3.9774617e-05,1.6701181e-05,3,3,3,3,0.045117893,-0.00020361288,-0.99966606
347,0.0013316895,0.0011398944,0.00087038072,0.008483188,6.0216633e-05,5.1679906e-05,3.9679433e-05,1.4962416e-05,3,3,3,3,0.040432812,-0.00041570178,-1.0000818
348,0.0013303514,0.001142254,0.00086882946,0.0084630934,6.0186748e-05,5.1805711e-05,3.9584538e-05,1.7340388e-05,3,3,3,3,0.046869872,-0.00020359287,-1.0002854
349,0.001329228,0.00114485,0.00086725657,0.0084456902,6.0165039e-05,5.1939581e-05,3.948473e-05,1.6322579e-05,3,3,3,3,0.044131651,-0.00024296342,-1.0005283
350,0.0013281517,0.0011476358,0.00086564281,0.0084313195,6.0136326e-05,5.2079307e-05,3.9381348e-05,1.4646353e-05,3,3,3,3,0.039610413,-0.00038376973,-1.0009121
351,0.0013271151,0.0011506098,0.00086397452,0.0084199942,6.0112521e-05,5.2227719e-05,3.9276774e-05,1.4805196e-05,3,3,3,3,0.040048908,-0.00040940161,-1.0013215
352,0.0013264755,0.0011539032,0.00086226418,0.0084122619,6.0098484e-05,5.2383782e-05,3.9171889e-05,1.6439069e-05,3,3,3,3,0.044478285,-0.00016823332,-1.0014897
353,0.0013261954,0.0011574104,0.00086043641,0.0084058535,6.00925e-05,5.2543824e-05,3.9062828e-05,1.6052641e-05,3,3,3,3,0.043444189,-0.00016494935,-1.0016547
354,0.0013259628,0.0011610181,0.00085838132,0.0083996129,6.0079242e-05,5.2692581e-05,3.8954835e-05,1.4749946e-05,3,3,3,3,0.039928539,-0.00041811124,-1.0020728
355,0.0013256402,0.0011645525,0.00085613224,0.0083934799,6.0053082e-05,5.283801e-05,3.8839602e-05,1.588265e-05,3,3,3,3,0.043002877,-0.00019608578,-1.0022689
356,0.0013254846,0.0011679677,0.00085384739,0.0083874467,6.0027384e-05,5.298481e-05,3.8721552e-05,1.4832822e-05,3,3,3,3,0.040169271,-0.00045364583,-1.0027225
357,0.0013252213,0.0011711875,0.00085150996,0.0083811986,6.0002951e-05,5.3130036e-05,3.8603275e-05,1.6399845e-05,3,3,3,3,0.044420587,-0.00022004903,-1.0029426
358,0.0013251802,0.0011743471,0.00084912058,0.0083743707,5.998184e-05,5.326746e-05,3.8478295e-05,1.5137685e-05,3,3,3,3,0.041010515,-0.00048171494,-1.0034243
359,0.0013248751,0.0011773735,0.00084663082,0.0083688513,5.9959642e-05,5.3394367e-05,3.8349692e-05,1.7287351e-05,3,3,3,3,0.0468411,-0.00022626219,-1.0036505
360,0.0013247354,0.0011802002,0.00084418127,0.0083623548,5.9949951e-05,5.3513951e-05,3.822194e-05,1.4940608e-05,3,3,3,3,0.040490212,-0.000479136,-1.0041297
361,0.0013245814,0.0011829876,0.00084164358,0.0083535655,5.9933815e-05,5.362781e-05,3.809161e-05,1.6956714e-05,3,3,3,3,0.045959568,-0.00023250531,-1.0043622
362,0.0013246058,0.0011856393,0.00083922213,0.0083445323,5.9930225e-05,5.373669e-05,3.7962343e-05,1.486094e-05,3,3,3,3,0.040285736,-0.00050016852,-1.0048623
363,0.0013246498,0.0011879293,0.00083696175,0.0083351356,5.9935388e-05,5.3835832e-05,3.7837955e-05,1.4826669e-05,3,3,3,3,0.040196708,-0.00053519178,-1.0053975
364,0.0013249208,0.0011900423,0.00083484491,0.0083265347,5.9947197e-05,5.391659e-05,3.7720968e-05,1.7576102e-05,3,3,3,3,0.047654978,-0.0002297067,-1.0056272
365,0.0013254905,0.0011919419,0.00083295072,0.0083180787,5.9976946e-05,5.3984732e-05,3.7619757e-05,1.6355935e-05,3,3,3,3,0.044353267,-0.00024477882,-1.005872
366,0.0013258247,0.0011934038,0.0008313148,0.0083101463,6.0011665e-05,5.4033433e-05,3.7529092e-05,1.4505893e-05,3,3,3,3,0.039341474,-0.00044579999,-1.0063178
367,0.0013262163,0.001194563,0.00082991592,0.0083041686,6.0046181e-05,5.4062173e-05,3.7444327e-05,1.4602535e-05,3,3,3,3,0.039606349,-0.00043314349,-1.006751
368,0.0013269578,0.0011957279,0.00082859727,0.0082994863,6.0094439e-05,5.4080245e-05,3.735803e-05,1.466063e-05,3,3,3,3,0.039766605,-0.00047379924,-1.0072248
369,0.0013278491,0.001196729,0.00082735138,0.0082967854,6.0146303e-05,5.4086643e-05,3.727158e-05,1.4769962e-05,3,3,3,3,0.040065958,-0.00053763866,-1.0077624
370,0.0013288285,0.0011976197,0.00082619107,0.0082966216,6.0185241e-05,5.4088642e-05,3.7190299e-05,1.7731542e-05,3,3,3,3,0.04810298,-0.00019734195,-1.0079597
371,0.0013295923,0.0011986141,0.00082527905,0.0082966284,6.0205343e-05,5.4083046e-05,3.7122197e-05,1.673724e-05,3,3,3,3,0.045412093,-0.00016253312,-1.0081223
372,0.0013300979,0.0011993802,0.00082453839,0.0082986508,6.0202966e-05,5.4074122e-05,3.7073389e-05,1.4162285e-05,3,3,3,3,0.038430119,-0.00037473232,-1.008497
373,0.0013305984,0.0011998182,0.00082383887,0.008302803,6.0185492e-05,5.405524e-05,3.7031108e-05,1.4369251e-05,3,3,3,3,0.038993644,-0.00031415425,-1.0088112
374,0.0013314894,0.0012002976,0.00082324859,0.0083107936,6.0179646e-05,5.4042247e-05,3.6996239e-05,1.4447879e-05,3,3,3,3,0.039208488,-0.00031986476,-1.009131
375,0.0013325657,0.0012008714,0.00082275617,0.0083199978,6.0182785e-05,5.4037315e-05,3.696406e-05,1.433318e-05,3,3,3,3,0.038898275,-0.00037987655,-1.0095109
376,0.0013334929,0.0012015607,0.00082223709,0.0083276676,6.0169395e-05,5.4026512e-05,3.6932972e-05,1.4202365e-05,3,3,3,3,0.038543966,-0.00042617019,-1.0099371
377,0.0013340825,0.0012021562,0.00082173581,0.0083360307,6.0146962e-05,5.4013736e-05,3.6907695e-05,1.6081901e-05,3,3,3,3,0.043645295,-0.0001574784,-1.0100946
378,0.0013343943,0.0012026197,0.00082126845,0.0083438263,6.0110729e-05,5.4009531e-05,3.6888415e-05,1.3647236e-05,3,3,3,3,0.037040001,-0.00037009675,-1.0104647
379,0.001334264,0.0012027554,0.00082065788,0.0083492247,6.0066e-05,5.398979e-05,3.6863985e-05,1.3585414e-05,3,3,3,3,0.036872092,-0.00049326082,-1.0109579
380,0.0013341203,0.0012030036,0.00082008912,0.0083558484,6.001815e-05,5.3978178e-05,3.683228e-05,1.5946785e-05,3,3,3,3,0.043280462,-9.7807058e-05,-1.0110557
381,0.0013341261,0.0012032403,0.00081949567,0.0083632095,5.997378e-05,5.3970786e-05,3.6791562e-05,1.3575889e-05,3,3,3,3,0.036846783,-0.0003867836,-1.0114425
382,0.0013338577,0.001203396,0.00081870467,0.0083712684,5.9910692e-05,5.3966819e-05,3.6740784e-05,1.3773667e-05,3,3,3,3,0.037382654,-0.00022755473,-1.0116701
383,0.0013334236,0.001203656,0.00081781569,0.0083793076,5.9834425e-05,5.3966056e-05,3.6686867e-05,1.3516533e-05,3,3,3,3,0.036683612,-0.00015983988,-1.0118299
384,0.0013328674,0.00120388,0.00081680242,0.0083871127,5.974314e-05,5.395552e-05,3.6622211e-05,1.3433651e-05,3,3,3,3,0.036457175,-8.5999389e-05,-1.0119159
385,0.0013319225,0.0012043664,0.00081562179,0.0083950464,5.9641719e-05,5.394124e-05,3.6550114e-05,1.3096742e-05,3,3,3,3,0.035540918,-3.9456996e-05,-1.0119554
386,0.0013304668,0.0012048465,0.00081429278,0.0084034636,5.9524448e-05,5.3932145e-05,3.6474685e-05,1.3078891e-05,3,3,3,3,0.03549027,0.00013560395,-1.0118198
387,0.0013287977,0.0012052311,0.00081292112,0.008409119,5.940055e-05,5.3922489e-05,3.6391697e-05,1.3031056e-05,3,3,3,3,0.035358059,0.00034005516,-1.0114797
388,0.0013270228,0.0012057199,0.00081144664,0.0084127509,5.9262019e-05,5.3903336e-05,3.6302281e-05,1.2995365e-05,3,3,3,3,0.035258425,0.00058937395,-1.0108903
389,0.0013248991,0.0012063151,0.00080986374,0.0084128347,5.9123277e-05,5.3890973e-05,3.6206933e-05,1.6894045e-05,3,3,3,3,0.045832348,0.00034599554,-1.0105443
390,0.0013226673,0.0012069534,0.000808036,0.0084142614,5.8983596e-05,5.3885433e-05,3.609607e-05,1.5902128e-05,3,3,3,3,0.043134786,0.00038656326,-1.0101578
391,0.0013198313,0.0012074315,0.00080603311,0.0084136831,5.8819462e-05,5.3872433e-05,3.5981855e-05,1.3730663e-05,3,3,3,3,0.037238815,0.00069320903,-1.0094646
392,0.0013162805,0.001207615,0.00080405237,0.0084086963,5.8625069e-05,5.3856132e-05,3.5869433e-05,1.3611604e-05,3,3,3,3,0.036911654,0.00067267304,-1.0087919
393,0.0013127001,0.0012079185,0.0008019706,0.0084050518,5.8429409e-05,5.3843529e-05,3.5748517e-05,1.3890393e-05,3,3,3,3,0.037663227,0.00067027439,-1.0081216
394,0.001308984,0.0012082692,0.00079967492,0.0084000376,5.8222123e-05,5.3828382e-05,3.5614454e-05,1.3925362e-05,3,3,3,3,0.037753775,0.00071133922,-1.0074103
395,0.0013050035,0.0012084464,0.0007973031,0.0083924022,5.7992992e-05,5.3807358e-05,3.5476172e-05,1.6272337e-05,3,3,3,3,0.044111741,0.00039453372,-1.0070157
396,0.0013010376,0.0012085825,0.00079461246,0.0083871532,5.7763775e-05,5.3771266e-05,3.5321443e-05,1.5460721e-05,3,3,3,3,0.04190355,0.00034127655,-1.0066745
397,0.0012964213,0.0012083005,0.000791962,0.0083785629,5.7512904e-05,5.3716449e-05,3.5173896e-05,1.2248673e-05,3,3,3,3,0.033193044,0.00075089762,-1.0059236
398,0.0012912386,0.001207422,0.00078920197,0.0083644773,5.724828e-05,5.3642583e-05,3.5020437e-05,1.3786354e-05,3,3,3,3,0.037356724,0.00061039333,-1.0053132
399,0.001286105,0.0012063426,0.00078632299,0.0083470619,5.6976724e-05,5.3559986e-05,3.4857174e-05,1.4046625e-05,3,3,3,3,0.038058462,0.00068402606,-1.0046291
400,0.0012812929,0.0012050276,0.00078346319,0.0083277037,5.6710752e-05,5.3467066e-05,3.4697606e-05,1.6327915e-05,3,3,3,3,0.04423544,0.00026410481,-1.004365
401,0.0012764104,0.0012033131,0.00078033957,0.0083052909,5.6451727e-05,5.3360662e-05,3.4531293e-05,1.5788887e-05,3,3,3,3,0.042768641,0.00025960129,-1.0041054
402,0.001270919,0.0012011882,0.00077704703,0.0082778837,5.6175118e-05,5.3235471e-05,3.4365498e-05,1.2562364e-05,3,3,3,3,0.034023954,0.00057205936,-1.0035334
403,0.0012645968,0.0011985339,0.00077372336,0.0082447999,5.5880712e-05,5.3095059e-05,3.4205835e-05,1.5124969e-05,3,3,3,3,0.040961876,0.00018836436,-1.003345
404,0.0012585012,0.0011957722,0.00077016803,0.0082109786,5.5607683e-05,5.2954257e-05,3.4036751e-05,1.4143667e-05,3,3,3,3,0.038300222,0.00018741624,-1.0031576
405,0.0012522925,0.0011926643,0.0007665044,0.0081735095,5.5331322e-05,5.2792669e-05,3.3871079e-05,1.3025164e-05,3,3,3,3,0.035268133,0.00041261928,-1.002745
406,0.0012457667,0.0011888741,0.00076270964,0.0081306008,5.5038825e-05,5.2605434e-05,3.3711275e-05,1.3639874e-05,3,3,3,3,0.036931112,0.00015759485,-1.0025874
407,0.0012392846,0.0011848818,0.00075891107,0.0080885648,5.4753702e-05,5.2412696e-05,3.3550318e-05,1.2604967e-05,3,3,3,3,0.034126031,0.00039267505,-1.0021947
408,0.0012324757,0.0011806389,0.00075513991,0.0080446362,5.4457037e-05,5.2203316e-05,3.3395777e-05,1.4417125e-05,3,3,3,3,0.039030523,0.0001205681,-1.0020741
409,0.0012257165,0.0011760953,0.00075115456,0.0079980757,5.4163696e-05,5.1986679e-05,3.3227877e-05,1.3920672e-05,3,3,3,3,0.037683316,7.5398124e-05,-1.0019987
410,0.0012189223,0.0011711092,0.00074712777,0.0079479409,5.386049e-05,5.1754474e-05,3.3056108e-05,1.1734317e-05,3,3,3,3,0.031762709,0.00022626384,-1.0017725
411,0.0012119512,0.0011655519,0.00074318495,0.0078933437,5.3537919e-05,5.150441e-05,3.2885927e-05,1.3363536e-05,3,3,3,3,0.036172196,2.3292738e-05,-1.0017492
412,0.0012051399,0.0011599879,0.00073923842,0.0078395232,5.3213845e-05,5.1256134e-05,3.2717364e-05,1.2670917e-05,3,3,3,3,0.034295992,6.9462592e-06,-1.0017422
413,0.0011982868,0.0011543586,0.00073529369,0.0077838357,5.2880372e-05,5.1004074e-05,3.2552703e-05,1.1948763e-05,3,3,3,3,0.032340378,0.00013972429,-1.0016025
414,0.0011911631,0.0011485821,0.00073130712,0.007728821,5.2533698e-05,5.0741594e-05,3.2388714e-05,1.1624053e-05,3,3,3,3,0.031461557,0.00012292488,-1.0014796
415,0.0011839997,0.0011427671,0.00072739296,0.0076747508,5.2195096e-05,5.0473374e-05,3.2224018e-05,1.2674821e-05,3,3,3,3,0.034305863,3.9758455e-05,-1.0014398
416,0.001176955,0.0011367024,0.00072344687,0.0076210894,5.186393e-05,5.0196641e-05,3.2051145e-05,1.0684994e-05,3,3,3,3,0.028919575,0.00027706132,-1.0011628
417,0.0011696665,0.0011302731,0.00071954822,0.0075659624,5.1521668e-05,4.9901293e-05,3.1878935e-05,1.0646611e-05,3,3,3,3,0.028816154,0.0003283666,-1.0008344
418,0.0011624162,0.001123818,0.00071557071,0.0075103301,5.1174786e-05,4.9601479e-05,3.1705693e-05,1.4071688e-05,3,3,3,3,0.038087283,3.4167701e-05,-1.0008002
419,0.0011554704,0.001117358,0.00071149719,0.0074558264,5.0836741e-05,4.9294113e-05,3.1518962e-05,1.0305313e-05,3,3,3,3,0.027892285,0.00029247403,-1.0005078
420,0.0011483031,0.0011106901,0.00070738879,0.0073995045,5.0486965e-05,4.8968705e-05,3.1334745e-05,1.0257361e-05,3,3,3,3,0.027763313,0.00026041447,-1.0002473
421,0.0011413772,0.0011039663,0.000703291,0.0073445598,5.0141819e-05,4.8643125e-05,3.1146349e-05,1.0316934e-05,3,3,3,3,0.027925218,0.00024848679,-0.99999886
422,0.0011345622,0.0010972176,0.00069915504,0.0072921336,4.9802484e-05,4.8319131e-05,3.09529e-05,1.3547094e-05,3,3,3,3,0.036669026,2.7042309e-05,-0.99997182
423,0.0011279588,0.0010904975,0.00069495141,0.0072433697,4.9474959e-05,4.7994302e-05,3.0758336e-05,1.0022084e-05,3,3,3,3,0.027126639,7.8515751e-05,-0.9998933
424,0.0011211211,0.0010834988,0.00069073061,0.0071929369,4.913551e-05,4.7655853e-05,3.0564704e-05,1.0277509e-05,3,3,3,3,0.02781813,5.1861532e-05,-0.99984144
425,0.0011142583,0.0010764171,0.00068644911,0.0071423594,4.8801419e-05,4.7314699e-05,3.0371153e-05,1.0116558e-05,3,3,3,3,0.027382571,-4.6514197e-05,-0.99988795
426,0.0011073536,0.0010692901,0.00068208178,0.0070908843,4.8470933e-05,4.6977971e-05,3.0178824e-05,9.943818e-06,3,3,3,3,0.026915014,-0.00012677846,-1.0000147
427,0.0011005341,0.0010621033,0.00067764221,0.0070374268,4.8147246e-05,4.6650468e-05,2.9987386e-05,9.8076595e-06,3,3,3,3,0.026546274,-0.00018814066,-1.0002029
428,0.0010938151,0.0010548088,0.00067324693,0.006986088,4.7832324e-05,4.6330454e-05,2.9798938e-05,9.6439194e-06,3,3,3,3,0.02610278,-0.00032120517,-1.0005241
429,0.0010870841,0.0010473827,0.00066891656,0.006936214,4.7534083e-05,4.6015403e-05,2.9613223e-05,9.7697349e-06,3,3,3,3,0.02644294,-0.00027393429,-1.000798
430,0.001080588,0.0010400177,0.00066470567,0.0068857538,4.7253591e-05,4.5707178e-05,2.9423978e-05,9.8331504e-06,3,3,3,3,0.02661422,-0.00026284961,-1.0010609
431,0.0010744091,0.0010328399,0.00066062763,0.0068350379,4.697704e-05,4.5404605e-05,2.9236614e-05,1.1310863e-05,3,3,3,3,0.030613343,-0.00011551499,-1.0011764
432,0.0010684399,0.0010256287,0.00065656345,0.0067832429,4.670662e-05,4.5097831e-05,2.9051472e-05,9.3499356e-06,3,3,3,3,0.025306329,-0.00019276465,-1.0013691
433,0.0010626947,0.001018575,0.00065251063,0.0067309616,4.6445668e-05,4.4793465e-05,2.8871962e-05,9.3506345e-06,3,3,3,3,0.025307544,-0.0002583145,-1.0016275
434,0.0010572141,0.001011634,0.00064858749,0.0066797719,4.6197596e-05,4.4488901e-05,2.8699934e-05,9.5018567e-06,3,3,3,3,0.025715949,-0.00016962712,-1.0017971
435,0.0010519856,0.0010049852,0.00064480566,0.0066305682,4.597416e-05,4.4197873e-05,2.8539395e-05,9.3948354e-06,3,3,3,3,0.025425497,-0.00015188447,-1.001949
436,0.001046897,0.00099847064,0.00064110167,0.0065832087,4.577642e-05,4.3922638e-05,2.8383424e-05,9.3846061e-06,3,3,3,3,0.025396981,-0.00013128433,-1.0020803
437,0.0010419008,0.00099223455,0.00063742636,0.0065376242,4.5598787e-05,4.3671554e-05,2.8229702e-05,9.3103149e-06,3,3,3,3,0.025195111,-0.00011252185,-1.0021928
438,0.0010371376,0.00098651166,0.00063389424,0.0064925109,4.5434058e-05,4.3446709e-05,2.808844e-05,9.2198072e-06,3,3,3,3,0.024949319,-7.6998334e-05,-1.0022698
439,0.0010326257,0.00098112767,0.00063056857,0.0064497124,4.5288743e-05,4.3246063e-05,2.7964234e-05,9.0439964e-06,3,3,3,3,0.024472613,-6.253108e-05,-1.0023323
440,0.0010283348,0.00097620618,0.00062741761,0.0064090924,4.5155017e-05,4.3055727e-05,2.7847738e-05,9.0247901e-06,3,3,3,3,0.024419764,-7.2609578e-05,-1.0024049
441,0.0010242832,0.00097162546,0.00062440035,0.0063690849,4.5038096e-05,4.2881884e-05,2.7736882e-05,9.0047872e-06,3,3,3,3,0.024364742,-0.00010788125,-1.0025128
442,0.0010204783,0.00096728478,0.00062161141,0.0063312334,4.4932926e-05,4.272971e-05,2.7637452e-05,8.8379763e-06,3,3,3,3,0.023912535,-0.00016165324,-1.0026744
443,0.0010167632,0.0009633362,0.00061901957,0.0062961807,4.4833334e-05,4.2596633e-05,2.7545572e-05,8.7147892e-06,3,3,3,3,0.023578375,-0.0002169395,-1.0028914
444,0.0010131989,0.00095972569,0.0006165565,0.0062640489,4.4738897e-05,4.2477747e-05,2.7458594e-05,8.6727196e-06,3,3,3,3,0.023463694,-0.00027817064,-1.0031696
445,0.0010098149,0.00095642396,0.00061429256,0.0062335119,4.4645559e-05,4.2376347e-05,2.7380842e-05,8.696355e-06,3,3,3,3,0.023526887,-0.00034037003,-1.0035099
446,0.0010065043,0.00095346824,0.00061221357,0.0062041537,4.4549084e-05,4.2289896e-05,2.7310283e-05,9.7090343e-06,3,3,3,3,0.026265802,-0.00021169528,-1.0037216
447,0.0010032729,0.00095079424,0.0006102981,0.006176625,4.444948e-05,4.2211988e-05,2.7244405e-05,9.479837e-06,3,3,3,3,0.025645807,-0.00020448879,-1.0039261
448,0.0010001534,0.00094818545,0.00060856574,0.0061511255,4.4348054e-05,4.2131354e-05,2.7177391e-05,8.3719796e-06,3,3,3,3,0.022648707,-0.00032140535,-1.0042475
449,0.00099712576,0.00094582018,0.00060696129,0.0061265324,4.4242933e-05,4.2051398e-05,2.7111676e-05,8.3779481e-06,3,3,3,3,0.0226643,-0.00033003078,-1.0045775
450,0.00099413818,0.00094356804,0.00060549177,0.0061028584,4.4137957e-05,4.1980542e-05,2.7050332e-05,8.3841057e-06,3,3,3,3,0.022680439,-0.00036292812,-1.0049405
451,0.00099124038,0.00094141754,0.00060408428,0.0060798647,4.4034886e-05,4.191327e-05,2.6993458e-05,8.3455614e-06,3,3,3,3,0.022575692,-0.00040210125,-1.0053426
452,0.00098829513,0.00093939368,0.00060275599,0.0060565065,4.3933378e-05,4.1853749e-05,2.693989e-05,8.4179084e-06,3,3,3,3,0.022770928,-0.00045201313,-1.0057946
453,0.00098535546,0.00093747435,0.00060148686,0.0060350083,4.3825476e-05,4.1800983e-05,2.6889168e-05,9.6473733e-06,3,3,3,3,0.026096224,-0.00027168387,-1.0060663
454,0.00098239129,0.00093557158,0.00060039937,0.0060137501,4.3710207e-05,4.1745646e-05,2.684138e-05,8.2443672e-06,3,3,3,3,0.022301336,-0.00045516101,-1.0065214
455,0.00097940484,0.00093373059,0.00059938545,0.0059919472,4.3589262e-05,4.1686496e-05,2.6794445e-05,9.5721551e-06,3,3,3,3,0.025892612,-0.0002658068,-1.0067872
456,0.00097629935,0.00093186178,0.00059844151,0.0059710055,4.3456477e-05,4.1622224e-05,2.6752203e-05,8.1242892e-06,3,3,3,3,0.021976288,-0.00041330765,-1.0072006
457,0.00097316442,0.00093003852,0.0005975284,0.0059506568,4.3319063e-05,4.155411e-05,2.671364e-05,8.0768129e-06,3,3,3,3,0.021847254,-0.00041977002,-1.0076203
458,0.00097000901,0.00092814389,0.00059664697,0.0059314466,4.3177881e-05,4.1485473e-05,2.667851e-05,9.3296145e-06,3,3,3,3,0.025235197,-0.00024759823,-1.0078679
459,0.00096669973,0.00092605535,0.00059583025,0.0059133597,4.3025804e-05,4.1414949e-05,2.6648939e-05,8.0674942e-06,3,3,3,3,0.021821116,-0.00040214118,-1.0082701
460,0.00096326788,0.00092392985,0.00059508452,0.0058968141,4.2872104e-05,4.1344044e-05,2.6626874e-05,8.1001227e-06,3,3,3,3,0.02190853,-0.00040576494,-1.0086758
461,0.00095975238,0.00092173646,0.00059434163,0.0058819271,4.2710004e-05,4.1272989e-05,2.6607311e-05,9.6078062e-06,3,3,3,3,0.025985309,-0.00022701566,-1.0089028
462,0.00095612292,0.00091944341,0.0005937328,0.0058688851,4.2541045e-05,4.1192867e-05,2.6588113e-05,8.0871379e-06,3,3,3,3,0.021872163,-0.00037812535,-1.009281
463,0.00095246895,0.00091711263,0.00059312001,0.005856908,4.2376194e-05,4.1109628e-05,2.6568897e-05,9.5333524e-06,3,3,3,3,0.025782302,-0.00019080574,-1.0094718
464,0.00094859559,0.00091465792,0.00059255411,0.0058451973,4.2209964e-05,4.101669e-05,2.6552306e-05,8.1484669e-06,3,3,3,3,0.022036472,-0.000300224,-1.009772
465,0.00094473338,0.0009122285,0.0005918805,0.0058332199,4.2046628e-05,4.0917918e-05,2.6535176e-05,8.0008929e-06,3,3,3,3,0.021636137,-0.00030382193,-1.0100758
466,0.00094096638,0.00090975519,0.00059112757,0.0058232446,4.1878871e-05,4.0812569e-05,2.6517428e-05,9.6585883e-06,3,3,3,3,0.026117295,-0.00012335422,-1.0101992
467,0.00093719507,0.00090732486,0.00059037264,0.0058145268,4.1704664e-05,4.0704518e-05,2.6501897e-05,8.1678099e-06,3,3,3,3,0.022085384,-0.00023842225,-1.0104376
468,0.00093339825,0.00090494579,0.0005895753,0.005806587,4.1527689e-05,4.0600088e-05,2.6485623e-05,8.207576e-06,3,3,3,3,0.02219134,-0.00022987711,-1.0106675
469,0.0009295691,0.00090267267,0.00058878314,0.0057997271,4.1347492e-05,4.0495201e-05,2.6466575e-05,9.9997142e-06,3,3,3,3,0.027034946,-6.6811267e-05,-1.0107343
470,0.00092577041,0.00090046044,0.00058795065,0.0057923492,4.1166793e-05,4.0386061e-05,2.6448245e-05,8.0749404e-06,3,3,3,3,0.021830415,-0.00018247346,-1.0109168
471,0.00092212602,0.00089831414,0.00058699843,0.005785537,4.0991508e-05,4.0286872e-05,2.6422669e-05,8.0465415e-06,3,3,3,3,0.021752047,-0.00015661943,-1.0110734
472,0.00091850036,0.00089621977,0.00058608473,0.0057793152,4.0819597e-05,4.0191608e-05,2.638491e-05,9.8374512e-06,3,3,3,3,0.02659139,1.6163861e-05,-1.0110572
473,0.00091478915,0.00089424582,0.0005851118,0.0057729446,4.0644714e-05,4.0100232e-05,2.6341745e-05,7.9377692e-06,3,3,3,3,0.021455438,-0.00011124507,-1.0111685
474,0.00091104899,0.00089238213,0.00058399613,0.0057667569,4.0468476e-05,4.0014446e-05,2.6290141e-05,7.9333112e-06,3,3,3,3,0.02144176,-9.5184512e-05,-1.0112636
475,0.00090712455,0.00089064259,0.00058280459,0.0057601901,4.0290666e-05,3.9931471e-05,2.6234429e-05,7.9595214e-06,3,3,3,3,0.021510973,-8.5864657e-05,-1.0113495
476,0.00090310258,0.00088892202,0.00058155904,0.0057538247,4.011214e-05,3.9852359e-05,2.6174861e-05,9.4999491e-06,3,3,3,3,0.025672141,3.66585e-05,-1.0113128
477,0.00089903073,0.00088716405,0.00058028086,0.005746912,3.992842e-05,3.9777103e-05,2.6118204e-05,7.3815553e-06,3,3,3,3,0.019946608,-0.00019149656,-1.0115043
478,0.00089497198,0.00088546902,0.00057887134,0.0057382534,3.9747897e-05,3.9712435e-05,2.6053381e-05,7.3870233e-06,3,3,3,3,0.019959891,-0.00021058431,-1.0117149
479,0.00089095487,0.00088388186,0.00057744509,0.0057289248,3.9570386e-05,3.9653099e-05,2.5983594e-05,8.0990493e-06,3,3,3,3,0.021882183,-0.00010459477,-1.0118195
480,0.00088698521,0.00088241388,0.00057597432,0.0057193134,3.9397518e-05,3.9591159e-05,2.5910648e-05,8.0948971e-06,3,3,3,3,0.02186945,-0.00011271552,-1.0119322
481,0.00088307583,0.00088087743,0.00057438679,0.005709818,3.9224375e-05,3.9524914e-05,2.5834545e-05,9.6281477e-06,3,3,3,3,0.026009978,1.8361032e-05,-1.0119139
482,0.00087918285,0.00087928909,0.00057278709,0.0057004301,3.9046487e-05,3.9452255e-05,2.5759537e-05,7.3626152e-06,3,3,3,3,0.019888982,-0.00014894264,-1.0120628
483,0.0008753547,0.00087771709,0.00057108653,0.0056911774,3.8871396e-05,3.938854e-05,2.5684807e-05,7.3626882e-06,3,3,3,3,0.019887681,-0.00010785089,-1.0121707
484,0.00087162872,0.0008761975,0.00056941852,0.0056826608,3.8703665e-05,3.9326482e-05,2.561157e-05,7.3699671e-06,3,3,3,3,0.019905793,-8.9079195e-05,-1.0122597
485,0.00086810328,0.00087476561,0.00056779219,0.0056731179,3.8544917e-05,3.9263728e-05,2.554008e-05,7.3585866e-06,3,3,3,3,0.019873533,-9.3651421e-05,-1.0123534
486,0.00086475405,0.00087322971,0.00056620785,0.0056633003,3.8396283e-05,3.9199651e-05,2.5472205e-05,7.3258674e-06,3,3,3,3,0.019783698,-0.00011315628,-1.0124666
487,0.00086155269,0.0008716175,0.00056468346,0.0056539979,3.8256573e-05,3.9138075e-05,2.5409451e-05,7.2988269e-06,3,3,3,3,0.019709217,-0.00014993668,-1.0126165
488,0.00085852735,0.00086995488,0.00056316703,0.0056438481,3.8130081e-05,3.9077618e-05,2.5346581e-05,7.2877449e-06,3,3,3,3,0.019677842,-0.00017480648,-1.0127913
489,0.00085570198,0.00086831737,0.00056165774,0.0056332199,3.8010957e-05,3.9017804e-05,2.5287088e-05,7.2719046e-06,3,3,3,3,0.019633578,-0.00020775104,-1.0129991
490,0.00085298342,0.00086668128,0.00056021439,0.0056226855,3.7895058e-05,3.8956555e-05,2.5230224e-05,7.2468417e-06,3,3,3,3,0.01956437,-0.00023942676,-1.0132385
491,0.00085045174,0.00086505627,0.00055881894,0.0056137492,3.7780737e-05,3.8892352e-05,2.5175907e-05,7.2159784e-06,3,3,3,3,0.019479506,-0.00026779724,-1.0135063
492,0.0008481051,0.00086343971,0.00055750268,0.0056048625,3.7668191e-05,3.8828642e-05,2.5117458e-05,7.1834601e-06,3,3,3,3,0.019390113,-0.00029108236,-1.0137974
493,0.00084584436,0.00086180339,0.00055617644,0.0055966889,3.7551932e-05,3.8761813e-05,2.50523e-05,7.1621422e-06,3,3,3,3,0.019330921,-0.00030642791,-1.0141038
494,0.00084360294,0.00086008038,0.00055480716,0.0055890605,3.7431079e-05,3.8692671e-05,2.4979474e-05,7.1542141e-06,3,3,3,3,0.019307847,-0.00031403107,-1.0144178
495,0.00084133587,0.0008583224,0.00055336057,0.0055819991,3.7300901e-05,3.862543e-05,2.4903691e-05,7.1605865e-06,3,3,3,3,0.019323359,-0.00030699401,-1.0147248
496,0.00083911605,0.00085653561,0.00055185228,0.0055742283,3.7163637e-05,3.8550929e-05,2.4822026e-05,7.1685554e-06,3,3,3,3,0.019343207,-0.0003089587,-1.0150338
497,0.00083688523,0.00085469579,0.00055031969,0.0055668876,3.7021304e-05,3.8468713e-05,2.4735623e-05,7.1847541e-06,3,3,3,3,0.019385202,-0.00029405675,-1.0153278
498,0.00083450955,0.00085282985,0.00054869625,0.0055600839,3.6870005e-05,3.8378873e-05,2.4641135e-05,7.1979966e-06,3,3,3,3,0.019419173,-0.00028079497,-1.0156086
499,0.00083188841,0.00085080353,0.00054702297,0.0055532709,3.6714185e-05,3.8281745e-05,2.453752e-05,1.0341318e-05,3,3,3,3,0.027896873,5.8185224e-05,-1.0155504
500,0.00082916328,0.0008487826,0.00054537334,0.0055475296,3.6546392e-05,3.8178951e-05,2.4432051e-05,7.1405721e-06,3,3,3,3,0.019261505,-8.9825592e-05,-1.0156403
501,0.00082630117,0.00084662118,0.00054342953,0.0055393914,3.6371871e-05,3.80707e-05,2.4311795e-05,7.1313105e-06,3,3,3,3,0.019234832,3.6399287e-05,-1.0156039
502,0.00082336213,0.00084432226,0.00054138872,0.0055308937,3.6195851e-05,3.7957443e-05,2.4184461e-05,7.1721126e-06,3,3,3,3,0.019343235,0.00018428349,-1.0154196
503,0.00082027426,0.00084194051,0.00053924076,0.0055216811,3.601789e-05,3.7837087e-05,2.405157e-05,7.2220637e-06,3,3,3,3,0.019476301,0.00032272664,-1.0150969
504,0.00081710135,0.00083942579,0.00053696609,0.005511741,3.5838172e-05,3.7706305e-05,2.3911692e-05,1.0466299e-05,3,3,3,3,0.028222865,0.00016267259,-1.0149342
505,0.00081398665,0.00083685983,0.00053441658,0.0055028507,3.5664088e-05,3.7568595e-05,2.3764669e-05,7.2103002e-06,3,3,3,3,0.019440383,0.00043230136,-1.0145019
506,0.00081055425,0.00083422694,0.0005318861,0.0054910281,3.548237e-05,3.7423922e-05,2.3619934e-05,7.2190476e-06,3,3,3,3,0.019462268,0.0004534635,-1.0140484
507,0.00080707782,0.00083156851,0.0005293121,0.0054780864,3.5302387e-05,3.7283707e-05,2.3478131e-05,7.2638431e-06,3,3,3,3,0.01958135,0.00047269412,-1.0135757
508,0.00080359745,0.00082877092,0.00052671759,0.005463501,3.5123936e-05,3.7151406e-05,2.3337764e-05,7.3086533e-06,3,3,3,3,0.01970035,0.000496709,-1.013079
509,0.00080005583,0.00082591661,0.00052418478,0.0054476932,3.4944703e-05,3.7021356e-05,2.3200836e-05,7.318942e-06,3,3,3,3,0.019726331,0.00053339554,-1.0125456
510,0.00079643783,0.00082311027,0.00052162351,0.0054320901,3.4764317e-05,3.6891601e-05,2.3062259e-05,7.3298762e-06,3,3,3,3,0.019753958,0.00059563597,-1.01195
511,0.00079277819,0.0008203366,0.00051902464,0.0054162974,3.4582417e-05,3.6762584e-05,2.2921201e-05,9.0024469e-06,3,3,3,3,0.024259074,0.00027007986,-1.0116799
512,0.00078909869,0.00081762895,0.00051632577,0.0054008807,3.4402053e-05,3.6640567e-05,2.2776669e-05,7.2745401e-06,3,3,3,3,0.019600034,0.00055067422,-1.0111292
513,0.00078522326,0.00081484475,0.00051356893,0.0053858158,3.4216999e-05,3.6515259e-05,2.2630993e-05,7.2679121e-06,3,3,3,3,0.019579918,0.00052036047,-1.0106089
514,0.00078127157,0.00081212291,0.00051072653,0.0053718083,3.4027297e-05,3.6386091e-05,2.2483286e-05,7.2899812e-06,3,3,3,3,0.019637036,0.00053324657,-1.0100756
515,0.00077715849,0.00080944602,0.00050776167,0.005358495,3.3830646e-05,3.6251973e-05,2.2335465e-05,8.1819115e-06,3,3,3,3,0.022036993,0.00037212928,-1.0097035
516,0.00077295042,0.0008067724,0.00050483467,0.0053466859,3.3629201e-05,3.6115805e-05,2.2189847e-05,8.3424287e-06,3,3,3,3,0.02246653,0.00019062362,-1.0095129
517,0.00076862973,0.00080415425,0.0005017719,0.0053347687,3.3429837e-05,3.5982723e-05,2.203833e-05,7.132325e-06,3,3,3,3,0.019204706,0.00045109737,-1.0090618
518,0.00076413928,0.00080157664,0.00049870402,0.0053233856,3.322267e-05,3.5843087e-05,2.1889144e-05,7.1195697e-06,3,3,3,3,0.019168014,0.00044105795,-1.0086207
519,0.00075954487,0.00079910065,0.00049565058,0.0053124756,3.3008928e-05,3.570261e-05,2.1743851e-05,8.9356082e-06,3,3,3,3,0.024054443,7.3434796e-05,-1.0085473
520,0.00075484778,0.00079668904,0.0004925711,0.0053016704,3.2792492e-05,3.5567549e-05,2.1600508e-05,8.1271413e-06,3,3,3,3,0.021874793,7.642237e-05,-1.0084709
521,0.00075003665,0.00079425578,0.00048960029,0.0052911541,3.25699e-05,3.5431734e-05,2.1460824e-05,7.042011e-06,3,3,3,3,0.018951612,0.00028983859,-1.008181
522,0.00074506181,0.00079179205,0.0004866806,0.0052805218,3.2339437e-05,3.5290973e-05,2.1320575e-05,7.0708434e-06,3,3,3,3,0.019027454,0.0002399057,-1.0079411
523,0.00073994724,0.00078936009,0.00048383944,0.0052696195,3.2099978e-05,3.5148584e-05,2.1181958e-05,7.7840634e-06,3,3,3,3,0.020945165,6.8952492e-05,-1.0078722
524,0.00073467612,0.00078690163,0.00048102607,0.0052602324,3.1851205e-05,3.4999202e-05,2.1045831e-05,7.1589533e-06,3,3,3,3,0.019261946,0.00012900113,-1.0077432
525,0.00072930103,0.00078439584,0.00047825584,0.0052497396,3.1597586e-05,3.4844516e-05,2.0910932e-05,7.196189e-06,3,3,3,3,0.01936126,5.3764326e-05,-1.0076894
526,0.00072387492,0.00078189712,0.00047550863,0.0052375625,3.1341643e-05,3.4687281e-05,2.0779821e-05,7.2217752e-06,3,3,3,3,0.019429662,-3.2267399e-05,-1.0077217
527,0.00071840451,0.00077942544,0.00047284833,0.0052274169,3.1086775e-05,3.4533084e-05,2.0651502e-05,7.300412e-06,3,3,3,3,0.019641186,-0.0001349237,-1.0078566
528,0.00071290064,0.00077682476,0.00047029406,0.0052175049,3.08295e-05,3.4377313e-05,2.0526803e-05,7.3412831e-06,3,3,3,3,0.019751431,-0.00031231134,-1.0081689
529,0.00070737941,0.00077398034,0.00046783822,0.0052062294,3.0574917e-05,3.4223426e-05,2.0408337e-05,7.8890742e-06,3,3,3,3,0.021225757,-0.00036311063,-1.008532
530,0.00070201821,0.0007708495,0.0004653642,0.0051936764,3.0324836e-05,3.4069707e-05,2.0294831e-05,8.050853e-06,3,3,3,3,0.021662146,-0.00047535887,-1.0090074
531,0.0006967374,0.00076750051,0.00046290224,0.0051819693,3.0078153e-05,3.3913139e-05,2.0190382e-05,8.0419887e-06,3,3,3,3,0.021639923,-0.00061289428,-1.0096203
532,0.0006915126,0.00076404116,0.00046058819,0.0051730193,2.9832984e-05,3.3754496e-05,2.0100805e-05,8.0134023e-06,3,3,3,3,0.021565093,-0.0007675328,-1.0103878
533,0.00068644362,0.00076057205,0.00045847094,0.0051660245,2.9601159e-05,3.3595524e-05,2.0021174e-05,9.0200009e-06,3,3,3,3,0.024276651,-0.00051945271,-1.0109072
534,0.00068146869,0.00075678432,0.00045625537,0.0051551257,2.9382849e-05,3.3424007e-05,1.993818e-05,9.1499021e-06,3,3,3,3,0.024630754,-0.00051570726,-1.011423
535,0.00067673094,0.00075282465,0.00045421044,0.0051436896,2.9179485e-05,3.3251074e-05,1.9861176e-05,8.7195287e-06,3,3,3,3,0.023476651,-0.00048487178,-1.0119078
536,0.00067233976,0.00074882409,0.00045242539,0.0051301483,2.8998072e-05,3.3081135e-05,1.9794613e-05,7.7829949e-06,3,3,3,3,0.020958761,-0.00075430121,-1.0126621
537,0.00066839541,0.00074474575,0.00045057698,0.005110952,2.8831839e-05,3.2910329e-05,1.9725017e-05,8.2191296e-06,3,3,3,3,0.02213649,-0.00071870005,-1.0133808
538,0.00066489211,0.00074057598,0.00044872378,0.0050928293,2.8687237e-05,3.2738998e-05,1.9652147e-05,8.9068301e-06,3,3,3,3,0.023992088,-0.00031708765,-1.0136979
539,0.00066171462,0.00073633572,0.00044702246,0.0050774362,2.8556614e-05,3.2563158e-05,1.9583876e-05,9.119559e-06,3,3,3,3,0.024569541,-0.00025256225,-1.0139505
540,0.00065871592,0.00073213741,0.00044550008,0.0050622123,2.8433865e-05,3.2386091e-05,1.9519612e-05,8.7589546e-06,3,3,3,3,0.023602304,-0.00026126997,-1.0142117
541,0.00065591015,0.00072788179,0.00044402627,0.0050467771,2.8312419e-05,3.2202696e-05,1.9456665e-05,8.2184814e-06,3,3,3,3,0.022149545,-0.00028682004,-1.0144986
542,0.00065339406,0.00072355371,0.00044251858,0.0050316993,2.8201443e-05,3.2015656e-05,1.9394713e-05,7.8078747e-06,3,3,3,3,0.021045973,-0.00065351477,-1.0151521
543,0.00065100284,0.00071933949,0.00044108406,0.0050191536,2.8108268e-05,3.1829858e-05,1.9333815e-05,9.2526052e-06,3,3,3,3,0.024942666,-0.0001690479,-1.0153211
544,0.00064886169,0.00071510478,0.00043958745,0.0050084733,2.8024547e-05,3.1641706e-05,1.9271464e-05,9.2077173e-06,3,3,3,3,0.024824638,-0.00016258836,-1.0154837
545,0.00064675392,0.00071089604,0.00043808784,0.0049971536,2.7942997e-05,3.145326e-05,1.9209283e-05,8.4298924e-06,3,3,3,3,0.022729989,-0.00021671398,-1.0157004
546,0.00064473432,0.00070665583,0.00043653826,0.0049834587,2.7857597e-05,3.1267803e-05,1.9144597e-05,7.7034972e-06,3,3,3,3,0.020773011,-0.00055491051,-1.0162553
547,0.00064268926,0.00070251489,0.00043488967,0.004968212,2.7766095e-05,3.1087646e-05,1.9079727e-05,8.4624557e-06,3,3,3,3,0.022820207,-0.0001847677,-1.0164401
548,0.00064072061,0.00069849062,0.00043333507,0.0049562878,2.7674008e-05,3.0910007e-05,1.9021815e-05,8.4059751e-06,3,3,3,3,0.022668861,-0.00020282142,-1.0166429
549,0.00063862789,0.00069451139,0.00043172114,0.0049407986,2.7577705e-05,3.0732868e-05,1.8962305e-05,7.4902843e-06,3,3,3,3,0.020199916,-0.00044220998,-1.0170851
550,0.00063648924,0.00069061878,0.00042991631,0.0049249501,2.7477424e-05,3.0554738e-05,1.8900074e-05,8.9153111e-06,3,3,3,3,0.024042532,-0.00016878629,-1.0172539
551,0.00063442646,0.00068670528,0.00042809125,0.0049082755,2.737957e-05,3.0373494e-05,1.8835576e-05,8.3996389e-06,3,3,3,3,0.022651911,-0.00017625907,-1.0174302
552,0.00063216112,0.00068286339,0.00042633091,0.0048927316,2.72836e-05,3.0200398e-05,1.8768262e-05,7.0873836e-06,3,3,3,3,0.019112724,-0.0002984337,-1.0177286
553,0.00062975684,0.00067897986,0.00042439438,0.0048746739,2.7184068e-05,3.0020601e-05,1.8689124e-05,7.9765764e-06,3,3,3,3,0.021509442,-0.00016491839,-1.0178935
554,0.00062720097,0.00067508426,0.00042247499,0.0048576332,2.7078942e-05,2.983324e-05,1.8609292e-05,7.527987e-06,3,3,3,3,0.020299099,-0.00013444161,-1.018028
555,0.00062451356,0.00067108895,0.00042042599,0.0048384311,2.696347e-05,2.9634562e-05,1.852198e-05,7.2572696e-06,3,3,3,3,0.019568354,-0.00020772345,-1.0182357
556,0.00062169075,0.00066705902,0.00041820706,0.0048194304,2.6832329e-05,2.9424606e-05,1.8424481e-05,7.2373182e-06,3,3,3,3,0.019513387,-0.00023664048,-1.0184723
557,0.00061863107,0.00066299545,0.00041596292,0.0048002864,2.6690563e-05,2.9208544e-05,1.8325756e-05,7.8497448e-06,3,3,3,3,0.021163494,-0.00017790739,-1.0186502
558,0.00061540034,0.00065863938,0.00041351539,0.0047789658,2.6540173e-05,2.8982461e-05,1.8219177e-05,7.619458e-06,3,3,3,3,0.020542175,-0.00020893741,-1.0188592
559,0.0006120219,0.00065421261,0.00041105821,0.0047571631,2.63886e-05,2.8756447e-05,1.8108477e-05,6.7985235e-06,3,3,3,3,0.018328588,-0.00033255848,-1.0191917
560,0.00060851661,0.0006496844,0.00040847629,0.0047343646,2.6242341e-05,2.8535684e-05,1.7990974e-05,7.2468377e-06,3,3,3,3,0.019536585,-0.00026439503,-1.0194561
561,0.00060512486,0.0006450451,0.00040579972,0.0047100589,2.609904e-05,2.8314378e-05,1.7870777e-05,6.7184282e-06,3,3,3,3,0.018112072,-0.00040631293,-1.0198625
562,0.00060162989,0.00064018181,0.00040291327,0.0046843799,2.595411e-05,2.8084722e-05,1.7741134e-05,7.3585298e-06,3,3,3,3,0.019837558,-0.00030105216,-1.0201635
563,0.00059803395,0.00063522605,0.00039986925,0.0046579756,2.5810963e-05,2.7843843e-05,1.7609068e-05,6.7248439e-06,3,3,3,3,0.018129695,-0.00046557322,-1.0206291
564,0.00059443372,0.00063023441,0.00039662757,0.0046290302,2.5666482e-05,2.7603552e-05,1.7472063e-05,7.4488528e-06,3,3,3,3,0.020081986,-0.00032105033,-1.0209501
565,0.00059088108,0.00062517089,0.00039338564,0.0045986603,2.5521043e-05,2.7362306e-05,1.7332156e-05,6.5748625e-06,3,3,3,3,0.017726649,-0.0005079529,-1.0214581
566,0.00058735353,0.00062003319,0.00039005696,0.0045655856,2.5379106e-05,2.7129636e-05,1.7191477e-05,7.5117213e-06,3,3,3,3,0.020253353,-0.00032685772,-1.0217849
567,0.0005839615,0.00061480277,0.00038670584,0.0045294216,2.5241538e-05,2.6896916e-05,1.704953e-05,6.3346488e-06,3,3,3,3,0.017080948,-0.00050342178,-1.0222884
568,0.00058070295,0.00060956187,0.00038339136,0.0044919401,2.5097156e-05,2.6671882e-05,1.6909571e-05,7.3241259e-06,3,3,3,3,0.019750139,-0.00028998696,-1.0225783
569,0.00057751315,0.00060445335,0.00038029625,0.0044560386,2.495105e-05,2.6451043e-05,1.677653e-05,6.3539955e-06,3,3,3,3,0.017135435,-0.00046312523,-1.0230415
570,0.00057440469,0.00059939375,0.00037717839,0.0044190043,2.4803918e-05,2.6226278e-05,1.6638736e-05,6.9131568e-06,3,3,3,3,0.018644388,-0.0002843592,-1.0233258
571,0.00057126629,0.00059431245,0.00037421439,0.004382807,2.4652629e-05,2.6005085e-05,1.6504768e-05,6.2960103e-06,3,3,3,3,0.016981113,-0.00044040721,-1.0237662
572,0.00056815835,0.00058913889,0.00037129566,0.0043457733,2.4503813e-05,2.5788588e-05,1.6369246e-05,6.5823989e-06,3,3,3,3,0.017754293,-0.00027220205,-1.0240384
573,0.000565012,0.00058397794,0.00036860212,0.004308883,2.4354527e-05,2.5574493e-05,1.6241413e-05,6.1455543e-06,3,3,3,3,0.016576895,-0.00040699397,-1.0244454
574,0.00056198456,0.00057900672,0.0003660078,0.0042725221,2.4205621e-05,2.5363716e-05,1.6119382e-05,6.0153286e-06,3,3,3,3,0.016226037,-0.0004026056,-1.024848
575,0.000558898,0.00057413404,0.00036355915,0.0042370292,2.4061098e-05,2.5161643e-05,1.6006962e-05,6.9553584e-06,3,3,3,3,0.018762122,-0.0002268486,-1.0250749
576,0.00055574812,0.00056942238,0.00036120141,0.00420126,2.3915605e-05,2.4958764e-05,1.5900492e-05,6.5310931e-06,3,3,3,3,0.017618314,-0.00022670988,-1.0253016
577,0.00055248535,0.00056493755,0.00035902251,0.0041689622,2.3768077e-05,2.4773274e-05,1.5802671e-05,5.5506718e-06,3,3,3,3,0.01497398,-0.00038213023,-1.0256837
578,0.00054910617,0.00056053667,0.00035690827,0.0041367727,2.3613535e-05,2.4596327e-05,1.5704193e-05,5.6187909e-06,3,3,3,3,0.015157849,-0.00037272267,-1.0260565
579,0.00054565583,0.00055629959,0.00035484376,0.0041059966,2.3457174e-05,2.4429115e-05,1.5610236e-05,6.0874262e-06,3,3,3,3,0.016422116,-0.00032434451,-1.0263808
580,0.00054211944,0.0005522596,0.00035283548,0.0040776406,2.3298407e-05,2.4270711e-05,1.5520563e-05,6.0687692e-06,3,3,3,3,0.016371835,-0.00032988194,-1.0267107
581,0.00053855045,0.00054840955,0.00035100441,0.0040509154,2.3136629e-05,2.4118458e-05,1.5439215e-05,5.644103e-06,3,3,3,3,0.015226265,-0.00041519444,-1.0271259
582,0.0005348161,0.00054454856,0.00034918344,0.0040244201,2.2973631e-05,2.3959424e-05,1.5360464e-05,7.3584993e-06,3,3,3,3,0.019851297,-0.00019481673,-1.0273207
583,0.00053109072,0.00054073082,0.00034742732,0.0039995323,2.2810859e-05,2.3798817e-05,1.5285048e-05,5.5608637e-06,3,3,3,3,0.015002149,-0.00038148329,-1.0277022
584,0.00052734838,0.00053692759,0.00034573964,0.0039773775,2.2655566e-05,2.3642111e-05,1.5215631e-05,6.896982e-06,3,3,3,3,0.018606856,-0.00017357845,-1.0278758
585,0.00052377936,0.00053318382,0.00034421104,0.0039585476,2.2507812e-05,2.3485738e-05,1.5155672e-05,5.5834189e-06,3,3,3,3,0.015063586,-0.00030296809,-1.0281787
586,0.00052026162,0.00052944191,0.00034268166,0.0039399692,2.2366534e-05,2.3327864e-05,1.5095136e-05,5.660489e-06,3,3,3,3,0.015271816,-0.00029138783,-1.0284701
587,0.00051682992,0.00052578954,0.00034124593,0.0039238228,2.2232129e-05,2.3172284e-05,1.5037284e-05,6.2023313e-06,3,3,3,3,0.016734141,-0.00014292095,-1.028613
588,0.00051358839,0.0005221079,0.00033987645,0.0039092784,2.2104943e-05,2.3015876e-05,1.4981544e-05,5.7103899e-06,3,3,3,3,0.015407542,-0.00026966079,-1.0288827
589,0.0005104908,0.00051831807,0.00033852401,0.003895376,2.198973e-05,2.2857833e-05,1.4923878e-05,6.0526755e-06,3,3,3,3,0.016331631,-0.00020932298,-1.029092
590,0.00050756762,0.00051451827,0.00033729114,0.0038813558,2.1883134e-05,2.2701329e-05,1.4871037e-05,6.1371502e-06,3,3,3,3,0.016560205,-0.00014528582,-1.0292373
591,0.0005048167,0.00051052078,0.00033610305,0.0038664591,2.1779611e-05,2.2528582e-05,1.4821086e-05,5.8915535e-06,3,3,3,3,0.015898386,-0.00019667643,-1.029434
592,0.00050221211,0.00050647186,0.00033503421,0.0038526047,2.1683721e-05,2.235633e-05,1.478058e-05,6.5556149e-06,3,3,3,3,0.017691197,-0.00011405007,-1.029548
593,0.0004997648,0.0005022123,0.0003340293,0.0038382879,2.1592408e-05,2.217272e-05,1.474365e-05,6.4311655e-06,3,3,3,3,0.017356587,-0.00010587268,-1.0296539
594,0.0004974113,0.00049793141,0.00033321444,0.0038260663,2.1504784e-05,2.1989836e-05,1.4716305e-05,5.8143057e-06,3,3,3,3,0.015692982,-0.00016816542,-1.0298221
595,0.00049515694,0.00049370021,0.00033238085,0.0038125262,2.1422876e-05,2.1805717e-05,1.4689107e-05,6.3747419e-06,3,3,3,3,0.017206747,-0.00010042661,-1.0299225
596,0.00049297625,0.00048954402,0.0003317459,0.0037994739,2.134104e-05,2.1624011e-05,1.4670281e-05,6.1565918e-06,3,3,3,3,0.016619328,-0.00010977276,-1.0300323
597,0.000490801,0.00048539059,0.00033110919,0.003786306,2.1261974e-05,2.1446814e-05,1.4653766e-05,5.8325536e-06,3,3,3,3,0.015745973,-0.00018763619,-1.0302199
598,0.00048860567,0.0004813703,0.00033039587,0.00377318,2.1189072e-05,2.1274148e-05,1.4637073e-05,6.2770342e-06,3,3,3,3,0.016947155,-0.00011158409,-1.0303315
599,0.00048636091,0.00047746106,0.00032975533,0.003760133,2.1117108e-05,2.1105035e-05,1.4625499e-05,6.2527864e-06,3,3,3,3,0.016883286,-0.00011163843,-1.0304431
600,0.00048404979,0.00047367531,0.00032909922,0.0037482095,2.1043429e-05,2.0938053e-05,1.46151e-05,5.7391478e-06,3,3,3,3,0.015497876,-0.00021069567,-1.0306538
601,0.00048172284,0.0004700901,0.0003284801,0.0037377947,2.0965038e-05,2.0777602e-05,1.4604311e-05,6.8435628e-06,3,3,3,3,0.018481654,-0.00011242123,-1.0307662
602,0.00047936867,0.00046648757,0.00032790479,0.0037260723,2.0879703e-05,2.0615769e-05,1.459428e-05,6.714122e-06,3,3,3,3,0.018133973,-0.00011805068,-1.0308843
603,0.00047703493,0.00046308826,0.0003273886,0.0037155386,2.0792652e-05,2.0462995e-05,1.4587371e-05,6.1802009e-06,3,3,3,3,0.016693699,-0.00012358233,-1.0310079
604,0.00047463769,0.00045978597,0.00032678298,0.0037052486,2.0697892e-05,2.0316594e-05,1.4577482e-05,5.7491732e-06,3,3,3,3,0.015531049,-0.00022481273,-1.0312327
605,0.00047227191,0.0004565851,0.00032601755,0.0036940883,2.0602352e-05,2.0179032e-05,1.4560051e-05,6.2164094e-06,3,3,3,3,0.01679464,-0.00013572619,-1.0313684
606,0.00046988139,0.00045353803,0.00032541632,0.003683207,2.0502977e-05,2.0050167e-05,1.4546013e-05,6.2079577e-06,3,3,3,3,0.016773542,-0.0001391719,-1.0315076
607,0.00046738635,0.00045070826,0.00032478727,0.0036724066,2.0397035e-05,1.9931055e-05,1.4529053e-05,5.7802078e-06,3,3,3,3,0.015619398,-0.00025716761,-1.0317647
608,0.00046481449,0.00044816166,0.00032406941,0.0036615024,2.028126e-05,1.9824666e-05,1.4507484e-05,6.658436e-06,3,3,3,3,0.017994066,-0.00014223885,-1.031907
609,0.00046216983,0.00044564223,0.00032326987,0.0036492323,2.0158751e-05,1.9720132e-05,1.4478847e-05,6.4712824e-06,3,3,3,3,0.01749016,-0.00014901169,-1.032056
610,0.00045939387,0.0004433882,0.00032244562,0.0036388807,2.003329e-05,1.9628939e-05,1.4448459e-05,6.0308674e-06,3,3,3,3,0.016301503,-0.0001499361,-1.0322059
611,0.00045655565,0.00044133931,0.00032159181,0.0036293057,1.9904283e-05,1.9548936e-05,1.4414155e-05,5.6748867e-06,3,3,3,3,0.015340736,-0.00024852307,-1.0324545
612,0.00045366885,0.00043938548,0.00032048745,0.0036187655,1.9769885e-05,1.9478746e-05,1.4366919e-05,5.8473832e-06,3,3,3,3,0.015808266,-0.00016715857,-1.0326216
613,0.00045073531,0.00043765116,0.00031936637,0.0036089557,1.9635812e-05,1.9418313e-05,1.4319248e-05,5.6978062e-06,3,3,3,3,0.015405316,-0.00024684088,-1.0328685
614,0.00044780243,0.00043615618,0.00031816094,0.0035982984,1.9503956e-05,1.936703e-05,1.4263158e-05,6.154626e-06,3,3,3,3,0.016641738,-0.00011301084,-1.0329815
615,0.00044481441,0.00043468875,0.0003168563,0.0035846575,1.9368193e-05,1.9309282e-05,1.4200179e-05,5.9610859e-06,3,3,3,3,0.016119943,-0.00011133702,-1.0330928
616,0.00044180979,0.00043327461,0.0003154552,0.0035713115,1.9232414e-05,1.9252288e-05,1.4131345e-05,5.4583896e-06,3,3,3,3,0.014761941,-0.00019666925,-1.0332895
617,0.00043878142,0.00043187977,0.0003138462,0.0035589118,1.909492e-05,1.9196146e-05,1.405236e-05,5.4586242e-06,3,3,3,3,0.014763737,-0.00018562649,-1.0334751
618,0.00043584242,0.00043055499,0.00031221919,0.003548301,1.8960519e-05,1.9140119e-05,1.396722e-05,6.1257732e-06,3,3,3,3,0.016569452,-7.9819675e-05,-1.0335549
619,0.00043296581,0.00042917632,0.00031053508,0.0035364546,1.8824077e-05,1.9074833e-05,1.3879588e-05,5.4183692e-06,3,3,3,3,0.014657398,-0.00015007155,-1.033705
620,0.00043018229,0.00042769814,0.00030865673,0.0035229946,1.8687891e-05,1.9001691e-05,1.3785777e-05,5.0606748e-06,3,3,3,3,0.013690864,-0.00019712785,-1.0339021
621,0.00042752344,0.00042609513,0.00030671406,0.003509816,1.855696e-05,1.8922517e-05,1.3691884e-05,6.0948405e-06,3,3,3,3,0.016489909,-3.6416049e-05,-1.0339385
622,0.00042492256,0.0004244301,0.00030478717,0.0034962288,1.8430138e-05,1.8841867e-05,1.3599887e-05,4.9473535e-06,3,3,3,3,0.01338661,-0.00016046663,-1.034099
623,0.00042232042,0.00042269405,0.00030271115,0.0034803734,1.8311539e-05,1.8760138e-05,1.3503993e-05,4.907299e-06,3,3,3,3,0.013279257,-0.00015285184,-1.0342519
624,0.0004198066,0.00042091518,0.00030062099,0.0034635674,1.8202313e-05,1.867988e-05,1.3407617e-05,4.8879474e-06,3,3,3,3,0.013227935,-0.00015976447,-1.0344116
625,0.00041746617,0.0004191815,0.00029849254,0.0034447397,1.8107802e-05,1.8600149e-05,1.3309418e-05,5.3965767e-06,3,3,3,3,0.014605556,-8.3082535e-05,-1.0344947
626,0.00041520455,0.00041748512,0.0002962701,0.0034246673,1.8027621e-05,1.8523185e-05,1.3207752e-05,4.7864686e-06,3,3,3,3,0.012955343,-0.00013276324,-1.0346275
627,0.00041292678,0.00041568621,0.00029405831,0.0034025799,1.7949133e-05,1.8446039e-05,1.3106665e-05,4.7309934e-06,3,3,3,3,0.01280614,-0.00010267423,-1.0347301
628,0.00041063756,0.00041388201,0.0002918207,0.0033792087,1.7869037e-05,1.8365905e-05,1.3006224e-05,4.6764219e-06,3,3,3,3,0.012659338,-6.740779e-05,-1.0347975
629,0.00040831076,0.0004120812,0.00028954308,0.0033549385,1.7790831e-05,1.8287906e-05,1.2906615e-05,4.6359945e-06,3,3,3,3,0.012550788,-2.457417e-05,-1.0348221
630,0.00040601069,0.0004102295,0.00028726376,0.0033310431,1.7715008e-05,1.8208908e-05,1.280442e-05,4.5916603e-06,3,3,3,3,0.012431625,2.6515286e-05,-1.0347956
631,0.00040382232,0.00040838219,0.00028500199,0.0033078152,1.763831e-05,1.812845e-05,1.2701828e-05,4.5514475e-06,3,3,3,3,0.01232362,8.6813303e-05,-1.0347088
632,0.00040166437,0.00040654415,0.00028273889,0.0032843418,1.7562857e-05,1.8046717e-05,1.2598231e-05,4.5209827e-06,3,3,3,3,0.012242025,0.00015693527,-1.0345519
633,0.0003995055,0.00040472373,0.00028045664,0.0032610305,1.7486571e-05,1.7967153e-05,1.2495898e-05,4.4928105e-06,3,3,3,3,0.012166628,0.0002337869,-1.0343181
634,0.00039742223,0.0004029582,0.00027820831,0.0032381047,1.7412454e-05,1.7887756e-05,1.2398293e-05,4.4677154e-06,3,3,3,3,0.012099553,0.00031571844,-1.0340024
635,0.00039545432,0.00040116618,0.00027603676,0.003216047,1.7341767e-05,1.7807861e-05,1.2306208e-05,4.9445828e-06,3,3,3,3,0.013392039,0.0002930998,-1.0337093
636,0.00039363692,0.00039936368,0.00027407855,0.00319492,1.7276338e-05,1.7734972e-05,1.2224436e-05,5.7232964e-06,3,3,3,3,0.015502332,0.00015754186,-1.0335517
637,0.00039190334,0.0003973428,0.00027191088,0.003172337,1.7216627e-05,1.7655591e-05,1.2132797e-05,5.4280462e-06,3,3,3,3,0.014703481,0.00014119401,-1.0334105
638,0.00039034447,0.00039534958,0.00026982797,0.0031515568,1.716266e-05,1.7576567e-05,1.20513e-05,4.2076021e-06,3,3,3,3,0.011398301,0.00024965912,-1.0331609
639,0.00038894433,0.00039329643,0.00026791531,0.003129659,1.7116161e-05,1.7496129e-05,1.1981198e-05,4.1874657e-06,3,3,3,3,0.011344735,0.00016707009,-1.0329938
640,0.00038778003,0.00039124403,0.00026613841,0.0031083359,1.7083604e-05,1.7412941e-05,1.1914265e-05,4.1933422e-06,3,3,3,3,0.011361668,0.0001139488,-1.0328798
641,0.00038680805,0.00038920603,0.00026447378,0.0030884078,1.7058819e-05,1.7329485e-05,1.1851767e-05,4.4240619e-06,3,3,3,3,0.011987888,9.94982e-05,-1.0327803
642,0.00038602192,0.00038717807,0.00026290824,0.0030699704,1.7033789e-05,1.7242443e-05,1.1789914e-05,4.3448216e-06,3,3,3,3,0.011774273,7.7232278e-05,-1.0327031
643,0.00038531978,0.00038513487,0.0002614828,0.0030523118,1.7010042e-05,1.7157425e-05,1.1732579e-05,4.2315865e-06,3,3,3,3,0.011468522,6.0407585e-05,-1.0326427
644,0.00038469074,0.00038308383,0.00026015528,0.0030356453,1.698808e-05,1.7074331e-05,1.1682125e-05,4.1118947e-06,3,3,3,3,0.011145249,3.1485743e-05,-1.0326112
645,0.00038407851,0.00038108819,0.00025890093,0.0030202067,1.6966076e-05,1.6992988e-05,1.1634529e-05,4.1279519e-06,3,3,3,3,0.011189924,1.9458266e-05,-1.0325918
646,0.0003834948,0.0003792075,0.00025770944,0.0030062679,1.694663e-05,1.6918483e-05,1.1588732e-05,4.1036445e-06,3,3,3,3,0.011125209,-4.1174229e-06,-1.0325959
647,0.00038296853,0.0003774519,0.00025661294,0.0029935603,1.6926254e-05,1.6849101e-05,1.154703e-05,4.1166669e-06,3,3,3,3,0.011161717,-4.0818989e-05,-1.0326367
648,0.00038246949,0.00037580069,0.00025560102,0.0029812305,1.6904745e-05,1.6786367e-05,1.1509349e-05,4.1320856e-06,3,3,3,3,0.011204745,-9.7708321e-05,-1.0327344
649,0.0003819223,0.00037425074,0.00025467516,0.0029695388,1.6880954e-05,1.6724285e-05,1.1474259e-05,4.5752843e-06,3,3,3,3,0.012407884,-9.5048699e-05,-1.0328294
650,0.0003813674,0.00037287524,0.00025380589,0.0029578812,1.6855939e-05,1.6671563e-05,1.1437412e-05,4.4945194e-06,3,3,3,3,0.012190154,-0.00014251368,-1.032972
651,0.00038074705,0.00037167563,0.00025305424,0.0029466152,1.6831269e-05,1.6623734e-05,1.1403756e-05,4.494782e-06,3,3,3,3,0.012192169,-0.0001752642,-1.0331472
652,0.00038009548,0.00037060087,0.00025239231,0.0029348206,1.6806045e-05,1.6581575e-05,1.1368567e-05,5.3033868e-06,3,3,3,3,0.01438705,-7.8835383e-05,-1.0332261
653,0.00037939805,0.00036953851,0.00025167966,0.0029213039,1.6775685e-05,1.6535723e-05,1.1330144e-05,5.1792174e-06,3,3,3,3,0.014051923,-5.6748179e-05,-1.0332828
654,0.000378618,0.00036867336,0.00025110407,0.0029093756,1.6743181e-05,1.64968e-05,1.1300129e-05,4.1833153e-06,3,3,3,3,0.011351225,-0.00015000203,-1.0334328
655,0.00037773835,0.0003679066,0.00025052846,0.0028965123,1.6710176e-05,1.6462786e-05,1.1271194e-05,4.4974011e-06,3,3,3,3,0.012204662,-8.7781498e-05,-1.0335206
656,0.00037685628,0.00036721863,0.00024997586,0.0028837389,1.6679434e-05,1.6431264e-05,1.1243342e-05,4.6180808e-06,3,3,3,3,0.012533319,-8.1984012e-05,-1.0336026
657,0.00037590873,0.00036658612,0.00024949921,0.002871154,1.6646932e-05,1.6405574e-05,1.1217539e-05,4.6686474e-06,3,3,3,3,0.012671691,-9.1494243e-05,-1.0336941
658,0.00037490337,0.00036592368,0.00024907379,0.0028589123,1.6612823e-05,1.6381563e-05,1.1193311e-05,4.5916377e-06,3,3,3,3,0.012463733,-0.00011773049,-1.0338118
659,0.00037390633,0.00036527881,0.00024871655,0.0028474503,1.657964e-05,1.6358929e-05,1.1175118e-05,5.0822295e-06,3,3,3,3,0.013796562,-4.2182821e-05,-1.033854
660,0.00037288695,0.00036456456,0.0002483835,0.002835015,1.6545903e-05,1.6335213e-05,1.1159124e-05,4.4188669e-06,3,3,3,3,0.01199688,-0.00010162556,-1.0339556
661,0.0003718414,0.00036391339,0.00024801215,0.0028228026,1.6511142e-05,1.631275e-05,1.1144896e-05,4.2105919e-06,3,3,3,3,0.01143227,-0.00015942902,-1.034115
662,0.00037082005,0.0003632527,0.00024766267,0.002810932,1.6476405e-05,1.6291596e-05,1.1132196e-05,5.4273985e-06,3,3,3,3,0.014737043,-1.1436948e-05,-1.0341265
663,0.00036993045,0.00036265839,0.00024750711,0.0028012672,1.6443728e-05,1.6275996e-05,1.1129125e-05,4.5531486e-06,3,3,3,3,0.01236419,-8.3955799e-05,-1.0342104
664,0.00036901417,0.00036207152,0.00024724513,0.0027911639,1.640698e-05,1.6261233e-05,1.1120808e-05,4.5099598e-06,3,3,3,3,0.012247657,-7.8617721e-05,-1.0342891
665,0.00036820101,0.0003615696,0.00024708531,0.0027823748,1.6369037e-05,1.6243991e-05,1.1118516e-05,4.4869209e-06,3,3,3,3,0.012185805,-7.4969171e-05,-1.034364
666,0.00036744632,0.00036106137,0.00024698781,0.0027753422,1.6330479e-05,1.6223855e-05,1.1117061e-05,4.501602e-06,3,3,3,3,0.012226373,-7.5460952e-05,-1.0344395
667,0.00036670509,0.00036058864,0.00024697865,0.0027698422,1.6286415e-05,1.6202908e-05,1.1116603e-05,4.4807397e-06,3,3,3,3,0.012170358,-7.4908525e-05,-1.0345144
668,0.00036592855,0.00036009848,0.00024702255,0.0027650614,1.6238742e-05,1.6185187e-05,1.1118628e-05,5.1480382e-06,3,3,3,3,0.013983539,-1.0449388e-05,-1.0345248
669,0.00036521271,0.00035952858,0.00024706782,0.0027609719,1.6189215e-05,1.6161484e-05,1.1120498e-05,4.2426239e-06,3,3,3,3,0.011524877,-0.00010091157,-1.0346258
670,0.00036442968,0.00035895035,0.00024713575,0.0027579608,1.6134727e-05,1.6136475e-05,1.1121221e-05,4.4539743e-06,3,3,3,3,0.012099507,-5.7382171e-05,-1.0346831
671,0.00036367658,0.00035839019,0.00024719487,0.0027553425,1.6081749e-05,1.6104076e-05,1.1118159e-05,4.4875406e-06,3,3,3,3,0.012191187,-5.6763881e-05,-1.0347399
672,0.00036285503,0.00035782044,0.00024733884,0.0027541978,1.6025887e-05,1.6070543e-05,1.1117527e-05,4.4539614e-06,3,3,3,3,0.012100449,-5.4032721e-05,-1.0347939
673,0.00036198484,0.00035716188,0.00024745469,0.0027534218,1.596819e-05,1.603191e-05,1.1115871e-05,4.4041114e-06,3,3,3,3,0.011965472,-4.9362164e-05,-1.0348433
674,0.00036110452,0.00035643361,0.00024755837,0.0027521273,1.5907937e-05,1.5993788e-05,1.1113579e-05,4.3070218e-06,3,3,3,3,0.011702113,-7.678394e-05,-1.0349201
675,0.00036024098,0.00035567496,0.00024763608,0.002751032,1.5845019e-05,1.5953162e-05,1.1107663e-05,4.3022491e-06,3,3,3,3,0.011689537,-7.970577e-05,-1.0349998
676,0.00035939286,0.00035493484,0.00024773592,0.0027501087,1.5784098e-05,1.5911145e-05,1.1102683e-05,4.3637005e-06,3,3,3,3,0.011856873,-5.1455141e-05,-1.0350512
677,0.00035862162,0.00035420557,0.00024775115,0.0027488144,1.572757e-05,1.5866508e-05,1.1097562e-05,4.2499962e-06,3,3,3,3,0.011548285,-7.4781595e-05,-1.035126
678,0.00035783798,0.0003534878,0.00024772239,0.0027475232,1.567374e-05,1.5819832e-05,1.109347e-05,4.2460498e-06,3,3,3,3,0.011537909,-7.3160412e-05,-1.0351992
679,0.00035706303,0.000352712,0.00024764356,0.0027459175,1.5625818e-05,1.5769864e-05,1.1087271e-05,4.2582942e-06,3,3,3,3,0.011571511,-6.3316234e-05,-1.0352625
680,0.00035626898,0.00035187603,0.00024751494,0.002744587,1.5582865e-05,1.5716728e-05,1.1081069e-05,4.2520311e-06,3,3,3,3,0.011554805,-4.4794955e-05,-1.0353073
681,0.00035555096,0.00035106438,0.00024731556,0.0027428722,1.554419e-05,1.5666163e-05,1.1077655e-05,4.2263477e-06,3,3,3,3,0.011485305,-1.4837709e-05,-1.0353221
682,0.00035495828,0.00035028149,0.00024708687,0.0027407733,1.5509299e-05,1.5619542e-05,1.1074447e-05,4.1928029e-06,3,3,3,3,0.011394406,3.0208343e-05,-1.0352919
683,0.00035443669,0.00034947492,0.00024684061,0.0027379585,1.5479958e-05,1.5574936e-05,1.1070874e-05,4.1651044e-06,3,3,3,3,0.011319367,9.2898243e-05,-1.035199
684,0.00035394051,0.00034868126,0.00024658987,0.0027349142,1.5457364e-05,1.5530537e-05,1.1065806e-05,5.1464034e-06,3,3,3,3,0.013986492,8.3913045e-05,-1.0351151
685,0.00035356896,0.00034786378,0.00024614745,0.0027319739,1.5439714e-05,1.5485393e-05,1.1049913e-05,5.1083103e-06,3,3,3,3,0.013883008,9.3358145e-05,-1.0350218
686,0.00035324185,0.00034713814,0.00024589708,0.0027293749,1.542872e-05,1.5448564e-05,1.104685e-05,4.6942968e-06,3,3,3,3,0.012757835,9.6370256e-05,-1.0349254
687,0.00035295486,0.00034635652,0.00024564666,0.0027254832,1.5421009e-05,1.5410239e-05,1.1044449e-05,4.4104688e-06,3,3,3,3,0.011986498,0.00015516746,-1.0347702
688,0.00035274816,0.0003453892,0.00024527221,0.002720093,1.5419052e-05,1.5362809e-05,1.1034279e-05,4.5114399e-06,3,3,3,3,0.012261063,0.00014672975,-1.0346235
689,0.00035270284,0.00034447751,0.00024494203,0.0027164699,1.5430606e-05,1.532048e-05,1.1027735e-05,4.5383192e-06,3,3,3,3,0.012334246,0.00014614629,-1.0344773
690,0.00035280777,0.00034366733,0.00024474454,0.0027130036,1.5449828e-05,1.5285365e-05,1.102691e-05,4.4688584e-06,3,3,3,3,0.012145567,0.0001487699,-1.0343286
691,0.00035300714,0.0003429618,0.00024464242,0.0027095516,1.5477036e-05,1.5257874e-05,1.103135e-05,4.8119423e-06,3,3,3,3,0.013078075,8.6957499e-05,-1.0342416
692,0.00035327338,0.00034214894,0.00024431896,0.0027052109,1.5507441e-05,1.5227356e-05,1.1023923e-05,4.0133871e-06,3,3,3,3,0.01090763,0.00020164564,-1.03404
693,0.00035363402,0.00034145173,0.00024414899,0.0027017072,1.5542419e-05,1.5203764e-05,1.102487e-05,5.2363948e-06,3,3,3,3,0.014231579,7.6555973e-05,-1.0339634
694,0.00035415701,0.00034085495,0.00024386318,0.0026994477,1.5580502e-05,1.5185336e-05,1.1022321e-05,4.8960058e-06,3,3,3,3,0.013306224,8.5264925e-05,-1.0338781
695,0.00035475761,0.00034039247,0.00024377706,0.0026979829,1.5620513e-05,1.517754e-05,1.1032369e-05,4.3224067e-06,3,3,3,3,0.011747108,0.00015044529,-1.0337277
696,0.00035536352,0.00033986639,0.00024354887,0.0026955643,1.5658258e-05,1.5162954e-05,1.1035368e-05,4.3508735e-06,3,3,3,3,0.011824407,0.00015236675,-1.0335753
697,0.00035609948,0.00033952667,0.00024343762,0.0026951348,1.5698174e-05,1.5157211e-05,1.1043345e-05,4.3885341e-06,3,3,3,3,0.011926684,0.00016220368,-1.0334131
698,0.00035687884,0.00033934507,0.00024344138,0.0026958788,1.5741815e-05,1.5159469e-05,1.1056153e-05,4.914287e-06,3,3,3,3,0.013355421,8.4268719e-05,-1.0333289
699,0.00035770894,0.0003392565,0.00024333446,0.0026964408,1.5787619e-05,1.5162451e-05,1.1061404e-05,4.6907461e-06,3,3,3,3,0.012747614,8.9171304e-05,-1.0332397
700,0.00035857872,0.00033935768,0.0002433561,0.0026988951,1.5835876e-05,1.5170229e-05,1.107358e-05,4.2703766e-06,3,3,3,3,0.01160494,0.00014993755,-1.0330897
701,0.00035942966,0.00033943028,0.00024333851,0.0027003936,1.588505e-05,1.5174627e-05,1.1083291e-05,4.0056024e-06,3,3,3,3,0.010885271,0.00019076973,-1.032899
702,0.00036037335,0.00033966527,0.00024337264,0.0027035305,1.5935932e-05,1.5189692e-05,1.1095269e-05,4.6822476e-06,3,3,3,3,0.012723915,8.4063021e-05,-1.0328149
703,0.00036134628,0.00034003282,0.0002433914,0.0027077353,1.5988075e-05,1.5211029e-05,1.1105009e-05,4.509515e-06,3,3,3,3,0.012254201,8.6983459e-05,-1.0327279
704,0.0003622925,0.00034043878,0.00024346348,0.002712488,1.6039455e-05,1.5237999e-05,1.1115174e-05,4.0183139e-06,3,3,3,3,0.010919128,0.00017213497,-1.0325558
705,0.00036320834,0.0003408279,0.00024347853,0.0027169043,1.6088276e-05,1.5264805e-05,1.1121394e-05,4.0260985e-06,3,3,3,3,0.010940125,0.00017630841,-1.0323795
706,0.00036416745,0.00034132736,0.00024347218,0.0027221351,1.6138704e-05,1.529558e-05,1.1126851e-05,4.4092827e-06,3,3,3,3,0.011981173,0.00014232165,-1.0322372
707,0.00036517922,0.00034194992,0.00024357034,0.0027292217,1.6189022e-05,1.533233e-05,1.1137429e-05,4.6774072e-06,3,3,3,3,0.012709532,7.7864518e-05,-1.0321593
708,0.00036615256,0.00034253093,0.00024348269,0.0027354645,1.6237381e-05,1.5364465e-05,1.1137272e-05,4.0244193e-06,3,3,3,3,0.01093493,0.00016574582,-1.0319936
709,0.00036712819,0.00034318428,0.00024349018,0.0027421833,1.6283338e-05,1.5396744e-05,1.1140524e-05,4.035204e-06,3,3,3,3,0.010964077,0.00015474807,-1.0318388
710,0.00036808254,0.00034385198,0.00024348111,0.0027489465,1.6327872e-05,1.5429036e-05,1.1139285e-05,4.0570041e-06,3,3,3,3,0.011023151,0.00015234725,-1.0316865
711,0.00036902879,0.00034455145,0.00024348317,0.0027558978,1.637037e-05,1.5463522e-05,1.1136203e-05,5.2300146e-06,3,3,3,3,0.014210081,3.6401916e-05,-1.0316501
712,0.00037001931,0.00034526797,0.00024332918,0.002763816,1.6413013e-05,1.5495604e-05,1.1124355e-05,4.0287165e-06,3,3,3,3,0.01094575,0.00010331199,-1.0315467
713,0.00037086196,0.00034584983,0.00024321257,0.0027704337,1.6449153e-05,1.5523806e-05,1.111564e-05,4.0243581e-06,3,3,3,3,0.010933715,6.8556773e-05,-1.0314782
714,0.00037167347,0.00034645335,0.0002430884,0.0027768724,1.6483921e-05,1.5553323e-05,1.1105513e-05,4.0368882e-06,3,3,3,3,0.010967565,3.4698405e-05,-1.0314435
715,0.00037249701,0.00034705369,0.00024291,0.0027835992,1.6517823e-05,1.5581926e-05,1.1093408e-05,4.2104555e-06,3,3,3,3,0.011438913,4.8734257e-05,-1.0313948
716,0.00037328101,0.00034766814,0.0002427021,0.002790482,1.6553412e-05,1.5610259e-05,1.1079237e-05,4.0414922e-06,3,3,3,3,0.010979695,-4.7905913e-06,-1.0313995
717,0.00037399844,0.00034820942,0.00024244449,0.0027967791,1.658874e-05,1.5632085e-05,1.1063277e-05,4.1776416e-06,3,3,3,3,0.011349418,2.0273457e-05,-1.0313793
718,0.00037471985,0.00034873011,0.00024218785,0.0028029228,1.6624736e-05,1.565149e-05,1.1045927e-05,4.0190621e-06,3,3,3,3,0.010918441,-3.4771699e-05,-1.031414
719,0.00037542297,0.00034914628,0.00024191543,0.0028081643,1.6657157e-05,1.566549e-05,1.1025635e-05,4.008509e-06,3,3,3,3,0.010889584,-5.4591096e-05,-1.0314686
720,0.00037603572,0.00034950995,0.00024161157,0.002812589,1.6687433e-05,1.5676161e-05,1.1002932e-05,4.1754606e-06,3,3,3,3,0.011342943,-2.7028121e-05,-1.0314957
721,0.00037662578,0.00034989012,0.00024125979,0.0028165976,1.6715548e-05,1.5684906e-05,1.0976812e-05,4.0012025e-06,3,3,3,3,0.01086939,-8.8916229e-05,-1.0315846
722,0.00037715286,0.00035023257,0.00024088237,0.0028196255,1.6742183e-05,1.5690966e-05,1.0947344e-05,3.9962141e-06,3,3,3,3,0.010855693,-0.00010963501,-1.0316942
723,0.0003776505,0.00035052715,0.00024047411,0.0028221925,1.6765878e-05,1.5695596e-05,1.0917117e-05,4.1852789e-06,3,3,3,3,0.011369163,-7.5325458e-05,-1.0317695
724,0.00037816359,0.00035082725,0.00024007247,0.0028243034,1.6785744e-05,1.5701792e-05,1.0887173e-05,3.9864007e-06,3,3,3,3,0.010828811,-0.00014496284,-1.0319145
725,0.00037860213,0.00035106837,0.00023962667,0.0028253198,1.6800221e-05,1.5703284e-05,1.0855219e-05,3.9886357e-06,3,3,3,3,0.010834783,-0.00016403114,-1.0320785
726,0.00037905578,0.00035132691,0.00023914898,0.0028251983,1.681165e-05,1.5702126e-05,1.0821927e-05,3.9914576e-06,3,3,3,3,0.01084236,-0.0001858331,-1.0322644
727,0.000379461,0.00035154995,0.00023863506,0.0028247098,1.681741e-05,1.5699715e-05,1.0787633e-05,4.2311525e-06,3,3,3,3,0.011493374,-0.00013268831,-1.0323971
728,0.00037981104,0.00035181676,0.00023811931,0.0028238011,1.6819885e-05,1.5697837e-05,1.0752962e-05,3.9771092e-06,3,3,3,3,0.010803228,-0.00020610555,-1.0326032
729,0.00038007085,0.0003520013,0.00023755866,0.0028218817,1.6818411e-05,1.5691473e-05,1.0716402e-05,3.9718707e-06,3,3,3,3,0.010788928,-0.00020852002,-1.0328117
730,0.00038019574,0.00035213547,0.00023697936,0.0028195394,1.6811912e-05,1.5682263e-05,1.0678324e-05,3.9737738e-06,3,3,3,3,0.010794028,-0.00021471002,-1.0330264
731,0.0003802354,0.000352211,0.0002363717,0.0028164811,1.6802569e-05,1.5672384e-05,1.0639907e-05,3.9779087e-06,3,3,3,3,0.010805187,-0.0002209672,-1.0332474
732,0.00038019255,0.00035225708,0.00023573189,0.0028127686,1.6792147e-05,1.5663188e-05,1.0601008e-05,3.9778332e-06,3,3,3,3,0.010804922,-0.00022758769,-1.0334749
733,0.00038006631,0.00035230066,0.00023508095,0.0028088672,1.6776088e-05,1.5654107e-05,1.0560859e-05,3.9695758e-06,3,3,3,3,0.010782438,-0.0002310794,-1.033706
734,0.00037988352,0.00035236634,0.00023440978,0.0028049896,1.6754817e-05,1.564581e-05,1.0519949e-05,3.9603358e-06,3,3,3,3,0.010757281,-0.00023155045,-1.0339376
735,0.00037966898,0.00035243035,0.00023373166,0.0028008375,1.6731864e-05,1.5639895e-05,1.0479465e-05,3.9532079e-06,3,3,3,3,0.010737853,-0.00022729381,-1.0341649
736,0.00037934861,0.0003524618,0.00023301864,0.0027964035,1.6707747e-05,1.5633238e-05,1.0439159e-05,3.9544811e-06,3,3,3,3,0.010741248,-0.00021940389,-1.0343843
737,0.00037895893,0.00035249777,0.00023226196,0.0027916947,1.6679739e-05,1.562703e-05,1.0399451e-05,3.9514397e-06,3,3,3,3,0.010732934,-0.00020724189,-1.0345915
738,0.00037854279,0.00035253044,0.00023147506,0.0027869017,1.664817e-05,1.5620481e-05,1.0360197e-05,3.9472268e-06,3,3,3,3,0.01072145,-0.00019063448,-1.0347822
739,0.00037809628,0.00035257071,0.00023067565,0.0027825549,1.6614351e-05,1.5614017e-05,1.0320423e-05,3.9419291e-06,3,3,3,3,0.010707022,-0.00016936667,-1.0349515
740,0.00037762307,0.00035258692,0.00022984269,0.0027780764,1.657739e-05,1.5606091e-05,1.0280007e-05,3.9379371e-06,3,3,3,3,0.010696134,-0.00014306635,-1.0350946
741,0.00037711179,0.00035255742,0.00022899134,0.0027734115,1.6540163e-05,1.5597356e-05,1.0239588e-05,3.9365882e-06,3,3,3,3,0.010692412,-0.00011152941,-1.0352061
742,0.00037651832,0.0003524914,0.00022814869,0.0027689317,1.6504315e-05,1.5590077e-05,1.0199957e-05,3.9374196e-06,3,3,3,3,0.010694606,-7.5027182e-05,-1.0352811
743,0.00037589751,0.00035243272,0.00022731817,0.0027645387,1.6471125e-05,1.5586246e-05,1.0161371e-05,3.9419577e-06,3,3,3,3,0.010706864,-3.5621247e-05,-1.0353168
744,0.0003753179,0.00035234891,0.00022649405,0.0027597296,1.6437265e-05,1.5585729e-05,1.0122358e-05,3.9379539e-06,3,3,3,3,0.010695909,8.5227706e-06,-1.0353082
745,0.00037470724,0.00035225315,0.00022565748,0.0027548841,1.6406575e-05,1.5584717e-05,1.008323e-05,4.2719722e-06,3,3,3,3,0.01160304,1.0372418e-05,-1.0352979
746,0.00037407885,0.00035223863,0.00022495115,0.0027506574,1.6377243e-05,1.5588304e-05,1.0050106e-05,3.8948088e-06,3,3,3,3,0.010578529,9.8121737e-05,-1.0351997
747,0.00037337052,0.00035210346,0.00022413981,0.0027456757,1.6345629e-05,1.558705e-05,1.0010717e-05,3.8918692e-06,3,3,3,3,0.010570457,0.00014361081,-1.0350561
748,0.00037261407,0.00035196655,0.0002233066,0.002740949,1.6315538e-05,1.5586271e-05,9.971777e-06,4.9190052e-06,3,3,3,3,0.013360061,3.8234003e-05,-1.0350179
749,0.00037181365,0.00035175958,0.0002223302,0.0027372726,1.6284086e-05,1.5581422e-05,9.9269627e-06,4.6665364e-06,3,3,3,3,0.012674009,3.0085735e-05,-1.0349878
750,0.00037098738,0.0003516563,0.00022152846,0.0027340529,1.6253511e-05,1.5585427e-05,9.8920349e-06,3.912877e-06,3,3,3,3,0.010626838,0.00012196958,-1.0348658
751,0.00037009061,0.00035138344,0.00022068988,0.0027295092,1.6222731e-05,1.5581732e-05,9.8532384e-06,3.9058703e-06,3,3,3,3,0.010607661,0.00011537479,-1.0347505
752,0.00036918997,0.00035112831,0.00021987415,0.0027254886,1.6194888e-05,1.5578989e-05,9.8150515e-06,3.8939793e-06,3,3,3,3,0.010575202,0.00013563076,-1.0346148
753,0.00036828578,0.00035088042,0.00021906803,0.0027217066,1.6165997e-05,1.5574767e-05,9.7770598e-06,4.3721804e-06,3,3,3,3,0.011873685,8.5125353e-05,-1.0345297
754,0.00036741749,0.00035059475,0.00021823105,0.0027183192,1.6135772e-05,1.5565407e-05,9.7371912e-06,4.348074e-06,3,3,3,3,0.011807976,0.00010048822,-1.0344292
755,0.00036654632,0.00035034101,0.00021753955,0.0027154576,1.6106529e-05,1.5560976e-05,9.7045825e-06,4.2490368e-06,3,3,3,3,0.011538754,0.0001176506,-1.0343116
756,0.00036560505,0.0003500197,0.00021682928,0.0027120661,1.6075886e-05,1.5552212e-05,9.6694657e-06,4.2067673e-06,3,3,3,3,0.011423684,0.00012142959,-1.0341901
757,0.00036457808,0.00034960157,0.00021608692,0.0027081885,1.6044213e-05,1.5538578e-05,9.6323853e-06,5.15871e-06,3,3,3,3,0.01400837,6.4562414e-05,-1.0341256
758,0.00036353932,0.0003489595,0.00021503878,0.002703591,1.6007682e-05,1.5508836e-05,9.5782976e-06,4.7902761e-06,3,3,3,3,0.01300731,5.7844519e-05,-1.0340677
759,0.00036252159,0.000348505,0.00021437782,0.0027002986,1.597305e-05,1.5493235e-05,9.5463941e-06,3.9613104e-06,3,3,3,3,0.01075593,0.00016667433,-1.0339011
760,0.000361343,0.00034778392,0.00021361184,0.0026951701,1.5931711e-05,1.5462616e-05,9.5081558e-06,3.9774605e-06,3,3,3,3,0.010799502,0.00019667143,-1.0337044
761,0.00036018606,0.000347015,0.00021285549,0.002690006,1.5888956e-05,1.5427331e-05,9.4692069e-06,4.4412493e-06,3,3,3,3,0.012058445,0.00014088595,-1.0335635
762,0.00035903896,0.0003460514,0.00021196923,0.0026844678,1.5841437e-05,1.537671e-05,9.4229322e-06,4.6472916e-06,3,3,3,3,0.012617479,0.00013872315,-1.0334248
763,0.0003578729,0.00034511685,0.00021130919,0.0026792719,1.5792095e-05,1.5334245e-05,9.391337e-06,4.5385492e-06,3,3,3,3,0.012321869,0.00015687358,-1.0332679
764,0.00035663045,0.00034415216,0.00021075131,0.0026736293,1.5739781e-05,1.5288365e-05,9.3628376e-06,4.9444229e-06,3,3,3,3,0.013423395,6.7146222e-05,-1.0332008
765,0.00035528724,0.00034284965,0.00020992788,0.0026656973,1.5680976e-05,1.5222184e-05,9.3192683e-06,4.8554004e-06,3,3,3,3,0.01318112,6.1781696e-05,-1.033139
766,0.00035395068,0.0003416221,0.00020928658,0.0026598824,1.56205e-05,1.5160625e-05,9.2849174e-06,3.9455976e-06,3,3,3,3,0.01071078,0.00018418424,-1.0329548
767,0.00035243857,0.00034024794,0.00020878767,0.0026524625,1.5554615e-05,1.5095119e-05,9.2603685e-06,3.9011226e-06,3,3,3,3,0.01058975,0.00021150917,-1.0327433
768,0.00035092263,0.00033885666,0.00020835513,0.0026448318,1.5487335e-05,1.5026643e-05,9.2387783e-06,4.4731291e-06,3,3,3,3,0.012142135,0.00016002474,-1.0325833
769,0.00034940332,0.00033737018,0.00020790354,0.0026373743,1.5416273e-05,1.4952976e-05,9.2174905e-06,4.8127278e-06,3,3,3,3,0.013063546,9.4209355e-05,-1.0324891
770,0.00034783417,0.00033580496,0.00020753922,0.0026297186,1.5342177e-05,1.4877172e-05,9.2026856e-06,4.3170759e-06,3,3,3,3,0.011717574,0.00016908258,-1.03232
771,0.00034620909,0.00033420935,0.00020737218,0.0026227908,1.5261042e-05,1.4802726e-05,9.1989441e-06,4.2290037e-06,3,3,3,3,0.011478134,0.00015540617,-1.0321646
772,0.00034453741,0.00033257784,0.00020728799,0.0026159775,1.5178732e-05,1.4729164e-05,9.1985233e-06,4.8262536e-06,3,3,3,3,0.013098712,7.2752159e-05,-1.0320918
773,0.0003428644,0.00033082538,0.00020705736,0.00260856,1.5094052e-05,1.4649436e-05,9.1911346e-06,3.8594731e-06,3,3,3,3,0.010474304,0.00021370073,-1.0318781
774,0.00034109999,0.0003290522,0.0002069889,0.002601473,1.5005272e-05,1.4571478e-05,9.1953083e-06,4.5122143e-06,3,3,3,3,0.012245404,6.1652092e-05,-1.0318165
775,0.0003394111,0.00032741661,0.00020712232,0.0025951301,1.4919786e-05,1.4500874e-05,9.2101492e-06,4.1641393e-06,3,3,3,3,0.01130027,0.00014119689,-1.0316753
776,0.00033758342,0.00032553743,0.00020712175,0.0025874632,1.4829436e-05,1.4420456e-05,9.2180328e-06,4.1504849e-06,3,3,3,3,0.011262833,0.00013925233,-1.031536
777,0.00033578643,0.00032373914,0.0002072022,0.0025806256,1.47417e-05,1.434334e-05,9.2293447e-06,4.1462749e-06,3,3,3,3,0.011251023,0.00014173804,-1.0313943
778,0.00033402017,0.00032204051,0.000207406,0.0025740188,1.4657006e-05,1.4273528e-05,9.2468457e-06,4.1473984e-06,3,3,3,3,0.011253683,0.00015087967,-1.0312434
779,0.00033229718,0.00032045371,0.00020767717,0.0025676939,1.4575992e-05,1.4209894e-05,9.2659119e-06,4.6023893e-06,3,3,3,3,0.01248783,7.8556201e-05,-1.0311648
780,0.00033061862,0.00031879645,0.000207754,0.002560392,1.4494555e-05,1.4141414e-05,9.27459e-06,3.9931749e-06,3,3,3,3,0.010834287,0.00011640042,-1.0310484
781,0.00032893986,0.00031728238,0.00020793102,0.0025544122,1.4412488e-05,1.4080965e-05,9.2920275e-06,3.7265519e-06,3,3,3,3,0.010110505,0.00017592515,-1.0308725
782,0.00032734124,0.00031584057,0.00020805114,0.0025489163,1.4333133e-05,1.402237e-05,9.3048367e-06,4.597607e-06,3,3,3,3,0.012473309,4.6459622e-05,-1.0308261
783,0.00032593084,0.00031460111,0.00020827937,0.0025449309,1.426091e-05,1.3975076e-05,9.3216709e-06,3.9126088e-06,3,3,3,3,0.010614358,0.00011683946,-1.0307092
784,0.00032445491,0.00031329808,0.00020839851,0.0025401349,1.4188578e-05,1.3925303e-05,9.3312984e-06,3.9103548e-06,3,3,3,3,0.010607813,0.00012086572,-1.0305883
785,0.00032309827,0.00031211718,0.00020853652,0.0025360906,1.412048e-05,1.3883571e-05,9.3413206e-06,3.8729258e-06,3,3,3,3,0.010505847,0.00012121978,-1.0304671
786,0.00032178942,0.00031104351,0.00020866531,0.0025325676,1.40573e-05,1.3844995e-05,9.3507262e-06,3.8863008e-06,3,3,3,3,0.010541688,0.00012109353,-1.030346
787,0.00032055777,0.00031009377,0.00020882216,0.002529111,1.4000581e-05,1.380963e-05,9.3619539e-06,3.8760722e-06,3,3,3,3,0.010513497,0.00012099551,-1.030225
788,0.00031936839,0.00030924447,0.00020901406,0.0025258667,1.3948764e-05,1.3776962e-05,9.3745269e-06,4.226476e-06,3,3,3,3,0.011463442,6.74207e-05,-1.0301576
789,0.00031828197,0.00030842868,0.00020914629,0.0025223125,1.3899058e-05,1.374475e-05,9.3837921e-06,3.6103908e-06,3,3,3,3,0.0097919122,0.00013509338,-1.0300225
790,0.00031724182,0.00030763263,0.0002092909,0.0025191918,1.3848967e-05,1.371464e-05,9.3944234e-06,3.6186491e-06,3,3,3,3,0.0098138842,0.00013021022,-1.0298923
791,0.0003163139,0.00030688755,0.00020942123,0.0025164485,1.3803244e-05,1.3686782e-05,9.4045561e-06,3.8390116e-06,3,3,3,3,0.010411055,9.5196107e-05,-1.0297971
792,0.00031549359,0.00030616481,0.00020953274,0.0025144307,1.3761644e-05,1.3658869e-05,9.4141292e-06,3.8183591e-06,3,3,3,3,0.010354583,9.3954844e-05,-1.0297032
793,0.00031474588,0.00030550692,0.00020969762,0.0025131388,1.3726536e-05,1.3632309e-05,9.4249498e-06,3.6151884e-06,3,3,3,3,0.009803192,0.00012450164,-1.0295787
794,0.00031405686,0.00030485901,0.00020986358,0.002511645,1.3693215e-05,1.3605307e-05,9.4345833e-06,3.6228507e-06,3,3,3,3,0.0098235517,0.00012639415,-1.0294523
795,0.00031346084,0.00030424273,0.00021006028,0.0025107113,1.3663454e-05,1.3577525e-05,9.4451188e-06,3.77846e-06,3,3,3,3,0.010245065,9.3793589e-05,-1.0293585
796,0.00031298184,0.00030363349,0.0002102927,0.0025103493,1.3639618e-05,1.3547466e-05,9.4564647e-06,3.6307155e-06,3,3,3,3,0.0098440464,0.00011546615,-1.029243
797,0.0003125799,0.00030304359,0.00021051682,0.0025100017,1.3620488e-05,1.3518774e-05,9.4680294e-06,3.6158523e-06,3,3,3,3,0.0098033493,0.00010955864,-1.0291335
798,0.00031226878,0.00030250738,0.00021077543,0.0025100761,1.3605791e-05,1.3492029e-05,9.481062e-06,3.6180571e-06,3,3,3,3,0.0098089453,9.6736696e-05,-1.0290367
799,0.00031202461,0.0003019638,0.00021106119,0.0025105805,1.3592536e-05,1.3465356e-05,9.4938276e-06,3.6382251e-06,3,3,3,3,0.0098632492,8.1708248e-05,-1.028955
800,0.00031185485,0.00030143036,0.00021134823,0.0025110262,1.3582619e-05,1.3438617e-05,9.5064325e-06,3.6552925e-06,3,3,3,3,0.0099091566,5.9948779e-05,-1.0288951
801,0.00031175908,0.0003009051,0.00021163675,0.0025114013,1.3577474e-05,1.3412957e-05,9.5203817e-06,3.661043e-06,3,3,3,3,0.0099243967,3.0429687e-05,-1.0288646
802,0.00031175846,0.00030042455,0.00021193685,0.002511978,1.3576323e-05,1.3388049e-05,9.5344579e-06,3.6699396e-06,3,3,3,3,0.0099481824,-1.1096649e-05,-1.0288757
803,0.00031185276,0.00029994986,0.00021224246,0.0025124025,1.3576878e-05,1.3363695e-05,9.5477405e-06,3.6861837e-06,3,3,3,3,0.0099919084,-7.1591685e-05,-1.0289473
804,0.00031199505,0.00029946844,0.00021253803,0.0025127676,1.3580587e-05,1.333894e-05,9.561002e-06,4.6681121e-06,3,3,3,3,0.012653197,-4.9420291e-05,-1.0289967
805,0.00031221465,0.0002988041,0.00021263941,0.0025135818,1.35832e-05,1.3302582e-05,9.5629974e-06,4.5372419e-06,3,3,3,3,0.012298338,-5.7758837e-05,-1.0290545
806,0.00031251945,0.00029835764,0.00021303339,0.00251494,1.3590087e-05,1.3282153e-05,9.5822405e-06,3.6740176e-06,3,3,3,3,0.0099584542,-0.00016641299,-1.0292209
807,0.00031280324,0.00029772996,0.00021323497,0.0025142478,1.3595049e-05,1.3249605e-05,9.5899153e-06,3.9762199e-06,3,3,3,3,0.01077735,-0.00011768851,-1.0293386
808,0.00031315571,0.00029709225,0.00021333506,0.00251377,1.3603158e-05,1.3212603e-05,9.5911926e-06,4.0899891e-06,3,3,3,3,0.011085536,-0.00011508099,-1.0294537
809,0.00031355438,0.00029660437,0.00021363119,0.0025148977,1.3615442e-05,1.3186673e-05,9.6043658e-06,4.3863093e-06,3,3,3,3,0.011888517,-4.59985e-05,-1.0294997
810,0.0003138902,0.00029590862,0.00021377624,0.0025144346,1.3627336e-05,1.3148497e-05,9.608801e-06,3.688168e-06,3,3,3,3,0.0099963077,-0.00015204926,-1.0296517
811,0.00031430079,0.00029530929,0.00021401035,0.0025145822,1.3644734e-05,1.3115483e-05,9.6192839e-06,3.7040887e-06,3,3,3,3,0.010039356,-0.00016145096,-1.0298132
812,0.00031475038,0.00029472989,0.00021424222,0.0025148251,1.3662749e-05,1.3082743e-05,9.6306584e-06,4.7103545e-06,3,3,3,3,0.012766593,-4.1157915e-05,-1.0298543
813,0.00031518664,0.00029405331,0.00021438488,0.0025153089,1.3679295e-05,1.3042987e-05,9.638646e-06,3.7465887e-06,3,3,3,3,0.010154621,-0.00019175551,-1.0300461
814,0.00031558709,0.00029336539,0.00021448118,0.0025143896,1.3695791e-05,1.3003688e-05,9.6460663e-06,4.5878925e-06,3,3,3,3,0.012434852,-5.4411392e-05,-1.0301005
815,0.00031599811,0.00029279191,0.00021474977,0.0025144982,1.3712883e-05,1.2970255e-05,9.6620206e-06,4.1960811e-06,3,3,3,3,0.011373124,-0.00012532029,-1.0302258
816,0.00031634476,0.00029206549,0.00021479938,0.0025130109,1.3724645e-05,1.2928226e-05,9.6649274e-06,4.3161662e-06,3,3,3,3,0.011698696,-5.7210532e-05,-1.030283
817,0.00031665718,0.00029138117,0.00021495286,0.0025119168,1.3736567e-05,1.2891446e-05,9.674779e-06,4.0779963e-06,3,3,3,3,0.011053407,-0.00010636624,-1.0303894
818,0.00031700014,0.00029073109,0.00021505954,0.0025108218,1.3747772e-05,1.2855527e-05,9.6825027e-06,3.7296739e-06,3,3,3,3,0.010109416,-0.00018733449,-1.0305767
819,0.00031730562,0.00029010597,0.00021521433,0.0025092974,1.3761584e-05,1.2822796e-05,9.6928426e-06,4.6828771e-06,3,3,3,3,0.01269329,-4.7429908e-05,-1.0306242
820,0.00031757061,0.0002893736,0.00021524683,0.0025073563,1.3775293e-05,1.278329e-05,9.6970698e-06,4.4349837e-06,3,3,3,3,0.012021792,-5.5122187e-05,-1.0306793
821,0.00031783581,0.00028875525,0.0002153797,0.0025058405,1.3794068e-05,1.2751859e-05,9.7086545e-06,4.1395954e-06,3,3,3,3,0.011221525,-0.00012430113,-1.0308036
822,0.00031804909,0.00028799378,0.00021527731,0.0025020661,1.3811862e-05,1.2712802e-05,9.7073127e-06,4.1567725e-06,3,3,3,3,0.011268393,-6.2185371e-05,-1.0308658
823,0.00031824816,0.00028729103,0.00021528211,0.0024991,1.3831747e-05,1.2681135e-05,9.7120214e-06,4.1026223e-06,3,3,3,3,0.011122074,-0.0001186264,-1.0309844
824,0.00031854062,0.00028674467,0.00021531752,0.0024965075,1.385559e-05,1.2657564e-05,9.7172658e-06,4.3758993e-06,3,3,3,3,0.01186334,-5.8656141e-05,-1.0310431
825,0.00031879349,0.00028602649,0.00021522088,0.0024928569,1.3879656e-05,1.2624473e-05,9.7148503e-06,4.2456634e-06,3,3,3,3,0.011510862,-5.8479174e-05,-1.0311015
826,0.00031910498,0.00028547411,0.00021526633,0.0024902703,1.3907938e-05,1.2600697e-05,9.720751e-06,4.0472123e-06,3,3,3,3,0.010973408,-0.00011924912,-1.0312208
827,0.0003193668,0.00028488386,0.00021517939,0.0024861984,1.3936601e-05,1.2575466e-05,9.7191293e-06,4.2251458e-06,3,3,3,3,0.011456342,-5.9968527e-05,-1.0312808
828,0.00031965224,0.00028429767,0.00021509231,0.0024831005,1.396759e-05,1.2551086e-05,9.7178873e-06,4.1162332e-06,3,3,3,3,0.011161705,-5.7178413e-05,-1.0313379
829,0.00032003361,0.0002838481,0.00021508135,0.0024805356,1.4001413e-05,1.2534771e-05,9.7200711e-06,4.0959832e-06,3,3,3,3,0.011107509,-0.0001228063,-1.0314607
830,0.00032045907,0.00028346271,0.00021500496,0.0024777342,1.4036896e-05,1.2521955e-05,9.7181585e-06,4.245557e-06,3,3,3,3,0.011513761,-6.8106674e-05,-1.0315288
831,0.00032082658,0.00028300179,0.0002148815,0.0024747797,1.4069823e-05,1.2504625e-05,9.7138328e-06,4.1680668e-06,3,3,3,3,0.011304433,-5.4189831e-05,-1.031583
832,0.00032132045,0.00028267469,0.00021482732,0.002472498,1.4104733e-05,1.249349e-05,9.7128085e-06,3.9507601e-06,3,3,3,3,0.010715844,-0.00011909986,-1.0317021
833,0.00032182478,0.00028245045,0.00021476593,0.0024697596,1.4138253e-05,1.2487706e-05,9.7110942e-06,4.2507255e-06,3,3,3,3,0.011530155,-4.9296215e-05,-1.0317514
834,0.00032235613,0.00028217983,0.00021463223,0.0024676301,1.4171251e-05,1.2476715e-05,9.7055026e-06,4.125413e-06,3,3,3,3,0.011191096,-6.5183586e-05,-1.0318166
835,0.00032293059,0.00028207707,0.00021460175,0.002466229,1.4208258e-05,1.2473854e-05,9.7054602e-06,3.953559e-06,3,3,3,3,0.010725735,-0.00011785714,-1.0319345
836,0.00032353301,0.00028200403,0.00021448348,0.0024643039,1.424647e-05,1.247246e-05,9.7004283e-06,4.1404307e-06,3,3,3,3,0.011233435,-6.8879145e-05,-1.0320033
837,0.00032411115,0.00028188172,0.00021432794,0.0024633388,1.4283272e-05,1.2468367e-05,9.6939662e-06,4.0419158e-06,3,3,3,3,0.010967037,-4.7952903e-05,-1.0320513
838,0.0003248002,0.00028194516,0.00021429113,0.0024634877,1.4321873e-05,1.2473451e-05,9.6941261e-06,3.9152633e-06,3,3,3,3,0.010624232,-0.00011593128,-1.0321672
839,0.00032546226,0.0002820382,0.00021415145,0.0024634608,1.4359261e-05,1.2477486e-05,9.6893424e-06,4.1000514e-06,3,3,3,3,0.011126412,-6.7091459e-05,-1.0322343
840,0.00032610655,0.00028207942,0.00021398154,0.002464302,1.4395778e-05,1.2477059e-05,9.6833416e-06,4.0214737e-06,3,3,3,3,0.010914064,-6.4165689e-05,-1.0322985
841,0.00032679466,0.00028224911,0.0002138916,0.0024662811,1.4432218e-05,1.2481881e-05,9.6817403e-06,3.8463867e-06,3,3,3,3,0.010439729,-0.00011202322,-1.0324105
842,0.00032747242,0.00028249781,0.00021378113,0.0024682337,1.4466517e-05,1.249026e-05,9.6789235e-06,4.0925816e-06,3,3,3,3,0.011108713,-5.0169941e-05,-1.0324607
843,0.00032811638,0.00028265017,0.00021361027,0.0024705401,1.4499247e-05,1.24915e-05,9.6740357e-06,3.9940801e-06,3,3,3,3,0.010842245,-6.5419975e-05,-1.0325261
844,0.00032876979,0.00028292612,0.00021353822,0.0024737809,1.4530931e-05,1.2498485e-05,9.6736964e-06,3.8704887e-06,3,3,3,3,0.010507634,-0.00011273224,-1.0326388
845,0.00032937504,0.00028320074,0.00021337076,0.0024767297,1.4559229e-05,1.2503364e-05,9.6678621e-06,4.0287343e-06,3,3,3,3,0.010938039,-6.492794e-05,-1.0327038
846,0.00032991974,0.00028339275,0.00021320686,0.0024801414,1.4583095e-05,1.2504638e-05,9.661415e-06,3.9559027e-06,3,3,3,3,0.010741218,-5.2163213e-05,-1.0327559
847,0.00033048269,0.00028372058,0.00021315078,0.0024842704,1.4605241e-05,1.251285e-05,9.6602176e-06,3.8494665e-06,3,3,3,3,0.010453093,-0.00010910879,-1.032865
848,0.00033094307,0.00028401445,0.00021298786,0.0024878732,1.4622658e-05,1.2519709e-05,9.6531559e-06,3.8818093e-06,3,3,3,3,0.010541692,-0.00011731896,-1.0329824
849,0.00033139992,0.00028445321,0.00021299149,0.0024928911,1.4637326e-05,1.2533677e-05,9.6540922e-06,4.0301729e-06,3,3,3,3,0.010945409,-8.2998116e-05,-1.0330654
850,0.00033175133,0.00028456909,0.00021274365,0.0024964564,1.464727e-05,1.2529529e-05,9.6422122e-06,4.122799e-06,3,3,3,3,0.011198029,-5.1923862e-05,-1.0331173
851,0.00033203831,0.00028489931,0.00021271969,0.0025011918,1.4659449e-05,1.2541257e-05,9.6427642e-06,3.7938093e-06,3,3,3,3,0.010305346,-0.0001019395,-1.0332192
852,0.00033214275,0.00028504031,0.00021245409,0.0025039478,1.4664224e-05,1.254322e-05,9.6297353e-06,3.8298183e-06,3,3,3,3,0.010403925,-9.8214527e-05,-1.0333174
853,0.00033225472,0.00028532541,0.00021231138,0.0025081151,1.4666442e-05,1.2553839e-05,9.622768e-06,3.8817683e-06,3,3,3,3,0.010545821,-0.00010838658,-1.0334258
854,0.0003323171,0.00028566904,0.00021225865,0.0025124306,1.4665498e-05,1.2568254e-05,9.6203771e-06,4.4507148e-06,3,3,3,3,0.012092406,-4.7127787e-05,-1.0334729
855,0.00033229559,0.00028570773,0.00021195144,0.0025147032,1.4658713e-05,1.256569e-05,9.6044211e-06,4.2588211e-06,3,3,3,3,0.011572072,-3.7868226e-05,-1.0335108
856,0.00033225311,0.00028593118,0.00021183123,0.0025183184,1.465226e-05,1.2575938e-05,9.5987002e-06,3.4921579e-06,3,3,3,3,0.0094897186,-0.00016740499,-1.0336782
857,0.00033203531,0.00028602182,0.00021153271,0.002519602,1.4638306e-05,1.258002e-05,9.5829555e-06,3.952412e-06,3,3,3,3,0.010741207,-0.00011182522,-1.03379
858,0.00033182524,0.00028613964,0.00021116669,0.002520399,1.4624129e-05,1.2584514e-05,9.5628152e-06,4.003794e-06,3,3,3,3,0.010881643,-0.00011961588,-1.0339097
859,0.0003315598,0.00028638439,0.00021094697,0.0025217338,1.4610153e-05,1.2597571e-05,9.5501219e-06,4.4368649e-06,3,3,3,3,0.012059537,-5.140119e-05,-1.0339611
860,0.000331172,0.00028632604,0.00021047724,0.0025202607,1.4591651e-05,1.2593469e-05,9.5229626e-06,4.1593205e-06,3,3,3,3,0.011306166,-3.4944898e-05,-1.033996
861,0.00033077244,0.00028642066,0.0002101183,0.0025198425,1.4574808e-05,1.2601496e-05,9.5034246e-06,3.4604119e-06,3,3,3,3,0.0094071289,-0.00012849173,-1.0341245
862,0.00033018822,0.00028640645,0.00020960521,0.0025175048,1.4551659e-05,1.2605287e-05,9.4749267e-06,3.4791652e-06,3,3,3,3,0.0094587696,-0.00012482436,-1.0342493
863,0.00032964792,0.00028642995,0.00020905068,0.0025144831,1.4528524e-05,1.260995e-05,9.4432743e-06,3.8556054e-06,3,3,3,3,0.010482918,-8.8647173e-05,-1.034338
864,0.00032909311,0.00028648727,0.00020843269,0.0025114549,1.4505671e-05,1.2616727e-05,9.4071364e-06,3.8606432e-06,3,3,3,3,0.010497348,-9.7205523e-05,-1.0344352
865,0.00032847347,0.00028663531,0.00020790501,0.0025084165,1.4481856e-05,1.2630311e-05,9.3759969e-06,4.1757454e-06,3,3,3,3,0.011354927,-4.1609094e-05,-1.0344768
866,0.00032773566,0.00028650738,0.00020709194,0.0025030437,1.4453946e-05,1.2628077e-05,9.3303552e-06,3.9922825e-06,3,3,3,3,0.010856939,-4.181934e-05,-1.0345186
867,0.00032698775,0.00028646821,0.00020631106,0.0024983843,1.4426597e-05,1.2633111e-05,9.2875508e-06,3.4182172e-06,3,3,3,3,0.0092965165,-0.00011071866,-1.0346293
868,0.0003261376,0.00028634556,0.00020542374,0.0024919762,1.439519e-05,1.2635714e-05,9.2394569e-06,3.4284246e-06,3,3,3,3,0.0093249171,-0.00011221025,-1.0347415
869,0.00032530463,0.00028624057,0.00020449153,0.0024851016,1.4362229e-05,1.2639834e-05,9.1892772e-06,3.7482121e-06,3,3,3,3,0.010195412,-7.4376418e-05,-1.0348159
870,0.0003244579,0.00028615985,0.00020350452,0.0024784142,1.4330259e-05,1.2645316e-05,9.1369437e-06,3.9308829e-06,3,3,3,3,0.010693046,-2.741938e-05,-1.0348433
871,0.00032351587,0.00028592805,0.00020247855,0.0024706085,1.4295676e-05,1.2644466e-05,9.0834165e-06,3.6339325e-06,3,3,3,3,0.00988607,-6.8846197e-05,-1.0349122
872,0.00032252602,0.00028570077,0.00020143987,0.0024624857,1.4260415e-05,1.2645064e-05,9.0306496e-06,3.3484566e-06,3,3,3,3,0.009110098,-0.00011128854,-1.0350235
873,0.00032151009,0.00028538484,0.00020033882,0.0024539602,1.4222954e-05,1.2640734e-05,8.9755937e-06,3.9203869e-06,3,3,3,3,0.010666903,-2.5370995e-05,-1.0350488
874,0.00032054262,0.00028499499,0.00019919809,0.0024452667,1.4185157e-05,1.2632139e-05,8.9191087e-06,3.3435884e-06,3,3,3,3,0.0090982386,-0.00010514898,-1.035154
875,0.00031949053,0.00028455949,0.00019805378,0.0024357684,1.4145055e-05,1.2622355e-05,8.8631374e-06,3.5817829e-06,3,3,3,3,0.0097470699,-5.9904868e-05,-1.0352139
876,0.00031842854,0.00028412575,0.00019694004,0.0024259549,1.4102438e-05,1.2612746e-05,8.8094645e-06,3.8596519e-06,3,3,3,3,0.010503975,-1.666348e-05,-1.0352305
877,0.0003172928,0.00028357405,0.00019585266,0.0024160137,1.4055793e-05,1.2598104e-05,8.7588801e-06,3.2815278e-06,3,3,3,3,0.0089313264,-8.8085887e-05,-1.0353186
878,0.00031607833,0.00028295604,0.00019474878,0.0024053831,1.4006749e-05,1.2580624e-05,8.7072207e-06,3.2711011e-06,3,3,3,3,0.0089035589,-9.0493831e-05,-1.0354091
879,0.0003148167,0.00028230116,0.0001936718,0.0023946762,1.3956442e-05,1.2560066e-05,8.6566302e-06,3.5306868e-06,3,3,3,3,0.0096107708,-5.3371988e-05,-1.0354625
880,0.00031355729,0.00028165714,0.00019263693,0.0023842717,1.3905058e-05,1.2539765e-05,8.6080167e-06,3.5011161e-06,3,3,3,3,0.0095309252,-5.551897e-05,-1.035518
881,0.00031226439,0.00028102145,0.00019170619,0.0023740108,1.3852983e-05,1.252215e-05,8.5657981e-06,3.8450573e-06,3,3,3,3,0.010467927,-1.3775609e-05,-1.0355318
882,0.00031089551,0.00028019001,0.00019065494,0.002362982,1.3795983e-05,1.2493104e-05,8.5177223e-06,3.2138948e-06,3,3,3,3,0.0087502863,-6.4391065e-05,-1.0355962
883,0.00030945894,0.00027941452,0.00018969649,0.0023524804,1.3735778e-05,1.2467044e-05,8.4754214e-06,3.2093091e-06,3,3,3,3,0.0087383616,-5.4952562e-05,-1.0356511
884,0.00030801163,0.00027867561,0.00018879639,0.0023419933,1.3674702e-05,1.2440285e-05,8.4351116e-06,3.209334e-06,3,3,3,3,0.0087389834,-5.8275069e-05,-1.0357094
885,0.00030655364,0.00027796286,0.00018795395,0.0023319191,1.3611543e-05,1.2413049e-05,8.3972502e-06,3.207201e-06,3,3,3,3,0.0087337261,-7.1697252e-05,-1.0357811
886,0.00030507518,0.00027724786,0.00018714677,0.0023222503,1.3545693e-05,1.2385133e-05,8.3610752e-06,3.1963857e-06,3,3,3,3,0.0087048205,-9.2866865e-05,-1.035874
887,0.00030357234,0.00027652915,0.00018637377,0.0023127777,1.3478807e-05,1.235597e-05,8.3263748e-06,3.4336014e-06,3,3,3,3,0.0093514173,-5.7073399e-05,-1.0359311
888,0.00030207649,0.00027588578,0.00018570226,0.0023040295,1.3412892e-05,1.2330395e-05,8.2974813e-06,3.8853681e-06,3,3,3,3,0.010582473,-7.5634414e-06,-1.0359386
889,0.00030056025,0.00027515194,0.00018500062,0.0022953096,1.3346255e-05,1.2300354e-05,8.2672363e-06,3.1315752e-06,3,3,3,3,0.0085300032,-6.3985777e-05,-1.0360026
890,0.00029898405,0.00027438941,0.00018432793,0.0022866232,1.3276777e-05,1.227001e-05,8.2380642e-06,3.133083e-06,3,3,3,3,0.0085346234,-3.776997e-05,-1.0360404
891,0.00029741841,0.00027365863,0.00018369372,0.0022781876,1.3208058e-05,1.2241678e-05,8.2115309e-06,3.1235759e-06,3,3,3,3,0.0085092291,-1.9919772e-05,-1.0360603
892,0.00029585443,0.00027294239,0.00018309752,0.0022701966,1.3140029e-05,1.2213805e-05,8.1871206e-06,3.1122194e-06,3,3,3,3,0.0084787848,-1.738841e-06,-1.036062
893,0.00029428104,0.00027221964,0.00018253661,0.0022623681,1.3072826e-05,1.2185984e-05,8.1645231e-06,3.1012585e-06,3,3,3,3,0.0084493984,1.5052965e-05,-1.036047
894,0.00029271664,0.00027149921,0.00018200879,0.0022544709,1.3006771e-05,1.2158376e-05,8.1436927e-06,3.0851223e-06,3,3,3,3,0.008405899,3.4120747e-05,-1.0360129
895,0.00029117392,0.00027079456,0.00018152329,0.0022467487,1.2941296e-05,1.2131209e-05,8.1249943e-06,3.0698172e-06,3,3,3,3,0.0083646427,5.4346859e-05,-1.0359585
896,0.00028966746,0.00027011389,0.00018108233,0.0022394199,1.2877125e-05,1.2104486e-05,8.1082965e-06,3.067422e-06,3,3,3,3,0.0083585489,8.0829146e-05,-1.0358777
897,0.00028822466,0.00026946842,0.00018067408,0.0022324467,1.2815647e-05,1.2079109e-05,8.0937452e-06,3.0678743e-06,3,3,3,3,0.008360192,0.00010728873,-1.0357704
898,0.0002868681,0.00026885676,0.00018031642,0.0022256982,1.275802e-05,1.205465e-05,8.0809306e-06,3.0746492e-06,3,3,3,3,0.0083790513,0.00013942924,-1.035631
899,0.00028561551,0.0002682776,0.00018001103,0.0022197786,1.2705252e-05,1.2031985e-05,8.0703743e-06,3.0802533e-06,3,3,3,3,0.0083947146,0.00017633143,-1.0354546
900,0.00028447838,0.00026772689,0.00017974558,0.0022144433,1.2656467e-05,1.2010907e-05,8.0625979e-06,4.6031455e-06,3,3,3,3,0.012545668,5.0989318e-05,-1.0354036
901,0.00028355045,0.00026730728,0.0001796112,0.0022123622,1.2613798e-05,1.1993984e-05,8.0606588e-06,3.0552456e-06,3,3,3,3,0.0083271263,0.00017961366,-1.035224
902,0.00028258151,0.00026679193,0.00017943156,0.0022080267,1.2574177e-05,1.1972961e-05,8.0555795e-06,3.0824221e-06,3,3,3,3,0.0084015298,0.00017704717,-1.035047
903,0.00028180622,0.00026637505,0.00017933537,0.0022048058,1.2540714e-05,1.1955344e-05,8.053577e-06,3.1305471e-06,3,3,3,3,0.0085330247,0.00018629642,-1.0348607
904,0.00028119073,0.00026607903,0.00017932216,0.0022030415,1.2512978e-05,1.1941695e-05,8.0552733e-06,3.5131698e-06,3,3,3,3,0.0095762973,0.00012902405,-1.0347317
905,0.00028073992,0.00026594148,0.00017939009,0.0022027023,1.2490482e-05,1.1933333e-05,8.0599932e-06,3.4306339e-06,3,3,3,3,0.0093516323,0.00012908405,-1.0346026
906,0.00028040439,0.00026601582,0.00017970414,0.0022032779,1.2475927e-05,1.1938644e-05,8.0779413e-06,3.1401063e-06,3,3,3,3,0.0085599336,0.00017884248,-1.0344237
907,0.00028015986,0.00026613835,0.00018004207,0.0022041461,1.2465948e-05,1.1945388e-05,8.0967857e-06,3.1526371e-06,3,3,3,3,0.0085943409,0.00019216075,-1.0342316
908,0.00028004582,0.00026641535,0.0001804705,0.002205947,1.2462639e-05,1.1959818e-05,8.1197072e-06,4.55352e-06,3,3,3,3,0.012413594,5.5666532e-05,-1.0341759
909,0.00028009577,0.00026676024,0.00018093089,0.0022099891,1.2464363e-05,1.1974367e-05,8.1442195e-06,3.1839582e-06,3,3,3,3,0.0086799985,0.00019682569,-1.0339791
910,0.00028013837,0.00026717975,0.00018152135,0.0022134959,1.2469651e-05,1.1995289e-05,8.1755078e-06,3.9373604e-06,3,3,3,3,0.010734116,7.496712e-05,-1.0339041
911,0.00028039293,0.00026788888,0.00018241528,0.0022188635,1.2483018e-05,1.2029263e-05,8.2217458e-06,3.249289e-06,3,3,3,3,0.0088583217,0.00018690922,-1.0337172
912,0.00028067566,0.000268479,0.00018320279,0.002223781,1.2497413e-05,1.2058189e-05,8.2644179e-06,3.6632161e-06,3,3,3,3,0.0099869322,0.00012380685,-1.0335934
913,0.00028107817,0.00026913778,0.00018402291,0.0022298109,1.251589e-05,1.2088452e-05,8.3091791e-06,3.6612575e-06,3,3,3,3,0.0099817063,0.00012437296,-1.033469
914,0.00028158279,0.00026997724,0.00018505973,0.0022370144,1.2541036e-05,1.213102e-05,8.3665849e-06,3.5973013e-06,3,3,3,3,0.0098074401,0.00013259232,-1.0333364
915,0.00028215099,0.00027093173,0.0001862607,0.0022447132,1.2571757e-05,1.2180357e-05,8.4318132e-06,4.1665524e-06,3,3,3,3,0.011359502,6.6338248e-05,-1.0332701
916,0.00028276984,0.00027166651,0.00018730248,0.0022522651,1.2601849e-05,1.2217417e-05,8.4878564e-06,3.3063255e-06,3,3,3,3,0.0090141602,0.00019548941,-1.0330746
917,0.00028344517,0.00027254073,0.00018854841,0.0022608228,1.2636341e-05,1.2265628e-05,8.5555519e-06,4.2348487e-06,3,3,3,3,0.01154567,7.0039961e-05,-1.0330046
918,0.00028423087,0.00027341162,0.00018981392,0.0022699703,1.2673489e-05,1.2311564e-05,8.6231924e-06,3.9499918e-06,3,3,3,3,0.010768887,7.8510922e-05,-1.0329261
919,0.00028505339,0.00027443482,0.00019127608,0.0022795087,1.2715984e-05,1.236708e-05,8.700598e-06,3.383605e-06,3,3,3,3,0.0092246066,0.00019194428,-1.0327341
920,0.0002858663,0.00027537173,0.0001926161,0.0022883928,1.2758286e-05,1.2415703e-05,8.7719159e-06,3.8016846e-06,3,3,3,3,0.010364339,0.00013424348,-1.0325999
921,0.00028675888,0.00027635172,0.00019396489,0.0022984463,1.2803081e-05,1.2464937e-05,8.8435029e-06,3.8416725e-06,3,3,3,3,0.01047326,0.00014348328,-1.0324564
922,0.00028771302,0.0002774766,0.00019553481,0.0023095422,1.2853303e-05,1.2525464e-05,8.9279183e-06,3.8249321e-06,3,3,3,3,0.010427502,0.00016206307,-1.0322943
923,0.00028872443,0.0002786504,0.00019720732,0.0023208072,1.2905415e-05,1.2589436e-05,9.0165595e-06,4.8755087e-06,3,3,3,3,0.01329138,5.6296449e-05,-1.032238
924,0.00028975406,0.00027944798,0.00019854076,0.0023310442,1.2955164e-05,1.2630233e-05,9.0870603e-06,4.5091592e-06,3,3,3,3,0.012292211,6.5202478e-05,-1.0321728
925,0.00029092306,0.00028049344,0.00020017444,0.0023438307,1.3010482e-05,1.2686331e-05,9.1746012e-06,3.4336379e-06,3,3,3,3,0.009359961,0.00017880705,-1.031994
926,0.00029207621,0.00028144096,0.00020175321,0.0023546617,1.3064502e-05,1.2737201e-05,9.2577773e-06,3.9287891e-06,3,3,3,3,0.010709519,6.7985338e-05,-1.031926
927,0.00029339844,0.00028255755,0.00020348417,0.0023664368,1.3124803e-05,1.2796428e-05,9.3475718e-06,3.8476682e-06,3,3,3,3,0.010488069,0.00012042688,-1.0318056
928,0.00029474895,0.00028356481,0.00020505434,0.0023777378,1.3183637e-05,1.2847699e-05,9.4284311e-06,3.8820974e-06,3,3,3,3,0.010581685,0.00012544266,-1.0316802
929,0.00029613641,0.00028468868,0.00020678972,0.0023902298,1.3244862e-05,1.2906254e-05,9.5184703e-06,4.0721796e-06,3,3,3,3,0.011099547,6.6223849e-05,-1.0316139
930,0.00029752106,0.00028566351,0.00020842595,0.002401734,1.3307242e-05,1.2956439e-05,9.6037854e-06,4.0404482e-06,3,3,3,3,0.011012667,7.1275262e-05,-1.0315427
931,0.00029896665,0.00028667193,0.00021007667,0.002414024,1.3371744e-05,1.3008005e-05,9.6894258e-06,3.7489582e-06,3,3,3,3,0.010217819,0.00011911921,-1.0314235
932,0.0003004189,0.00028774396,0.00021175534,0.0024265359,1.3436665e-05,1.3064708e-05,9.7766038e-06,4.068973e-06,3,3,3,3,0.011089734,7.3187807e-05,-1.0313504
933,0.00030190132,0.0002887727,0.00021333025,0.0024393071,1.3503185e-05,1.3116555e-05,9.8569932e-06,3.9948706e-06,3,3,3,3,0.010887381,7.2845068e-05,-1.0312775
934,0.00030343116,0.00028990708,0.00021495245,0.0024524573,1.3571992e-05,1.3173525e-05,9.9400716e-06,3.7676787e-06,3,3,3,3,0.010267847,0.00010383064,-1.0311737
935,0.00030493792,0.000290993,0.00021642675,0.0024646305,1.3640839e-05,1.3226516e-05,1.0015574e-05,3.6841198e-06,3,3,3,3,0.010039862,0.00015412026,-1.0310196
936,0.00030646565,0.00029212395,0.00021790661,0.0024771789,1.3709918e-05,1.3279566e-05,1.0092186e-05,4.2230644e-06,3,3,3,3,0.011508291,8.0094656e-05,-1.0309395
937,0.00030797938,0.00029316223,0.00021921065,0.0024892695,1.377597e-05,1.3326516e-05,1.0159829e-05,4.1490272e-06,3,3,3,3,0.011306116,8.1160942e-05,-1.0308583
938,0.00030949719,0.00029430417,0.00022054716,0.0025016465,1.3842914e-05,1.3381011e-05,1.0229469e-05,3.9492971e-06,3,3,3,3,0.010761466,7.5461376e-05,-1.0307828
939,0.00031096972,0.0002954316,0.00022177581,0.0025129562,1.390729e-05,1.3433545e-05,1.0293039e-05,3.7004834e-06,3,3,3,3,0.010083144,0.00011527228,-1.0306676
940,0.00031242126,0.00029648682,0.00022280496,0.0025229407,1.3969296e-05,1.3481069e-05,1.0346518e-05,3.753461e-06,3,3,3,3,0.01022726,0.00012496769,-1.0305426
941,0.00031389081,0.00029759679,0.00022374952,0.002533281,1.4032356e-05,1.3530326e-05,1.0395046e-05,4.019413e-06,3,3,3,3,0.010951661,9.5957337e-05,-1.0304466
942,0.00031536382,0.00029881496,0.00022472285,0.0025441325,1.4095861e-05,1.358724e-05,1.0444992e-05,4.1097436e-06,3,3,3,3,0.011197528,6.3860004e-05,-1.0303828
943,0.00031676416,0.00029986084,0.00022544861,0.002553234,1.4154895e-05,1.3633809e-05,1.0481055e-05,3.7792237e-06,3,3,3,3,0.010296664,0.00013634665,-1.0302464
944,0.00031817548,0.00030101287,0.00022614743,0.0025621898,1.4213054e-05,1.3685567e-05,1.0515766e-05,3.797313e-06,3,3,3,3,0.010345723,0.00014490006,-1.0301015
945,0.00031961277,0.00030219745,0.00022670836,0.0025710809,1.4270828e-05,1.374013e-05,1.0543782e-05,4.600988e-06,3,3,3,3,0.012535061,5.9294875e-05,-1.0300422
946,0.00032104586,0.00030324314,0.00022695801,0.0025800942,1.4327334e-05,1.3788131e-05,1.0555711e-05,3.8326379e-06,3,3,3,3,0.010441405,0.00013397001,-1.0299083
947,0.00032246547,0.00030440518,0.00022720726,0.0025877994,1.4385757e-05,1.3846671e-05,1.056859e-05,3.8412285e-06,3,3,3,3,0.010464638,0.00012895345,-1.0297793
948,0.00032395784,0.0003056582,0.00022738095,0.0025952911,1.4443431e-05,1.390707e-05,1.0575944e-05,3.8551223e-06,3,3,3,3,0.01050234,0.00013486729,-1.0296445
949,0.00032546587,0.00030694572,0.0002274472,0.0026026175,1.4500959e-05,1.39674e-05,1.0576248e-05,4.9372019e-06,3,3,3,3,0.013450044,9.0520834e-05,-1.0295539
950,0.0003270575,0.00030825695,0.00022737926,0.0026108204,1.4561882e-05,1.4027524e-05,1.0568227e-05,3.8544905e-06,3,3,3,3,0.01050025,0.00012502575,-1.0294289
951,0.00032855709,0.00030943592,0.00022713764,0.0026165231,1.4622241e-05,1.4082998e-05,1.0550172e-05,3.8694909e-06,3,3,3,3,0.010541045,0.00011738574,-1.0293115
952,0.00033013965,0.00031062419,0.00022681154,0.0026219627,1.4685414e-05,1.4138321e-05,1.0526803e-05,3.8904768e-06,3,3,3,3,0.010598168,0.00010863126,-1.0292029
953,0.00033178312,0.00031181972,0.00022642118,0.0026276405,1.4751799e-05,1.4193158e-05,1.0498372e-05,3.9113281e-06,3,3,3,3,0.010654932,0.00010116508,-1.0291017
954,0.00033348484,0.00031302611,0.00022595878,0.0026331714,1.4822532e-05,1.4247668e-05,1.0465153e-05,3.9260223e-06,3,3,3,3,0.01069493,9.317444e-05,-1.0290085
955,0.000335241,0.00031422617,0.00022546471,0.0026387788,1.4896172e-05,1.4301259e-05,1.0430203e-05,3.9378386e-06,3,3,3,3,0.010727103,8.4757385e-05,-1.0289238
956,0.00033705621,0.00031539615,0.00022496741,0.0026441532,1.4971774e-05,1.4353374e-05,1.0394643e-05,3.9477559e-06,3,3,3,3,0.010754117,7.6105485e-05,-1.0288477
957,0.00033892987,0.00031656508,0.00022445041,0.0026496708,1.5050725e-05,1.4404778e-05,1.0358335e-05,3.9508334e-06,3,3,3,3,0.010762508,6.7265585e-05,-1.0287804
958,0.0003408415,0.00031773104,0.00022391057,0.0026554103,1.5131393e-05,1.4454239e-05,1.0321082e-05,3.9631869e-06,3,3,3,3,0.010796159,5.8930844e-05,-1.0287215
959,0.00034276113,0.00031887011,0.00022336216,0.0026612252,1.521429e-05,1.4500658e-05,1.0283015e-05,3.9778264e-06,3,3,3,3,0.010836032,5.188667e-05,-1.0286696
960,0.00034467158,0.00031998833,0.00022280858,0.0026667194,1.529669e-05,1.4543117e-05,1.0244121e-05,3.996833e-06,3,3,3,3,0.010887809,5.0298565e-05,-1.0286193
961,0.00034658185,0.00032108664,0.00022224143,0.0026718846,1.5378585e-05,1.4582262e-05,1.0204346e-05,4.956861e-06,3,3,3,3,0.013503044,2.1505934e-06,-1.0286172
962,0.0003485704,0.00032228052,0.00022174266,0.0026784328,1.5462779e-05,1.4624881e-05,1.0168251e-05,4.0061856e-06,3,3,3,3,0.010913185,1.5508447e-05,-1.0286016
963,0.00035039275,0.00032325125,0.00022115941,0.0026827184,1.5543656e-05,1.4657e-05,1.0127412e-05,4.0165176e-06,3,3,3,3,0.010941335,-4.6928726e-06,-1.0286063
964,0.00035222256,0.0003241765,0.00022056034,0.0026864641,1.5622954e-05,1.4685753e-05,1.0086473e-05,4.0253969e-06,3,3,3,3,0.010965525,-1.8604238e-05,-1.0286249
965,0.00035400676,0.00032506156,0.00021993618,0.0026900838,1.5700329e-05,1.4710842e-05,1.0044609e-05,4.0448317e-06,3,3,3,3,0.011018482,-2.7036825e-05,-1.028652
966,0.00035574462,0.00032586451,0.00021927969,0.0026930736,1.5774481e-05,1.4732113e-05,1.000042e-05,4.0702121e-06,3,3,3,3,0.011087625,-2.9490581e-05,-1.0286815
967,0.00035739867,0.00032656749,0.00021859623,0.0026951942,1.584507e-05,1.4748185e-05,9.9533587e-06,4.0885115e-06,3,3,3,3,0.011137473,-2.6779231e-05,-1.0287082
968,0.00035897263,0.00032716175,0.00021787065,0.0026966112,1.5912342e-05,1.4758818e-05,9.9041383e-06,4.1070535e-06,3,3,3,3,0.01118797,-1.8722754e-05,-1.028727
969,0.00036046154,0.00032765027,0.00021711453,0.0026976187,1.5975903e-05,1.4764991e-05,9.8529265e-06,4.1287936e-06,3,3,3,3,0.011247162,-5.7766166e-06,-1.0287327
970,0.00036186255,0.00032807399,0.00021632563,0.0026979366,1.6036882e-05,1.4766375e-05,9.8008852e-06,4.1504953e-06,3,3,3,3,0.011306253,1.2065054e-05,-1.0287207
971,0.00036318289,0.00032842506,0.00021553713,0.0026977525,1.6096038e-05,1.4764336e-05,9.7485894e-06,4.5387294e-06,3,3,3,3,0.012363819,-1.7550423e-05,-1.0287382
972,0.00036448557,0.00032885612,0.00021488858,0.002698044,1.6154968e-05,1.4767702e-05,9.704103e-06,4.1537039e-06,3,3,3,3,0.011314953,3.4902207e-05,-1.0287033
973,0.00036565223,0.00032911223,0.00021410602,0.0026972193,1.6207611e-05,1.4762096e-05,9.6529166e-06,4.1512195e-06,3,3,3,3,0.011308152,5.446647e-05,-1.0286489
974,0.00036674964,0.00032930255,0.00021330458,0.0026958547,1.6258631e-05,1.4754491e-05,9.6011912e-06,4.1597502e-06,3,3,3,3,0.011331343,8.856175e-05,-1.0285603
975,0.0003677911,0.0003294718,0.00021249305,0.0026941359,1.6306202e-05,1.474806e-05,9.5497093e-06,4.1886634e-06,3,3,3,3,0.011410027,0.00013939298,-1.0284209
976,0.00036879141,0.00032962395,0.00021167118,0.002692373,1.6351908e-05,1.4743534e-05,9.4998244e-06,5.4319498e-06,3,3,3,3,0.014796642,-3.8508243e-06,-1.0284248
977,0.00036971128,0.00032959967,0.00021061864,0.0026908609,1.63935e-05,1.4727726e-05,9.4374781e-06,4.1982779e-06,3,3,3,3,0.011435772,0.00018103227,-1.0282437
978,0.00037051023,0.00032963844,0.00020972348,0.0026872863,1.6435665e-05,1.4721107e-05,9.3870025e-06,5.290659e-06,3,3,3,3,0.014411199,7.1248427e-06,-1.0282366
979,0.00037133553,0.00032984396,0.00020900904,0.002685275,1.6478957e-05,1.4723738e-05,9.3470505e-06,4.2167876e-06,3,3,3,3,0.011485743,0.00014753665,-1.0280891
980,0.0003719867,0.00032982377,0.00020813874,0.0026812656,1.6516557e-05,1.4716965e-05,9.2990095e-06,4.2487754e-06,3,3,3,3,0.011572738,0.00014493919,-1.0279441
981,0.00037258092,0.00032978411,0.00020727702,0.0026775649,1.6552042e-05,1.471026e-05,9.2521458e-06,4.2844925e-06,3,3,3,3,0.011669862,0.00016998786,-1.0277741
982,0.0003731036,0.0003296851,0.00020640984,0.0026739421,1.6584077e-05,1.4701382e-05,9.2056722e-06,5.0255738e-06,3,3,3,3,0.013688138,8.572731e-05,-1.0276884
983,0.00037358235,0.00032963103,0.00020567815,0.0026717508,1.6613369e-05,1.4694988e-05,9.1671968e-06,4.8987655e-06,3,3,3,3,0.013342462,0.00010002841,-1.0275884
984,0.00037390653,0.00032963288,0.00020509817,0.0026694443,1.6639737e-05,1.4693293e-05,9.1370259e-06,4.287551e-06,3,3,3,3,0.011677446,0.00021124396,-1.0273771
985,0.00037402823,0.00032941272,0.00020434671,0.0026651077,1.6658069e-05,1.4680565e-05,9.0977356e-06,6.4290599e-06,3,3,3,3,0.017509553,-1.4628474e-05,-1.0273918
986,0.000374146,0.00032904803,0.00020335931,0.0026619475,1.6670572e-05,1.46566e-05,9.0449024e-06,4.3253702e-06,3,3,3,3,0.011779444,0.00019156934,-1.0272002
987,0.00037395046,0.00032868406,0.00020262069,0.0026569504,1.6676765e-05,1.4642208e-05,9.0096802e-06,4.3431872e-06,3,3,3,3,0.01182758,0.00021368155,-1.0269865
988,0.00037370889,0.00032841766,0.00020202525,0.0026516836,1.6680783e-05,1.4632794e-05,8.981039e-06,5.9052272e-06,3,3,3,3,0.016080814,6.6532018e-06,-1.0269799
989,0.0003734564,0.00032847574,0.00020180585,0.0026491613,1.6683995e-05,1.4641524e-05,8.9715079e-06,4.942143e-06,3,3,3,3,0.013457265,0.00010535066,-1.0268745
990,0.00037293833,0.00032801825,0.00020118492,0.0026432552,1.6671769e-05,1.4622452e-05,8.9411028e-06,4.3628542e-06,3,3,3,3,0.011879332,0.00018914006,-1.0266854
991,0.00037237703,0.00032777612,0.00020083007,0.0026388237,1.6655978e-05,1.4616162e-05,8.9263032e-06,4.9972969e-06,3,3,3,3,0.013606183,9.6431789e-05,-1.0265889
992,0.00037177506,0.00032761581,0.00020063618,0.0026354149,1.6634946e-05,1.4613561e-05,8.9217155e-06,4.9692601e-06,3,3,3,3,0.013529194,0.00010434022,-1.0264846
993,0.00037110969,0.00032763925,0.00020073108,0.002632043,1.661073e-05,1.4622028e-05,8.9331638e-06,5.6801618e-06,3,3,3,3,0.015463912,1.2359594e-05,-1.0264722
994,0.00037029274,0.000327351,0.00020050602,0.0026267367,1.6575335e-05,1.4610175e-05,8.9278709e-06,4.4217752e-06,3,3,3,3,0.012037138,0.0001731314,-1.0262991
995,0.00036930247,0.00032721701,0.00020057074,0.0026227324,1.6532782e-05,1.4611632e-05,8.9405558e-06,5.5852303e-06,3,3,3,3,0.015203515,1.3149539e-05,-1.026286
996,0.00036837186,0.00032737039,0.00020092064,0.0026208535,1.6491583e-05,1.4626682e-05,8.966058e-06,4.4647697e-06,3,3,3,3,0.012152593,0.00018373075,-1.0261022
997,0.00036723533,0.00032734781,0.00020117246,0.0026174049,1.6442982e-05,1.4632906e-05,8.9854753e-06,5.0875961e-06,3,3,3,3,0.013847057,2.8063605e-05,-1.0260742
998,0.00036613347,0.00032754799,0.00020162195,0.0026157155,1.6395163e-05,1.4648305e-05,9.0143817e-06,5.1587259e-06,3,3,3,3,0.014039572,0.00010052671,-1.0259736
999,0.00036495264,0.00032765818,0.00020189935,0.0026140697,1.6339173e-05,1.4654975e-05,9.0315774e-06,5.0786068e-06,3,3,3,3,0.013820625,0.00010471613,-1.0258689
1000,0.00036374787,0.00032812092,0.00020254589,0.0026139239,1.6284814e-05,1.4683681e-05,9.0698253e-06,4.9761277e-06,3,3,3,3,0.01354084,0.00010088368,-1.025768
1001,0.00036249985,0.00032871324,0.00020323729,0.0026136655,1.6229083e-05,1.4718183e-05,9.1080058e-06,5.8427425e-06,3,3,3,3,0.015897915,1.7208733e-05,-1.0257508
1002,0.00036119303,0.00032909135,0.00020351977,0.002612359,1.6165721e-05,1.4738875e-05,9.1226094e-06,5.6083467e-06,3,3,3,3,0.015258702,1.0229178e-05,-1.0257406
1003,0.00035990151,0.00032990679,0.00020416555,0.0026142126,1.6102399e-05,1.4783052e-05,9.1585307e-06,4.5194354e-06,3,3,3,3,0.012294938,0.00013951865,-1.0256011
1004,0.00035845916,0.00033063503,0.00020469576,0.0026138065,1.6030283e-05,1.4821258e-05,9.1870489e-06,4.5419123e-06,3,3,3,3,0.012355141,0.00017825407,-1.0254228
1005,0.0003570991,0.00033150735,0.00020523497,0.0026136361,1.5959959e-05,1.4864081e-05,9.2134271e-06,5.0429919e-06,3,3,3,3,0.013717114,0.00013194805,-1.0252909
1006,0.00035582811,0.00033256727,0.00020580398,0.0026155084,1.5892202e-05,1.4915825e-05,9.2405353e-06,5.5189637e-06,3,3,3,3,0.015010479,6.4167562e-05,-1.0252267
1007,0.00035440821,0.00033347133,0.00020625115,0.0026167641,1.5820619e-05,1.4960859e-05,9.2612661e-06,5.2517387e-06,3,3,3,3,0.014282162,4.5864729e-05,-1.0251808
1008,0.00035301006,0.00033449171,0.00020674935,0.0026194928,1.5749959e-05,1.5011902e-05,9.2871826e-06,4.4665424e-06,3,3,3,3,0.012145573,0.00016755105,-1.0250133
1009,0.00035151842,0.00033540121,0.00020716188,0.0026218451,1.5673713e-05,1.505739e-05,9.309516e-06,4.4979208e-06,3,3,3,3,0.012229839,0.00018010939,-1.0248332
1010,0.00035017065,0.00033637506,0.00020757837,0.0026249218,1.5601366e-05,1.5104576e-05,9.3311535e-06,5.008575e-06,3,3,3,3,0.013617115,0.0001381433,-1.024695
1011,0.00034898328,0.00033747535,0.00020804725,0.0026291897,1.5535768e-05,1.5157449e-05,9.355153e-06,5.2754502e-06,3,3,3,3,0.01434137,7.3084618e-05,-1.024622
1012,0.00034776712,0.00033836434,0.0002083619,0.0026323355,1.5469326e-05,1.5198423e-05,9.3698652e-06,5.0755159e-06,3,3,3,3,0.013796347,6.0088509e-05,-1.0245619
1013,0.00034659718,0.00033928166,0.00020872031,0.0026370191,1.5406875e-05,1.5241066e-05,9.3877436e-06,4.4048938e-06,3,3,3,3,0.011972188,0.00016866305,-1.0243932
1014,0.00034537749,0.00034007143,0.000209002,0.0026414327,1.5345542e-05,1.5275805e-05,9.4017782e-06,4.4305638e-06,3,3,3,3,0.012040854,0.00018025189,-1.024213
1015,0.00034431132,0.00034087723,0.00020930892,0.0026463564,1.5290298e-05,1.5309658e-05,9.4156646e-06,4.8398251e-06,3,3,3,3,0.01315187,0.00014949095,-1.0240635
1016,0.00034343275,0.00034178996,0.00020974016,0.0026524874,1.5242572e-05,1.5350075e-05,9.4353843e-06,5.1315257e-06,3,3,3,3,0.013943212,7.7121416e-05,-1.0239863
1017,0.00034259003,0.00034246999,0.00021003326,0.0026582609,1.5192554e-05,1.5376856e-05,9.4479993e-06,4.7278983e-06,3,3,3,3,0.012845091,0.00015834011,-1.023828
1018,0.0003418049,0.00034322033,0.00021052711,0.0026649759,1.5142652e-05,1.5408937e-05,9.4731189e-06,5.0157274e-06,3,3,3,3,0.013625795,9.3883002e-05,-1.0237341
1019,0.00034108269,0.00034373408,0.00021095047,0.0026717803,1.509497e-05,1.542662e-05,9.4947692e-06,4.3588021e-06,3,3,3,3,0.011839952,0.00018049708,-1.0235536
1020,0.00034040078,0.00034418811,0.00021150048,0.0026782076,1.5048706e-05,1.544162e-05,9.5239627e-06,4.3693189e-06,3,3,3,3,0.011867433,0.0001879719,-1.0233657
1021,0.00033983575,0.00034460338,0.00021216126,0.0026847549,1.500908e-05,1.545344e-05,9.557596e-06,4.3788503e-06,3,3,3,3,0.01189225,0.00021089863,-1.0231548
1022,0.00033937918,0.00034495151,0.00021289779,0.0026914276,1.4975482e-05,1.5462666e-05,9.5949621e-06,4.6823588e-06,3,3,3,3,0.012715398,0.00017250302,-1.0229823
1023,0.00033904026,0.00034529645,0.00021378569,0.0026983751,1.4947034e-05,1.5473514e-05,9.6400807e-06,4.6274966e-06,3,3,3,3,0.012565295,0.00018222757,-1.0228
1024,0.0003387114,0.00034551735,0.00021476644,0.0027048835,1.4921683e-05,1.548148e-05,9.6902441e-06,5.117821e-06,3,3,3,3,0.01389551,9.9356981e-05,-1.0227007
1025,0.00033842013,0.00034544655,0.00021559007,0.0027101797,1.4897491e-05,1.5472916e-05,9.7311895e-06,4.2889966e-06,3,3,3,3,0.011644033,0.00019137735,-1.0225093
1026,0.00033811847,0.00034540766,0.00021656367,0.0027156128,1.4875629e-05,1.5468599e-05,9.7788035e-06,4.2817982e-06,3,3,3,3,0.011623566,0.00017610915,-1.0223332
1027,0.00033789375,0.00034539203,0.00021761588,0.0027209944,1.4857364e-05,1.5464106e-05,9.8303995e-06,4.2882724e-06,3,3,3,3,0.011640231,0.00017036516,-1.0221628
1028,0.00033771189,0.00034535396,0.00021872267,0.0027265151,1.4841685e-05,1.5458583e-05,9.8853053e-06,4.2852719e-06,3,3,3,3,0.011631212,0.00016616149,-1.0219967
1029,0.00033755199,0.00034525973,0.00021986893,0.0027322902,1.4827008e-05,1.5451263e-05,9.9418066e-06,4.2723335e-06,3,3,3,3,0.011595251,0.00015273589,-1.0218439
1030,0.00033740744,0.00034508038,0.00022102712,0.0027384078,1.4812751e-05,1.5440905e-05,9.9980078e-06,4.2473216e-06,3,3,3,3,0.011526559,0.00013229786,-1.0217116
1031,0.00033727182,0.0003448322,0.00022218056,0.002744577,1.4799729e-05,1.5427893e-05,1.0053029e-05,4.2350331e-06,3,3,3,3,0.011492437,9.4046829e-05,-1.0216176
1032,0.00033718653,0.00034454254,0.00022333816,0.0027506095,1.4787946e-05,1.5412896e-05,1.0106852e-05,4.2106329e-06,3,3,3,3,0.011425484,4.7025794e-05,-1.0215705
1033,0.00033716451,0.00034424165,0.00022448523,0.0027565291,1.4778316e-05,1.5396734e-05,1.0158986e-05,4.1998695e-06,3,3,3,3,0.011395566,-1.0792747e-05,-1.0215813
1034,0.00033716295,0.00034388501,0.00022561269,0.0027624744,1.4770069e-05,1.5377947e-05,1.0209015e-05,4.2063854e-06,3,3,3,3,0.011412553,-8.1602986e-05,-1.0216629
1035,0.00033717136,0.0003434906,0.00022672074,0.0027682602,1.4763944e-05,1.535713e-05,1.0257865e-05,5.6941141e-06,3,3,3,3,0.015448088,-2.0986771e-05,-1.0216839
1036,0.00033720569,0.00034293286,0.00022752901,0.0027748223,1.4754283e-05,1.5322689e-05,1.0290504e-05,5.3521842e-06,3,3,3,3,0.014519958,-3.2484879e-05,-1.0217164
1037,0.00033727312,0.00034267297,0.00022874513,0.0027812244,1.4750986e-05,1.5308929e-05,1.0347992e-05,4.1824891e-06,3,3,3,3,0.01134633,-0.00013100161,-1.0218474
1038,0.00033725225,0.00034209064,0.0002296432,0.0027842374,1.4746379e-05,1.5276129e-05,1.0387591e-05,4.5910095e-06,3,3,3,3,0.012453984,-6.5725747e-05,-1.0219131
1039,0.00033733471,0.00034146853,0.00023038361,0.0027873663,1.4745927e-05,1.5240387e-05,1.0419094e-05,4.2747704e-06,3,3,3,3,0.01159564,-0.00013371246,-1.0220469
1040,0.00033745955,0.0003408942,0.00023116283,0.0027918549,1.4750729e-05,1.5209575e-05,1.0454467e-05,4.716057e-06,3,3,3,3,0.012792143,-6.6992819e-05,-1.0221138
1041,0.00033765882,0.00034044607,0.00023203797,0.0027970133,1.4759636e-05,1.5186584e-05,1.0496987e-05,4.2764264e-06,3,3,3,3,0.011599227,-0.00015289766,-1.0222667
1042,0.00033785717,0.00033994819,0.00023283677,0.0028012514,1.477036e-05,1.5159693e-05,1.0535491e-05,5.1723668e-06,3,3,3,3,0.014028841,-2.4590779e-05,-1.0222913
1043,0.0003380588,0.00033929613,0.00023333589,0.0028050082,1.4779301e-05,1.5122398e-05,1.0559539e-05,4.2266366e-06,3,3,3,3,0.011463625,-0.00015544125,-1.0224468
1044,0.0003382985,0.00033874059,0.00023394827,0.0028084025,1.4791666e-05,1.5092544e-05,1.059248e-05,4.2539595e-06,3,3,3,3,0.011537428,-0.00018440627,-1.0226312
1045,0.00033862123,0.0003382943,0.00023454648,0.0028117059,1.4806575e-05,1.5066728e-05,1.0624169e-05,5.9991046e-06,3,3,3,3,0.016270167,-3.0816345e-05,-1.022662
1046,0.00033896295,0.00033778864,0.00023500121,0.0028165722,1.4819362e-05,1.5037772e-05,1.0648184e-05,5.3114159e-06,3,3,3,3,0.014405205,-3.6850442e-05,-1.0226988
1047,0.00033934547,0.00033748657,0.00023568043,0.002820374,1.4836353e-05,1.5020304e-05,1.0683614e-05,4.2331555e-06,3,3,3,3,0.01148088,-0.00012831017,-1.0228272
1048,0.00033965902,0.00033689396,0.00023600947,0.0028213292,1.4848745e-05,1.4987856e-05,1.0700934e-05,4.2735983e-06,3,3,3,3,0.011590423,-0.00013030265,-1.0229575
1049,0.00034004106,0.00033632401,0.00023628667,0.0028222789,1.4864953e-05,1.4958329e-05,1.0715424e-05,4.8730884e-06,3,3,3,3,0.013216192,-6.5419715e-05,-1.0230229
1050,0.00034049538,0.0003358383,0.00023651071,0.0028245146,1.4884189e-05,1.4928871e-05,1.0725822e-05,4.8104237e-06,3,3,3,3,0.013046197,-8.5956645e-05,-1.0231088
1051,0.00034100084,0.00033564052,0.00023703857,0.0028272406,1.4910912e-05,1.4920405e-05,1.0755754e-05,4.3028711e-06,3,3,3,3,0.011669676,-0.00020144684,-1.0233103
1052,0.00034147994,0.00033532341,0.00023740084,0.0028280533,1.4938115e-05,1.4903405e-05,1.0774259e-05,5.800154e-06,3,3,3,3,0.015730434,-4.4103862e-05,-1.0233544
1053,0.00034197617,0.00033471147,0.00023737337,0.0028281437,1.496145e-05,1.4868148e-05,1.0771174e-05,5.611023e-06,3,3,3,3,0.015217974,-5.1842127e-05,-1.0234062
1054,0.00034254948,0.00033437368,0.00023760353,0.0028299482,1.4991394e-05,1.4851251e-05,1.0781892e-05,4.2655521e-06,3,3,3,3,0.011569233,-0.00019729945,-1.0236035
1055,0.00034305071,0.00033394057,0.00023775393,0.0028287201,1.5021956e-05,1.4830477e-05,1.0787606e-05,5.0423174e-06,3,3,3,3,0.013676173,-5.2817646e-05,-1.0236563
1056,0.00034366565,0.00033375516,0.00023811388,0.0028296419,1.505668e-05,1.4824795e-05,1.0804278e-05,4.7652781e-06,3,3,3,3,0.012925191,-0.00011509776,-1.0237714
1057,0.00034432064,0.00033343327,0.0002382267,0.0028295305,1.5090343e-05,1.4807481e-05,1.0807134e-05,4.3576265e-06,3,3,3,3,0.01181973,-0.00021098351,-1.0239824
1058,0.0003450155,0.00033324308,0.00023850237,0.0028309808,1.5127837e-05,1.479928e-05,1.0819948e-05,5.2821849e-06,3,3,3,3,0.014327826,-5.6923636e-05,-1.0240394
1059,0.00034576263,0.00033301089,0.00023871709,0.0028329054,1.5167941e-05,1.4786926e-05,1.082817e-05,5.070871e-06,3,3,3,3,0.013755263,-7.1301732e-05,-1.0241107
1060,0.00034656357,0.00033290588,0.00023902933,0.002836009,1.5210157e-05,1.4779557e-05,1.0841342e-05,4.7705647e-06,3,3,3,3,0.012941243,-0.00014097405,-1.0242516
1061,0.00034742021,0.00033281606,0.0002392988,0.0028385772,1.5255047e-05,1.477216e-05,1.085304e-05,5.0159059e-06,3,3,3,3,0.013607229,-6.5071845e-05,-1.0243167
1062,0.00034832866,0.00033267605,0.00023953357,0.0028430361,1.5301492e-05,1.4760315e-05,1.0862131e-05,4.9335956e-06,3,3,3,3,0.01338459,-6.0267025e-05,-1.024377
1063,0.00034936771,0.00033272128,0.00023994756,0.0028488864,1.535465e-05,1.4757662e-05,1.0880862e-05,4.4076295e-06,3,3,3,3,0.011958259,-0.00019592363,-1.0245729
1064,0.00035043341,0.00033266624,0.00024024946,0.0028538726,1.5410455e-05,1.4748656e-05,1.0893675e-05,5.0120758e-06,3,3,3,3,0.013598653,-6.9339385e-05,-1.0246422
1065,0.00035159756,0.00033268961,0.00024066847,0.0028603116,1.5471645e-05,1.4746445e-05,1.0913686e-05,4.9380634e-06,3,3,3,3,0.013398573,-7.5515607e-05,-1.0247177
1066,0.00035282204,0.00033271266,0.00024111464,0.0028664956,1.5535289e-05,1.4745401e-05,1.0935011e-05,4.8011717e-06,3,3,3,3,0.013027872,-7.3393305e-05,-1.0247911
1067,0.00035408344,0.00033276328,0.00024158439,0.0028729693,1.5601085e-05,1.4744012e-05,1.0956942e-05,5.0187124e-06,3,3,3,3,0.013618943,-0.00014549537,-1.0249366
1068,0.00035546215,0.00033305308,0.00024223868,0.0028809994,1.5673539e-05,1.4755249e-05,1.0989029e-05,5.2021799e-06,3,3,3,3,0.014117463,-6.3380799e-05,-1.025
1069,0.0003567526,0.00033309454,0.00024268315,0.0028884797,1.5744601e-05,1.475375e-05,1.1012082e-05,5.2995703e-06,3,3,3,3,0.014382686,-6.4429164e-05,-1.0250644
1070,0.00035815642,0.00033324381,0.00024319575,0.0028972001,1.581856e-05,1.4756179e-05,1.1039433e-05,5.1426769e-06,3,3,3,3,0.013957827,-6.7232458e-05,-1.0251317
1071,0.00035957859,0.0003334917,0.00024385212,0.0029061147,1.5894795e-05,1.4767895e-05,1.1075631e-05,4.9124062e-06,3,3,3,3,0.013333751,-6.8483034e-05,-1.0252002
1072,0.00036098886,0.00033373436,0.00024448282,0.0029146002,1.5970793e-05,1.4779088e-05,1.1109696e-05,5.0799465e-06,3,3,3,3,0.013789431,-0.00013837123,-1.0253385
1073,0.00036246071,0.00033401655,0.00024504329,0.0029227579,1.6047562e-05,1.479104e-05,1.1140553e-05,5.1742093e-06,3,3,3,3,0.014046098,-6.8405011e-05,-1.0254069
1074,0.00036385454,0.00033420773,0.00024560076,0.0029309794,1.6121323e-05,1.4800721e-05,1.1170759e-05,5.2748917e-06,3,3,3,3,0.014320471,-7.1097141e-05,-1.025478
1075,0.0003653005,0.00033449612,0.00024619169,0.0029392371,1.6196216e-05,1.4814098e-05,1.1202329e-05,5.1856649e-06,3,3,3,3,0.014079307,-7.6380925e-05,-1.0255544
1076,0.00036674164,0.00033486485,0.00024683083,0.0029475214,1.6269444e-05,1.4832019e-05,1.1236451e-05,5.0301154e-06,3,3,3,3,0.013658008,-7.9898221e-05,-1.0256343
1077,0.00036813343,0.00033528684,0.00024746892,0.0029555829,1.6339237e-05,1.4850845e-05,1.12701e-05,5.1316263e-06,3,3,3,3,0.013934684,-0.00016433925,-1.0257987
1078,0.00036953559,0.00033587862,0.00024814497,0.0029635559,1.640738e-05,1.4877554e-05,1.1305608e-05,5.3861505e-06,3,3,3,3,0.014626788,-8.9203688e-05,-1.0258879
1079,0.00037078777,0.00033631026,0.00024871317,0.0029710048,1.6469633e-05,1.4896918e-05,1.1334266e-05,5.4342612e-06,3,3,3,3,0.014758694,-7.6183823e-05,-1.025964
1080,0.00037201548,0.00033675997,0.00024923773,0.0029788749,1.652687e-05,1.4914896e-05,1.1358646e-05,5.2448622e-06,3,3,3,3,0.014245521,-8.2344916e-05,-1.0260464
1081,0.0003731568,0.00033733167,0.00024987198,0.0029871911,1.6579218e-05,1.4942894e-05,1.1387596e-05,4.9963515e-06,3,3,3,3,0.013571678,-8.7125881e-05,-1.0261335
1082,0.00037420166,0.00033788569,0.00025044581,0.0029943519,1.6624938e-05,1.4969449e-05,1.141121e-05,5.0351037e-06,3,3,3,3,0.013678054,-0.00015882304,-1.0262923
1083,0.00037518696,0.00033838665,0.00025086488,0.0030008664,1.6664388e-05,1.4991373e-05,1.1424347e-05,5.1089845e-06,3,3,3,3,0.013879749,-8.7568943e-05,-1.0263799
1084,0.00037603636,0.00033884429,0.00025128317,0.003007374,1.6698702e-05,1.5014043e-05,1.1438507e-05,5.1474453e-06,3,3,3,3,0.013985448,-9.0266557e-05,-1.0264702
1085,0.00037685399,0.00033933641,0.00025168977,0.0030125748,1.6727993e-05,1.5038253e-05,1.1450959e-05,5.0516654e-06,3,3,3,3,0.013726411,-9.5342837e-05,-1.0265655
1086,0.00037756965,0.00033978341,0.00025202152,0.0030168167,1.6751857e-05,1.5061873e-05,1.146006e-05,4.9218012e-06,3,3,3,3,0.013374705,-9.6713428e-05,-1.0266622
1087,0.00037817634,0.00034020331,0.00025226612,0.0030203372,1.6772647e-05,1.508208e-05,1.146339e-05,4.9700574e-06,3,3,3,3,0.01350699,-0.00016754967,-1.0268298
1088,0.00037877524,0.00034071627,0.00025250077,0.0030233439,1.6794081e-05,1.5106113e-05,1.1463615e-05,5.1253178e-06,3,3,3,3,0.013929954,-8.5403676e-05,-1.0269152
1089,0.00037925791,0.00034102921,0.00025251306,0.0030258057,1.6815252e-05,1.5118283e-05,1.1452101e-05,5.149282e-06,3,3,3,3,0.013996278,-8.2107435e-05,-1.0269973
1090,0.00037973225,0.00034135883,0.00025244652,0.0030282325,1.6835418e-05,1.5129264e-05,1.1436292e-05,4.9941525e-06,3,3,3,3,0.013575792,-8.1524647e-05,-1.0270788
1091,0.00038014296,0.00034170066,0.00025236428,0.0030296266,1.685468e-05,1.5144873e-05,1.1421419e-05,4.7898627e-06,3,3,3,3,0.013021558,-7.9952733e-05,-1.0271588
1092,0.00038048032,0.00034202919,0.00025215282,0.0030296639,1.6870223e-05,1.5160641e-05,1.140104e-05,4.4621079e-06,3,3,3,3,0.012131516,-0.00019362231,-1.0273524
1093,0.00038075847,0.0003423375,0.00025173895,0.0030285625,1.6883689e-05,1.5175728e-05,1.1371687e-05,4.7666492e-06,3,3,3,3,0.012960401,-7.6623627e-05,-1.027429
1094,0.00038100218,0.00034269102,0.00025130748,0.0030276689,1.6900236e-05,1.5193549e-05,1.1342495e-05,4.757402e-06,3,3,3,3,0.012936302,-7.5713951e-05,-1.0275047
1095,0.00038123208,0.00034306094,0.00025080496,0.0030262679,1.6918012e-05,1.5211453e-05,1.1308786e-05,4.7901536e-06,3,3,3,3,0.013026392,-0.00014032811,-1.0276451
1096,0.00038144047,0.00034355539,0.00025037775,0.0030242734,1.6937234e-05,1.5239592e-05,1.1279065e-05,4.9406953e-06,3,3,3,3,0.013436702,-7.3951342e-05,-1.027719
1097,0.00038156606,0.00034376139,0.00024965544,0.0030202739,1.695282e-05,1.5254187e-05,1.1234253e-05,4.9331242e-06,3,3,3,3,0.01341719,-6.7238853e-05,-1.0277862
1098,0.00038172185,0.00034396123,0.00024885693,0.0030168533,1.6968309e-05,1.5268868e-05,1.1188039e-05,4.3041701e-06,3,3,3,3,0.011707493,-0.00017096493,-1.0279572
1099,0.00038181306,0.00034413656,0.00024807992,0.0030124421,1.6981291e-05,1.5288247e-05,1.1147302e-05,4.9792448e-06,3,3,3,3,0.01354463,-4.759912e-05,-1.0280048
1100,0.00038196886,0.00034425663,0.00024729509,0.0030091913,1.6995761e-05,1.5305885e-05,1.1105846e-05,4.7997689e-06,3,3,3,3,0.013057453,-4.1486552e-05,-1.0280463
1101,0.00038206292,0.00034437984,0.00024656256,0.0030051354,1.7008166e-05,1.5325436e-05,1.106672e-05,4.5262756e-06,3,3,3,3,0.012314375,-7.8488028e-05,-1.0281248
1102,0.00038203303,0.00034428295,0.00024563946,0.0029997165,1.7013209e-05,1.5333146e-05,1.1018901e-05,4.2354413e-06,3,3,3,3,0.011523875,-0.00013288835,-1.0282577
1103,0.00038197442,0.00034425839,0.0002448128,0.002995674,1.7018085e-05,1.5346282e-05,1.0979054e-05,4.5663763e-06,3,3,3,3,0.012425088,-8.7855442e-05,-1.0283455
1104,0.00038193201,0.00034436512,0.0002441387,0.0029927417,1.7023816e-05,1.5363867e-05,1.0948532e-05,5.2007227e-06,3,3,3,3,0.014152088,-2.7182458e-05,-1.0283727
1105,0.00038181187,0.00034422285,0.00024320231,0.0029886361,1.7026041e-05,1.5363544e-05,1.0903738e-05,4.988839e-06,3,3,3,3,0.013576633,-2.6856636e-05,-1.0283996
1106,0.00038167555,0.00034424509,0.00024247177,0.0029860242,1.7028202e-05,1.5373458e-05,1.0871928e-05,4.1247977e-06,3,3,3,3,0.011226116,-0.0001139362,-1.0285135
1107,0.00038134472,0.00034412055,0.00024168348,0.0029811867,1.7022455e-05,1.5377112e-05,1.0838327e-05,4.1429384e-06,3,3,3,3,0.011276205,-0.00010722143,-1.0286207
1108,0.00038102245,0.00034408986,0.00024097147,0.0029765424,1.7014773e-05,1.5383462e-05,1.0807304e-05,4.1867532e-06,3,3,3,3,0.011396174,-0.00012234157,-1.0287431
1109,0.00038065941,0.00034413882,0.00024033492,0.0029727927,1.7003866e-05,1.5393165e-05,1.0779341e-05,4.8451763e-06,3,3,3,3,0.013189174,-1.3320064e-05,-1.0287564
1110,0.00038027867,0.00034428257,0.00023977834,0.0029696431,1.6992339e-05,1.540764e-05,1.0756087e-05,4.1679998e-06,3,3,3,3,0.011346644,-0.00012525207,-1.0288816
1111,0.00037977628,0.00034434634,0.0002392161,0.0029660411,1.6971624e-05,1.5416324e-05,1.0731992e-05,4.1534403e-06,3,3,3,3,0.011307679,-0.0001301041,-1.0290117
1112,0.00037923256,0.00034453444,0.00023879443,0.0029629672,1.6946676e-05,1.5432118e-05,1.0715472e-05,4.8855364e-06,3,3,3,3,0.013301588,-6.660317e-06,-1.0290184
1113,0.00037866416,0.00034475082,0.00023831005,0.0029602263,1.692055e-05,1.5447206e-05,1.0695185e-05,4.1221662e-06,3,3,3,3,0.011224023,-9.8153242e-05,-1.0291166
1114,0.00037799212,0.00034499182,0.00023793263,0.002957641,1.6889883e-05,1.5463857e-05,1.0681376e-05,4.1259913e-06,3,3,3,3,0.01123509,-7.9871046e-05,-1.0291964
1115,0.00037729847,0.00034530807,0.00023763773,0.0029558742,1.6856287e-05,1.5484805e-05,1.0671339e-05,4.1397095e-06,3,3,3,3,0.011273086,-7.1223353e-05,-1.0292676
1116,0.0003765409,0.00034567816,0.00023741695,0.0029543718,1.6820751e-05,1.5506109e-05,1.0663004e-05,4.1537491e-06,3,3,3,3,0.011311953,-6.9885225e-05,-1.0293375
1117,0.00037572634,0.00034606772,0.00023724493,0.0029532038,1.6783467e-05,1.5526279e-05,1.0657489e-05,4.1663447e-06,3,3,3,3,0.011346897,-7.4310977e-05,-1.0294118
1118,0.00037489364,0.00034647526,0.000237103,0.0029523823,1.6743555e-05,1.554622e-05,1.0655549e-05,4.1767115e-06,3,3,3,3,0.011375751,-8.2528897e-05,-1.0294944
1119,0.00037402568,0.00034687338,0.00023700909,0.0029518491,1.6701958e-05,1.5566112e-05,1.0654708e-05,5.8288882e-06,3,3,3,3,0.015876497,2.3286358e-05,-1.0294711
1120,0.00037324913,0.00034740951,0.00023694414,0.0029530496,1.6663681e-05,1.5591647e-05,1.0652812e-05,4.1503047e-06,3,3,3,3,0.011305301,-4.0552772e-05,-1.0295116
1121,0.00037222024,0.00034772727,0.00023691414,0.002951409,1.661921e-05,1.5608311e-05,1.0653072e-05,4.1570011e-06,3,3,3,3,0.011324163,-9.3141664e-06,-1.029521
1122,0.00037124973,0.00034813821,0.00023693399,0.0029505402,1.657603e-05,1.5627766e-05,1.0655033e-05,4.1715478e-06,3,3,3,3,0.011364414,2.3194173e-05,-1.0294978
1123,0.0003702768,0.00034860577,0.00023697914,0.0029507776,1.6533654e-05,1.5650379e-05,1.0659585e-05,4.1914978e-06,3,3,3,3,0.011419371,5.8182655e-05,-1.0294396
1124,0.00036930622,0.0003490716,0.00023704881,0.0029512459,1.6492024e-05,1.5672782e-05,1.0666125e-05,4.1941856e-06,3,3,3,3,0.011427273,9.7834242e-05,-1.0293417
1125,0.00036833748,0.00034951058,0.0002371726,0.0029522757,1.6451877e-05,1.5694993e-05,1.0674686e-05,4.1902024e-06,3,3,3,3,0.011417002,0.00014379259,-1.0291979
1126,0.00036736514,0.00034999775,0.00023735146,0.0029540104,1.6411163e-05,1.5717906e-05,1.0686102e-05,4.1893584e-06,3,3,3,3,0.011415267,0.00019689193,-1.0290011
1127,0.00036643089,0.00035048882,0.00023759559,0.0029562303,1.6371619e-05,1.5740806e-05,1.0700887e-05,4.2079539e-06,3,3,3,3,0.011466476,0.00025206163,-1.028749
1128,0.00036553714,0.00035097816,0.00023791253,0.002958234,1.6333996e-05,1.5764939e-05,1.0718846e-05,4.716875e-06,3,3,3,3,0.012853861,0.00019802024,-1.028551
1129,0.00036472322,0.00035159592,0.00023840927,0.0029598317,1.629879e-05,1.5796674e-05,1.0745073e-05,5.1486684e-06,3,3,3,3,0.014031143,0.00011174186,-1.0284392
1130,0.00036380875,0.00035194083,0.00023869855,0.0029612791,1.6256912e-05,1.5811375e-05,1.076144e-05,4.2048611e-06,3,3,3,3,0.011459393,0.00025714115,-1.0281821
1131,0.00036295116,0.00035240202,0.00023918555,0.0029634454,1.6218942e-05,1.5833093e-05,1.0789768e-05,4.2372562e-06,3,3,3,3,0.011548193,0.00023838639,-1.0279437
1132,0.00036220868,0.0003529224,0.00023975322,0.0029662338,1.618262e-05,1.5855417e-05,1.0821225e-05,4.2762102e-06,3,3,3,3,0.011654876,0.00024231047,-1.0277014
1133,0.00036154338,0.0003534948,0.00024039428,0.0029693136,1.6151058e-05,1.5880711e-05,1.0856218e-05,4.2908117e-06,3,3,3,3,0.011695143,0.00026603605,-1.0274354
1134,0.00036095339,0.00035412246,0.00024113525,0.0029735423,1.6124718e-05,1.5908006e-05,1.0894439e-05,4.7287248e-06,3,3,3,3,0.012889246,0.0002095351,-1.0272258
1135,0.00036048077,0.00035490401,0.00024201742,0.0029798745,1.6103414e-05,1.5943005e-05,1.0939482e-05,5.428638e-06,3,3,3,3,0.014797585,9.5126681e-05,-1.0271307
1136,0.00036006942,0.00035560228,0.00024289605,0.0029872299,1.6080598e-05,1.5975319e-05,1.0985857e-05,4.287021e-06,3,3,3,3,0.011685945,0.00026262719,-1.0268681
1137,0.00035973046,0.00035632399,0.0002438423,0.0029948408,1.6062251e-05,1.6014098e-05,1.103798e-05,4.3484991e-06,3,3,3,3,0.011853983,0.0002650456,-1.026603
1138,0.00035951906,0.00035715472,0.00024484944,0.0030034884,1.6049211e-05,1.606013e-05,1.109356e-05,4.8760411e-06,3,3,3,3,0.013292547,0.00017962098,-1.0264234
1139,0.00035944237,0.00035812786,0.00024587973,0.0030129522,1.6044403e-05,1.6113145e-05,1.1148918e-05,4.9323654e-06,3,3,3,3,0.013446562,0.0001959386,-1.0262275
1140,0.0003594674,0.00035928424,0.00024713397,0.0030230018,1.6045542e-05,1.6177197e-05,1.1216241e-05,5.7655489e-06,3,3,3,3,0.01571847,7.3800965e-05,-1.0261537
1141,0.00035952323,0.00036016764,0.00024815145,0.003029595,1.6044437e-05,1.6223969e-05,1.1270468e-05,4.3752743e-06,3,3,3,3,0.011928332,0.00026004481,-1.0258936
1142,0.00035967972,0.0003611141,0.00024930397,0.0030360533,1.6049248e-05,1.6281654e-05,1.1334254e-05,5.2939376e-06,3,3,3,3,0.014433347,8.6649864e-05,-1.025807
1143,0.00036005265,0.00036224234,0.00025066722,0.0030438541,1.6062389e-05,1.6348556e-05,1.1407617e-05,4.4163066e-06,3,3,3,3,0.012040711,0.00023959844,-1.0255674
1144,0.00036048757,0.00036329347,0.00025190436,0.0030502275,1.6079985e-05,1.6410213e-05,1.1474038e-05,4.9598214e-06,3,3,3,3,0.01352292,0.00016485555,-1.0254025
1145,0.00036110563,0.00036449691,0.00025317695,0.0030577047,1.6104135e-05,1.6478941e-05,1.1543209e-05,4.9563256e-06,3,3,3,3,0.013513711,0.00018531953,-1.0252172
1146,0.00036182562,0.00036588276,0.00025471244,0.0030667195,1.6132099e-05,1.6559063e-05,1.1627368e-05,5.9907994e-06,3,3,3,3,0.01633462,6.4212268e-05,-1.025153
1147,0.00036253327,0.00036690867,0.00025592933,0.00307393,1.6156262e-05,1.6613355e-05,1.1693879e-05,5.4600517e-06,3,3,3,3,0.014887439,7.5404003e-05,-1.0250776
1148,0.0003633983,0.00036821932,0.0002574828,0.0030834284,1.6188888e-05,1.6685498e-05,1.1780055e-05,4.400749e-06,3,3,3,3,0.011999097,0.00021425237,-1.0248633
1149,0.00036428979,0.00036939238,0.00025892108,0.0030913543,1.6226102e-05,1.6750796e-05,1.1860693e-05,4.5096056e-06,3,3,3,3,0.012296094,0.00023459205,-1.0246287
1150,0.00036537406,0.00037068927,0.00026042239,0.0031007903,1.6271884e-05,1.6821714e-05,1.1944547e-05,5.2731034e-06,3,3,3,3,0.014378095,7.3955999e-05,-1.0245548
1151,0.00036649272,0.00037204266,0.00026203693,0.0031119587,1.6320594e-05,1.6894979e-05,1.2032357e-05,5.2091826e-06,3,3,3,3,0.014203723,0.00018094148,-1.0243738
1152,0.00036779635,0.00037358339,0.00026384672,0.0031243591,1.6376119e-05,1.6976524e-05,1.2128412e-05,5.5616597e-06,3,3,3,3,0.015164972,6.268013e-05,-1.0243112
1153,0.00036908459,0.00037472765,0.00026546033,0.0031350339,1.642948e-05,1.7039006e-05,1.2212021e-05,5.4232794e-06,3,3,3,3,0.014787553,6.211034e-05,-1.024249
1154,0.00037059721,0.0003759522,0.00026719414,0.003146978,1.6492079e-05,1.7107177e-05,1.2300922e-05,4.6434081e-06,3,3,3,3,0.012661026,0.0002067289,-1.0240423
1155,0.00037221151,0.00037717839,0.00026899088,0.0031573053,1.6559842e-05,1.717707e-05,1.2395468e-05,5.4684266e-06,3,3,3,3,0.014910756,5.6664197e-05,-1.0239857
1156,0.00037397439,0.00037841744,0.00027081359,0.0031688623,1.6634362e-05,1.7249201e-05,1.2494327e-05,5.3490066e-06,3,3,3,3,0.014585084,5.7074083e-05,-1.0239286
1157,0.00037587654,0.00037964094,0.00027268067,0.0031801047,1.6715753e-05,1.7321169e-05,1.2596439e-05,5.0788966e-06,3,3,3,3,0.013848545,0.00012579106,-1.0238028
1158,0.00037793734,0.00038078055,0.00027452908,0.0031909726,1.680658e-05,1.738798e-05,1.2697919e-05,5.5072425e-06,3,3,3,3,0.015016672,6.9526146e-05,-1.0237333
1159,0.00038001144,0.0003817067,0.00027629343,0.0032029283,1.6902365e-05,1.7443678e-05,1.2794499e-05,5.4835234e-06,3,3,3,3,0.014951951,7.3981595e-05,-1.0236593
1160,0.00038224933,0.00038271155,0.00027811752,0.0032159102,1.7008295e-05,1.7500623e-05,1.2894362e-05,5.3495877e-06,3,3,3,3,0.014586721,7.1731452e-05,-1.0235875
1161,0.0003845653,0.00038367319,0.00027992183,0.0032292951,1.7120199e-05,1.7554865e-05,1.2992315e-05,5.1268073e-06,3,3,3,3,0.013979282,0.00011953925,-1.023468
1162,0.00038701386,0.00038464014,0.00028167133,0.0032428172,1.7237697e-05,1.7606772e-05,1.3087172e-05,5.6142985e-06,3,3,3,3,0.015308744,7.3489971e-05,-1.0233945
1163,0.00038948374,0.00038543608,0.00028325527,0.0032567514,1.7356449e-05,1.7648676e-05,1.3172266e-05,5.6937126e-06,3,3,3,3,0.015525317,5.9383081e-05,-1.0233351
1164,0.0003920184,0.00038626277,0.00028480401,0.0032705557,1.747634e-05,1.7691572e-05,1.3254708e-05,5.573301e-06,3,3,3,3,0.015197035,5.9667472e-05,-1.0232755
1165,0.00039457901,0.00038706677,0.00028632369,0.0032831241,1.7594854e-05,1.7733924e-05,1.3335036e-05,5.3747381e-06,3,3,3,3,0.014655684,5.9208295e-05,-1.0232163
1166,0.00039708094,0.00038779409,0.00028775362,0.0032945322,1.7712222e-05,1.7771001e-05,1.3407766e-05,5.2422169e-06,3,3,3,3,0.014294504,0.0001085606,-1.0231077
1167,0.00039955058,0.00038852004,0.00028907829,0.0033054176,1.7825819e-05,1.7803283e-05,1.3471115e-05,5.5137622e-06,3,3,3,3,0.015035385,5.9168816e-05,-1.0230485
1168,0.0004019029,0.00038917902,0.00029023547,0.003315818,1.7934561e-05,1.7831807e-05,1.3523691e-05,5.5769925e-06,3,3,3,3,0.015208055,5.909751e-05,-1.0229894
1169,0.00040425356,0.00038983894,0.00029128251,0.0033252192,1.8039597e-05,1.7857633e-05,1.3567177e-05,5.4977092e-06,3,3,3,3,0.014992081,5.7666488e-05,-1.0229318
1170,0.00040652355,0.00039051156,0.00029222595,0.0033338453,1.8140092e-05,1.7881198e-05,1.3606007e-05,5.0059833e-06,3,3,3,3,0.013651368,0.00016334245,-1.0227684
1171,0.00040869235,0.00039119923,0.00029315869,0.0033405177,1.8235847e-05,1.7903995e-05,1.3643155e-05,5.6951474e-06,3,3,3,3,0.015531197,6.4786798e-05,-1.0227036
1172,0.00041072827,0.00039177329,0.00029378996,0.0033469882,1.8325062e-05,1.7919685e-05,1.3665425e-05,5.6634164e-06,3,3,3,3,0.015444896,6.523415e-05,-1.0226384
1173,0.00041279185,0.00039246555,0.00029435228,0.0033533323,1.841414e-05,1.7939747e-05,1.3686325e-05,4.995345e-06,3,3,3,3,0.013623171,0.00017817609,-1.0224602
1174,0.00041477309,0.000393117,0.00029481209,0.003357574,1.8501243e-05,1.79571e-05,1.3702335e-05,5.6951592e-06,3,3,3,3,0.015532121,8.2058699e-05,-1.0223782
1175,0.00041670368,0.00039378577,0.00029505204,0.0033624791,1.8585659e-05,1.7976447e-05,1.3705966e-05,4.9934516e-06,3,3,3,3,0.013618569,0.00017992703,-1.0221982
1176,0.00041868183,0.00039454695,0.00029527486,0.0033663204,1.8670484e-05,1.8001151e-05,1.3709874e-05,5.8298672e-06,3,3,3,3,0.015900157,8.0675309e-05,-1.0221176
1177,0.00042060095,0.00039521667,0.00029516839,0.0033710219,1.8750215e-05,1.8021764e-05,1.3694061e-05,5.0000214e-06,3,3,3,3,0.013637008,0.00016649018,-1.0219511
1178,0.00042255856,0.00039590223,0.00029510742,0.0033734217,1.8831739e-05,1.8044521e-05,1.3681124e-05,5.8646241e-06,3,3,3,3,0.015995537,5.7516709e-05,-1.0218936
1179,0.00042454671,0.00039649808,0.00029473511,0.0033769425,1.8913227e-05,1.8061731e-05,1.3652531e-05,5.0061786e-06,3,3,3,3,0.013654257,0.00012413712,-1.0217694
1180,0.00042648371,0.00039695188,0.00029428571,0.0033780637,1.8996817e-05,1.8073846e-05,1.362181e-05,5.0095306e-06,3,3,3,3,0.013663687,0.00011348771,-1.0216559
1181,0.00042847198,0.00039746169,0.00029379882,0.0033803341,1.9084108e-05,1.8090213e-05,1.359059e-05,6.025106e-06,3,3,3,3,0.016433997,4.6027684e-05,-1.0216099
1182,0.00043047762,0.00039782183,0.00029300491,0.0033837017,1.9171275e-05,1.8099496e-05,1.3543856e-05,5.0527747e-06,3,3,3,3,0.013781833,8.8973049e-05,-1.0215209
1183,0.00043240182,0.0003980408,0.00029217523,0.0033859404,1.9257903e-05,1.8102138e-05,1.349412e-05,5.8538941e-06,3,3,3,3,0.015967089,3.0708421e-05,-1.0214902
1184,0.00043448222,0.0003984992,0.00029140713,0.0033905202,1.9350058e-05,1.8117674e-05,1.3447327e-05,5.082062e-06,3,3,3,3,0.013861771,4.290846e-05,-1.0214473
1185,0.00043646695,0.00039864903,0.00029037054,0.0033920976,1.9436251e-05,1.81173e-05,1.3388183e-05,5.0960447e-06,3,3,3,3,0.013900028,2.1724661e-05,-1.0214256
1186,0.00043857781,0.00039887666,0.00028930684,0.0033936682,1.9524277e-05,1.8117976e-05,1.3326072e-05,5.1227034e-06,3,3,3,3,0.013972857,1.1325173e-05,-1.0214143
1187,0.00044075554,0.0003992128,0.00028831211,0.0033958792,1.9618649e-05,1.8123929e-05,1.3269542e-05,5.2973004e-06,3,3,3,3,0.014449239,5.1207086e-05,-1.0213631
1188,0.00044293272,0.00039954346,0.00028732372,0.0033986325,1.9717576e-05,1.812856e-05,1.3213673e-05,5.1395536e-06,3,3,3,3,0.014019097,3.3719504e-05,-1.0213293
1189,0.00044511558,0.00039987179,0.00028641075,0.0034016805,1.9818784e-05,1.8131565e-05,1.315893e-05,6.0833383e-06,3,3,3,3,0.016593609,1.9341819e-05,-1.02131
1190,0.00044729294,0.00040017532,0.00028537741,0.0034062967,1.9921988e-05,1.8132489e-05,1.3095514e-05,5.1444971e-06,3,3,3,3,0.014032649,5.6381951e-05,-1.0212536
1191,0.00044933061,0.00040032555,0.00028436004,0.003409591,2.0019432e-05,1.8128969e-05,1.3032393e-05,5.1729111e-06,3,3,3,3,0.014110229,6.492584e-05,-1.0211887
1192,0.00045139607,0.00040054416,0.00028339165,0.0034124156,2.0116751e-05,1.8127517e-05,1.2970353e-05,5.2155359e-06,3,3,3,3,0.014226537,7.4566663e-05,-1.0211141
1193,0.00045344576,0.00040081919,0.00028243189,0.003415965,2.0211557e-05,1.8127212e-05,1.2908131e-05,6.2548501e-06,3,3,3,3,0.017061529,3.1541238e-05,-1.0210826
1194,0.00045549346,0.00040121368,0.00028141599,0.0034202691,2.0307148e-05,1.8128648e-05,1.2841777e-05,5.2360258e-06,3,3,3,3,0.014282284,6.2054236e-05,-1.0210205
1195,0.00045732805,0.00040137196,0.00028024927,0.0034221533,2.0395317e-05,1.8116636e-05,1.2767914e-05,5.2435654e-06,3,3,3,3,0.014302848,5.2639558e-05,-1.0209679
1196,0.00045916625,0.00040161585,0.00027911608,0.0034244319,2.0480644e-05,1.8105895e-05,1.2693673e-05,5.2557055e-06,3,3,3,3,0.014335924,5.1306616e-05,-1.0209166
1197,0.00046096689,0.0004019451,0.00027803748,0.0034269559,2.0563358e-05,1.8100493e-05,1.2622915e-05,5.2606207e-06,3,3,3,3,0.014349296,5.7477852e-05,-1.0208591
1198,0.00046271502,0.00040233932,0.00027694799,0.0034291056,2.0641869e-05,1.8097007e-05,1.2550926e-05,6.3192733e-06,3,3,3,3,0.01723688,1.8831789e-05,-1.0208403
1199,0.00046445932,0.00040278186,0.00027569465,0.0034317682,2.0715954e-05,1.8092514e-05,1.2470915e-05,5.2454223e-06,3,3,3,3,0.014307472,5.7169619e-05,-1.0207831
1200,0.00046598966,0.00040311428,0.00027441565,0.0034326405,2.0783153e-05,1.808596e-05,1.2390325e-05,5.26319e-06,3,3,3,3,0.014355816,6.1794955e-05,-1.0207213
1201,0.00046752698,0.00040360037,0.00027315202,0.0034339781,2.0846687e-05,1.8085625e-05,1.231131e-05,5.298518e-06,3,3,3,3,0.014452021,7.7774288e-05,-1.0206435
1202,0.00046909055,0.00040425409,0.0002719514,0.0034354625,2.0909829e-05,1.8096445e-05,1.2236952e-05,5.3432516e-06,3,3,3,3,0.014573834,0.00010650772,-1.020537
1203,0.00047058344,0.0004050167,0.00027079817,0.0034366006,2.0972012e-05,1.8115851e-05,1.216558e-05,6.7170308e-06,3,3,3,3,0.018320541,2.8272119e-05,-1.0205088
1204,0.00047203844,0.00040590667,0.00026957559,0.003438656,2.1033452e-05,1.814349e-05,1.2091567e-05,5.361108e-06,3,3,3,3,0.014621684,0.00013259713,-1.0203762
1205,0.00047328742,0.00040664024,0.00026830395,0.0034383638,2.1089151e-05,1.8166152e-05,1.20164e-05,5.3924188e-06,3,3,3,3,0.014706724,0.00015369116,-1.0202225
1206,0.00047458596,0.0004075156,0.00026711421,0.0034376367,2.1145056e-05,1.8195726e-05,1.1945149e-05,6.5134807e-06,3,3,3,3,0.017763733,3.2406745e-05,-1.0201901
1207,0.0004759238,0.00040870046,0.00026615403,0.0034388789,2.120519e-05,1.824216e-05,1.1887405e-05,5.4488716e-06,3,3,3,3,0.014859576,0.00015426521,-1.0200358
1208,0.00047714513,0.00040964121,0.00026503096,0.0034379588,2.1261473e-05,1.8274964e-05,1.1822318e-05,5.494033e-06,3,3,3,3,0.014982265,0.00016301531,-1.0198728
1209,0.00047838917,0.00041064119,0.0002639875,0.0034374788,2.1315816e-05,1.8311732e-05,1.1762145e-05,6.2509406e-06,3,3,3,3,0.017045758,2.5101146e-05,-1.0198477
1210,0.00047958225,0.00041181404,0.00026314136,0.0034385062,2.1372447e-05,1.8359223e-05,1.1713191e-05,5.548811e-06,3,3,3,3,0.015130273,0.00014858278,-1.0196991
1211,0.00048067831,0.00041283608,0.00026226041,0.0034389617,2.142757e-05,1.8397061e-05,1.1663288e-05,5.590826e-06,3,3,3,3,0.015244207,0.0001603607,-1.0195387
1212,0.00048179469,0.00041396308,0.00026161788,0.0034407844,2.1485394e-05,1.8443291e-05,1.1626875e-05,5.6478833e-06,3,3,3,3,0.015399077,0.00020290182,-1.0193358
1213,0.00048289891,0.0004151553,0.00026109944,0.0034437497,2.1544435e-05,1.8492954e-05,1.1599003e-05,7.0540846e-06,3,3,3,3,0.019232156,1.6435813e-05,-1.0193194
1214,0.00048398852,0.00041621427,0.00026038695,0.003446909,2.1603929e-05,1.8535399e-05,1.1562254e-05,5.6789081e-06,3,3,3,3,0.015481614,0.00023019256,-1.0190892
1215,0.00048498419,0.00041732348,0.00025992325,0.0034494068,2.1664174e-05,1.8585572e-05,1.154129e-05,7.0294414e-06,3,3,3,3,0.019162174,2.3769902e-05,-1.0190654
1216,0.00048606902,0.00041856238,0.00025958004,0.0034547407,2.173138e-05,1.8642896e-05,1.1525454e-05,5.7295885e-06,3,3,3,3,0.015617343,0.00019071117,-1.0188747
1217,0.00048703012,0.00041961293,0.0002592219,0.0034584822,2.1797318e-05,1.8695134e-05,1.1510474e-05,5.7879349e-06,3,3,3,3,0.015775259,0.00020177447,-1.0186729
1218,0.00048806218,0.00042079318,0.00025898367,0.0034635153,2.1860719e-05,1.8757511e-05,1.1502871e-05,6.8599205e-06,3,3,3,3,0.018695651,5.4344223e-06,-1.0186675
1219,0.00048905917,0.00042213696,0.00025892684,0.0034702011,2.1918797e-05,1.8835163e-05,1.1505922e-05,5.8361148e-06,3,3,3,3,0.015903852,0.00020760905,-1.0184599
1220,0.00048978798,0.00042337331,0.00025880709,0.0034752902,2.1962489e-05,1.8905423e-05,1.1506664e-05,5.8827712e-06,3,3,3,3,0.016029668,0.0002455643,-1.0182143
1221,0.00049040646,0.00042480079,0.00025893681,0.0034812545,2.2002176e-05,1.898684e-05,1.1519997e-05,7.089426e-06,3,3,3,3,0.019315942,7.5884191e-06,-1.0182068
1222,0.00049088817,0.00042628315,0.00025908401,0.0034878245,2.2035239e-05,1.9069911e-05,1.153482e-05,6.7447391e-06,3,3,3,3,0.018374625,0.00011329375,-1.0180935
1223,0.00049120537,0.00042810531,0.00025965004,0.0034951346,2.2056488e-05,1.916838e-05,1.1574156e-05,5.9190814e-06,3,3,3,3,0.016123716,0.00024229975,-1.0178512
1224,0.00049125972,0.00042989046,0.0002601705,0.0035019428,2.2066309e-05,1.9264815e-05,1.1609343e-05,8.0032774e-06,3,3,3,3,0.021798986,-1.2382171e-05,-1.0178635
1225,0.00049122748,0.00043160751,0.00026052258,0.0035092155,2.2065915e-05,1.9353608e-05,1.1635024e-05,5.969622e-06,3,3,3,3,0.016257633,0.00022722528,-1.0176363
1226,0.00049081179,0.00043345913,0.00026116396,0.0035153203,2.2047336e-05,1.9452664e-05,1.1677992e-05,7.540194e-06,3,3,3,3,0.020532835,-1.8156483e-05,-1.0176545
1227,0.00049045898,0.00043581266,0.00026223865,0.0035244786,2.2026623e-05,1.9574853e-05,1.1740995e-05,6.0142543e-06,3,3,3,3,0.016375347,0.00021744763,-1.017437
1228,0.00048974203,0.00043790134,0.00026307656,0.0035305423,2.1985934e-05,1.9678298e-05,1.1789373e-05,6.9843073e-06,3,3,3,3,0.01901452,0.00011029338,-1.0173267
1229,0.00048911681,0.00044016177,0.00026398753,0.0035379018,2.1943721e-05,1.9784182e-05,1.183613e-05,6.9919388e-06,3,3,3,3,0.019033172,0.00012248664,-1.0172042
1230,0.00048841618,0.00044285212,0.00026541445,0.0035476076,2.1904804e-05,1.991614e-05,1.1910271e-05,7.9495157e-06,3,3,3,3,0.02163735,-9.7706819e-06,-1.017214
1231,0.00048753415,0.00044505588,0.00026627366,0.0035540027,2.1857814e-05,2.001996e-05,1.1951172e-05,7.4867009e-06,3,3,3,3,0.020374608,-1.1783683e-05,-1.0172258
1232,0.00048665689,0.00044768801,0.00026756342,0.0035634244,2.1810499e-05,2.0150296e-05,1.2015795e-05,6.0617392e-06,3,3,3,3,0.016494213,0.00014806847,-1.0170777
1233,0.0004854876,0.00045005703,0.00026870896,0.0035690638,2.1751655e-05,2.0267387e-05,1.2068351e-05,6.1273964e-06,3,3,3,3,0.016670739,0.00017620379,-1.0169015
1234,0.0004844549,0.00045254954,0.00026983527,0.0035756013,2.1693499e-05,2.0387153e-05,1.2117272e-05,7.0622735e-06,3,3,3,3,0.019211713,0.0001155294,-1.016786
1235,0.00048352662,0.00045519906,0.00027092598,0.0035854776,2.1638426e-05,2.0511645e-05,1.2165134e-05,7.368349e-06,3,3,3,3,0.020041574,1.0637983e-05,-1.0167754
1236,0.00048245224,0.00045762081,0.00027180779,0.0035943663,2.1580757e-05,2.0621938e-05,1.2202032e-05,6.8927249e-06,3,3,3,3,0.018744776,0.00014401159,-1.0166313
1237,0.00048138374,0.00046025926,0.00027299613,0.0036046933,2.1525018e-05,2.0747265e-05,1.2255549e-05,7.5472806e-06,3,3,3,3,0.020521824,2.3468974e-05,-1.0166079
1238,0.00048029636,0.00046238343,0.00027370454,0.00361372,2.146455e-05,2.0842152e-05,1.2279953e-05,6.1152181e-06,3,3,3,3,0.01662498,0.00023833221,-1.0163695
1239,0.000479098,0.0004644904,0.00027452047,0.0036230595,2.1396078e-05,2.0938257e-05,1.2310496e-05,7.4104103e-06,3,3,3,3,0.020143034,2.4425281e-05,-1.0163451
1240,0.00047817116,0.00046674773,0.00027550239,0.0036358425,2.1332058e-05,2.1038833e-05,1.2350892e-05,6.1820011e-06,3,3,3,3,0.016800921,0.00026473443,-1.0160804
1241,0.00047711958,0.0004685996,0.00027616516,0.0036464557,2.1258471e-05,2.1119664e-05,1.2376812e-05,7.0376672e-06,3,3,3,3,0.019123297,0.000174883,-1.0159055
1242,0.00047625355,0.00047037457,0.000276773,0.003658755,2.1188922e-05,2.1192829e-05,1.2399883e-05,7.2316596e-06,3,3,3,3,0.019647122,6.4820195e-05,-1.0158407
1243,0.00047533877,0.0004718343,0.00027733226,0.0036700923,2.1119161e-05,2.1252451e-05,1.2420499e-05,6.7437586e-06,3,3,3,3,0.018318013,0.0001846205,-1.0156561
1244,0.000474514,0.00047334541,0.00027803339,0.0036826506,2.1055162e-05,2.1317921e-05,1.2449173e-05,6.6013018e-06,3,3,3,3,0.017927911,0.00017276986,-1.0154833
1245,0.00047381604,0.00047482237,0.0002787232,0.003696266,2.0998665e-05,2.1377201e-05,1.247763e-05,7.5771171e-06,3,3,3,3,0.020574415,7.4030229e-05,-1.0154093
1246,0.0004732385,0.00047583718,0.00027900003,0.0037102323,2.0943603e-05,2.1408336e-05,1.2482545e-05,6.1382259e-06,3,3,3,3,0.016664032,0.00024799064,-1.0151613
1247,0.00047266048,0.00047698656,0.00027947431,0.0037251043,2.0891849e-05,2.1445495e-05,1.2498359e-05,6.1370711e-06,3,3,3,3,0.016658037,0.00028904357,-1.0148722
1248,0.00047225707,0.00047811678,0.00028002927,0.0037399454,2.0846891e-05,2.1480736e-05,1.2516053e-05,7.3528753e-06,3,3,3,3,0.019954742,0.00011042345,-1.0147618
1249,0.00047213809,0.00047940247,0.00028093636,0.0037581209,2.0815437e-05,2.1524022e-05,1.255234e-05,6.5740352e-06,3,3,3,3,0.017837626,0.00024087976,-1.0145209
1250,0.00047190842,0.00048012544,0.00028144626,0.0037727141,2.0779457e-05,2.1541368e-05,1.2571517e-05,6.4850736e-06,3,3,3,3,0.017593205,0.00025089077,-1.01427
1251,0.00047188339,0.00048087651,0.00028216837,0.0037889627,2.0750765e-05,2.1563573e-05,1.260362e-05,6.3797583e-06,3,3,3,3,0.017304587,0.000257808,-1.0140122
1252,0.00047194546,0.00048159728,0.00028314343,0.0038062774,2.0732251e-05,2.1589443e-05,1.2651191e-05,6.0934657e-06,3,3,3,3,0.016525258,0.00032347945,-1.0136887
1253,0.00047209886,0.0004821985,0.00028415025,0.0038227497,2.0718495e-05,2.160639e-05,1.2701155e-05,6.1075006e-06,3,3,3,3,0.016560599,0.00035444139,-1.0133343
1254,0.00047235808,0.00048279694,0.00028525188,0.0038394485,2.070779e-05,2.1622764e-05,1.2754353e-05,6.40675e-06,3,3,3,3,0.017369294,0.000308219,-1.0130261
1255,0.00047280055,0.0004833982,0.00028651613,0.0038573043,2.0704882e-05,2.1642806e-05,1.2815397e-05,7.125805e-06,3,3,3,3,0.019315721,0.00020994139,-1.0128161
1256,0.00047340196,0.00048390263,0.0002878228,0.0038747146,2.0706452e-05,2.165524e-05,1.2875201e-05,6.0434149e-06,3,3,3,3,0.016378924,0.00035522701,-1.0124609
1257,0.00047389579,0.00048428008,0.00028923734,0.0038905821,2.0710812e-05,2.1671609e-05,1.2939273e-05,6.0374664e-06,3,3,3,3,0.016360363,0.00035230906,-1.0121086
1258,0.00047448894,0.00048467328,0.00029074395,0.0039061671,2.0718963e-05,2.1689699e-05,1.3006877e-05,6.0820055e-06,3,3,3,3,0.016478683,0.00034510637,-1.0117635
1259,0.00047516897,0.00048510518,0.00029234063,0.0039220687,2.072753e-05,2.170842e-05,1.3077162e-05,6.1379261e-06,3,3,3,3,0.01662791,0.00033196498,-1.0114315
1260,0.00047588434,0.00048554398,0.0002940099,0.0039394671,2.0735958e-05,2.1727587e-05,1.3148893e-05,6.2434704e-06,3,3,3,3,0.016911546,0.00025335412,-1.0111782
1261,0.00047656126,0.00048604241,0.00029571752,0.0039565124,2.0748706e-05,2.1748301e-05,1.3222459e-05,6.4227048e-06,3,3,3,3,0.017394821,0.00014595301,-1.0110322
1262,0.00047718218,0.00048643734,0.00029734734,0.0039733033,2.0760785e-05,2.1762981e-05,1.3292227e-05,7.0944445e-06,3,3,3,3,0.01921184,0.00011488965,-1.0109173
1263,0.00047775523,0.00048661585,0.00029866502,0.003989045,2.0768991e-05,2.1758453e-05,1.3345341e-05,6.0986284e-06,3,3,3,3,0.016513508,-1.996429e-05,-1.0109373
1264,0.00047825881,0.00048681438,0.00030024853,0.0039999976,2.07863e-05,2.1761177e-05,1.3414792e-05,7.8424905e-06,3,3,3,3,0.021233067,1.3861891e-05,-1.0109234
1265,0.00047883893,0.00048710939,0.00030182196,0.0040121401,2.0806626e-05,2.1763607e-05,1.348106e-05,7.4661771e-06,3,3,3,3,0.020212686,-1.3820423e-05,-1.0109373
1266,0.00047932325,0.00048737749,0.0003035497,0.004021023,2.0822282e-05,2.1767127e-05,1.3557247e-05,6.1556409e-06,3,3,3,3,0.016663634,-0.00015587189,-1.0110931
1267,0.00047965959,0.00048701694,0.00030483638,0.0040269938,2.0826268e-05,2.1740309e-05,1.3615037e-05,6.911515e-06,3,3,3,3,0.018708328,-8.7126268e-05,-1.0111803
1268,0.00048005931,0.00048651881,0.00030593058,0.004034485,2.0825355e-05,2.1701045e-05,1.3659803e-05,6.9915881e-06,3,3,3,3,0.018923834,-9.7102295e-05,-1.0112774
1269,0.00048044862,0.00048632503,0.0003074041,0.0040435604,2.0819569e-05,2.1680077e-05,1.3727474e-05,7.3960004e-06,3,3,3,3,0.0200173,-1.1238316e-05,-1.0112886
1270,0.00048065089,0.00048589036,0.00030848796,0.0040485446,2.0804383e-05,2.1633982e-05,1.3771584e-05,6.2450022e-06,3,3,3,3,0.016901679,-0.00015124981,-1.0114399
1271,0.00048090909,0.00048549117,0.00030973483,0.0040533085,2.0794062e-05,2.1589669e-05,1.3823965e-05,6.2691175e-06,3,3,3,3,0.016966211,-0.0001850923,-1.0116249
1272,0.00048122852,0.00048497398,0.00031090631,0.0040575274,2.0781641e-05,2.1540833e-05,1.386971e-05,8.8520463e-06,3,3,3,3,0.023955495,-2.4244237e-05,-1.0116492
1273,0.00048157987,0.00048419494,0.00031156426,0.0040611475,2.0765927e-05,2.1470833e-05,1.3884857e-05,6.2842507e-06,3,3,3,3,0.017006519,-0.00023988819,-1.0118891
1274,0.00048174641,0.00048322331,0.0003124126,0.004060132,2.0748538e-05,2.1396383e-05,1.3911684e-05,8.5996922e-06,3,3,3,3,0.023271955,-4.7876004e-05,-1.011937
1275,0.00048201518,0.00048269715,0.00031343813,0.0040623891,2.073829e-05,2.1346877e-05,1.3950362e-05,6.3025143e-06,3,3,3,3,0.017055675,-0.00027134872,-1.0122083
1276,0.00048204214,0.00048155899,0.00031389406,0.0040576959,2.0716324e-05,2.1263217e-05,1.3965009e-05,7.6229325e-06,3,3,3,3,0.020628612,-6.0251495e-05,-1.0122686
1277,0.00048202691,0.00048071765,0.00031452851,0.0040562258,2.0699268e-05,2.1198451e-05,1.3988189e-05,7.1368578e-06,3,3,3,3,0.01931353,-0.00015398741,-1.0124225
1278,0.00048193199,0.0004792986,0.0003147061,0.0040507537,2.0670686e-05,2.1108616e-05,1.398852e-05,6.4272108e-06,3,3,3,3,0.017392925,-0.00027568968,-1.0126982
1279,0.0004818489,0.00047792065,0.00031509042,0.0040441066,2.0646471e-05,2.1041935e-05,1.4002444e-05,7.6429832e-06,3,3,3,3,0.020682683,-6.9886504e-05,-1.0127681
1280,0.0004816352,0.00047637079,0.0003152138,0.0040357834,2.0620101e-05,2.0964326e-05,1.400186e-05,6.3885209e-06,3,3,3,3,0.017288282,-0.00031102135,-1.0130791
1281,0.00048138522,0.00047488484,0.00031545428,0.0040271275,2.0594259e-05,2.0886679e-05,1.4010723e-05,8.0081227e-06,3,3,3,3,0.021671077,-9.4002669e-05,-1.0131731
1282,0.00048113065,0.00047318196,0.00031527289,0.0040197441,2.0564511e-05,2.0795664e-05,1.3996997e-05,7.5633465e-06,3,3,3,3,0.020468031,-0.00010651975,-1.0132797
1283,0.00048071191,0.0004715625,0.00031523065,0.0040119833,2.0535025e-05,2.0714844e-05,1.3994093e-05,6.3217257e-06,3,3,3,3,0.017108309,-0.00027058222,-1.0135502
1284,0.0004800223,0.00046956338,0.00031486504,0.0040022987,2.0504116e-05,2.0613809e-05,1.3976748e-05,6.3682291e-06,3,3,3,3,0.017234109,-0.00030705563,-1.0138573
1285,0.00047925427,0.0004676857,0.00031455717,0.0039924167,2.0472789e-05,2.052222e-05,1.3962212e-05,7.7532506e-06,3,3,3,3,0.02098233,-0.00010742007,-1.0139647
1286,0.00047832872,0.00046584035,0.0003140605,0.0039823915,2.0433102e-05,2.0431254e-05,1.3937354e-05,7.3469262e-06,3,3,3,3,0.01988333,-0.00010986499,-1.0140746
1287,0.00047722499,0.00046405977,0.00031358967,0.0039708454,2.0383109e-05,2.034299e-05,1.3910296e-05,6.68957e-06,3,3,3,3,0.018104779,-9.9660669e-05,-1.0141742
1288,0.00047580118,0.00046211166,0.00031296203,0.0039570158,2.0319467e-05,2.0250359e-05,1.3874582e-05,6.0659823e-06,3,3,3,3,0.016417391,-0.000258793,-1.014433
1289,0.00047414802,0.00045996686,0.00031217864,0.0039398417,2.0244373e-05,2.0147036e-05,1.3826907e-05,6.6980846e-06,3,3,3,3,0.018128185,-0.00018539902,-1.0146184
1290,0.00047238433,0.00045809737,0.00031156117,0.0039228652,2.0173974e-05,2.006092e-05,1.3789338e-05,6.8724031e-06,3,3,3,3,0.018600133,-9.3668052e-05,-1.0147121
1291,0.00047021673,0.00045590967,0.00031058164,0.0039026079,2.0090356e-05,1.9960721e-05,1.3735032e-05,6.9112161e-06,3,3,3,3,0.01870575,-9.6140165e-05,-1.0148082
1292,0.00046791697,0.0004537413,0.00030946341,0.0038816453,2.0005438e-05,1.9857517e-05,1.3676786e-05,6.6550697e-06,3,3,3,3,0.018013081,-0.00010011371,-1.0149084
1293,0.000465576,0.00045157992,0.00030826677,0.0038606578,1.9915128e-05,1.9757118e-05,1.3619938e-05,6.3382326e-06,3,3,3,3,0.017156092,-9.8906923e-05,-1.0150073
1294,0.00046332573,0.00044933201,0.00030702219,0.0038380167,1.9821785e-05,1.9656144e-05,1.3561144e-05,5.8235781e-06,3,3,3,3,0.015763596,-0.00025893438,-1.0152662
1295,0.00046114686,0.00044691902,0.0003055719,0.0038135708,1.9731894e-05,1.955032e-05,1.3493908e-05,6.3272774e-06,3,3,3,3,0.0171274,-9.3722972e-05,-1.0153599
1296,0.00045905137,0.00044458559,0.00030414551,0.0037891796,1.9652753e-05,1.9452282e-05,1.34299e-05,6.2856199e-06,3,3,3,3,0.017015412,-0.000112171,-1.0154721
1297,0.00045708696,0.00044226693,0.00030266233,0.0037633626,1.9583328e-05,1.9357228e-05,1.3364925e-05,6.0725478e-06,3,3,3,3,0.016439481,-9.7399335e-05,-1.0155695
1298,0.00045518351,0.00043986109,0.00030116781,0.0037380361,1.9522488e-05,1.9261878e-05,1.330072e-05,5.9784591e-06,3,3,3,3,0.016185626,-0.00018453839,-1.015754
1299,0.00045340662,0.00043766549,0.00029995643,0.0037139401,1.9473578e-05,1.9177352e-05,1.3248437e-05,6.3255745e-06,3,3,3,3,0.017126062,-8.7154316e-05,-1.0158412
1300,0.00045171545,0.00043524111,0.0002983851,0.0036912733,1.9426584e-05,1.9080986e-05,1.3182658e-05,6.3012057e-06,3,3,3,3,0.017061118,-8.147381e-05,-1.0159227
1301,0.00045040645,0.00043305742,0.00029698883,0.0036703518,1.9389236e-05,1.8995392e-05,1.3129316e-05,5.9999924e-06,3,3,3,3,0.016246636,-8.1689833e-05,-1.0160044
1302,0.00044920691,0.00043093586,0.00029578115,0.0036498176,1.9362391e-05,1.8913754e-05,1.3087957e-05,5.6810628e-06,3,3,3,3,0.015384123,-0.00015144943,-1.0161558
1303,0.00044814386,0.00042864552,0.00029440884,0.0036291666,1.9348392e-05,1.8823377e-05,1.304307e-05,5.8586467e-06,3,3,3,3,0.015865933,-8.5597142e-05,-1.0162414
1304,0.00044731886,0.00042643938,0.0002932493,0.0036107877,1.9349667e-05,1.8736845e-05,1.3007241e-05,5.7577883e-06,3,3,3,3,0.01559398,-9.1030207e-05,-1.0163324
1305,0.00044680836,0.00042442149,0.00029224774,0.0035929676,1.936209e-05,1.8654802e-05,1.2979283e-05,5.6745481e-06,3,3,3,3,0.015369752,-0.00018040534,-1.0165128
1306,0.00044656434,0.0004225612,0.00029144407,0.0035766963,1.9381996e-05,1.8573792e-05,1.2961763e-05,5.9856188e-06,3,3,3,3,0.01621341,-9.5127957e-05,-1.016608
1307,0.00044638901,0.00042052114,0.00029047344,0.0035611428,1.9407259e-05,1.8481715e-05,1.2936097e-05,5.9087253e-06,3,3,3,3,0.016006588,-9.5019997e-05,-1.016703
1308,0.00044644133,0.00041870456,0.00028974777,0.0035481754,1.9443418e-05,1.8396795e-05,1.292036e-05,5.4372294e-06,3,3,3,3,0.014730672,-0.00017997844,-1.016883
1309,0.00044655902,0.00041696415,0.00028916791,0.0035348294,1.9486496e-05,1.831652e-05,1.290764e-05,5.892445e-06,3,3,3,3,0.015965208,-9.0946093e-05,-1.0169739
1310,0.00044685207,0.00041526107,0.00028853903,0.0035239386,1.9533239e-05,1.8233701e-05,1.2891277e-05,5.693825e-06,3,3,3,3,0.015428547,-9.2583474e-05,-1.0170665
1311,0.00044738947,0.00041388439,0.00028815872,0.0035142999,1.9589456e-05,1.8163236e-05,1.2885392e-05,5.0296896e-06,3,3,3,3,0.013630277,-0.00022815748,-1.0172946
1312,0.0004479425,0.00041247034,0.00028768554,0.0035044359,1.9641336e-05,1.8091636e-05,1.2870905e-05,5.5461656e-06,3,3,3,3,0.015031215,-0.0001034516,-1.0173981
1313,0.0004486069,0.00041133328,0.00028745296,0.0034963803,1.9698313e-05,1.8039086e-05,1.2867059e-05,5.4436572e-06,3,3,3,3,0.014754922,-0.00011015713,-1.0175083
1314,0.00044932684,0.0004104951,0.00028728088,0.0034895011,1.9749593e-05,1.7998187e-05,1.2864813e-05,5.4683155e-06,3,3,3,3,0.014823277,-0.00018541499,-1.0176937
1315,0.00045003396,0.00040999353,0.00028725213,0.0034846218,1.9791804e-05,1.7969341e-05,1.2865534e-05,5.5776176e-06,3,3,3,3,0.015120973,-0.00011421776,-1.0178079
1316,0.00045060958,0.00040937116,0.00028721976,0.0034803604,1.9826409e-05,1.793543e-05,1.2858068e-05,5.6052127e-06,3,3,3,3,0.015197421,-0.0001127216,-1.0179206
1317,0.00045117091,0.00040887544,0.00028736113,0.0034774342,1.9857413e-05,1.7905e-05,1.2851648e-05,5.0409725e-06,3,3,3,3,0.013669082,-0.00023796404,-1.0181586
1318,0.00045158404,0.0004085173,0.00028762295,0.0034755338,1.9881933e-05,1.7878008e-05,1.2852523e-05,5.7892909e-06,3,3,3,3,0.015699722,-0.00010771801,-1.0182663
1319,0.00045195912,0.00040814571,0.00028787537,0.0034757553,1.9902975e-05,1.7850511e-05,1.2853758e-05,5.7009034e-06,3,3,3,3,0.015461777,-0.00010772066,-1.018374
1320,0.00045224847,0.00040793333,0.00028822272,0.0034767199,1.991857e-05,1.7831855e-05,1.2859169e-05,5.3795309e-06,3,3,3,3,0.014591808,-0.00016626889,-1.0185403
1321,0.00045235128,0.00040765047,0.00028846027,0.0034765308,1.9924344e-05,1.7814399e-05,1.2859233e-05,5.6965745e-06,3,3,3,3,0.01545333,-8.9637265e-05,-1.0186299
1322,0.00045229002,0.00040734023,0.00028865075,0.0034782006,1.9925231e-05,1.7795893e-05,1.2858288e-05,5.6390886e-06,3,3,3,3,0.015299146,-8.0746433e-05,-1.0187107
1323,0.00045214534,0.00040717184,0.00028888094,0.0034801709,1.9921992e-05,1.7787288e-05,1.2859514e-05,5.1052336e-06,3,3,3,3,0.013852358,-0.00022047169,-1.0189311
1324,0.00045180308,0.00040692002,0.00028889824,0.0034814884,1.9905523e-05,1.777535e-05,1.2849592e-05,5.7543538e-06,3,3,3,3,0.015615233,-7.7136542e-05,-1.0190083
1325,0.0004514043,0.00040673858,0.00028893782,0.003483165,1.9885988e-05,1.7768042e-05,1.284002e-05,5.6618386e-06,3,3,3,3,0.015366005,-7.4679306e-05,-1.019083
1326,0.00045083399,0.00040652219,0.0002888625,0.0034840945,1.9857297e-05,1.7761431e-05,1.2822534e-05,5.4861162e-06,3,3,3,3,0.014890828,-0.00015049126,-1.0192334
1327,0.00045010029,0.00040626437,0.00028866081,0.003483601,1.9816607e-05,1.7753338e-05,1.2799736e-05,5.7529902e-06,3,3,3,3,0.015616755,-6.1029391e-05,-1.0192945
1328,0.00044920153,0.00040577649,0.00028827106,0.0034820927,1.9772037e-05,1.7739979e-05,1.2768502e-05,5.6673403e-06,3,3,3,3,0.015386021,-5.3534374e-05,-1.019348
1329,0.00044824766,0.00040532656,0.00028782751,0.0034802375,1.9726309e-05,1.7730735e-05,1.2738897e-05,5.3537125e-06,3,3,3,3,0.014536197,-0.00011415729,-1.0194622
1330,0.00044711119,0.00040482192,0.00028728328,0.003475621,1.9673255e-05,1.7720196e-05,1.2708621e-05,5.7902118e-06,3,3,3,3,0.015722882,-3.375381e-05,-1.0194959
1331,0.00044585042,0.00040412728,0.00028650763,0.0034704728,1.9618805e-05,1.7699494e-05,1.2668081e-05,5.6678439e-06,3,3,3,3,0.015392293,-2.1227088e-05,-1.0195171
1332,0.00044460541,0.00040355465,0.00028582445,0.0034643944,1.9567093e-05,1.768721e-05,1.2636714e-05,5.280451e-06,3,3,3,3,0.014341804,-9.1235575e-05,-1.0196084
1333,0.00044321361,0.00040271526,0.00028488547,0.003455562,1.9510837e-05,1.7662134e-05,1.2593498e-05,5.6013134e-06,3,3,3,3,0.015214701,-1.4168713e-05,-1.0196225
1334,0.00044177098,0.00040190262,0.0002838735,0.0034463019,1.9456123e-05,1.7639127e-05,1.254973e-05,5.2445637e-06,3,3,3,3,0.0142472,-9.4060994e-05,-1.0197166
1335,0.00044024102,0.00040114317,0.00028293021,0.0034357141,1.9400589e-05,1.7619809e-05,1.2509609e-05,5.8440864e-06,3,3,3,3,0.01587729,-7.957767e-06,-1.0197246
1336,0.00043869128,0.00040024574,0.00028175061,0.0034241919,1.9347107e-05,1.7593636e-05,1.245759e-05,5.5858359e-06,3,3,3,3,0.015177296,-5.5936487e-06,-1.0197302
1337,0.00043716315,0.00039951375,0.00028074794,0.0034131694,1.9294867e-05,1.7577877e-05,1.2414563e-05,5.0908836e-06,3,3,3,3,0.013833888,-7.9386127e-05,-1.0198095
1338,0.00043549149,0.0003984838,0.00027946,0.0033994193,1.923517e-05,1.754596e-05,1.2356832e-05,5.0897531e-06,3,3,3,3,0.013831989,-7.118299e-05,-1.0198807
1339,0.00043388615,0.0003977215,0.00027840467,0.0033877925,1.9176592e-05,1.7529707e-05,1.2312618e-05,5.7511738e-06,3,3,3,3,0.015630764,1.3439414e-05,-1.0198673
1340,0.00043222949,0.0003967614,0.00027702127,0.0033739276,1.9114834e-05,1.7501688e-05,1.2253495e-05,5.4858918e-06,3,3,3,3,0.014911259,1.3815202e-05,-1.0198535
1341,0.00043065631,0.00039602491,0.00027585566,0.0033613463,1.9054438e-05,1.7488288e-05,1.2208406e-05,4.5618883e-06,3,3,3,3,0.012400916,-0.00011353394,-1.019967
1342,0.00042892155,0.00039507963,0.00027450351,0.0033465806,1.898613e-05,1.7464633e-05,1.2155043e-05,5.0090128e-06,3,3,3,3,0.013617453,-6.497812e-05,-1.020032
1343,0.00042732149,0.00039431395,0.00027321242,0.0033336804,1.8922521e-05,1.7447475e-05,1.2103618e-05,5.3172521e-06,3,3,3,3,0.014456612,1.4686681e-05,-1.0200173
1344,0.00042570568,0.00039360301,0.00027188143,0.0033212994,1.8859303e-05,1.7431958e-05,1.2050036e-05,4.912449e-06,3,3,3,3,0.013357332,-6.5559322e-05,-1.0200829
1345,0.00042419953,0.00039311217,0.00027075077,0.0033094843,1.8799462e-05,1.7428508e-05,1.2008216e-05,4.4833869e-06,3,3,3,3,0.012191707,-0.00013452682,-1.0202174
1346,0.00042267097,0.00039267514,0.00026953912,0.0032979181,1.8739741e-05,1.7422821e-05,1.1964424e-05,5.7819853e-06,3,3,3,3,0.01572428,2.041075e-05,-1.020197
1347,0.00042131719,0.000392367,0.00026828338,0.0032869172,1.8685175e-05,1.7420359e-05,1.1914165e-05,4.4418791e-06,3,3,3,3,0.01208105,-0.00012718053,-1.0203242
1348,0.00041981062,0.0003920358,0.00026713961,0.0032746765,1.8628813e-05,1.7417372e-05,1.1869973e-05,5.2979718e-06,3,3,3,3,0.014410658,2.0262723e-05,-1.0203039
1349,0.00041850114,0.00039206259,0.00026626479,0.0032643484,1.858393e-05,1.743144e-05,1.1839095e-05,4.4178989e-06,3,3,3,3,0.012018015,-8.4018569e-05,-1.0203879
1350,0.0004171445,0.00039190796,0.00026529114,0.0032536205,1.8533612e-05,1.7433145e-05,1.1804754e-05,4.416028e-06,3,3,3,3,0.012013914,-7.0789104e-05,-1.0204587
1351,0.00041590999,0.00039179282,0.00026443563,0.003244022,1.8485047e-05,1.7435734e-05,1.1776907e-05,4.4134991e-06,3,3,3,3,0.012008024,-7.0576848e-05,-1.0205293
1352,0.00041474065,0.0003917066,0.00026374392,0.0032358567,1.8437051e-05,1.7439746e-05,1.1754584e-05,4.405832e-06,3,3,3,3,0.011988141,-7.2074896e-05,-1.0206014
1353,0.00041359403,0.00039166869,0.00026321409,0.0032292172,1.8387232e-05,1.7445006e-05,1.1738927e-05,4.3857079e-06,3,3,3,3,0.011934326,-7.7467281e-05,-1.0206788
1354,0.0004124816,0.00039168118,0.00026282212,0.0032236007,1.8336081e-05,1.7452459e-05,1.1732174e-05,4.3734906e-06,3,3,3,3,0.011901987,-8.1130403e-05,-1.02076
1355,0.000411376,0.0003916923,0.00026253551,0.0032187133,1.828621e-05,1.7459788e-05,1.1727577e-05,4.3601419e-06,3,3,3,3,0.011866547,-7.9674427e-05,-1.0208396
1356,0.00041029759,0.00039167946,0.00026233846,0.0032141892,1.8237519e-05,1.7468349e-05,1.1726122e-05,4.3554199e-06,3,3,3,3,0.011854578,-6.5367978e-05,-1.020905
1357,0.00040925082,0.00039164854,0.00026230461,0.0032099451,1.8189632e-05,1.7479354e-05,1.1729424e-05,4.3575495e-06,3,3,3,3,0.01186124,-3.9679292e-05,-1.0209447
1358,0.00040822409,0.00039167226,0.00026241383,0.0032076501,1.8142901e-05,1.7490927e-05,1.1739572e-05,4.3795079e-06,3,3,3,3,0.011921878,-5.3960032e-07,-1.0209452
1359,0.00040720863,0.00039165126,0.00026266528,0.0032067603,1.8097938e-05,1.7500219e-05,1.1754015e-05,4.4196065e-06,3,3,3,3,0.012031916,5.8037094e-05,-1.0208872
1360,0.00040622654,0.00039159335,0.00026301779,0.0032067604,1.8056753e-05,1.7504033e-05,1.1773247e-05,4.9355083e-06,3,3,3,3,0.013437378,3.0324072e-05,-1.0208569
1361,0.00040533491,0.00039156667,0.00026342257,0.003208644,1.801673e-05,1.7506087e-05,1.1794087e-05,4.9872258e-06,3,3,3,3,0.013579144,6.7808707e-05,-1.020789
1362,0.00040452014,0.00039177724,0.00026418288,0.0032118742,1.7985969e-05,1.7517429e-05,1.1832842e-05,4.9175774e-06,3,3,3,3,0.01339047,0.00011984798,-1.0206692
1363,0.00040380765,0.00039194075,0.00026506402,0.0032158238,1.7958384e-05,1.7525113e-05,1.1877708e-05,4.4841567e-06,3,3,3,3,0.012211151,0.00026033263,-1.0204089
1364,0.00040315992,0.00039200282,0.00026594234,0.0032205374,1.7929138e-05,1.7526105e-05,1.1924652e-05,5.7312637e-06,3,3,3,3,0.01560837,0.0001083267,-1.0203005
1365,0.00040257969,0.00039183376,0.00026660501,0.0032260462,1.7894773e-05,1.7516576e-05,1.1965082e-05,6.0371999e-06,3,3,3,3,0.016442399,0.00010521718,-1.0201953
1366,0.00040210679,0.00039185831,0.00026737132,0.0032344017,1.786368e-05,1.7513234e-05,1.2009876e-05,4.5713918e-06,3,3,3,3,0.012450827,0.00033724908,-1.0198581
1367,0.00040163861,0.00039200007,0.00026835791,0.0032403041,1.7842467e-05,1.7525472e-05,1.2066918e-05,5.9730601e-06,3,3,3,3,0.016269559,0.00011270423,-1.0197454
1368,0.00040134527,0.00039238087,0.00026958032,0.0032465618,1.7826606e-05,1.7554903e-05,1.21393e-05,5.2085656e-06,3,3,3,3,0.014187826,0.0002364408,-1.0195089
1369,0.00040110977,0.00039264835,0.00027055914,0.0032496192,1.781357e-05,1.7577144e-05,1.2198761e-05,5.6087566e-06,3,3,3,3,0.01527891,0.00011421657,-1.0193947
1370,0.00040095764,0.00039303853,0.00027178045,0.0032548304,1.7807558e-05,1.7609491e-05,1.2267822e-05,5.1310394e-06,3,3,3,3,0.013978216,0.00020872958,-1.019186
1371,0.00040092819,0.00039352468,0.00027297874,0.0032601475,1.7805548e-05,1.7645057e-05,1.2332639e-05,5.1198616e-06,3,3,3,3,0.013948652,0.0002121625,-1.0189738
1372,0.00040109093,0.00039428093,0.00027436635,0.0032667973,1.781137e-05,1.7695038e-05,1.2407842e-05,6.2383693e-06,3,3,3,3,0.016997006,9.2117256e-05,-1.0188817
1373,0.00040129278,0.00039478388,0.00027538792,0.0032718108,1.7814893e-05,1.7726746e-05,1.2462609e-05,5.938438e-06,3,3,3,3,0.016180456,9.8639369e-05,-1.0187831
1374,0.00040168326,0.00039570906,0.00027673888,0.0032782923,1.7825212e-05,1.7782038e-05,1.2534603e-05,5.1736175e-06,3,3,3,3,0.014097119,0.00021115715,-1.0185719
1375,0.00040216016,0.00039648749,0.00027789449,0.003282221,1.7834001e-05,1.7825774e-05,1.2592651e-05,5.6336939e-06,3,3,3,3,0.015351621,0.00010276037,-1.0184691
1376,0.00040278572,0.00039750781,0.00027927615,0.0032887584,1.7850639e-05,1.7882284e-05,1.2665904e-05,5.446225e-06,3,3,3,3,0.014841339,0.00010095156,-1.0183682
1377,0.00040353781,0.00039859095,0.00028068387,0.0032953309,1.7875504e-05,1.7942787e-05,1.2740766e-05,5.3715766e-06,3,3,3,3,0.014638477,0.00019322205,-1.018175
1378,0.00040437933,0.00039964205,0.0002820766,0.0033015292,1.790707e-05,1.8001706e-05,1.2812921e-05,5.6212384e-06,3,3,3,3,0.01531966,7.8285019e-05,-1.0180967
1379,0.00040531564,0.00040066706,0.00028349012,0.003307545,1.7942537e-05,1.8061885e-05,1.2887104e-05,5.6672125e-06,3,3,3,3,0.015445489,7.244626e-05,-1.0180242
1380,0.00040640039,0.00040177922,0.00028494838,0.0033149929,1.798354e-05,1.8124813e-05,1.296504e-05,5.5386366e-06,3,3,3,3,0.015095579,7.668092e-05,-1.0179476
1381,0.00040760341,0.00040291849,0.00028646107,0.0033229203,1.8027831e-05,1.8191654e-05,1.3046541e-05,5.3920442e-06,3,3,3,3,0.014696549,0.0001708425,-1.0177767
1382,0.00040902005,0.00040419425,0.00028815872,0.0033306802,1.8078816e-05,1.8267369e-05,1.3136799e-05,5.9983841e-06,3,3,3,3,0.01635004,6.8071614e-05,-1.0177086
1383,0.00041038767,0.00040516998,0.00028967749,0.0033383049,1.8130989e-05,1.8329824e-05,1.3216324e-05,6.057528e-06,3,3,3,3,0.016511842,6.5480632e-05,-1.0176432
1384,0.00041197105,0.00040625085,0.00029130295,0.0033469844,1.8192266e-05,1.8392773e-05,1.3303984e-05,5.8422159e-06,3,3,3,3,0.015925515,6.715965e-05,-1.017576
1385,0.00041360425,0.00040739217,0.0002930167,0.0033562783,1.8259632e-05,1.8455292e-05,1.3401771e-05,5.5765507e-06,3,3,3,3,0.015201878,6.5162875e-05,-1.0175108
1386,0.00041535168,0.00040848353,0.00029472729,0.0033662163,1.8335202e-05,1.8509218e-05,1.3497954e-05,5.4599953e-06,3,3,3,3,0.014884702,0.00012240014,-1.0173884
1387,0.00041720929,0.00040953621,0.00029637218,0.0033766942,1.8416386e-05,1.8557684e-05,1.3589344e-05,5.8648992e-06,3,3,3,3,0.015989302,5.1685002e-05,-1.0173368
1388,0.00041906689,0.00041052763,0.00029797695,0.0033887087,1.8501654e-05,1.8603629e-05,1.3680165e-05,5.9578414e-06,3,3,3,3,0.016243175,4.5965487e-05,-1.0172908
1389,0.00042105242,0.00041151265,0.00029954477,0.0034016007,1.8592506e-05,1.8646277e-05,1.3766459e-05,5.8762588e-06,3,3,3,3,0.016021195,3.9096218e-05,-1.0172517
1390,0.00042301675,0.00041242142,0.00030107098,0.003414713,1.8686347e-05,1.8687752e-05,1.3850402e-05,5.7200235e-06,3,3,3,3,0.015595666,2.9860386e-05,-1.0172218
1391,0.00042499479,0.00041323969,0.00030254927,0.0034274994,1.8781006e-05,1.8723423e-05,1.392986e-05,5.5882577e-06,3,3,3,3,0.015236855,1.3502602e-05,-1.0172083
1392,0.00042703302,0.00041398124,0.00030393945,0.0034400155,1.8877014e-05,1.8752765e-05,1.4000067e-05,5.5094817e-06,3,3,3,3,0.015022565,5.3426056e-05,-1.0171549
1393,0.00042910002,0.00041477075,0.00030534653,0.0034526567,1.8973828e-05,1.8781196e-05,1.4069532e-05,5.8924816e-06,3,3,3,3,0.016067633,-1.3728271e-06,-1.0171563
1394,0.00043106332,0.00041536317,0.00030647463,0.0034644012,1.9063378e-05,1.880035e-05,1.4120733e-05,5.9728381e-06,3,3,3,3,0.0162873,-2.561211e-06,-1.0171588
1395,0.00043301324,0.00041590372,0.00030744587,0.00347589,1.9146728e-05,1.8816673e-05,1.416183e-05,5.8503302e-06,3,3,3,3,0.01595373,-5.6530139e-06,-1.0171645
1396,0.00043488564,0.00041640974,0.00030832163,0.0034864449,1.922592e-05,1.8831951e-05,1.419672e-05,5.2442094e-06,3,3,3,3,0.01430127,8.7255252e-05,-1.0170772
1397,0.00043664222,0.00041681532,0.00030908232,0.0034945768,1.9300987e-05,1.8841624e-05,1.4224783e-05,5.9812366e-06,3,3,3,3,0.01631191,-8.4380156e-06,-1.0170857
1398,0.00043832574,0.00041719626,0.00030957155,0.0035021559,1.9370387e-05,1.8847591e-05,1.4235832e-05,5.2649457e-06,3,3,3,3,0.014358864,0.00010678819,-1.0169789
1399,0.00043992029,0.00041769594,0.00031015329,0.0035081758,1.9437337e-05,1.8857775e-05,1.4251302e-05,6.2881928e-06,3,3,3,3,0.017150228,-3.682789e-06,-1.0169826
1400,0.00044135848,0.0004179834,0.00031030886,0.0035143063,1.9499817e-05,1.8858133e-05,1.4245199e-05,6.0246801e-06,3,3,3,3,0.016431793,-6.0748141e-06,-1.0169886
1401,0.00044275283,0.00041834607,0.00031048845,0.0035196398,1.9562431e-05,1.8864096e-05,1.4244205e-05,5.1200545e-06,3,3,3,3,0.013964747,4.9868846e-05,-1.0169388
1402,0.00044395749,0.00041842037,0.0003103321,0.0035220059,1.9616691e-05,1.8855733e-05,1.4227349e-05,5.1419658e-06,3,3,3,3,0.01402498,2.7710318e-05,-1.0169111
1403,0.00044519886,0.00041864008,0.00031018077,0.0035250804,1.9674057e-05,1.8859002e-05,1.421232e-05,5.1741411e-06,3,3,3,3,0.014113183,2.5740209e-05,-1.0168853
1404,0.00044646836,0.00041895663,0.00030990124,0.0035280197,1.9730706e-05,1.8865473e-05,1.4192234e-05,6.2974579e-06,3,3,3,3,0.017177666,-2.7404284e-05,-1.0169127
1405,0.00044767379,0.00041904797,0.00030908888,0.003529946,1.9780825e-05,1.8858546e-05,1.4145503e-05,6.0408545e-06,3,3,3,3,0.016477791,-4.0698424e-05,-1.0169534
1406,0.00044888924,0.00041927477,0.00030842021,0.0035314072,1.9836178e-05,1.8862079e-05,1.4109164e-05,5.1249221e-06,3,3,3,3,0.013979412,-4.3608959e-05,-1.016997
1407,0.0004499724,0.00041902906,0.00030740481,0.0035296481,1.9882355e-05,1.8840446e-05,1.4054023e-05,5.2805228e-06,3,3,3,3,0.014404023,-3.4816669e-05,-1.0170319
1408,0.00045116611,0.0004188362,0.00030635403,0.0035285946,1.9931586e-05,1.882568e-05,1.3996029e-05,5.1632822e-06,3,3,3,3,0.014084368,-8.0571172e-05,-1.0171124
1409,0.00045234941,0.00041849606,0.00030506617,0.0035270633,1.9976768e-05,1.8805412e-05,1.3928039e-05,5.3369418e-06,3,3,3,3,0.014558159,-3.8953446e-05,-1.0171514
1410,0.00045349422,0.0004181008,0.00030368812,0.0035259775,2.0022887e-05,1.8784448e-05,1.3858373e-05,5.3347265e-06,3,3,3,3,0.014552129,-2.0130752e-05,-1.0171715
1411,0.00045462439,0.00041762576,0.00030220927,0.0035247249,2.0069684e-05,1.8762133e-05,1.3786117e-05,5.2143908e-06,3,3,3,3,0.014223833,-3.8871604e-05,-1.0172104
1412,0.00045578277,0.00041711087,0.00030067767,0.0035229954,2.011948e-05,1.8736178e-05,1.3710511e-05,5.5174715e-06,3,3,3,3,0.015050491,3.1677047e-05,-1.0171787
1413,0.00045697712,0.00041654158,0.00029902259,0.003521004,2.0170938e-05,1.8706231e-05,1.3628131e-05,6.1753284e-06,3,3,3,3,0.016844857,-2.0923388e-05,-1.0171996
1414,0.00045824875,0.00041613434,0.00029738456,0.0035196201,2.0229337e-05,1.8680913e-05,1.3544012e-05,5.2706713e-06,3,3,3,3,0.014376867,1.3813907e-05,-1.0171858
1415,0.00045947068,0.00041547456,0.00029564133,0.0035153053,2.0286813e-05,1.8643359e-05,1.3453549e-05,5.3115249e-06,3,3,3,3,0.014488214,4.5227914e-06,-1.0171813
1416,0.0004607819,0.00041490965,0.00029395955,0.0035118604,2.0351853e-05,1.8612977e-05,1.3365627e-05,5.5448172e-06,3,3,3,3,0.015124499,3.7266991e-05,-1.017144
1417,0.00046213363,0.00041443514,0.00029234629,0.0035095304,2.0417427e-05,1.8587259e-05,1.3280611e-05,5.4994502e-06,3,3,3,3,0.015000647,3.9540005e-05,-1.0171045
1418,0.00046346854,0.00041398998,0.00029073328,0.0035080607,2.0488844e-05,1.8563145e-05,1.3194987e-05,5.3024942e-06,3,3,3,3,0.014463291,-1.0341734e-05,-1.0171148
1419,0.00046479935,0.00041346574,0.00028908064,0.0035065456,2.0564423e-05,1.8536575e-05,1.3105912e-05,5.5670965e-06,3,3,3,3,0.01518489,4.2781891e-05,-1.017072
1420,0.00046616096,0.00041297201,0.00028737034,0.00350542,2.0644087e-05,1.8509539e-05,1.301222e-05,5.574775e-06,3,3,3,3,0.015205668,4.5452934e-05,-1.0170266
1421,0.00046752344,0.00041254471,0.00028573844,0.0035044262,2.0724127e-05,1.848612e-05,1.2921676e-05,5.3165462e-06,3,3,3,3,0.014501155,-9.6702568e-06,-1.0170363
1422,0.00046885647,0.00041215965,0.00028407817,0.003502967,2.0800585e-05,1.8460759e-05,1.282974e-05,5.5691376e-06,3,3,3,3,0.015189926,4.210232e-05,-1.0169942
1423,0.00047021197,0.00041191847,0.00028237331,0.0035017045,2.0875418e-05,1.8435927e-05,1.2734514e-05,5.5632759e-06,3,3,3,3,0.015173722,4.1374407e-05,-1.0169528
1424,0.00047156713,0.00041176241,0.00028071014,0.0035001061,2.0944638e-05,1.8414491e-05,1.2639534e-05,5.3433724e-06,3,3,3,3,0.014573696,-5.433238e-06,-1.0169582
1425,0.00047282335,0.00041159985,0.00027896497,0.0034980479,2.1006211e-05,1.838859e-05,1.254094e-05,5.3608652e-06,3,3,3,3,0.01462113,-1.3651652e-05,-1.0169719
1426,0.00047411082,0.00041172562,0.0002773194,0.0034961755,2.1064056e-05,1.8371245e-05,1.2447371e-05,5.6178586e-06,3,3,3,3,0.01532177,3.1490039e-05,-1.0169404
1427,0.00047535574,0.00041193307,0.00027564918,0.0034941982,2.1120591e-05,1.8360608e-05,1.2351846e-05,5.6049958e-06,3,3,3,3,0.01528639,3.5647577e-05,-1.0169047
1428,0.00047657029,0.00041232591,0.00027399691,0.0034923985,2.1174585e-05,1.8358928e-05,1.2260466e-05,5.3891383e-06,3,3,3,3,0.01469736,-7.0863238e-06,-1.0169118
1429,0.00047769265,0.00041282543,0.00027230465,0.0034900643,2.1224394e-05,1.8362418e-05,1.2168847e-05,5.4087706e-06,3,3,3,3,0.014750572,-4.4707431e-06,-1.0169163
1430,0.00047881374,0.00041355795,0.0002706875,0.0034885753,2.1274503e-05,1.8381686e-05,1.2082262e-05,5.7051773e-06,3,3,3,3,0.015558554,5.595085e-05,-1.0168603
1431,0.00047989984,0.00041443995,0.00026902473,0.0034872681,2.132599e-05,1.8407793e-05,1.1992581e-05,5.4595282e-06,3,3,3,3,0.01488823,1.9760311e-05,-1.0168406
1432,0.00048098891,0.00041551462,0.00026749472,0.0034861287,2.1377182e-05,1.8447577e-05,1.1910556e-05,5.4950005e-06,3,3,3,3,0.014984474,3.8704787e-05,-1.0168019
1433,0.00048213347,0.00041671012,0.00026603758,0.0034854375,2.143127e-05,1.8497784e-05,1.183084e-05,6.7687422e-06,3,3,3,3,0.018457224,-3.0166646e-06,-1.0168049
1434,0.0004833914,0.00041816329,0.00026467868,0.0034869455,2.1486885e-05,1.8562341e-05,1.1756718e-05,5.5410529e-06,3,3,3,3,0.015108686,3.8589621e-05,-1.0167663
1435,0.00048451247,0.00041944728,0.00026324235,0.0034859514,2.1535607e-05,1.8616072e-05,1.1680156e-05,5.5794876e-06,3,3,3,3,0.015212866,3.585338e-05,-1.0167304
1436,0.00048570595,0.00042079057,0.00026190446,0.0034858718,2.1587825e-05,1.8669572e-05,1.1610241e-05,5.6211318e-06,3,3,3,3,0.015325751,4.4264434e-05,-1.0166862
1437,0.00048688775,0.00042219449,0.00026067113,0.0034860437,2.1643642e-05,1.8725866e-05,1.1547188e-05,5.6654819e-06,3,3,3,3,0.015445944,6.3934647e-05,-1.0166222
1438,0.00048806799,0.00042372519,0.000259601,0.0034861989,2.1703116e-05,1.8788524e-05,1.1491945e-05,5.7010518e-06,3,3,3,3,0.015542166,0.00010053392,-1.0165217
1439,0.00048931898,0.00042530962,0.00025870003,0.0034874062,2.1764537e-05,1.8854537e-05,1.1443284e-05,5.735062e-06,3,3,3,3,0.015634048,0.00015683653,-1.0163649
1440,0.000490544,0.00042684877,0.00025791604,0.0034897592,2.182746e-05,1.8920543e-05,1.1400023e-05,7.6186752e-06,3,3,3,3,0.020767678,8.6309595e-06,-1.0163562
1441,0.00049184225,0.00042836961,0.00025705109,0.0034941762,2.1890687e-05,1.8983775e-05,1.1355137e-05,5.758551e-06,3,3,3,3,0.015695779,0.00018668535,-1.0161696
1442,0.00049299648,0.00042976955,0.00025633683,0.0034968704,2.1950582e-05,1.9044664e-05,1.1318756e-05,5.8126578e-06,3,3,3,3,0.015842197,0.00020635029,-1.0159632
1443,0.00049423496,0.00043132678,0.00025578354,0.0035008626,2.2016864e-05,1.9114592e-05,1.1291349e-05,7.2764909e-06,3,3,3,3,0.019830386,5.5121304e-06,-1.0159577
1444,0.0004956282,0.00043318285,0.00025554526,0.0035077231,2.2092842e-05,1.9206879e-05,1.1281457e-05,5.8699646e-06,3,3,3,3,0.015995579,0.00018068733,-1.015777
1445,0.00049688412,0.00043470161,0.00025517008,0.0035125609,2.2167204e-05,1.9288185e-05,1.1265292e-05,5.9038706e-06,3,3,3,3,0.016086668,0.0001821554,-1.0155949
1446,0.00049811834,0.00043626281,0.00025494305,0.0035184408,2.2238099e-05,1.9375075e-05,1.1256395e-05,5.9613351e-06,3,3,3,3,0.016241869,0.000219586,-1.0153753
1447,0.00049923547,0.0004379621,0.00025489717,0.0035254878,2.2303101e-05,1.9469313e-05,1.1257035e-05,6.8692118e-06,3,3,3,3,0.018713734,-1.1943011e-06,-1.0153765
1448,0.00050028143,0.00043973496,0.00025496337,0.0035327768,2.2367243e-05,1.9571646e-05,1.1264784e-05,5.9777175e-06,3,3,3,3,0.016283106,0.00023261501,-1.0151438
1449,0.00050107744,0.00044150818,0.00025524399,0.0035405395,2.2419023e-05,1.9675761e-05,1.1284807e-05,6.8215382e-06,3,3,3,3,0.018579772,0.00010637823,-1.0150375
1450,0.00050182562,0.00044363234,0.00025591537,0.0035502447,2.2467132e-05,1.9795712e-05,1.1326432e-05,7.5655159e-06,3,3,3,3,0.020603915,-5.4819985e-07,-1.015038
1451,0.00050225859,0.00044531228,0.00025610539,0.0035572685,2.2491438e-05,1.9887707e-05,1.1341506e-05,6.0063429e-06,3,3,3,3,0.016355411,0.00018284555,-1.0148552
1452,0.00050247969,0.00044726325,0.00025672002,0.0035652409,2.2503085e-05,1.9998168e-05,1.1380323e-05,6.0454235e-06,3,3,3,3,0.016460012,0.0002118437,-1.0146433
1453,0.00050253042,0.000449432,0.0002574863,0.0035727015,2.2503975e-05,2.0114361e-05,1.1424611e-05,8.1590604e-06,3,3,3,3,0.022212343,-9.8299676e-06,-1.0146532
1454,0.00050256956,0.00045193151,0.00025846343,0.0035828597,2.2505461e-05,2.0238823e-05,1.1477476e-05,7.2910401e-06,3,3,3,3,0.019846259,-2.7830351e-06,-1.0146559
1455,0.00050237575,0.00045448133,0.00025964619,0.0035919953,2.249444e-05,2.0369756e-05,1.1539072e-05,6.0790358e-06,3,3,3,3,0.016544763,0.00019684747,-1.0144591
1456,0.00050187414,0.00045676712,0.00026061575,0.0035985084,2.246489e-05,2.0484609e-05,1.1587014e-05,7.1709897e-06,3,3,3,3,0.019514283,8.4905092e-05,-1.0143742
1457,0.00050145194,0.00045906003,0.0002614554,0.003605688,2.2429725e-05,2.058855e-05,1.1626162e-05,7.1893852e-06,3,3,3,3,0.019561898,9.6577898e-05,-1.0142776
1458,0.00050099114,0.00046182838,0.00026286301,0.0036157755,2.2394061e-05,2.072413e-05,1.1698557e-05,6.9987772e-06,3,3,3,3,0.019040817,0.00012534994,-1.0141523
1459,0.00050040685,0.00046467761,0.00026438845,0.0036246584,2.2351033e-05,2.0859941e-05,1.1772172e-05,8.0366713e-06,3,3,3,3,0.02186162,1.9970839e-05,-1.0141323
1460,0.00049963592,0.0004668948,0.00026520055,0.003629771,2.2294115e-05,2.0959086e-05,1.1807329e-05,7.8545273e-06,3,3,3,3,0.021362562,3.1888508e-05,-1.0141004
1461,0.00049882933,0.0004694243,0.00026634618,0.0036390146,2.223673e-05,2.107442e-05,1.1858631e-05,6.1754617e-06,3,3,3,3,0.016792999,0.00022232973,-1.0138781
1462,0.00049774069,0.00047168269,0.00026747024,0.0036445373,2.2169593e-05,2.1178923e-05,1.1908109e-05,7.2530496e-06,3,3,3,3,0.01972044,4.4222132e-05,-1.0138338
1463,0.00049678091,0.00047418372,0.00026880784,0.0036532163,2.210995e-05,2.1292421e-05,1.1967286e-05,7.0923234e-06,3,3,3,3,0.019280073,0.00016142543,-1.0136724
1464,0.00049562938,0.00047627472,0.0002696462,0.003660046,2.2040953e-05,2.1377874e-05,1.2000119e-05,7.1542313e-06,3,3,3,3,0.019445352,0.00019048436,-1.0134819
1465,0.00049451406,0.00047857078,0.00027081234,0.0036698833,2.1969287e-05,2.1477094e-05,1.2054563e-05,7.5519112e-06,3,3,3,3,0.020522977,8.6367604e-05,-1.0133956
1466,0.00049331791,0.00048031153,0.00027162718,0.0036777989,2.1893186e-05,2.1547571e-05,1.2086903e-05,7.2645594e-06,3,3,3,3,0.019738339,0.00010157918,-1.013294
1467,0.00049220755,0.00048211509,0.00027259924,0.0036880014,2.1816067e-05,2.1623786e-05,1.2131181e-05,6.2100641e-06,3,3,3,3,0.016870027,0.00033071866,-1.0129633
1468,0.00049095873,0.00048357118,0.00027340791,0.0036974607,2.1730454e-05,2.1680878e-05,1.2167085e-05,7.1406083e-06,3,3,3,3,0.01939469,0.00024714797,-1.0127161
1469,0.00048999212,0.00048508891,0.00027423511,0.0037082252,2.1649831e-05,2.1740009e-05,1.2203944e-05,7.4825572e-06,3,3,3,3,0.02031999,0.00012237932,-1.0125937
1470,0.00048893388,0.0004862164,0.0002748867,0.0037193359,2.1563793e-05,2.1779534e-05,1.2232746e-05,7.0676199e-06,3,3,3,3,0.019189298,0.00028363245,-1.0123101
1471,0.00048790733,0.00048743004,0.00027579254,0.003731332,2.1484502e-05,2.1826812e-05,1.2274761e-05,7.5435259e-06,3,3,3,3,0.020477719,0.00014885,-1.0121613
1472,0.00048697835,0.00048809114,0.00027628793,0.0037421868,2.1412318e-05,2.1841678e-05,1.2293436e-05,6.7319654e-06,3,3,3,3,0.018270913,0.0002648019,-1.0118965
1473,0.0004860703,0.00048882045,0.00027696056,0.0037538939,2.1344957e-05,2.1860941e-05,1.2321778e-05,7.3145749e-06,3,3,3,3,0.019848554,0.00017944883,-1.011717
1474,0.00048535325,0.00048953783,0.00027759068,0.0037676485,2.1284284e-05,2.1869941e-05,1.2344013e-05,6.2863602e-06,3,3,3,3,0.01705502,0.00037238093,-1.0113446
1475,0.00048462865,0.00049013696,0.00027821562,0.0037806208,2.1224235e-05,2.1875908e-05,1.2363046e-05,6.8187358e-06,3,3,3,3,0.018496121,0.00032363467,-1.011021
1476,0.00048410344,0.00049073387,0.00027877612,0.003794504,2.1173655e-05,2.1879779e-05,1.2376966e-05,6.90391e-06,3,3,3,3,0.01872387,0.00036759303,-1.0106534
1477,0.0004836916,0.00049137633,0.00027964776,0.003810328,2.1131251e-05,2.1894884e-05,1.2407905e-05,7.4776317e-06,3,3,3,3,0.020276288,0.0002386417,-1.0104148
1478,0.00048331395,0.00049157068,0.00028030866,0.0038247958,2.1091529e-05,2.1888886e-05,1.2431003e-05,6.6460377e-06,3,3,3,3,0.01801779,0.00040861917,-1.0100061
1479,0.00048301082,0.00049170562,0.00028115486,0.0038393427,2.1063441e-05,2.1887097e-05,1.2468924e-05,6.5644952e-06,3,3,3,3,0.017793663,0.00041521405,-1.0095909
1480,0.00048292284,0.00049183848,0.00028215985,0.0038553594,2.104519e-05,2.1887093e-05,1.2516833e-05,6.2901438e-06,3,3,3,3,0.017047108,0.00054751582,-1.0090434
1481,0.00048295411,0.00049181964,0.00028314053,0.0038704775,2.1033031e-05,2.1878665e-05,1.2565572e-05,7.6599058e-06,3,3,3,3,0.020755975,0.00029025535,-1.0087532
1482,0.00048331578,0.00049199747,0.00028441563,0.003888264,2.1030077e-05,2.1881455e-05,1.2630419e-05,6.2595882e-06,3,3,3,3,0.01695847,0.00055681496,-1.0081963
1483,0.00048356559,0.00049189931,0.00028564492,0.0039041668,2.1022168e-05,2.1874256e-05,1.2690699e-05,6.578162e-06,3,3,3,3,0.017818848,0.00045711318,-1.0077392
1484,0.00048388035,0.00049170125,0.0002869098,0.0039203481,2.1020234e-05,2.1863733e-05,1.275048e-05,6.5567175e-06,3,3,3,3,0.017758082,0.00045277378,-1.0072865
1485,0.00048427066,0.00049154253,0.00028828563,0.003936643,2.102448e-05,2.1857571e-05,1.2813632e-05,6.4809627e-06,3,3,3,3,0.017550296,0.00043901831,-1.0068474
1486,0.00048473383,0.00049142183,0.0002897636,0.0039526827,2.1033533e-05,2.1853842e-05,1.2881091e-05,6.3142115e-06,3,3,3,3,0.017096277,0.00048967554,-1.0063578
1487,0.00048523641,0.00049139893,0.0002914001,0.0039678955,2.1041382e-05,2.185271e-05,1.295419e-05,6.3405967e-06,3,3,3,3,0.017165387,0.0004299242,-1.0059278
1488,0.00048576926,0.00049142698,0.00029314148,0.0039842449,2.1050868e-05,2.1853427e-05,1.3030137e-05,6.335549e-06,3,3,3,3,0.017149531,0.00036544476,-1.0055624
1489,0.00048634847,0.00049149844,0.00029494133,0.004001455,2.1066214e-05,2.1860928e-05,1.3109036e-05,6.3225131e-06,3,3,3,3,0.017112198,0.00028667144,-1.0052757
1490,0.00048690021,0.00049166914,0.00029674075,0.0040180875,2.1081543e-05,2.186825e-05,1.3187954e-05,6.3332503e-06,3,3,3,3,0.01713934,0.00018457416,-1.0050911
1491,0.00048745968,0.00049183112,0.00029849941,0.0040341821,2.1096484e-05,2.187378e-05,1.32683e-05,7.4506404e-06,3,3,3,3,0.020161132,0.00011117657,-1.00498
1492,0.00048789496,0.00049165056,0.00029986324,0.0040491123,2.1107982e-05,2.1860837e-05,1.3327467e-05,6.2898861e-06,3,3,3,3,0.017018801,-3.8242809e-05,-1.0050182
1493,0.00048823836,0.00049149462,0.00030159475,0.0040593628,2.1122575e-05,2.1853604e-05,1.3406055e-05,8.310068e-06,3,3,3,3,0.02248276,-8.4983176e-06,-1.0050267
1494,0.00048863087,0.00049135509,0.00030322656,0.0040704292,2.1132499e-05,2.1843235e-05,1.3478313e-05,7.870749e-06,3,3,3,3,0.02129309,-3.5340219e-05,-1.0050621
1495,0.00048892079,0.00049116049,0.00030499885,0.0040797612,2.1138853e-05,2.1832333e-05,1.3559981e-05,6.816516e-06,3,3,3,3,0.018440368,-9.9925656e-05,-1.005162
1496,0.00048908616,0.00049030073,0.00030623257,0.0040852813,2.112977e-05,2.1784327e-05,1.3615245e-05,6.8782846e-06,3,3,3,3,0.018606565,-0.00010212107,-1.0052641
1497,0.00048935446,0.00048966429,0.0003075222,0.0040932995,2.1117436e-05,2.1737085e-05,1.367027e-05,6.9618474e-06,3,3,3,3,0.018831812,-0.00011552306,-1.0053796
1498,0.00048957475,0.00048928245,0.00030908037,0.0041011047,2.1102459e-05,2.1702144e-05,1.3742141e-05,7.8953299e-06,3,3,3,3,0.021356235,-4.960807e-05,-1.0054292
1499,0.00048959453,0.00048863095,0.00031021596,0.0041043987,2.1080106e-05,2.1645009e-05,1.3789194e-05,6.3807404e-06,3,3,3,3,0.01725947,-0.00022747215,-1.0056567
1500,0.00048964348,0.00048788424,0.00031147938,0.0041082626,2.106058e-05,2.158621e-05,1.3842122e-05,8.252788e-06,3,3,3,3,0.022322936,-7.7182806e-05,-1.0057339
1501,0.00048968421,0.00048700594,0.00031238499,0.0041132619,2.103899e-05,2.1513028e-05,1.3872096e-05,6.4683145e-06,3,3,3,3,0.017496496,-0.00029586996,-1.0060298
1502,0.00048964668,0.00048589545,0.00031333918,0.0041127184,2.101723e-05,2.1428472e-05,1.3904512e-05,8.3915891e-06,3,3,3,3,0.022698747,-0.00010349768,-1.0061333
1503,0.0004897074,0.00048503881,0.00031436358,0.0041143755,2.099525e-05,2.1360207e-05,1.3940149e-05,7.7590443e-06,3,3,3,3,0.020988495,-0.00011398452,-1.0062472
1504,0.00048955464,0.00048413076,0.00031519696,0.0041135099,2.0971348e-05,2.1285756e-05,1.3972763e-05,7.1636291e-06,3,3,3,3,0.019378528,-0.00019753449,-1.0064448
1505,0.00048921537,0.00048265591,0.00031562529,0.0041091736,2.0934592e-05,2.1185126e-05,1.398467e-05,6.5464072e-06,3,3,3,3,0.017709081,-0.00032739004,-1.0067722
1506,0.00048873751,0.00048115822,0.00031605943,0.0041055484,2.0900669e-05,2.1097101e-05,1.3997395e-05,7.7359314e-06,3,3,3,3,0.020927208,-0.00011849008,-1.0068907
1507,0.0004882205,0.00047957845,0.00031636997,0.0040993066,2.0860984e-05,2.1015343e-05,1.4005021e-05,7.5478318e-06,3,3,3,3,0.020419126,-0.00013218947,-1.0070228
1508,0.00048761725,0.00047788389,0.00031665088,0.0040919946,2.0815531e-05,2.0928665e-05,1.4008285e-05,6.5220656e-06,3,3,3,3,0.017644748,-0.00036399626,-1.0073868
1509,0.00048690263,0.00047599293,0.00031680841,0.0040820833,2.0765495e-05,2.0831524e-05,1.4011258e-05,7.5703689e-06,3,3,3,3,0.020481126,-0.00016048381,-1.0075473
1510,0.00048620992,0.0004739844,0.00031665108,0.0040727949,2.07133e-05,2.0726483e-05,1.3997803e-05,7.4655098e-06,3,3,3,3,0.020198328,-0.00016657677,-1.0077139
1511,0.00048536327,0.00047199872,0.00031646581,0.004063849,2.0661753e-05,2.0625777e-05,1.3985289e-05,6.514244e-06,3,3,3,3,0.017625346,-0.00038693398,-1.0081008
1512,0.0004842375,0.00046979554,0.00031617851,0.0040540155,2.0609925e-05,2.0518818e-05,1.3969655e-05,7.5999985e-06,3,3,3,3,0.0205634,-0.00015216439,-1.008253
1513,0.00048304994,0.00046756997,0.00031568483,0.0040447133,2.0554792e-05,2.0413165e-05,1.3947592e-05,7.3833501e-06,3,3,3,3,0.019978089,-0.00014843757,-1.0084014
1514,0.00048172234,0.00046541144,0.0003151275,0.0040340977,2.0490241e-05,2.03076e-05,1.3921741e-05,6.9255509e-06,3,3,3,3,0.018740135,-0.00026644358,-1.0086679
1515,0.00048011573,0.00046317495,0.00031450023,0.0040208174,2.041289e-05,2.0199186e-05,1.3891415e-05,7.3553627e-06,3,3,3,3,0.019903482,-0.0001356397,-1.0088035
1516,0.00047820722,0.0004607891,0.0003135665,0.0040057887,2.0325579e-05,2.0085971e-05,1.3843703e-05,7.1537023e-06,3,3,3,3,0.01935848,-0.00013389649,-1.0089374
1517,0.00047617825,0.00045851646,0.00031278437,0.0039889581,2.0229903e-05,1.9983123e-05,1.3800802e-05,6.7516828e-06,3,3,3,3,0.018271208,-0.00013570798,-1.0090731
1518,0.00047381731,0.00045618298,0.00031193264,0.0039701281,2.0129811e-05,1.9879229e-05,1.3753362e-05,6.1531474e-06,3,3,3,3,0.016651984,-0.00032726884,-1.0094004
1519,0.00047123682,0.00045358405,0.00031075501,0.0039479266,2.0019893e-05,1.9759662e-05,1.3693323e-05,6.6718436e-06,3,3,3,3,0.018055983,-0.00016759809,-1.009568
1520,0.00046845181,0.00045104125,0.00030949108,0.0039254098,1.990889e-05,1.9642857e-05,1.3632286e-05,6.6384198e-06,3,3,3,3,0.017966182,-0.00017466323,-1.0097427
1521,0.00046565553,0.00044855097,0.00030817992,0.0039018262,1.9797179e-05,1.9531782e-05,1.3574689e-05,6.5043194e-06,3,3,3,3,0.017603997,-0.0001587286,-1.0099014
1522,0.00046289857,0.00044592711,0.0003067381,0.0038768787,1.9682676e-05,1.9413631e-05,1.3509411e-05,6.3420098e-06,3,3,3,3,0.017165453,-0.00025017851,-1.0101516
1523,0.00046039525,0.00044347075,0.00030541727,0.0038512544,1.9576622e-05,1.930916e-05,1.3450997e-05,6.9284484e-06,3,3,3,3,0.018753263,-0.00012689843,-1.0102785
1524,0.00045788868,0.00044062801,0.00030364865,0.003823809,1.9476354e-05,1.9188391e-05,1.3367926e-05,6.8355826e-06,3,3,3,3,0.018502886,-0.00011575177,-1.0103942
1525,0.00045553104,0.00043810568,0.00030210151,0.0037970793,1.9390267e-05,1.9082951e-05,1.3300128e-05,6.3991295e-06,3,3,3,3,0.017322471,-0.00011240548,-1.0105066
1526,0.00045322648,0.00043555859,0.00030062089,0.0037699262,1.9315237e-05,1.8980895e-05,1.3235382e-05,6.0436192e-06,3,3,3,3,0.016361075,-0.00018788175,-1.0106945
1527,0.00045099237,0.0004328311,0.00029892532,0.0037415876,1.9247899e-05,1.8866668e-05,1.3157167e-05,6.1610933e-06,3,3,3,3,0.016679816,-0.00010129062,-1.0107958
1528,0.0004489571,0.00043026592,0.0002973808,0.0037178162,1.9189782e-05,1.876573e-05,1.3091182e-05,6.0403382e-06,3,3,3,3,0.016353885,-9.7342865e-05,-1.0108931
1529,0.00044728632,0.00042787259,0.00029597107,0.0036937909,1.9141775e-05,1.8673984e-05,1.3037341e-05,5.818784e-06,3,3,3,3,0.015755058,-9.5590657e-05,-1.0109887
1530,0.00044571697,0.00042550522,0.0002945956,0.0036707768,1.9102361e-05,1.8579773e-05,1.2989291e-05,5.8437221e-06,3,3,3,3,0.015823626,-0.0001721257,-1.0111608
1531,0.00044444577,0.00042327752,0.00029340115,0.0036498177,1.9079583e-05,1.8494437e-05,1.2954364e-05,6.024446e-06,3,3,3,3,0.016313889,-8.4980981e-05,-1.0112458
1532,0.00044338917,0.00042085579,0.00029210739,0.003628587,1.9075396e-05,1.8396914e-05,1.2910998e-05,6.0181884e-06,3,3,3,3,0.016298141,-8.201569e-05,-1.0113278
1533,0.00044266929,0.0004186192,0.00029098889,0.0036098161,1.9086868e-05,1.8301877e-05,1.2876118e-05,5.8059616e-06,3,3,3,3,0.015724612,-7.7432616e-05,-1.0114053
1534,0.00044226389,0.00041662724,0.00029006877,0.0035925008,1.9108391e-05,1.8214018e-05,1.2854627e-05,5.1565794e-06,3,3,3,3,0.013966967,-0.0002198727,-1.0116251
1535,0.00044202528,0.0004145568,0.0002891517,0.0035748824,1.9133012e-05,1.8123888e-05,1.2830701e-05,5.7084025e-06,3,3,3,3,0.015462707,-7.3715669e-05,-1.0116989
1536,0.00044192159,0.00041256349,0.00028837635,0.0035605815,1.9169799e-05,1.8039506e-05,1.281178e-05,5.6125779e-06,3,3,3,3,0.015204487,-7.4606129e-05,-1.0117735
1537,0.00044199721,0.000410751,0.00028773493,0.0035475024,1.9212261e-05,1.7956102e-05,1.2796703e-05,5.5710021e-06,3,3,3,3,0.015093215,-0.00014863388,-1.0119221
1538,0.00044231593,0.00040922062,0.00028729999,0.0035348224,1.9257525e-05,1.7882695e-05,1.2791367e-05,5.0585244e-06,3,3,3,3,0.013705868,-0.00022232767,-1.0121444
1539,0.00044275526,0.00040777132,0.0002868699,0.0035232752,1.930933e-05,1.7810015e-05,1.2783986e-05,6.2870067e-06,3,3,3,3,0.017035789,-6.6588024e-05,-1.012211
1540,0.00044334597,0.00040620498,0.00028625016,0.0035124244,1.9359532e-05,1.7731755e-05,1.2764424e-05,6.1017913e-06,3,3,3,3,0.016535682,-7.2037741e-05,-1.0122831
1541,0.00044404372,0.00040507849,0.00028600488,0.0035041925,1.9413507e-05,1.7681472e-05,1.276329e-05,5.0251458e-06,3,3,3,3,0.013619469,-0.00019125831,-1.0124743
1542,0.0004446419,0.00040403839,0.0002857185,0.0034950545,1.9457549e-05,1.7634696e-05,1.2757314e-05,5.0722113e-06,3,3,3,3,0.013748238,-0.00019931698,-1.0126736
1543,0.00044533673,0.0004033649,0.0002856171,0.0034878684,1.9496735e-05,1.7603482e-05,1.2754214e-05,5.9859704e-06,3,3,3,3,0.016226455,-6.7628214e-05,-1.0127413
1544,0.0004459194,0.00040271066,0.00028567952,0.0034833854,1.9527049e-05,1.7571735e-05,1.2749964e-05,5.7122196e-06,3,3,3,3,0.015486122,-6.7155569e-05,-1.0128084
1545,0.00044641559,0.00040223267,0.00028588537,0.0034796184,1.9551641e-05,1.7545463e-05,1.2749911e-05,5.0936651e-06,3,3,3,3,0.01381071,-0.00016574232,-1.0129742
1546,0.00044666287,0.00040161374,0.00028594271,0.0034755468,1.9564363e-05,1.7509347e-05,1.2742291e-05,5.1293848e-06,3,3,3,3,0.013908905,-0.0001686951,-1.0131429
1547,0.00044683686,0.00040108586,0.0002860976,0.0034733456,1.9573012e-05,1.7475992e-05,1.2739381e-05,5.6674051e-06,3,3,3,3,0.015369294,-4.5019529e-05,-1.0131879
1548,0.00044689753,0.00040065012,0.00028628924,0.0034721994,1.9575414e-05,1.7447754e-05,1.273845e-05,5.4551698e-06,3,3,3,3,0.014795404,-9.5857744e-05,-1.0132837
1549,0.00044683051,0.00040042441,0.00028661687,0.0034714383,1.9571143e-05,1.7435223e-05,1.2745636e-05,5.9090315e-06,3,3,3,3,0.016028006,-3.3324759e-05,-1.0133171
1550,0.00044651404,0.0003999483,0.00028669508,0.003470781,1.9558781e-05,1.741187e-05,1.2738594e-05,5.0996951e-06,3,3,3,3,0.013834346,-0.00014438961,-1.0134614
1551,0.00044597294,0.00039964697,0.00028682256,0.003470191,1.9538676e-05,1.740374e-05,1.2733844e-05,6.1594632e-06,3,3,3,3,0.016710988,-3.0721964e-05,-1.0134922
1552,0.00044541646,0.0003992246,0.00028670038,0.0034703822,1.951126e-05,1.7386669e-05,1.2715972e-05,5.1006782e-06,3,3,3,3,0.013840164,-0.0001610826,-1.0136532
1553,0.00044456472,0.00039873786,0.00028649239,0.0034684675,1.9470674e-05,1.7368548e-05,1.2692176e-05,6.2378921e-06,3,3,3,3,0.016927635,-3.6176261e-05,-1.0136894
1554,0.00044369749,0.00039839373,0.00028633845,0.0034680505,1.9427464e-05,1.7355427e-05,1.2672638e-05,5.818498e-06,3,3,3,3,0.015791499,-3.8030807e-05,-1.0137275
1555,0.00044260158,0.00039794118,0.00028605745,0.0034658368,1.9373448e-05,1.7338839e-05,1.2646778e-05,5.4361657e-06,3,3,3,3,0.014755605,-7.6858332e-05,-1.0138043
1556,0.00044123021,0.00039711969,0.0002853297,0.0034603107,1.9307693e-05,1.7306187e-05,1.2599981e-05,5.4330736e-06,3,3,3,3,0.014748723,-6.9056062e-05,-1.0138734
1557,0.00043982087,0.00039643456,0.00028464729,0.0034555901,1.9245545e-05,1.728831e-05,1.2563168e-05,5.7148426e-06,3,3,3,3,0.015515187,-1.8124055e-05,-1.0138915
1558,0.00043824032,0.00039549911,0.00028374957,0.0034479784,1.9179928e-05,1.7258431e-05,1.2517971e-05,5.642994e-06,3,3,3,3,0.01532189,-1.290464e-05,-1.0139044
1559,0.00043658454,0.00039461851,0.00028283631,0.0034401304,1.911234e-05,1.7231798e-05,1.2473766e-05,5.2814689e-06,3,3,3,3,0.014341885,-6.0632058e-05,-1.013965
1560,0.00043484805,0.00039362035,0.0002818312,0.0034305477,1.9038744e-05,1.7201217e-05,1.2428989e-05,5.6694892e-06,3,3,3,3,0.015397073,-1.8519676e-05,-1.0139836
1561,0.00043306883,0.00039243029,0.00028056364,0.0034196817,1.8968237e-05,1.7160638e-05,1.237235e-05,5.5570833e-06,3,3,3,3,0.015093522,-2.5360954e-06,-1.0139861
1562,0.00043124163,0.00039133186,0.00027939359,0.0034078593,1.8899833e-05,1.7125883e-05,1.2323646e-05,5.1820635e-06,3,3,3,3,0.014076506,-6.635576e-05,-1.0140524
1563,0.00042925579,0.00039003654,0.00027800166,0.0033930035,1.8829825e-05,1.7079929e-05,1.2262875e-05,5.5101957e-06,3,3,3,3,0.014969264,-8.6036637e-06,-1.014061
1564,0.00042731074,0.00038880932,0.00027662694,0.0033782421,1.8762478e-05,1.7039572e-05,1.2203339e-05,5.1770607e-06,3,3,3,3,0.01406578,-8.0132721e-05,-1.0141412
1565,0.00042534441,0.00038758997,0.00027530124,0.0033632052,1.8694793e-05,1.7001859e-05,1.2146402e-05,5.7287001e-06,3,3,3,3,0.015566001,-7.6623589e-06,-1.0141488
1566,0.00042334961,0.00038626093,0.00027377824,0.0033475265,1.8624534e-05,1.6959445e-05,1.2079872e-05,5.4730834e-06,3,3,3,3,0.014873053,-6.9277554e-06,-1.0141558
1567,0.0004213636,0.00038510155,0.00027243913,0.0033328849,1.8553791e-05,1.6926069e-05,1.2023246e-05,4.9953411e-06,3,3,3,3,0.013576228,-8.1512909e-05,-1.0142373
1568,0.00041926895,0.00038366655,0.00027088646,0.0033152489,1.8475784e-05,1.6880245e-05,1.1956355e-05,4.9831596e-06,3,3,3,3,0.013544319,-8.6587727e-05,-1.0143239
1569,0.00041724937,0.00038245234,0.00026952259,0.0032992027,1.8398065e-05,1.6851837e-05,1.190339e-05,5.6186365e-06,3,3,3,3,0.015272905,-8.5640277e-06,-1.0143324
1570,0.00041520571,0.00038111734,0.00026790796,0.0032825627,1.8318451e-05,1.6812592e-05,1.1837517e-05,5.397432e-06,3,3,3,3,0.014673167,-8.5248648e-06,-1.014341
1571,0.00041325488,0.00038009974,0.00026655025,0.0032681657,1.8243378e-05,1.6791128e-05,1.1787956e-05,4.4721692e-06,3,3,3,3,0.012159068,-0.00013785748,-1.0144788
1572,0.00041119869,0.00037892615,0.00026507656,0.0032520875,1.8161508e-05,1.6757975e-05,1.1731135e-05,4.9175107e-06,3,3,3,3,0.013371092,-9.6472268e-05,-1.0145753
1573,0.00040931845,0.00037793469,0.00026365855,0.003236984,1.8087807e-05,1.6731117e-05,1.1677106e-05,4.8234741e-06,3,3,3,3,0.013116605,-0.00011291038,-1.0146882
1574,0.00040753505,0.00037727136,0.00026253871,0.0032242603,1.8021202e-05,1.6722417e-05,1.1637666e-05,5.7975499e-06,3,3,3,3,0.015766896,-1.8028878e-05,-1.0147062
1575,0.00040574103,0.00037639041,0.00026102231,0.0032093774,1.7954251e-05,1.6695136e-05,1.1576283e-05,4.3784147e-06,3,3,3,3,0.01190877,-0.00017060126,-1.0148768
1576,0.00040392746,0.00037567843,0.00025976197,0.0031960052,1.78896e-05,1.6678359e-05,1.1530243e-05,5.5838283e-06,3,3,3,3,0.015188709,-1.737283e-05,-1.0148942
1577,0.00040237784,0.00037536369,0.00025873298,0.0031848408,1.7835649e-05,1.6677999e-05,1.1496286e-05,4.3540551e-06,3,3,3,3,0.011844835,-0.00014095798,-1.0150352
1578,0.0004007377,0.0003748812,0.0002576783,0.0031719466,1.7778296e-05,1.66645e-05,1.1463713e-05,4.6742424e-06,3,3,3,3,0.012717007,-8.5213843e-05,-1.0151204
1579,0.00039927829,0.00037447563,0.00025674038,0.0031605659,1.7725062e-05,1.6653863e-05,1.1434278e-05,4.331103e-06,3,3,3,3,0.011784502,-0.00013674161,-1.0152571
1580,0.00039789196,0.00037415282,0.00025601718,0.0031515397,1.7670495e-05,1.6650773e-05,1.1412764e-05,4.6091941e-06,3,3,3,3,0.012542261,-8.9686773e-05,-1.0153468
1581,0.00039662731,0.00037400689,0.00025553572,0.0031445131,1.7619873e-05,1.6655485e-05,1.1403169e-05,4.290419e-06,3,3,3,3,0.011675837,-0.000148976,-1.0154958
1582,0.00039538899,0.0003738337,0.00025509744,0.0031376305,1.7568601e-05,1.6656718e-05,1.1393899e-05,4.280699e-06,3,3,3,3,0.011650355,-0.00015551638,-1.0156513
1583,0.00039422287,0.00037370934,0.00025476423,0.0031316669,1.7521223e-05,1.6661383e-05,1.138891e-05,4.2832883e-06,3,3,3,3,0.011658348,-0.00016787175,-1.0158192
1584,0.00039311821,0.00037356786,0.00025456293,0.0031258952,1.7477426e-05,1.667029e-05,1.138933e-05,5.8189774e-06,3,3,3,3,0.015839485,-2.1042121e-05,-1.0158402
1585,0.00039221575,0.00037368108,0.00025459308,0.0031240617,1.7440023e-05,1.6689627e-05,1.1399409e-05,4.2900938e-06,3,3,3,3,0.011678968,-0.00010537088,-1.0159456
1586,0.00039112766,0.0003736046,0.00025471437,0.0031212149,1.7397672e-05,1.6699007e-05,1.141273e-05,4.3042099e-06,3,3,3,3,0.011718325,-4.229753e-05,-1.0159879
1587,0.00039015835,0.0003735796,0.00025499919,0.0031196875,1.7361449e-05,1.6710486e-05,1.1430265e-05,4.3175185e-06,3,3,3,3,0.01175548,3.1399121e-05,-1.0159565
1588,0.00038926349,0.00037362746,0.00025540631,0.0031203446,1.7326285e-05,1.6723745e-05,1.1453321e-05,4.3286132e-06,3,3,3,3,0.011786592,0.00011793969,-1.0158385
1589,0.00038848242,0.00037370949,0.00025591001,0.0031221543,1.7297643e-05,1.6735877e-05,1.1481186e-05,4.3857797e-06,3,3,3,3,0.011943154,0.00022436946,-1.0156142
1590,0.00038784563,0.00037386425,0.00025654775,0.0031257384,1.7275145e-05,1.6747105e-05,1.1514266e-05,5.8323324e-06,3,3,3,3,0.015883535,8.946515e-05,-1.0155247
1591,0.00038723279,0.00037379011,0.00025706488,0.0031306713,1.7248079e-05,1.6741287e-05,1.1541481e-05,5.7309241e-06,3,3,3,3,0.015608184,0.000101808,-1.0154229
1592,0.00038676804,0.00037398187,0.00025792213,0.0031378522,1.7225707e-05,1.6751747e-05,1.1592238e-05,4.9347533e-06,3,3,3,3,0.013440509,0.0001941884,-1.0152287
1593,0.00038636342,0.00037413691,0.00025870415,0.0031432889,1.7203224e-05,1.6758342e-05,1.1638988e-05,4.4907622e-06,3,3,3,3,0.012232094,0.00026158903,-1.0149671
1594,0.00038609289,0.00037447814,0.00025964581,0.003150213,1.7188316e-05,1.6774232e-05,1.1691712e-05,5.557954e-06,3,3,3,3,0.015140028,9.1117629e-05,-1.014876
1595,0.00038593741,0.0003748826,0.00026059869,0.0031574519,1.7176208e-05,1.6794883e-05,1.1748242e-05,4.5836907e-06,3,3,3,3,0.012486755,0.00026432971,-1.0146117
1596,0.0003858678,0.000375334,0.00026158546,0.0031624278,1.7170073e-05,1.6821653e-05,1.1808682e-05,5.1559717e-06,3,3,3,3,0.014046666,0.00020410326,-1.0144076
1597,0.00038595662,0.00037610108,0.00026283877,0.0031679502,1.717097e-05,1.6864224e-05,1.1878471e-05,6.0209645e-06,3,3,3,3,0.016404268,0.0001017371,-1.0143058
1598,0.00038597653,0.00037655711,0.00026385522,0.0031742244,1.7169034e-05,1.6891348e-05,1.1931789e-05,5.7122775e-06,3,3,3,3,0.015563865,0.00010988845,-1.0141959
1599,0.00038623698,0.00037731981,0.00026513164,0.0031822617,1.7175679e-05,1.6936672e-05,1.1999541e-05,5.0876572e-06,3,3,3,3,0.013862594,0.00020543796,-1.0139905
1600,0.00038651249,0.00037802966,0.00026620205,0.0031879719,1.7185241e-05,1.6976786e-05,1.2056076e-05,5.1692576e-06,3,3,3,3,0.014085799,0.00021070291,-1.0137798
1601,0.00038707584,0.00037917617,0.00026760736,0.0031963852,1.720423e-05,1.704125e-05,1.2128902e-05,6.2220961e-06,3,3,3,3,0.016955699,9.0516722e-05,-1.0136893
1602,0.00038774107,0.00038009388,0.00026868206,0.0032022993,1.7219123e-05,1.7086809e-05,1.2181716e-05,5.9977195e-06,3,3,3,3,0.016344819,9.7278049e-05,-1.013592
1603,0.00038865018,0.0003813717,0.00027010393,0.0032109946,1.7244003e-05,1.7152941e-05,1.2255444e-05,5.2331934e-06,3,3,3,3,0.014261825,0.00021416583,-1.0133778
1604,0.00038951986,0.00038244405,0.00027132044,0.0032167407,1.7272182e-05,1.7207785e-05,1.2317097e-05,5.751149e-06,3,3,3,3,0.015674181,0.00010889252,-1.0132689
1605,0.00039049121,0.00038369041,0.00027272692,0.0032244206,1.7310412e-05,1.7273794e-05,1.2389025e-05,5.5662286e-06,3,3,3,3,0.01517067,0.00011407422,-1.0131549
1606,0.00039166451,0.00038507067,0.00027424019,0.0032322886,1.7354313e-05,1.7346525e-05,1.2462887e-05,5.3885577e-06,3,3,3,3,0.014686859,0.00021613806,-1.0129387
1607,0.00039297339,0.00038645475,0.00027570458,0.0032404688,1.7402434e-05,1.742024e-05,1.2536205e-05,5.8092207e-06,3,3,3,3,0.015834121,0.00010598883,-1.0128327
1608,0.00039433779,0.00038779575,0.00027714592,0.0032484635,1.7453134e-05,1.7493295e-05,1.2611086e-05,5.8778878e-06,3,3,3,3,0.016021725,9.1592852e-05,-1.0127412
1609,0.00039583737,0.00038914018,0.00027863594,0.0032566715,1.7507424e-05,1.7567094e-05,1.268883e-05,5.7049081e-06,3,3,3,3,0.015550691,0.00010522084,-1.0126359
1610,0.00039740883,0.00039048013,0.00028028778,0.0032655374,1.7567034e-05,1.7642729e-05,1.2775248e-05,5.4976924e-06,3,3,3,3,0.014986338,0.00010248935,-1.0125334
1611,0.00039906689,0.00039179775,0.00028199666,0.0032745561,1.7632046e-05,1.7714342e-05,1.2864796e-05,5.4889231e-06,3,3,3,3,0.014962966,0.00018677301,-1.0123467
1612,0.00040091265,0.00039321627,0.00028373446,0.0032838739,1.7705322e-05,1.7785861e-05,1.2959324e-05,5.9151741e-06,3,3,3,3,0.016125733,0.00010962564,-1.012237
1613,0.00040281006,0.00039448538,0.00028545523,0.0032938914,1.77846e-05,1.7847338e-05,1.3053221e-05,6.1232092e-06,3,3,3,3,0.016693336,9.1434841e-05,-1.0121456
1614,0.00040479674,0.00039567373,0.0002871399,0.0033049498,1.7870864e-05,1.7903473e-05,1.3147388e-05,5.9950702e-06,3,3,3,3,0.016344401,9.4372536e-05,-1.0120512
1615,0.00040680162,0.00039687361,0.00028890005,0.003317689,1.7961323e-05,1.7960615e-05,1.3244929e-05,5.7667698e-06,3,3,3,3,0.015722353,9.6721737e-05,-1.0119545
1616,0.00040884043,0.00039804524,0.00029065122,0.0033305395,1.8056636e-05,1.8013579e-05,1.333983e-05,5.5766762e-06,3,3,3,3,0.015204458,9.4222696e-05,-1.0118603
1617,0.00041093474,0.00039911243,0.0002923052,0.0033439593,1.8157346e-05,1.8061355e-05,1.3429918e-05,5.5556549e-06,3,3,3,3,0.015147527,0.00014738561,-1.0117129
1618,0.00041313144,0.00040016068,0.00029392663,0.0033576772,1.8259759e-05,1.8109816e-05,1.3515866e-05,6.0134309e-06,3,3,3,3,0.016396279,6.2946551e-05,-1.01165
1619,0.00041527556,0.00040105877,0.00029543623,0.0033713335,1.8362686e-05,1.8149589e-05,1.3591805e-05,6.0978399e-06,3,3,3,3,0.01662677,5.4599759e-05,-1.0115954
1620,0.00041741175,0.000401893,0.00029682973,0.0033847501,1.8464495e-05,1.8184389e-05,1.3662197e-05,5.9524918e-06,3,3,3,3,0.016230794,4.5663515e-05,-1.0115497
1621,0.00041952967,0.0004026614,0.00029812524,0.003398222,1.8561835e-05,1.8213742e-05,1.3725273e-05,5.7177331e-06,3,3,3,3,0.015591058,3.3940138e-05,-1.0115158
1622,0.00042164185,0.00040338107,0.00029934949,0.0034108934,1.8650518e-05,1.8241163e-05,1.3780855e-05,5.2053445e-06,3,3,3,3,0.014194305,0.00013599058,-1.0113798
1623,0.0004236762,0.00040403531,0.00030041105,0.0034224629,1.8735314e-05,1.8264481e-05,1.3826053e-05,5.8059276e-06,3,3,3,3,0.015832674,2.4189921e-05,-1.0113556
1624,0.00042558637,0.00040470658,0.00030124996,0.0034337202,1.8815607e-05,1.8287373e-05,1.3859323e-05,5.7840587e-06,3,3,3,3,0.015773415,1.7298762e-05,-1.0113383
1625,0.00042745087,0.0004053702,0.00030197918,0.0034431466,1.8892456e-05,1.8309052e-05,1.3883695e-05,5.2182291e-06,3,3,3,3,0.014230708,0.00011789789,-1.0112204
1626,0.00042914722,0.00040600584,0.00030270188,0.0034502791,1.8963846e-05,1.8330141e-05,1.3905501e-05,5.8892682e-06,3,3,3,3,0.016061341,7.8949594e-06,-1.0112125
1627,0.00043066691,0.00040652305,0.00030306302,0.0034570963,1.9029911e-05,1.8341985e-05,1.391014e-05,5.1491466e-06,3,3,3,3,0.014043132,0.00010345445,-1.011109
1628,0.00043214888,0.00040709952,0.00030347696,0.0034623799,1.9097741e-05,1.8361174e-05,1.3921389e-05,6.1080079e-06,3,3,3,3,0.016658759,1.0529409e-05,-1.0110985
1629,0.00043350747,0.00040745637,0.0003033969,0.0034679005,1.9157386e-05,1.836847e-05,1.3910192e-05,5.0967834e-06,3,3,3,3,0.013900967,7.4226204e-05,-1.0110243
1630,0.00043478844,0.00040790211,0.00030341169,0.0034709853,1.9217136e-05,1.838488e-05,1.3905718e-05,6.1509261e-06,3,3,3,3,0.016776525,-9.9926486e-06,-1.0110343
1631,0.00043610169,0.00040827814,0.00030309259,0.0034759674,1.927391e-05,1.8396521e-05,1.3882142e-05,5.4132867e-06,3,3,3,3,0.014764757,7.2797773e-05,-1.0109615
1632,0.00043735432,0.0004086464,0.00030270815,0.0034788879,1.932813e-05,1.8409912e-05,1.3858117e-05,5.0840069e-06,3,3,3,3,0.013866919,1.6623146e-05,-1.0109448
1633,0.00043851799,0.00040892878,0.00030197881,0.0034789285,1.9377976e-05,1.8413141e-05,1.3818091e-05,5.1334018e-06,3,3,3,3,0.01400189,1.3603004e-05,-1.0109312
1634,0.00043976213,0.00040925104,0.00030125733,0.0034793672,1.9428758e-05,1.8420514e-05,1.3778631e-05,5.4692502e-06,3,3,3,3,0.014918151,7.3293348e-05,-1.010858
1635,0.00044098475,0.0004094404,0.00030033406,0.00347938,1.9478983e-05,1.8419918e-05,1.3726611e-05,6.1297898e-06,3,3,3,3,0.016719998,-2.0866421e-05,-1.0108788
1636,0.00044230187,0.00040964425,0.00029927341,0.0034804727,1.9530145e-05,1.8423175e-05,1.3668732e-05,5.1414272e-06,3,3,3,3,0.014023936,1.6735854e-05,-1.0108621
1637,0.00044337896,0.00040942389,0.00029795464,0.0034779249,1.9569985e-05,1.8407541e-05,1.3599949e-05,5.1396912e-06,3,3,3,3,0.014019206,1.6543979e-06,-1.0108604
1638,0.0004445096,0.00040924482,0.00029657277,0.0034760061,1.9612321e-05,1.8396802e-05,1.3531829e-05,5.4322352e-06,3,3,3,3,0.014817092,3.3373425e-05,-1.0108271
1639,0.00044565622,0.00040897639,0.00029501626,0.0034747038,1.9657446e-05,1.8383698e-05,1.3455013e-05,5.4614469e-06,3,3,3,3,0.014896658,3.8586341e-05,-1.0107885
1640,0.00044683562,0.00040872849,0.00029342828,0.0034730059,1.9706364e-05,1.8370046e-05,1.3377155e-05,5.9780911e-06,3,3,3,3,0.016305707,-2.5571056e-05,-1.010814
1641,0.00044808117,0.00040870088,0.00029195622,0.0034718004,1.9760194e-05,1.8364684e-05,1.3302508e-05,5.1825785e-06,3,3,3,3,0.014135579,-2.1287186e-05,-1.0108353
1642,0.00044925069,0.00040832105,0.00029025836,0.0034677462,1.9810968e-05,1.8339788e-05,1.3214285e-05,5.1997537e-06,3,3,3,3,0.014182287,-5.0400634e-05,-1.0108857
1643,0.00045048765,0.00040795679,0.00028860623,0.0034643056,1.986951e-05,1.8316559e-05,1.3126401e-05,5.2329952e-06,3,3,3,3,0.014272841,-8.7747574e-05,-1.0109735
1644,0.00045177983,0.00040767094,0.00028700493,0.0034615223,1.9934424e-05,1.8297712e-05,1.3042521e-05,5.493635e-06,3,3,3,3,0.014983604,-5.6612315e-05,-1.0110301
1645,0.00045310975,0.0004074476,0.00028542675,0.0034589317,2.0004699e-05,1.8280441e-05,1.2957706e-05,5.4831829e-06,3,3,3,3,0.01495496,-6.2633446e-05,-1.0110927
1646,0.00045448244,0.00040721363,0.0002838491,0.0034577587,2.0081958e-05,1.8264038e-05,1.2873891e-05,5.4615165e-06,3,3,3,3,0.014895707,-5.835522e-05,-1.0111511
1647,0.00045587565,0.00040696834,0.00028226692,0.0034567643,2.0163045e-05,1.8245546e-05,1.2788069e-05,5.2402701e-06,3,3,3,3,0.014292077,-0.00012085624,-1.0112719
1648,0.00045720634,0.00040660324,0.00028062051,0.0034553345,2.0242286e-05,1.8223423e-05,1.2698604e-05,5.2385597e-06,3,3,3,3,0.014287203,-0.00012680775,-1.0113987
1649,0.00045858048,0.0004063058,0.00027902928,0.0034541617,2.0322206e-05,1.8202111e-05,1.2611575e-05,5.4976721e-06,3,3,3,3,0.014993675,-6.49242e-05,-1.0114637
1650,0.00045996218,0.00040615744,0.00027740345,0.0034530156,2.0400114e-05,1.8181395e-05,1.2523434e-05,5.4654058e-06,3,3,3,3,0.014905457,-6.4997048e-05,-1.0115287
1651,0.00046134781,0.00040604998,0.00027582293,0.0034513417,2.0473158e-05,1.8162162e-05,1.2433961e-05,5.2478034e-06,3,3,3,3,0.014311764,-0.00011273671,-1.0116414
1652,0.00046264577,0.00040589653,0.00027419278,0.0034495016,2.053779e-05,1.813959e-05,1.2341941e-05,5.2694454e-06,3,3,3,3,0.014370511,-0.0001088986,-1.0117503
1653,0.00046392799,0.00040591389,0.00027260179,0.0034479318,2.0601084e-05,1.8122445e-05,1.2253253e-05,5.2926993e-06,3,3,3,3,0.014433622,-0.00011251326,-1.0118628
1654,0.00046522217,0.00040609357,0.00027107354,0.0034461634,2.0659946e-05,1.8108902e-05,1.216645e-05,5.5618772e-06,3,3,3,3,0.01516739,-4.5707642e-05,-1.0119085
1655,0.00046644294,0.00040637127,0.00026948023,0.0034437915,2.071443e-05,1.809933e-05,1.2076446e-05,5.5184521e-06,3,3,3,3,0.01504865,-2.7027283e-05,-1.0119355
1656,0.00046763879,0.00040678104,0.00026787221,0.0034417323,2.0763767e-05,1.8097545e-05,1.1988011e-05,5.3089117e-06,3,3,3,3,0.014476904,-5.6261434e-05,-1.0119918
1657,0.00046877637,0.00040728026,0.00026627984,0.0034391577,2.0810341e-05,1.8101795e-05,1.1902376e-05,5.3396912e-06,3,3,3,3,0.014560506,-3.1272424e-05,-1.0120231
1658,0.0004698695,0.00040798888,0.00026471115,0.0034370244,2.0858967e-05,1.8116627e-05,1.1819301e-05,5.3646743e-06,3,3,3,3,0.014628254,-9.199437e-06,-1.0120323
1659,0.00047096495,0.00040888283,0.00026318905,0.0034350109,2.0908297e-05,1.8141946e-05,1.1738777e-05,6.341646e-06,3,3,3,3,0.017291735,-1.1887123e-05,-1.0120442
1660,0.00047210685,0.0004099195,0.00026167202,0.0034345161,2.0961634e-05,1.8180556e-05,1.1655627e-05,5.420797e-06,3,3,3,3,0.014780191,1.3739231e-05,-1.0120304
1661,0.0004731388,0.00041089199,0.00026016924,0.0034325986,2.1009945e-05,1.8219234e-05,1.1573542e-05,5.4655012e-06,3,3,3,3,0.014901565,2.6809821e-05,-1.0120036
1662,0.00047424135,0.00041204258,0.00025873708,0.0034309438,2.1058773e-05,1.8266262e-05,1.1495425e-05,5.5035722e-06,3,3,3,3,0.015004809,4.7182773e-05,-1.0119564
1663,0.00047539745,0.00041336213,0.0002574222,0.0034303698,2.110879e-05,1.832132e-05,1.1426506e-05,5.5317188e-06,3,3,3,3,0.015080928,7.7026221e-05,-1.0118794
1664,0.0004765692,0.00041476408,0.00025620966,0.0034302299,2.1161615e-05,1.8377819e-05,1.1364152e-05,5.5595183e-06,3,3,3,3,0.015156075,0.00011858557,-1.0117608
1665,0.00047771744,0.00041619759,0.00025507457,0.0034294901,2.1218064e-05,1.8434213e-05,1.1305715e-05,7.1500316e-06,3,3,3,3,0.019491164,-1.7328153e-05,-1.0117781
1666,0.00047898548,0.00041763666,0.00025388022,0.0034306093,2.1278235e-05,1.8490054e-05,1.1242621e-05,5.5814794e-06,3,3,3,3,0.015214138,0.00012163715,-1.0116565
1667,0.00048011159,0.00041887776,0.00025282235,0.0034306245,2.1337872e-05,1.854009e-05,1.1185011e-05,5.621113e-06,3,3,3,3,0.015321381,0.00012373217,-1.0115328
1668,0.00048131064,0.00042018567,0.00025191323,0.0034316793,2.1399644e-05,1.8594493e-05,1.1135531e-05,5.6687518e-06,3,3,3,3,0.015450414,0.00015153397,-1.0113812
1669,0.00048254556,0.00042159642,0.00025112581,0.0034340013,2.1460966e-05,1.8653505e-05,1.1094047e-05,7.2152978e-06,3,3,3,3,0.019664458,-3.3068196e-06,-1.0113846
1670,0.00048398125,0.00042334516,0.00025060912,0.0034388238,2.1533619e-05,1.8730929e-05,1.1068078e-05,5.7088243e-06,3,3,3,3,0.015557346,0.00015287858,-1.0112317
1671,0.00048521123,0.00042470563,0.00024995207,0.0034418109,2.1600377e-05,1.8794561e-05,1.1034583e-05,5.7520019e-06,3,3,3,3,0.015673915,0.00016670238,-1.011065
1672,0.0004865021,0.00042605697,0.00024940451,0.0034455691,2.1671269e-05,1.8864165e-05,1.1008101e-05,5.8091466e-06,3,3,3,3,0.015828497,0.00021094291,-1.010854
1673,0.00048781474,0.00042748523,0.0002490216,0.0034505028,2.1746792e-05,1.8943965e-05,1.0989338e-05,6.7663643e-06,3,3,3,3,0.018435265,7.5569348e-06,-1.0108465
1674,0.00048908569,0.00042909118,0.00024883446,0.0034565449,2.1821111e-05,1.9036527e-05,1.0982835e-05,5.8079849e-06,3,3,3,3,0.015822462,0.00022260426,-1.0106239
1675,0.00049013806,0.00043071084,0.00024873537,0.0034625501,2.1886371e-05,1.9127295e-05,1.0980841e-05,6.607713e-06,3,3,3,3,0.017999592,9.3021149e-05,-1.0105308
1676,0.00049117639,0.00043263897,0.00024908868,0.0034711234,2.1951403e-05,1.9238559e-05,1.100362e-05,5.8367688e-06,3,3,3,3,0.015898056,0.00022940816,-1.0103014
1677,0.00049193408,0.00043437025,0.00024936721,0.0034782929,2.2003722e-05,1.934035e-05,1.1022707e-05,7.9688734e-06,3,3,3,3,0.02170337,-1.6244103e-05,-1.0103177
1678,0.00049262574,0.00043600265,0.00024945392,0.0034862346,2.2044212e-05,1.94324e-05,1.1030234e-05,5.8502415e-06,3,3,3,3,0.015931098,0.00021623446,-1.0101014
1679,0.00049296007,0.00043768307,0.00024990008,0.0034933812,2.2065136e-05,1.9530694e-05,1.1060792e-05,7.4540363e-06,3,3,3,3,0.020296362,-1.6376361e-05,-1.0101178
1680,0.00049330029,0.00043990427,0.00025078756,0.0035028436,2.2085381e-05,1.9654308e-05,1.1113057e-05,5.8999387e-06,3,3,3,3,0.016062582,0.00019686812,-1.009921
1681,0.00049323329,0.00044185198,0.00025145775,0.0035086451,2.2084964e-05,1.9757101e-05,1.1151716e-05,6.8167836e-06,3,3,3,3,0.018556635,9.5093866e-05,-1.0098259
1682,0.00049314125,0.00044392313,0.00025214508,0.0035153343,2.20789e-05,1.9856723e-05,1.1188459e-05,6.8272655e-06,3,3,3,3,0.018583048,0.00010615095,-1.0097197
1683,0.00049294113,0.00044634544,0.00025337785,0.0035250571,2.206517e-05,1.9984409e-05,1.1252542e-05,7.5842188e-06,3,3,3,3,0.020640984,-5.1830027e-06,-1.0097249
1684,0.00049253173,0.00044843201,0.00025419296,0.0035314609,2.2037578e-05,2.0087495e-05,1.1291594e-05,7.2100168e-06,3,3,3,3,0.01961967,2.709493e-06,-1.0097222
1685,0.00049213117,0.00045095563,0.00025541719,0.0035411381,2.2004817e-05,2.0208767e-05,1.1355021e-05,5.9790735e-06,3,3,3,3,0.016267692,0.0001765034,-1.0095457
1686,0.00049140755,0.00045327565,0.00025655708,0.0035478032,2.1956455e-05,2.0316372e-05,1.1410851e-05,6.7599044e-06,3,3,3,3,0.018389881,0.00010994788,-1.0094357
1687,0.00049075806,0.00045574906,0.00025769193,0.0035547874,2.1906394e-05,2.0427769e-05,1.1464598e-05,6.971757e-06,3,3,3,3,0.018963738,2.4146446e-05,-1.0094116
1688,0.00048991552,0.00045816105,0.00025886612,0.0035621308,2.1851016e-05,2.0540136e-05,1.1519434e-05,6.8837933e-06,3,3,3,3,0.018721516,0.0001478891,-1.0092637
1689,0.00048905584,0.00046073411,0.00026024802,0.0035701066,2.1793192e-05,2.0659407e-05,1.1582611e-05,7.3105523e-06,3,3,3,3,0.019879353,4.4018096e-05,-1.0092197
1690,0.00048803852,0.0004628595,0.00026126396,0.0035757137,2.1727546e-05,2.0751865e-05,1.1623062e-05,7.0445637e-06,3,3,3,3,0.019152827,5.8563282e-05,-1.0091611
1691,0.00048696422,0.00046511588,0.0002625158,0.0035843497,2.166042e-05,2.0853766e-05,1.1677609e-05,6.0810599e-06,3,3,3,3,0.016530429,0.00028074373,-1.0088804
1692,0.00048568056,0.0004671244,0.00026353991,0.0035911546,2.1582997e-05,2.0940333e-05,1.172195e-05,7.1181592e-06,3,3,3,3,0.019346747,0.00020584974,-1.0086745
1693,0.00048458803,0.00046923418,0.00026461128,0.0035997482,2.1507751e-05,2.1030031e-05,1.1769218e-05,7.428065e-06,3,3,3,3,0.020185905,8.5800824e-05,-1.0085887
1694,0.00048340501,0.00047091164,0.0002654511,0.0036075874,2.1428674e-05,2.1098483e-05,1.180414e-05,7.2035978e-06,3,3,3,3,0.019572264,0.00010154527,-1.0084872
1695,0.00048229179,0.00047262572,0.00026644269,0.0036172815,2.1350047e-05,2.1167215e-05,1.1850664e-05,6.8272133e-06,3,3,3,3,0.018546207,0.00023273745,-1.0082544
1696,0.00048104992,0.00047404981,0.00026727001,0.0036264716,2.1262717e-05,2.1219216e-05,1.1887539e-05,6.1373099e-06,3,3,3,3,0.016669311,0.00037040271,-1.007884
1697,0.00047982544,0.00047532665,0.00026807361,0.0036366991,2.1172744e-05,2.1266806e-05,1.1923477e-05,7.5873504e-06,3,3,3,3,0.020604247,0.00012614652,-1.0077579
1698,0.00047877558,0.00047640258,0.00026879523,0.0036480585,2.1087736e-05,2.1304116e-05,1.1955076e-05,7.1562516e-06,3,3,3,3,0.019429661,0.00014480821,-1.0076131
1699,0.00047777844,0.0004774359,0.00026965841,0.0036598405,2.1007774e-05,2.1342924e-05,1.1993417e-05,6.866285e-06,3,3,3,3,0.01863864,0.0002869921,-1.0073261
1700,0.00047669661,0.00047800861,0.00027013704,0.0036689008,2.0926034e-05,2.135284e-05,1.2010563e-05,6.7469564e-06,3,3,3,3,0.018311444,0.0003031001,-1.007023
1701,0.00047577206,0.00047877201,0.00027089134,0.0036810937,2.0857381e-05,2.136953e-05,1.2042404e-05,6.7268558e-06,3,3,3,3,0.018253616,0.00032259084,-1.0067004
1702,0.00047490792,0.00047950504,0.00027167226,0.0036936988,2.0793366e-05,2.1383013e-05,1.2072131e-05,7.6379501e-06,3,3,3,3,0.020722225,0.00019669473,-1.0065037
1703,0.00047418938,0.00047979037,0.00027206969,0.003705783,2.073231e-05,2.1371953e-05,1.2079218e-05,7.4600244e-06,3,3,3,3,0.020235411,0.00020204678,-1.0063017
1704,0.00047362421,0.00048030907,0.00027281735,0.0037209823,2.0685047e-05,2.1381368e-05,1.2106895e-05,6.1846075e-06,3,3,3,3,0.016772578,0.00042698865,-1.0058747
1705,0.00047290009,0.00048049455,0.00027346931,0.003733923,2.063348e-05,2.137662e-05,1.2127977e-05,6.7007753e-06,3,3,3,3,0.018169343,0.00035424495,-1.0055204
1706,0.00047243369,0.00048058643,0.00027411089,0.0037468731,2.0590554e-05,2.1370658e-05,1.2150732e-05,6.7706538e-06,3,3,3,3,0.018355698,0.00038486099,-1.0051356
1707,0.0004722074,0.00048070106,0.00027490193,0.0037614522,2.0561579e-05,2.1366679e-05,1.2184296e-05,6.799541e-06,3,3,3,3,0.018430936,0.00042235865,-1.0047132
1708,0.00047208453,0.0004807966,0.00027593477,0.0037758639,2.0543802e-05,2.1366813e-05,1.2235869e-05,6.710543e-06,3,3,3,3,0.018186693,0.00046027372,-1.0042529
1709,0.00047210374,0.00048085941,0.00027710604,0.0037907392,2.0531237e-05,2.1365158e-05,1.2295282e-05,7.4024829e-06,3,3,3,3,0.02005871,0.00030617838,-1.0039468
1710,0.0004722663,0.00048053512,0.00027806277,0.0038050436,2.051712e-05,2.1343058e-05,1.234349e-05,6.1269003e-06,3,3,3,3,0.016599245,0.00056015755,-1.0033866
1711,0.00047239565,0.00048022676,0.0002792009,0.0038208601,2.0504256e-05,2.1329252e-05,1.2400576e-05,7.1076729e-06,3,3,3,3,0.019253517,0.00033793589,-1.0030487
1712,0.00047279344,0.00048021838,0.00028070583,0.0038385357,2.0507329e-05,2.1329081e-05,1.2473476e-05,6.2541426e-06,3,3,3,3,0.016938709,0.00050795611,-1.0025407
1713,0.00047308499,0.00048008892,0.00028219428,0.0038538159,2.0511862e-05,2.132596e-05,1.2541515e-05,6.5301856e-06,3,3,3,3,0.017683821,0.00040304495,-1.0021377
1714,0.00047349211,0.00048006527,0.00028377255,0.0038693809,2.0518037e-05,2.1326043e-05,1.2614863e-05,6.4737078e-06,3,3,3,3,0.017528464,0.00035789208,-1.0017798
1715,0.00047392044,0.00048006076,0.00028542647,0.0038845809,2.052579e-05,2.1325502e-05,1.2689101e-05,6.3314367e-06,3,3,3,3,0.017140982,0.00028985935,-1.0014899
1716,0.00047438886,0.00048000282,0.00028711217,0.0039002354,2.0533599e-05,2.1323009e-05,1.2763473e-05,6.2181424e-06,3,3,3,3,0.016832162,0.00022288916,-1.001267
1717,0.00047489089,0.00047998106,0.00028883486,0.0039158026,2.0542965e-05,2.1324695e-05,1.2839528e-05,6.2125472e-06,3,3,3,3,0.016815039,0.00010744915,-1.0011596
1718,0.00047537648,0.00048002097,0.0002905511,0.0039313552,2.0553658e-05,2.1327743e-05,1.2916487e-05,7.9425828e-06,3,3,3,3,0.021495326,6.4595516e-05,-1.001095
1719,0.00047585402,0.00047992933,0.00029194246,0.0039488261,2.0560841e-05,2.1318102e-05,1.2975836e-05,6.1265596e-06,3,3,3,3,0.016579293,-9.0535871e-05,-1.0011855
1720,0.00047615431,0.0004797753,0.00029357309,0.0039611501,2.0571146e-05,2.1311262e-05,1.3051195e-05,8.1782779e-06,3,3,3,3,0.022129461,-2.5077194e-05,-1.0012106
1721,0.00047653929,0.00047999164,0.00029545629,0.0039735581,2.0585081e-05,2.1319036e-05,1.313625e-05,7.3668303e-06,3,3,3,3,0.019932615,-3.8288979e-05,-1.0012489
1722,0.00047677771,0.00047985692,0.00029724298,0.003982282,2.0591448e-05,2.1309998e-05,1.3216563e-05,6.7308493e-06,3,3,3,3,0.01821088,-8.0031903e-05,-1.0013289
1723,0.00047686886,0.00047905196,0.00029849366,0.0039874657,2.0587169e-05,2.1265346e-05,1.3272266e-05,6.7920201e-06,3,3,3,3,0.018375365,-6.4915952e-05,-1.0013938
1724,0.00047706369,0.00047837558,0.00029982388,0.0039956679,2.0581118e-05,2.1224486e-05,1.3330677e-05,6.2826342e-06,3,3,3,3,0.016996451,-0.00016036726,-1.0015542
1725,0.00047725471,0.00047779534,0.00030123939,0.004003028,2.0569805e-05,2.1184757e-05,1.3392985e-05,6.9134384e-06,3,3,3,3,0.018702197,-0.00011918403,-1.0016734
1726,0.00047739791,0.00047744692,0.00030289764,0.0040103872,2.0553475e-05,2.1153533e-05,1.3468727e-05,7.6265549e-06,3,3,3,3,0.020630749,-6.7584442e-05,-1.001741
1727,0.00047733293,0.00047667515,0.00030398055,0.0040139983,2.0531273e-05,2.1092567e-05,1.3513823e-05,6.231385e-06,3,3,3,3,0.016856745,-0.00028766935,-1.0020286
1728,0.00047731177,0.0004758947,0.00030525181,0.0040181307,2.051057e-05,2.1033611e-05,1.3568072e-05,8.6492981e-06,3,3,3,3,0.023397278,-9.9799871e-05,-1.0021284
1729,0.00047728074,0.00047489609,0.00030606439,0.0040231253,2.0483323e-05,2.0954619e-05,1.3592813e-05,8.1067342e-06,3,3,3,3,0.021930212,-0.00011257083,-1.002241
1730,0.00047727603,0.00047414363,0.00030728714,0.0040257033,2.0463715e-05,2.0892719e-05,1.3639576e-05,6.3193568e-06,3,3,3,3,0.017095488,-0.0003216932,-1.0025627
1731,0.00047716493,0.00047281943,0.0003080263,0.0040237653,2.0436126e-05,2.079898e-05,1.3662221e-05,7.3127538e-06,3,3,3,3,0.019782909,-0.00011804504,-1.0026807
1732,0.00047691123,0.00047176802,0.00030876966,0.0040224027,2.0411022e-05,2.0718606e-05,1.3690306e-05,7.2613512e-06,3,3,3,3,0.019644418,-0.00021707801,-1.0028978
1733,0.00047658883,0.0004703973,0.00030930931,0.0040201461,2.0378905e-05,2.0626559e-05,1.3707761e-05,7.3286226e-06,3,3,3,3,0.019826647,-0.00011033827,-1.0030082
1734,0.00047600233,0.00046888936,0.00030969798,0.0040163521,2.0342857e-05,2.0542812e-05,1.3720429e-05,6.4269644e-06,3,3,3,3,0.017387944,-0.00034118514,-1.0033493
1735,0.0004754397,0.00046729008,0.00031018657,0.0040100465,2.0301719e-05,2.0462082e-05,1.3737623e-05,7.7906002e-06,3,3,3,3,0.02107745,-0.00013226538,-1.0034816
1736,0.00047477711,0.00046548217,0.00031031806,0.0040022838,2.0251963e-05,2.0367874e-05,1.3734282e-05,7.594535e-06,3,3,3,3,0.020547818,-0.00014496455,-1.0036266
1737,0.00047402596,0.0004636467,0.00031038329,0.0039937624,2.0199493e-05,2.0273852e-05,1.3732089e-05,6.3677777e-06,3,3,3,3,0.017229434,-0.00038518128,-1.0040117
1738,0.00047324208,0.00046152497,0.00031028924,0.0039832033,2.0145656e-05,2.0169669e-05,1.3723636e-05,7.6019514e-06,3,3,3,3,0.020569113,-0.00016402236,-1.0041758
1739,0.00047232755,0.00045949567,0.0003100835,0.0039745677,2.009214e-05,2.0069517e-05,1.3711975e-05,7.3211587e-06,3,3,3,3,0.019810177,-0.00016193376,-1.0043377
1740,0.0004712088,0.00045743791,0.00030982261,0.0039664209,2.0040399e-05,1.9970766e-05,1.3699557e-05,6.9963817e-06,3,3,3,3,0.018932152,-0.00027300101,-1.0046107
1741,0.00046995139,0.00045513523,0.00030935865,0.0039562717,1.998125e-05,1.9862115e-05,1.3679399e-05,7.2313051e-06,3,3,3,3,0.019568199,-0.00014236709,-1.0047531
1742,0.00046847328,0.0004527445,0.0003086179,0.0039446969,1.9914664e-05,1.9749209e-05,1.3644754e-05,7.076848e-06,3,3,3,3,0.019150975,-0.00013556342,-1.0048886
1743,0.00046687144,0.00045046575,0.00030792141,0.0039321219,1.9839429e-05,1.9642602e-05,1.361045e-05,6.1244816e-06,3,3,3,3,0.016574313,-0.00033782774,-1.0052265
1744,0.00046498441,0.00044809619,0.00030715639,0.0039167691,1.9755265e-05,1.9534002e-05,1.3572905e-05,7.0731213e-06,3,3,3,3,0.01914175,-0.00013217138,-1.0053586
1745,0.00046296398,0.00044576013,0.00030629557,0.0039005404,1.9661336e-05,1.9426274e-05,1.3525203e-05,6.8780667e-06,3,3,3,3,0.01861449,-0.00015620609,-1.0055148
1746,0.00046070752,0.00044337064,0.00030535287,0.003882455,1.9565052e-05,1.9318175e-05,1.3472917e-05,6.5307669e-06,3,3,3,3,0.017675202,-0.00014807654,-1.0056629
1747,0.00045820439,0.00044092724,0.00030429188,0.0038622051,1.9460552e-05,1.9207011e-05,1.3418718e-05,6.5042832e-06,3,3,3,3,0.017604107,-0.00025398586,-1.0059169
1748,0.00045559446,0.00043847129,0.00030319339,0.0038402483,1.9355098e-05,1.9094776e-05,1.3367148e-05,6.644231e-06,3,3,3,3,0.017983188,-0.00014462242,-1.0060615
1749,0.00045292964,0.00043587883,0.00030177195,0.0038162229,1.9248917e-05,1.8977413e-05,1.3304205e-05,6.652708e-06,3,3,3,3,0.018006821,-0.00013653001,-1.0061981
1750,0.0004503912,0.00043331351,0.00030034664,0.0037926673,1.9144323e-05,1.8863305e-05,1.3240349e-05,6.4231567e-06,3,3,3,3,0.017386257,-0.00013104302,-1.0063291
1751,0.00044802914,0.00043075587,0.0002988672,0.0037679173,1.9048651e-05,1.8754557e-05,1.3176132e-05,6.163009e-06,3,3,3,3,0.01668279,-0.00021984383,-1.0065489
1752,0.00044577046,0.00042810887,0.00029736893,0.0037409811,1.8965637e-05,1.8645122e-05,1.3109437e-05,6.4731433e-06,3,3,3,3,0.017522829,-0.00010909584,-1.006658
1753,0.00044354968,0.0004254905,0.00029575848,0.0037142111,1.8889144e-05,1.8536194e-05,1.3038549e-05,6.3571509e-06,3,3,3,3,0.017209761,-0.00010160998,-1.0067596
1754,0.00044151612,0.00042302833,0.00029427065,0.0036886116,1.8825028e-05,1.8436147e-05,1.2972566e-05,6.0474947e-06,3,3,3,3,0.016372412,-9.7064997e-05,-1.0068567
1755,0.00043958289,0.00042061518,0.00029284255,0.0036633449,1.8771917e-05,1.8340172e-05,1.2908953e-05,5.9765763e-06,3,3,3,3,0.016181317,-0.00018251433,-1.0070392
1756,0.00043789121,0.0004182084,0.00029140587,0.0036395066,1.8722443e-05,1.8245352e-05,1.2849008e-05,6.0610037e-06,3,3,3,3,0.0164106,-8.2397436e-05,-1.0071216
1757,0.00043639127,0.00041583667,0.00028996782,0.0036163355,1.8680958e-05,1.8151578e-05,1.2793285e-05,6.0040777e-06,3,3,3,3,0.016257493,-7.8026363e-05,-1.0071997
1758,0.00043510778,0.00041365078,0.00028868724,0.0035953124,1.8656725e-05,1.8065629e-05,1.2750431e-05,5.7721547e-06,3,3,3,3,0.015630543,-7.3603671e-05,-1.0072733
1759,0.00043407462,0.00041156201,0.00028752339,0.0035759255,1.8646252e-05,1.7986007e-05,1.2715804e-05,5.6199717e-06,3,3,3,3,0.015219467,-0.00014917241,-1.0074224
1760,0.00043336413,0.00040949659,0.00028650203,0.0035560147,1.8655375e-05,1.7904643e-05,1.2686054e-05,5.8031642e-06,3,3,3,3,0.015716469,-6.2105066e-05,-1.0074845
1761,0.00043282539,0.00040742124,0.00028549342,0.0035382,1.8675178e-05,1.7815546e-05,1.2655715e-05,5.7446127e-06,3,3,3,3,0.015559073,-5.8348909e-05,-1.0075429
1762,0.0004326187,0.00040563493,0.00028465659,0.0035228482,1.8706236e-05,1.773522e-05,1.2634625e-05,5.0410969e-06,3,3,3,3,0.013654716,-0.00021178758,-1.0077547
1763,0.00043259028,0.00040385717,0.00028393425,0.0035075394,1.8740535e-05,1.7659443e-05,1.2618333e-05,5.8237097e-06,3,3,3,3,0.015775649,-6.1382846e-05,-1.0078161
1764,0.00043273421,0.00040213881,0.00028329837,0.0034957026,1.8785106e-05,1.7585733e-05,1.2604437e-05,5.6621244e-06,3,3,3,3,0.015339318,-6.7953744e-05,-1.007884
1765,0.00043302064,0.00040065684,0.0002828227,0.0034849135,1.8833436e-05,1.7518293e-05,1.2596988e-05,5.4532429e-06,3,3,3,3,0.014774781,-0.00014000469,-1.008024
1766,0.00043352433,0.00039936202,0.00028239619,0.0034738381,1.8884103e-05,1.7454968e-05,1.2590539e-05,4.9756755e-06,3,3,3,3,0.013481944,-0.00021123842,-1.0082352
1767,0.00043416833,0.00039827031,0.00028208789,0.0034641999,1.8942198e-05,1.7399293e-05,1.2587504e-05,6.1505665e-06,3,3,3,3,0.016666748,-5.7374667e-05,-1.0082926
1768,0.00043493239,0.00039707581,0.00028163116,0.0034556914,1.8999846e-05,1.7340291e-05,1.2574372e-05,4.992268e-06,3,3,3,3,0.013529418,-0.00022361686,-1.0085162
1769,0.00043569738,0.00039629995,0.00028148731,0.0034480142,1.9055432e-05,1.7308163e-05,1.2577224e-05,6.2648395e-06,3,3,3,3,0.016979677,-6.1415184e-05,-1.0085777
1770,0.00043661627,0.00039572632,0.0002813883,0.0034437411,1.9109431e-05,1.7279225e-05,1.2579287e-05,4.9954476e-06,3,3,3,3,0.013540727,-0.00021565737,-1.0087933
1771,0.00043737723,0.00039525626,0.00028130737,0.0034381588,1.914939e-05,1.725449e-05,1.257598e-05,5.9801693e-06,3,3,3,3,0.016211402,-6.3148663e-05,-1.0088565
1772,0.00043812251,0.00039495023,0.00028158225,0.0034356888,1.9184156e-05,1.723881e-05,1.2581723e-05,5.0537359e-06,3,3,3,3,0.01370152,-0.00019025475,-1.0090467
1773,0.00043867199,0.00039450215,0.00028169964,0.0034327387,1.9206405e-05,1.7211032e-05,1.257629e-05,5.6675148e-06,3,3,3,3,0.015367058,-4.8933075e-05,-1.0090957
1774,0.00043916081,0.00039420032,0.00028203341,0.0034316531,1.9228276e-05,1.7188489e-05,1.2581679e-05,5.0779203e-06,3,3,3,3,0.013769971,-0.00016237471,-1.009258
1775,0.00043941705,0.00039375806,0.00028220871,0.0034307466,1.9239223e-05,1.7156193e-05,1.2578177e-05,5.4144372e-06,3,3,3,3,0.014683966,-9.1428583e-05,-1.0093495
1776,0.00043958749,0.00039359815,0.00028258937,0.0034314928,1.9246447e-05,1.7138654e-05,1.2585169e-05,5.8740173e-06,3,3,3,3,0.015931964,-3.1642604e-05,-1.0093811
1777,0.00043953552,0.00039317641,0.00028276098,0.003431104,1.9241638e-05,1.711448e-05,1.2581731e-05,5.7441567e-06,3,3,3,3,0.01558158,-2.2257641e-05,-1.0094034
1778,0.0004393467,0.00039288437,0.0002829829,0.0034319604,1.9232109e-05,1.7101062e-05,1.258053e-05,5.0420523e-06,3,3,3,3,0.01367865,-0.00010498657,-1.0095083
1779,0.00043883226,0.00039250625,0.00028303028,0.0034317624,1.9210837e-05,1.7089232e-05,1.2571047e-05,5.0738412e-06,3,3,3,3,0.013766321,-0.00013003627,-1.0096384
1780,0.0004382953,0.00039224818,0.00028303805,0.0034316342,1.9184035e-05,1.7080492e-05,1.2559463e-05,6.1458535e-06,3,3,3,3,0.016676661,-3.3560805e-05,-1.0096719
1781,0.00043760249,0.0003918013,0.00028286812,0.0034317949,1.9151091e-05,1.7061133e-05,1.2537302e-05,5.9262938e-06,3,3,3,3,0.016082904,-3.6474284e-05,-1.0097084
1782,0.0004367222,0.00039145613,0.00028267955,0.0034313532,1.9108423e-05,1.7047647e-05,1.2515986e-05,5.472653e-06,3,3,3,3,0.014853627,-2.9931755e-05,-1.0097383
1783,0.00043560161,0.00039092634,0.00028229416,0.0034287818,1.9054289e-05,1.7028153e-05,1.2484982e-05,5.3658058e-06,3,3,3,3,0.014565322,-6.0084427e-05,-1.0097984
1784,0.00043428897,0.00039014664,0.00028157115,0.0034241772,1.899093e-05,1.6996898e-05,1.2437915e-05,5.3886077e-06,3,3,3,3,0.014628728,-5.5255706e-05,-1.0098537
1785,0.00043292914,0.00038955933,0.00028090413,0.0034198914,1.8932456e-05,1.6981816e-05,1.2401569e-05,5.6010436e-06,3,3,3,3,0.015206972,-1.1575496e-05,-1.0098653
1786,0.00043139102,0.00038868281,0.00027997922,0.0034126448,1.8870768e-05,1.6954474e-05,1.2354545e-05,5.6486568e-06,3,3,3,3,0.015337984,-1.0039188e-05,-1.0098753
1787,0.00042977715,0.00038779206,0.00027897564,0.0034049697,1.8806777e-05,1.6926844e-05,1.2306926e-05,5.2571368e-06,3,3,3,3,0.014276493,-6.6807635e-05,-1.0099421
1788,0.00042808351,0.00038685438,0.00027797241,0.0033954854,1.8739145e-05,1.6901432e-05,1.2262966e-05,5.8634814e-06,3,3,3,3,0.015924668,-1.3527741e-06,-1.0099435
1789,0.00042634397,0.00038565834,0.00027662752,0.0033849033,1.8671862e-05,1.6861054e-05,1.2202865e-05,5.6683414e-06,3,3,3,3,0.015396482,-1.2121444e-05,-1.0099556
1790,0.00042458184,0.0003846222,0.00027543602,0.0033733117,1.8607537e-05,1.6829987e-05,1.2154057e-05,5.1628486e-06,3,3,3,3,0.014025063,-7.5070199e-05,-1.0100307
1791,0.00042264476,0.00038333527,0.00027397082,0.0033585731,1.8540696e-05,1.6785055e-05,1.2089624e-05,5.5154659e-06,3,3,3,3,0.014984412,-1.2319875e-05,-1.010043
1792,0.00042078118,0.00038215452,0.00027258985,0.0033442107,1.8478188e-05,1.674797e-05,1.2029906e-05,5.1614745e-06,3,3,3,3,0.014024238,-8.8881982e-05,-1.0101319
1793,0.00041890733,0.00038091312,0.00027118152,0.0033291039,1.8414489e-05,1.6710063e-05,1.1967992e-05,5.6288655e-06,3,3,3,3,0.015295623,-1.9077634e-05,-1.0101509
1794,0.0004169801,0.00037960576,0.0002696517,0.0033136009,1.8349472e-05,1.6668847e-05,1.1902318e-05,5.373075e-06,3,3,3,3,0.014602134,-1.7118502e-05,-1.010168
1795,0.00041507204,0.00037842203,0.00026827568,0.0032990582,1.8281987e-05,1.6635193e-05,1.1844806e-05,4.9629197e-06,3,3,3,3,0.013488892,-8.4098929e-05,-1.0102521
1796,0.00041303741,0.00037699812,0.00026672894,0.0032821034,1.8206092e-05,1.659097e-05,1.1779244e-05,4.9498118e-06,3,3,3,3,0.013454463,-8.9626772e-05,-1.0103418
1797,0.00041108986,0.00037578423,0.00026538363,0.0032666534,1.8132416e-05,1.6563578e-05,1.1727585e-05,5.5846621e-06,3,3,3,3,0.015181445,-1.5710642e-05,-1.0103575
1798,0.00040908805,0.00037443662,0.00026376052,0.0032501283,1.8056141e-05,1.6524592e-05,1.1662218e-05,5.3943718e-06,3,3,3,3,0.014665705,-1.5181884e-05,-1.0103727
1799,0.0004071881,0.00037342677,0.00026243157,0.0032362292,1.7983795e-05,1.6503821e-05,1.161392e-05,4.7705202e-06,3,3,3,3,0.012970998,-8.392976e-05,-1.0104566
1800,0.00040517786,0.00037220265,0.0002609259,0.0032200159,1.7903126e-05,1.6468018e-05,1.1554792e-05,4.7495546e-06,3,3,3,3,0.012915177,-8.7620588e-05,-1.0105442
1801,0.00040333638,0.00037129436,0.00025965063,0.0032060741,1.7832381e-05,1.6448416e-05,1.1509247e-05,5.2722066e-06,3,3,3,3,0.014337725,-2.1043364e-05,-1.0105653
1802,0.00040152979,0.00037037976,0.00025827519,0.0031921852,1.7764278e-05,1.6425895e-05,1.1456666e-05,4.6923581e-06,3,3,3,3,0.012762165,-9.1687347e-05,-1.0106569
1803,0.00039977503,0.00036964497,0.00025707764,0.0031786917,1.7699125e-05,1.6410445e-05,1.1412161e-05,4.6725681e-06,3,3,3,3,0.012709506,-8.1854133e-05,-1.0107388
1804,0.00039812108,0.00036908916,0.0002559977,0.0031664145,1.7639368e-05,1.6402226e-05,1.137448e-05,5.5596715e-06,3,3,3,3,0.015123825,-2.0772492e-05,-1.0107596
1805,0.00039655844,0.0003685661,0.00025478075,0.0031546278,1.7583205e-05,1.6389557e-05,1.1329357e-05,4.2978627e-06,3,3,3,3,0.011692605,-0.0001471097,-1.0109067
1806,0.00039496203,0.00036810846,0.00025378123,0.0031428129,1.7526535e-05,1.6378605e-05,1.1298083e-05,4.3137502e-06,3,3,3,3,0.011736852,-0.00015712684,-1.0110638
1807,0.00039351621,0.00036776794,0.00025295083,0.0031319872,1.7475223e-05,1.6370986e-05,1.1273884e-05,4.6972926e-06,3,3,3,3,0.012781519,-0.00010737397,-1.0111712
1808,0.00039224768,0.00036759177,0.00025236035,0.0031233918,1.7426158e-05,1.6373904e-05,1.1259078e-05,5.4515309e-06,3,3,3,3,0.014835173,-3.0937871e-05,-1.0112021
1809,0.0003910695,0.00036751628,0.00025184953,0.0031166391,1.7379169e-05,1.6379767e-05,1.1245924e-05,4.2356632e-06,3,3,3,3,0.011527647,-0.00014663944,-1.0113488
1810,0.00038983934,0.00036735475,0.00025142853,0.0031103202,1.7328268e-05,1.6381751e-05,1.1236499e-05,4.2277357e-06,3,3,3,3,0.011507029,-0.00011956784,-1.0114683
1811,0.00038868363,0.00036727877,0.00025110836,0.0031051722,1.7282003e-05,1.6387951e-05,1.1232738e-05,4.2326886e-06,3,3,3,3,0.011521438,-9.768134e-05,-1.011566
1812,0.00038760045,0.0003672071,0.00025091083,0.0031005559,1.7239578e-05,1.6399975e-05,1.1233744e-05,4.2384305e-06,3,3,3,3,0.011537976,-7.5846827e-05,-1.0116419
1813,0.00038656744,0.00036720886,0.0002508474,0.0030967237,1.7198334e-05,1.6414117e-05,1.1240125e-05,4.2370713e-06,3,3,3,3,0.011535169,-4.9655097e-05,-1.0116915
1814,0.00038557884,0.00036727083,0.00025094077,0.0030948396,1.7157141e-05,1.6428151e-05,1.1252339e-05,4.2337345e-06,3,3,3,3,0.011526978,-1.4958547e-05,-1.0117065
1815,0.00038464232,0.00036734247,0.00025119596,0.00309409,1.7120205e-05,1.6443545e-05,1.1268861e-05,4.2508896e-06,3,3,3,3,0.011574573,3.3396064e-05,-1.0116731
1816,0.00038375755,0.00036743078,0.00025157719,0.0030947519,1.7084262e-05,1.6458966e-05,1.1290688e-05,4.2817364e-06,3,3,3,3,0.011659452,9.4853313e-05,-1.0115782
1817,0.00038294996,0.0003675494,0.00025205418,0.0030965635,1.7052971e-05,1.6473736e-05,1.1316443e-05,4.3269575e-06,3,3,3,3,0.011783465,0.00017260929,-1.0114056
1818,0.00038228429,0.00036777287,0.00025264494,0.0030992918,1.7028342e-05,1.6485656e-05,1.1347645e-05,4.8352359e-06,3,3,3,3,0.013168621,0.0001764912,-1.0112291
1819,0.00038178412,0.00036814337,0.00025346558,0.0031047813,1.7008042e-05,1.6503558e-05,1.1391085e-05,5.9777914e-06,3,3,3,3,0.016281503,7.9162483e-05,-1.01115
1820,0.00038123783,0.00036816089,0.00025403092,0.0031103285,1.6980663e-05,1.6500347e-05,1.1423056e-05,5.5759972e-06,3,3,3,3,0.01518791,9.8646257e-05,-1.0110513
1821,0.00038087897,0.00036851412,0.00025494041,0.0031183941,1.6958647e-05,1.6516357e-05,1.147607e-05,4.4433241e-06,3,3,3,3,0.012103338,0.00025109099,-1.0108002
1822,0.00038050442,0.00036879109,0.00025577092,0.0031244178,1.6937894e-05,1.6527838e-05,1.1522218e-05,4.9521903e-06,3,3,3,3,0.013490399,0.00016867962,-1.0106315
1823,0.00038032866,0.00036927778,0.000256643,0.0031314656,1.6923006e-05,1.6549115e-05,1.1572576e-05,4.9723414e-06,3,3,3,3,0.013546195,0.0001744965,-1.010457
1824,0.00038026524,0.00037000219,0.00025776978,0.0031390571,1.6916745e-05,1.6585498e-05,1.163947e-05,5.7816165e-06,3,3,3,3,0.015751895,8.7002612e-05,-1.01037
1825,0.00038022153,0.00037045733,0.00025868729,0.003143672,1.6908852e-05,1.6608948e-05,1.1690827e-05,4.5794625e-06,3,3,3,3,0.012477199,0.00028658194,-1.0100835
1826,0.00038021819,0.0003711088,0.00025985092,0.0031496514,1.6908175e-05,1.6648768e-05,1.1753269e-05,5.9546811e-06,3,3,3,3,0.01622513,9.7124529e-05,-1.0099863
1827,0.00038042502,0.00037183233,0.00026102246,0.0031576893,1.6911968e-05,1.669013e-05,1.1814733e-05,5.2265872e-06,3,3,3,3,0.014241779,0.00023018484,-1.0097562
1828,0.00038067924,0.00037265316,0.00026215605,0.0031638811,1.6919988e-05,1.6736273e-05,1.1874025e-05,6.0375396e-06,3,3,3,3,0.016452465,0.00011801059,-1.0096381
1829,0.0003810428,0.00037351399,0.00026327967,0.0031708778,1.6929184e-05,1.6783341e-05,1.193146e-05,5.1399156e-06,3,3,3,3,0.014006891,0.00022014705,-1.009418
1830,0.0003817128,0.00037470321,0.00026457081,0.00317801,1.6946357e-05,1.6846458e-05,1.1996709e-05,6.1080586e-06,3,3,3,3,0.016646107,9.1846956e-05,-1.0093261
1831,0.00038252177,0.00037579171,0.00026576448,0.0031847132,1.6965308e-05,1.6901554e-05,1.2056422e-05,5.6839525e-06,3,3,3,3,0.015490803,9.7239064e-05,-1.0092289
1832,0.00038343676,0.00037715263,0.00026720753,0.0031927951,1.699461e-05,1.6970817e-05,1.2131343e-05,5.1415345e-06,3,3,3,3,0.014012977,0.00018452004,-1.0090444
1833,0.00038433606,0.00037825216,0.00026838653,0.0031978645,1.7026936e-05,1.7026615e-05,1.2190507e-05,5.3805971e-06,3,3,3,3,0.014665219,0.00010191199,-1.0089425
1834,0.00038537772,0.00037955488,0.00026978983,0.0032050586,1.7065951e-05,1.7095686e-05,1.2261073e-05,5.3398198e-06,3,3,3,3,0.01455452,0.00020225154,-1.0087402
1835,0.00038665146,0.000381082,0.00027136605,0.0032131433,1.7114269e-05,1.7176523e-05,1.2339134e-05,5.9604e-06,3,3,3,3,0.016246693,8.7931383e-05,-1.0086523
1836,0.0003879213,0.0003823415,0.00027270613,0.0032204939,1.7162056e-05,1.7242825e-05,1.2408001e-05,5.9478331e-06,3,3,3,3,0.016212808,9.7438571e-05,-1.0085549
1837,0.0003893212,0.0003836672,0.00027415889,0.003228834,1.7213776e-05,1.7316073e-05,1.2483867e-05,5.71493e-06,3,3,3,3,0.015578309,9.8335127e-05,-1.0084565
1838,0.00039077315,0.00038497986,0.0002757857,0.0032376547,1.7270235e-05,1.73909e-05,1.2568481e-05,5.2987024e-06,3,3,3,3,0.014444141,0.00018617898,-1.0082703
1839,0.00039236193,0.00038632209,0.00027744981,0.0032456602,1.7333275e-05,1.7463504e-05,1.265578e-05,5.9584132e-06,3,3,3,3,0.016243239,8.6966952e-05,-1.0081834
1840,0.00039401102,0.00038756156,0.0002790668,0.0032545212,1.739963e-05,1.7527692e-05,1.2743097e-05,5.9615688e-06,3,3,3,3,0.016252284,8.4372783e-05,-1.008099
1841,0.00039588774,0.00038890899,0.00028087043,0.0032649708,1.7477017e-05,1.7594773e-05,1.2841056e-05,5.7381992e-06,3,3,3,3,0.01564375,8.6013468e-05,-1.008013
1842,0.00039780944,0.00039016438,0.00028267585,0.0032753781,1.7560815e-05,1.7658021e-05,1.2940891e-05,5.5064631e-06,3,3,3,3,0.015012389,8.8121122e-05,-1.0079249
1843,0.00039971896,0.00039130946,0.00028443765,0.0032865591,1.7647628e-05,1.7713116e-05,1.3037843e-05,5.4583951e-06,3,3,3,3,0.014881725,0.00015296503,-1.0077719
1844,0.0004017491,0.00039245775,0.00028619487,0.0032987975,1.7742024e-05,1.7765363e-05,1.3133777e-05,5.8469986e-06,3,3,3,3,0.015941812,8.4847235e-05,-1.0076871
1845,0.00040377167,0.00039347983,0.00028786621,0.0033116458,1.7841624e-05,1.7812208e-05,1.3225374e-05,6.0345067e-06,3,3,3,3,0.016453361,7.0728377e-05,-1.0076163
1846,0.000405904,0.00039442808,0.00028944999,0.0033253216,1.7942758e-05,1.7856196e-05,1.3311374e-05,5.9575045e-06,3,3,3,3,0.016243686,6.5901349e-05,-1.0075504
1847,0.00040808689,0.00039534124,0.00029102948,0.0033394506,1.8045298e-05,1.7895107e-05,1.3392568e-05,5.7622844e-06,3,3,3,3,0.015711681,5.3699696e-05,-1.0074967
1848,0.00041018051,0.00039614337,0.0002925421,0.0033528816,1.8146094e-05,1.7929452e-05,1.3472424e-05,5.5599238e-06,3,3,3,3,0.015160241,3.8758165e-05,-1.007458
1849,0.0004122877,0.00039689636,0.00029393675,0.0033657018,1.824472e-05,1.7958484e-05,1.3542486e-05,5.4217795e-06,3,3,3,3,0.01478394,7.3482755e-05,-1.0073845
1850,0.00041447674,0.00039760993,0.00029524622,0.0033777822,1.8337671e-05,1.7986485e-05,1.3603895e-05,5.7125122e-06,3,3,3,3,0.015577317,1.4714608e-05,-1.0073698
1851,0.00041654858,0.00039826382,0.00029636307,0.0033901188,1.8424635e-05,1.8011401e-05,1.3652655e-05,5.7552129e-06,3,3,3,3,0.015694164,8.9192321e-06,-1.0073609
1852,0.00041851496,0.00039890521,0.00029730476,0.0034019446,1.8508597e-05,1.8033567e-05,1.3691627e-05,5.2043613e-06,3,3,3,3,0.014192342,0.00010864826,-1.0072522
1853,0.00042039393,0.00039956895,0.00029826766,0.0034109832,1.8586592e-05,1.8056751e-05,1.3728493e-05,6.0527706e-06,3,3,3,3,0.016506572,1.1142821e-05,-1.0072411
1854,0.00042211253,0.00040005358,0.00029882849,0.0034192491,1.8657661e-05,1.8069652e-05,1.3742944e-05,5.7807907e-06,3,3,3,3,0.015765142,-3.526202e-05,-1.0072763
1855,0.00042368094,0.00040058646,0.00029933189,0.0034265184,1.8727442e-05,1.8083811e-05,1.3754934e-05,5.1056914e-06,3,3,3,3,0.01392428,7.3798048e-05,-1.0072025
1856,0.00042516002,0.00040106853,0.00029979632,0.0034314558,1.8795446e-05,1.8098717e-05,1.3767983e-05,5.9665944e-06,3,3,3,3,0.016272652,-7.4434744e-06,-1.00721
1857,0.00042655646,0.0004014774,0.00029991238,0.0034374624,1.8857574e-05,1.8110597e-05,1.376691e-05,5.0697067e-06,3,3,3,3,0.013826757,3.953639e-05,-1.0071704
1858,0.0004278663,0.00040181823,0.00029992183,0.0034407003,1.8916182e-05,1.8118998e-05,1.3761209e-05,5.8857571e-06,3,3,3,3,0.016052843,-2.100475e-05,-1.0071914
1859,0.00042921339,0.00040226627,0.00029981457,0.0034455521,1.8975178e-05,1.8135258e-05,1.3747716e-05,5.061852e-06,3,3,3,3,0.013805875,1.0582308e-05,-1.0071809
1860,0.00043044991,0.00040254041,0.00029943113,0.0034477696,1.9028127e-05,1.8142549e-05,1.3723557e-05,5.2755029e-06,3,3,3,3,0.014388896,5.5930867e-05,-1.0071249
1861,0.00043167999,0.00040295137,0.00029890119,0.003449551,1.9083029e-05,1.815382e-05,1.3695051e-05,5.3311459e-06,3,3,3,3,0.014540895,8.036223e-05,-1.0070446
1862,0.00043290933,0.00040327214,0.00029820559,0.0034505012,1.9134486e-05,1.8159371e-05,1.365611e-05,5.1212477e-06,3,3,3,3,0.01396855,7.5256569e-05,-1.0069693
1863,0.0004341931,0.00040357157,0.00029746439,0.003450439,1.9186991e-05,1.8163211e-05,1.3613128e-05,6.1551921e-06,3,3,3,3,0.016788855,1.2946261e-05,-1.0069564
1864,0.00043548602,0.00040375332,0.00029643836,0.0034513809,1.923862e-05,1.8165329e-05,1.3554974e-05,5.0979795e-06,3,3,3,3,0.013905032,8.2844477e-05,-1.0068735
1865,0.00043660707,0.0004036506,0.0002952363,0.0034497118,1.928066e-05,1.815658e-05,1.3492231e-05,5.1007651e-06,3,3,3,3,0.01391265,7.1877421e-05,-1.0068016
1866,0.00043778084,0.00040359813,0.000293985,0.003447902,1.9325323e-05,1.8153143e-05,1.3431071e-05,6.1741085e-06,3,3,3,3,0.01684019,7.8854859e-07,-1.0068008
1867,0.0004390245,0.00040348852,0.00029250813,0.0034476394,1.9373891e-05,1.8148051e-05,1.3358117e-05,5.3331466e-06,3,3,3,3,0.014546073,4.652806e-05,-1.0067543
1868,0.00044018423,0.00040329151,0.00029101638,0.0034461006,1.9423133e-05,1.8137686e-05,1.3284836e-05,5.1068204e-06,3,3,3,3,0.013928627,-2.1719854e-05,-1.006776
1869,0.00044132245,0.00040300248,0.00028938383,0.0034429327,1.9472778e-05,1.8119538e-05,1.3201462e-05,5.3096331e-06,3,3,3,3,0.014481623,-4.7889525e-06,-1.0067808
1870,0.00044258436,0.00040282358,0.00028780146,0.0034402522,1.9528734e-05,1.8105949e-05,1.3119092e-05,5.3054138e-06,3,3,3,3,0.014469955,-1.7601516e-05,-1.0067984
1871,0.00044387028,0.00040263796,0.0002862466,0.003437461,1.9589833e-05,1.8091843e-05,1.3037313e-05,5.2770945e-06,3,3,3,3,0.014392585,-2.0150037e-05,-1.0068186
1872,0.00044518427,0.00040243696,0.00028467737,0.0034347316,1.9654777e-05,1.8077215e-05,1.2955987e-05,5.1930684e-06,3,3,3,3,0.014163303,-7.4792561e-05,-1.0068934
1873,0.00044651607,0.00040219715,0.00028309788,0.0034317029,1.9723441e-05,1.8058927e-05,1.2872133e-05,5.1766263e-06,3,3,3,3,0.01411832,-8.3641022e-05,-1.006977
1874,0.00044790884,0.00040203018,0.00028161104,0.0034301604,1.9800284e-05,1.8046884e-05,1.2793519e-05,5.4075732e-06,3,3,3,3,0.014748042,-2.7544812e-05,-1.0070046
1875,0.00044935691,0.00040181732,0.00028003981,0.0034292067,1.9882574e-05,1.8030463e-05,1.2708973e-05,5.4303583e-06,3,3,3,3,0.014810007,-1.6009613e-05,-1.0070206
1876,0.00045081991,0.00040162186,0.00027843968,0.0034289029,1.9967379e-05,1.8015148e-05,1.2622807e-05,5.1844492e-06,3,3,3,3,0.014139158,-5.9090346e-05,-1.0070797
1877,0.00045224277,0.00040139057,0.00027691025,0.0034277985,2.0051225e-05,1.7999505e-05,1.2540033e-05,5.4206782e-06,3,3,3,3,0.014783208,1.5511794e-05,-1.0070641
1878,0.00045369676,0.00040125781,0.00027533406,0.0034272993,2.0131893e-05,1.79819e-05,1.2454039e-05,5.2295674e-06,3,3,3,3,0.014261812,-2.3099342e-05,-1.0070872
1879,0.00045516034,0.00040120061,0.00027382818,0.0034258502,2.0208339e-05,1.7967484e-05,1.2369013e-05,5.4353502e-06,3,3,3,3,0.014822792,4.7657898e-05,-1.0070396
1880,0.00045657995,0.00040115239,0.00027225029,0.003424715,2.0278859e-05,1.7950271e-05,1.2280292e-05,5.4235662e-06,3,3,3,3,0.014790387,6.9044578e-05,-1.0069705
1881,0.00045797844,0.00040120606,0.00027068689,0.0034237622,2.03466e-05,1.7936885e-05,1.2192131e-05,5.2661643e-06,3,3,3,3,0.01436087,4.7349062e-05,-1.0069232
1882,0.00045932694,0.0004013556,0.00026917544,0.0034222499,2.0410205e-05,1.7924283e-05,1.2106649e-05,5.2771833e-06,3,3,3,3,0.01439065,6.6765567e-05,-1.0068564
1883,0.00046064982,0.00040169597,0.00026771444,0.0034203647,2.0470264e-05,1.7918043e-05,1.2023275e-05,6.3397975e-06,3,3,3,3,0.017288023,1.8104264e-05,-1.0068383
1884,0.00046200077,0.00040226052,0.00026622653,0.0034199754,2.0526628e-05,1.7922427e-05,1.194093e-05,5.2959198e-06,3,3,3,3,0.014440945,3.8886968e-05,-1.0067994
1885,0.00046318382,0.00040269827,0.00026462947,0.0034172487,2.0576556e-05,1.7923023e-05,1.1854358e-05,5.3232364e-06,3,3,3,3,0.014515124,8.9233063e-06,-1.0067905
1886,0.00046434142,0.00040331203,0.00026303669,0.0034148746,2.0628163e-05,1.7930553e-05,1.176958e-05,5.3499417e-06,3,3,3,3,0.014587636,-2.059249e-05,-1.0068111
1887,0.00046551807,0.00040416157,0.00026149745,0.0034131234,2.0680947e-05,1.7950716e-05,1.1687471e-05,5.3724767e-06,3,3,3,3,0.014648717,-4.5385333e-05,-1.0068565
1888,0.00046670074,0.00040513497,0.00026007456,0.003411584,2.0737701e-05,1.7986515e-05,1.1608456e-05,5.6331175e-06,3,3,3,3,0.015358935,2.9383193e-06,-1.0068536
1889,0.00046787231,0.00040621659,0.00025864615,0.0034104609,2.0791924e-05,1.8028146e-05,1.1528208e-05,5.3938559e-06,3,3,3,3,0.014706128,-3.7435051e-05,-1.006891
1890,0.00046903345,0.00040741776,0.00025729869,0.0034095127,2.0843532e-05,1.807655e-05,1.1454009e-05,5.4243428e-06,3,3,3,3,0.014788752,-1.0724347e-05,-1.0069017
1891,0.00047022821,0.00040873218,0.0002559904,0.0034089481,2.0894473e-05,1.812963e-05,1.1384171e-05,5.4583617e-06,3,3,3,3,0.014880945,2.8061569e-05,-1.0068737
1892,0.00047145998,0.00041012589,0.00025477138,0.0034088853,2.0946965e-05,1.8186013e-05,1.132012e-05,5.5060921e-06,3,3,3,3,0.015010467,8.2084615e-05,-1.0067916
1893,0.00047268271,0.00041157527,0.00025363682,0.0034087053,2.1004301e-05,1.8242917e-05,1.1260757e-05,7.3031894e-06,3,3,3,3,0.019908823,6.1930838e-06,-1.0067854
1894,0.00047408455,0.00041323438,0.0002526064,0.0034108704,2.1068e-05,1.8309118e-05,1.1205897e-05,5.5553563e-06,3,3,3,3,0.015143087,0.00014278092,-1.0066426
1895,0.000475252,0.00041452191,0.00025154183,0.0034105254,2.1127264e-05,1.8360861e-05,1.1148286e-05,5.6075045e-06,3,3,3,3,0.015284492,0.00018043439,-1.0064622
1896,0.00047649709,0.00041583671,0.0002505844,0.0034109978,2.1189897e-05,1.8412883e-05,1.1095846e-05,6.7949073e-06,3,3,3,3,0.018520092,1.7869017e-05,-1.0064443
1897,0.00047784601,0.00041745993,0.00024993941,0.0034143939,2.1257287e-05,1.8481789e-05,1.1060373e-05,5.6602546e-06,3,3,3,3,0.015426328,0.00017761841,-1.0062667
1898,0.00047913548,0.00041882517,0.00024916198,0.0034167308,2.1322118e-05,1.8538151e-05,1.1019386e-05,5.6938061e-06,3,3,3,3,0.015516858,0.00017766281,-1.006089
1899,0.00048048289,0.0004202239,0.0002484958,0.0034204938,2.1388159e-05,1.860174e-05,1.098458e-05,5.7453528e-06,3,3,3,3,0.015656322,0.00020177744,-1.0058872
1900,0.00048181954,0.00042167709,0.00024799044,0.0034252659,2.1458549e-05,1.8673046e-05,1.0958428e-05,6.6552152e-06,3,3,3,3,0.018134483,9.5112091e-05,-1.0057921
1901,0.00048329114,0.00042346723,0.0002479795,0.0034319498,2.1542123e-05,1.877025e-05,1.0957764e-05,7.0035858e-06,3,3,3,3,0.019082311,5.1509033e-06,-1.005787
1902,0.00048451412,0.00042482895,0.00024754463,0.0034363912,2.1617331e-05,1.8847435e-05,1.0935636e-05,5.7339938e-06,3,3,3,3,0.015621518,0.00015539723,-1.0056316
1903,0.00048563429,0.00042646102,0.00024745958,0.003442165,2.1689179e-05,1.8937892e-05,1.093357e-05,5.7770169e-06,3,3,3,3,0.015737454,0.00015420421,-1.0054774
1904,0.00048666437,0.00042815971,0.00024750937,0.0034491008,2.1755577e-05,1.9035835e-05,1.0940364e-05,5.8319393e-06,3,3,3,3,0.015885727,0.00020576772,-1.0052716
1905,0.00048758285,0.00042990558,0.00024772715,0.0034565394,2.1814915e-05,1.9136871e-05,1.0954985e-05,8.6814945e-06,3,3,3,3,0.023645555,-3.4855632e-05,-1.0053065
1906,0.00048855052,0.00043180272,0.00024807195,0.0034672513,2.1868319e-05,1.9243873e-05,1.0975808e-05,7.4738642e-06,3,3,3,3,0.020353565,-8.8081008e-06,-1.0053153
1907,0.00048921364,0.00043388997,0.00024886177,0.003476787,2.1906601e-05,1.9362841e-05,1.102246e-05,5.8267587e-06,3,3,3,3,0.015865937,0.00016542303,-1.0051498
1908,0.00048944591,0.00043562266,0.00024935791,0.0034823277,2.1922471e-05,1.945935e-05,1.1053358e-05,6.7762959e-06,3,3,3,3,0.018449538,4.8635261e-05,-1.0051012
1909,0.00048953421,0.00043729032,0.00024972612,0.0034882516,2.1927635e-05,1.9545862e-05,1.1075477e-05,6.8954336e-06,3,3,3,3,0.018771848,2.6142081e-05,-1.0050751
1910,0.00048955574,0.00043934528,0.00025041736,0.0034967251,2.1929838e-05,1.9648664e-05,1.1113262e-05,6.7207724e-06,3,3,3,3,0.018294321,3.2711329e-05,-1.0050423
1911,0.00048939854,0.00044170489,0.00025160831,0.0035049863,2.1921707e-05,1.9775009e-05,1.1177679e-05,5.9553502e-06,3,3,3,3,0.016208999,0.00016082673,-1.0048815
1912,0.00048901299,0.00044394962,0.00025270271,0.0035119287,2.1897962e-05,1.9891923e-05,1.1234037e-05,7.1934523e-06,3,3,3,3,0.019576587,-3.779623e-07,-1.0048819
1913,0.00048861073,0.00044610121,0.00025356869,0.0035188526,2.1864633e-05,1.9995022e-05,1.1278211e-05,7.3610595e-06,3,3,3,3,0.020029868,9.2927662e-06,-1.0048726
1914,0.0004881552,0.00044848834,0.00025462661,0.0035276358,2.1825393e-05,2.0103697e-05,1.1330008e-05,7.0022274e-06,3,3,3,3,0.019050643,1.6732884e-05,-1.0048559
1915,0.00048754358,0.00045107273,0.0002559956,0.0035357064,2.1781472e-05,2.0224694e-05,1.1399918e-05,6.0391825e-06,3,3,3,3,0.016428118,0.0002277562,-1.0046281
1916,0.00048671589,0.00045346708,0.00025717797,0.0035416655,2.1727059e-05,2.0335315e-05,1.1455492e-05,7.0858844e-06,3,3,3,3,0.019272922,0.00014802914,-1.0044801
1917,0.00048590725,0.00045596342,0.0002583762,0.0035490122,2.1672648e-05,2.0449623e-05,1.1509916e-05,7.1740403e-06,3,3,3,3,0.019510027,0.00018873697,-1.0042914
1918,0.0004850488,0.0004586028,0.00025995854,0.003557648,2.1617e-05,2.057321e-05,1.1582198e-05,8.203446e-06,3,3,3,3,0.022306361,5.1526483e-05,-1.0042398
1919,0.00048399419,0.0004604899,0.00026082313,0.0035622931,2.154973e-05,2.0652653e-05,1.1614414e-05,7.7551311e-06,3,3,3,3,0.021083527,6.7612355e-05,-1.0041722
1920,0.00048292413,0.00046273022,0.00026203633,0.0035719337,2.1481396e-05,2.075211e-05,1.1669247e-05,6.0495926e-06,3,3,3,3,0.016443835,0.00029681547,-1.0038754
1921,0.00048156006,0.00046464385,0.00026305812,0.0035787137,2.139867e-05,2.0835634e-05,1.1715498e-05,6.945918e-06,3,3,3,3,0.01887739,0.0001892695,-1.0036861
1922,0.00048049696,0.00046657099,0.00026399458,0.0035858734,2.132428e-05,2.0915942e-05,1.17547e-05,7.3192079e-06,3,3,3,3,0.019888805,8.7130395e-05,-1.003599
1923,0.0004793899,0.00046836276,0.00026496913,0.003594765,2.1249465e-05,2.0988476e-05,1.1799227e-05,6.9728668e-06,3,3,3,3,0.018944214,0.00023439601,-1.0033646
1924,0.00047825468,0.0004700763,0.00026593475,0.0036044351,2.1166715e-05,2.105735e-05,1.1843449e-05,7.2671801e-06,3,3,3,3,0.019740619,0.00011521594,-1.0032494
1925,0.00047709813,0.00047137653,0.00026671811,0.0036144536,2.1081604e-05,2.1104814e-05,1.1875846e-05,6.6666721e-06,3,3,3,3,0.018105951,0.00025251018,-1.0029969
1926,0.00047591272,0.00047260719,0.00026758148,0.0036248113,2.0992823e-05,2.1153086e-05,1.1914543e-05,7.2990718e-06,3,3,3,3,0.019820065,0.00014826522,-1.0028486
1927,0.00047490987,0.00047361221,0.00026830562,0.0036363743,2.0909592e-05,2.118934e-05,1.1945712e-05,6.7255356e-06,3,3,3,3,0.018259093,0.00025430828,-1.0025943
1928,0.00047387259,0.00047450505,0.00026897542,0.0036460533,2.082994e-05,2.1217384e-05,1.197281e-05,6.7926027e-06,3,3,3,3,0.01843789,0.00026987035,-1.0023244
1929,0.00047300726,0.00047549149,0.00026981999,0.0036581265,2.0764766e-05,2.1245654e-05,1.2008016e-05,7.9706866e-06,3,3,3,3,0.021631806,0.00015208469,-1.0021723
1930,0.00047215498,0.00047603757,0.00027033065,0.0036695631,2.0701131e-05,2.124847e-05,1.2024622e-05,7.2221192e-06,3,3,3,3,0.019596222,0.00017589211,-1.0019965
1931,0.0004714654,0.00047678455,0.00027119422,0.0036835223,2.064734e-05,2.126746e-05,1.2058658e-05,6.6127278e-06,3,3,3,3,0.017939186,0.00030142002,-1.001695
1932,0.00047065621,0.00047700587,0.00027159584,0.0036946764,2.0589092e-05,2.1260382e-05,1.2067171e-05,6.5808094e-06,3,3,3,3,0.017849515,0.00033063,-1.0013644
1933,0.00047006465,0.00047737756,0.00027213687,0.0037081413,2.0542592e-05,2.1259988e-05,1.2081537e-05,6.6414599e-06,3,3,3,3,0.018010962,0.00033226274,-1.0010321
1934,0.00046963711,0.00047777303,0.00027288864,0.0037228306,2.050435e-05,2.1269816e-05,1.2109215e-05,6.5969158e-06,3,3,3,3,0.017887102,0.00036349433,-1.0006686
1935,0.00046940589,0.00047815666,0.00027381836,0.0037373878,2.0474233e-05,2.1279819e-05,1.2149594e-05,6.5265263e-06,3,3,3,3,0.017693277,0.00039914646,-1.0002695
1936,0.00046928969,0.00047841379,0.00027481225,0.0037517791,2.0453828e-05,2.1284191e-05,1.2196189e-05,7.4584883e-06,3,3,3,3,0.020216479,0.00025259196,-1.0000169
1937,0.00046931864,0.00047821391,0.00027556374,0.0037654082,2.043721e-05,2.1264843e-05,1.2231915e-05,6.0715781e-06,3,3,3,3,0.016454159,0.00052775175,-0.99948916
1938,0.00046934428,0.00047805991,0.00027657261,0.0037802603,2.042318e-05,2.1255789e-05,1.2285325e-05,7.1222508e-06,3,3,3,3,0.01929847,0.00029845902,-0.9991907
1939,0.00046971568,0.00047820268,0.00027802966,0.0037977408,2.0421143e-05,2.1264275e-05,1.2358966e-05,6.42893e-06,3,3,3,3,0.017416849,0.00042581576,-0.99876488
1940,0.00047003076,0.00047809777,0.00027927968,0.0038134186,2.0417286e-05,2.125704e-05,1.2419399e-05,6.1459221e-06,3,3,3,3,0.016647664,0.00050642675,-0.99825846
1941,0.00047037652,0.00047810372,0.00028073545,0.0038299973,2.0421885e-05,2.125711e-05,1.2487379e-05,6.4380737e-06,3,3,3,3,0.017436537,0.00039945201,-0.997859
1942,0.00047078533,0.00047806024,0.00028221156,0.0038450417,2.0430263e-05,2.1254986e-05,1.2555074e-05,6.3795972e-06,3,3,3,3,0.017275731,0.00036496081,-0.99749404
1943,0.00047124191,0.00047803595,0.00028376726,0.0038607387,2.0438673e-05,2.1254403e-05,1.2626363e-05,6.2865519e-06,3,3,3,3,0.017021474,0.00030959356,-0.99718445
1944,0.00047173675,0.00047800408,0.00028542316,0.0038756779,2.0447444e-05,2.1251165e-05,1.2699558e-05,6.1658857e-06,3,3,3,3,0.016692621,0.00026738276,-0.99691707
1945,0.00047229875,0.00047801349,0.00028717855,0.0038919031,2.0456863e-05,2.1254068e-05,1.2776463e-05,6.1404358e-06,3,3,3,3,0.016621707,0.00016129215,-0.99675578
1946,0.00047285668,0.00047813468,0.00028899495,0.0039080609,2.0469315e-05,2.1261477e-05,1.2858117e-05,6.1444994e-06,3,3,3,3,0.016630849,4.0248643e-05,-0.99671553
1947,0.0004734115,0.00047830742,0.00029079725,0.0039241014,2.0482831e-05,2.1269047e-05,1.2939122e-05,7.7817144e-06,3,3,3,3,0.021060037,3.4410703e-06,-0.99671209
1948,0.00047391476,0.00047835056,0.00029225544,0.0039405699,2.0493531e-05,2.1264382e-05,1.300134e-05,7.5675691e-06,3,3,3,3,0.020479049,-1.0056845e-05,-0.99672214
1949,0.00047430621,0.00047853704,0.00029410292,0.0039537165,2.0506199e-05,2.1271332e-05,1.3085482e-05,6.907294e-06,3,3,3,3,0.018691008,-2.2064734e-05,-0.99674421
1950,0.00047454007,0.00047839845,0.00029586481,0.0039634003,2.0514719e-05,2.1260337e-05,1.3164126e-05,6.1157223e-06,3,3,3,3,0.016547937,-0.00013857726,-0.99688278
1951,0.00047474395,0.00047783978,0.00029735251,0.0039695179,2.05175e-05,2.1228264e-05,1.3230805e-05,6.8345574e-06,3,3,3,3,0.018491725,-7.9969678e-05,-0.99696275
1952,0.00047499309,0.00047724439,0.00029869872,0.0039767754,2.0516965e-05,2.1189686e-05,1.3289658e-05,6.888599e-06,3,3,3,3,0.01863698,-9.6549308e-05,-0.9970593
1953,0.00047529677,0.00047689207,0.0003003398,0.0039864907,2.0515292e-05,2.1167175e-05,1.3365236e-05,6.8392504e-06,3,3,3,3,0.018502671,-0.00012642087,-0.99718572
1954,0.00047551804,0.0004766102,0.00030207683,0.0039950565,2.0503751e-05,2.1140846e-05,1.3442972e-05,7.9276293e-06,3,3,3,3,0.021446402,-5.8531575e-05,-0.99724426
1955,0.00047553392,0.00047580492,0.00030310885,0.0039985947,2.0479104e-05,2.1078221e-05,1.3484813e-05,6.2067025e-06,3,3,3,3,0.016790853,-0.00025676304,-0.99750102
1956,0.00047552463,0.00047513729,0.00030444704,0.0040038501,2.0461883e-05,2.1024581e-05,1.3543215e-05,8.9457469e-06,3,3,3,3,0.024200355,-8.6079313e-05,-0.9975871
1957,0.00047560388,0.00047428895,0.00030534933,0.004010184,2.0436243e-05,2.0955886e-05,1.3574046e-05,8.1667831e-06,3,3,3,3,0.022093691,-9.8333354e-05,-0.99768543
1958,0.00047566342,0.00047370135,0.00030670961,0.0040147487,2.0421057e-05,2.0903568e-05,1.3629468e-05,6.3110528e-06,3,3,3,3,0.017073776,-0.00029969299,-0.99798512
1959,0.00047563007,0.00047244776,0.0003075433,0.0040135104,2.0395423e-05,2.0812874e-05,1.3653988e-05,7.0766189e-06,3,3,3,3,0.01914485,-0.00011672115,-0.99810185
1960,0.00047550126,0.00047140513,0.00030832751,0.0040131113,2.0371888e-05,2.0734369e-05,1.3680562e-05,7.3585252e-06,3,3,3,3,0.019907964,-0.00020390061,-0.99830575
1961,0.00047529581,0.00047008886,0.00030881859,0.004011242,2.0342497e-05,2.0636576e-05,1.3695544e-05,7.254833e-06,3,3,3,3,0.019627581,-0.00021999494,-0.99852574
1962,0.00047495573,0.00046899616,0.00030969767,0.0040108877,2.031737e-05,2.0572039e-05,1.3734686e-05,7.9364545e-06,3,3,3,3,0.02147194,-0.0001072712,-0.99863301
1963,0.00047434938,0.00046735423,0.00030989763,0.0040045201,2.0276829e-05,2.0481991e-05,1.3736459e-05,6.3976662e-06,3,3,3,3,0.017309456,-0.0003782092,-0.99901122
1964,0.0004737902,0.00046572571,0.0003103245,0.0039979463,2.0235247e-05,2.0401126e-05,1.3749631e-05,8.9068243e-06,3,3,3,3,0.024098435,-0.00012600896,-0.99913723
1965,0.00047315445,0.0004638596,0.0003102609,0.0039910138,2.0184076e-05,2.0300931e-05,1.3736056e-05,8.2239057e-06,3,3,3,3,0.022251873,-0.0001467864,-0.99928402
1966,0.00047252029,0.00046219844,0.00031048943,0.0039834716,2.0135924e-05,2.0221407e-05,1.3745453e-05,6.3624683e-06,3,3,3,3,0.017216117,-0.00038604006,-0.99967006
1967,0.00047167575,0.00045996429,0.00031022971,0.0039721439,2.0081702e-05,2.0111324e-05,1.3729661e-05,7.2978061e-06,3,3,3,3,0.019747324,-0.00016513632,-0.99983519
1968,0.00047071206,0.0004579544,0.00031000572,0.0039632306,2.0032195e-05,2.0013415e-05,1.3718033e-05,7.2468812e-06,3,3,3,3,0.019610242,-0.00027062009,-1.0001058
1969,0.00046961313,0.00045567155,0.00030951618,0.0039549355,1.9978659e-05,1.9902825e-05,1.3694228e-05,7.1453506e-06,3,3,3,3,0.019335817,-0.00015318132,-1.000259
1970,0.0004682921,0.00045336957,0.0003089267,0.0039443144,1.9921499e-05,1.9797774e-05,1.3667763e-05,6.7870478e-06,3,3,3,3,0.018366901,-0.00026332384,-1.0005223
1971,0.0004669083,0.00045133631,0.0003085727,0.0039339109,1.9859616e-05,1.9704412e-05,1.3654382e-05,7.6465437e-06,3,3,3,3,0.020693181,-0.00012737974,-1.0006497
1972,0.00046519147,0.00044888518,0.000307592,0.0039197877,1.9781269e-05,1.9586896e-05,1.3604449e-05,7.4278567e-06,3,3,3,3,0.020102113,-0.00012416492,-1.0007739
1973,0.00046340369,0.00044669453,0.00030680925,0.0039059356,1.9697597e-05,1.9484402e-05,1.356231e-05,5.9915929e-06,3,3,3,3,0.016215679,-0.00034568636,-1.0011195
1974,0.00046124903,0.00044422738,0.00030590822,0.0038875566,1.9604189e-05,1.9372371e-05,1.3511928e-05,7.1683646e-06,3,3,3,3,0.019400662,-0.00012655606,-1.0012461
1975,0.00045899716,0.00044195463,0.00030502923,0.003869537,1.9509619e-05,1.9271386e-05,1.3464799e-05,6.7374408e-06,3,3,3,3,0.018235083,-0.00015612362,-1.0014022
1976,0.00045651884,0.00043955523,0.00030393231,0.0038489408,1.9408313e-05,1.9161451e-05,1.3409656e-05,6.3043908e-06,3,3,3,3,0.017063659,-0.00015747211,-1.0015597
1977,0.00045390266,0.00043706185,0.00030265053,0.0038260455,1.9305615e-05,1.9047306e-05,1.3350568e-05,6.3701808e-06,3,3,3,3,0.01724229,-0.0002216385,-1.0017813
1978,0.00045141402,0.000434581,0.00030133452,0.0038032695,1.9203127e-05,1.8935168e-05,1.3293678e-05,6.2238548e-06,3,3,3,3,0.016846567,-0.00022069716,-1.002002
1979,0.00044908299,0.00043224711,0.0003001634,0.0037804013,1.9107249e-05,1.8836677e-05,1.3244209e-05,7.0376007e-06,3,3,3,3,0.019049652,-0.00010709343,-1.0021091
1980,0.00044679285,0.00042947355,0.0002984133,0.003753879,1.9016162e-05,1.8716915e-05,1.3164005e-05,7.0305337e-06,3,3,3,3,0.019031428,-0.00010095327,-1.0022101
1981,0.0004447049,0.00042699232,0.00029690137,0.0037292517,1.8941214e-05,1.8613338e-05,1.3095192e-05,6.5127526e-06,3,3,3,3,0.017630767,-0.00010384009,-1.0023139
1982,0.00044265372,0.0004246286,0.00029555954,0.0037038113,1.8875537e-05,1.8520476e-05,1.3038553e-05,5.9154566e-06,3,3,3,3,0.016014697,-0.00010114071,-1.0024151
1983,0.00044068489,0.00042219762,0.00029412646,0.0036775906,1.8816834e-05,1.8422126e-05,1.2974175e-05,6.0834184e-06,3,3,3,3,0.01647028,-0.00016769918,-1.0025828
1984,0.0004388925,0.00041966385,0.00029247898,0.0036519743,1.8766972e-05,1.8315932e-05,1.2898326e-05,6.0846577e-06,3,3,3,3,0.016474293,-0.00016968295,-1.0027524
1985,0.00043744371,0.00041756812,0.00029131919,0.0036312641,1.8727673e-05,1.8239366e-05,1.2856425e-05,6.3228269e-06,3,3,3,3,0.017119877,-6.6653924e-05,-1.0028191
1986,0.00043607746,0.00041524385,0.00028989058,0.0036078547,1.8693485e-05,1.8146222e-05,1.2802638e-05,6.3525892e-06,3,3,3,3,0.01720161,-6.7361161e-05,-1.0028865
1987,0.0004349634,0.000413106,0.00028857713,0.0035878614,1.867609e-05,1.8059652e-05,1.2757577e-05,6.0157811e-06,3,3,3,3,0.016290748,-6.9628337e-05,-1.0029561
1988,0.00043409765,0.00041105891,0.00028748929,0.0035694249,1.8677029e-05,1.798221e-05,1.2727074e-05,5.1051451e-06,3,3,3,3,0.013825723,-0.00022460767,-1.0031807
1989,0.00043348279,0.00040896592,0.00028645513,0.0035497095,1.8692054e-05,1.7895753e-05,1.2694979e-05,5.7763807e-06,3,3,3,3,0.015644446,-5.9736297e-05,-1.0032404
1990,0.000433174,0.00040712945,0.00028561069,0.0035332061,1.8719967e-05,1.7814556e-05,1.2673044e-05,5.6114824e-06,3,3,3,3,0.01519903,-5.7247399e-05,-1.0032977
1991,0.0004331214,0.00040540737,0.00028484424,0.0035183911,1.8754923e-05,1.7737262e-05,1.2655199e-05,5.5997098e-06,3,3,3,3,0.015168379,-0.00013459903,-1.0034323
1992,0.00043327671,0.00040378563,0.00028422907,0.0035051235,1.8794829e-05,1.7666087e-05,1.2643467e-05,5.0061099e-06,3,3,3,3,0.013561425,-0.00021660499,-1.0036489
1993,0.00043348976,0.00040226033,0.00028377337,0.0034938514,1.8841699e-05,1.7601268e-05,1.2638014e-05,6.1605298e-06,3,3,3,3,0.016689933,-5.5336403e-05,-1.0037042
1994,0.00043388516,0.00040068047,0.00028312806,0.0034827357,1.8890836e-05,1.752329e-05,1.2619835e-05,6.012799e-06,3,3,3,3,0.016291269,-6.2622494e-05,-1.0037668
1995,0.00043451677,0.00039946048,0.00028272358,0.0034733695,1.8946838e-05,1.7460466e-05,1.2613627e-05,4.9542147e-06,3,3,3,3,0.013424424,-0.00019645394,-1.0039633
1996,0.00043516405,0.00039827277,0.00028230553,0.0034632726,1.9001767e-05,1.7400898e-05,1.2604346e-05,5.0013365e-06,3,3,3,3,0.013553233,-0.0002103914,-1.0041737
1997,0.00043600248,0.0003973959,0.00028208732,0.0034550437,1.9060516e-05,1.7361442e-05,1.260369e-05,6.1143994e-06,3,3,3,3,0.016570969,-5.9720313e-05,-1.0042334
1998,0.00043684869,0.00039667327,0.00028193364,0.0034491978,1.9116565e-05,1.7327403e-05,1.2604303e-05,5.7798641e-06,3,3,3,3,0.015666047,-6.4160835e-05,-1.0042976
1999,0.00043778664,0.00039632085,0.00028198517,0.0034448343,1.9167412e-05,1.7306916e-05,1.2611295e-05,5.0000374e-06,3,3,3,3,0.013553818,-0.00016795145,-1.0044655
2000,0.00043847772,0.00039582765,0.00028193178,0.0034398492,1.9201318e-05,1.7280238e-05,1.2605362e-05,5.0393077e-06,3,3,3,3,0.013661535,-0.00016435957,-1.0046299
