iteration,Ux_initial,Uy_initial,Uz_initial,p_initial,Ux_final,Uy_final,Uz_final,p_final,p_corrections,Ux_linear_iterations,Uy_linear_iterations,Uz_linear_iterations,continuity_local,continuity_global,continuity_cumulative
1,1.0,1.0,1.0,1.0,0.014694628,0.048201322,0.015845955,0.00054256405,3,2,2,3,58.283649,0.96539603,0.96539603
2,0.36693231,0.41269194,0.39738048,0.3009185,0.011117921,0.01676404,0.0081432,0.00035864919,3,2,2,3,26.011058,-0.49965355,0.46574248
3,0.31609446,0.46370097,0.57770842,0.1086271,0.0095164264,0.016163759,0.020479984,0.0029665213,3,3,3,3,25.313455,-0.11695986,0.34878262
4,0.16718304,0.29543652,0.33272987,0.10766301,0.0049653872,0.010127368,0.011658108,0.00051349596,3,3,3,3,26.317147,0.29593693,0.64471954
5,0.14927261,0.22078632,0.15137549,0.295678,0.0059137026,0.011020362,0.003873278,0.00043649555,3,2,2,3,15.858189,-0.37738188,0.26733766
6,0.22599038,0.33968591,0.35917401,0.19373963,0.0056547555,0.010887583,0.01246061,0.001565414,3,3,3,3,15.77318,-0.11472661,0.15261105
7,0.15882939,0.23810889,0.24459758,0.23546269,0.004001391,0.0075334615,0.0084385265,0.00047186336,3,3,3,3,14.906608,-0.13616105,0.016450004
8,0.14947625,0.21489665,0.15452334,0.2058643,0.0069731918,0.0041912056,0.0045701413,0.00051453374,3,2,3,3,9.6603415,-0.098463763,-0.082013759
9,0.1440144,0.23257412,0.22717052,0.14826211,0.0035905202,0.0074436694,0.0079285186,0.00136571,3,3,3,3,10.481298,0.076008199,-0.0060055599
10,0.068698155,0.10741725,0.095015277,0.18450211,0.0015264853,0.0030530469,0.0031804969,0.00046301121,3,3,3,3,8.0827819,0.0956311,0.089625541
11,0.071467227,0.10960092,0.082994738,0.1701939,0.0011483837,0.0024722218,0.0026359876,0.00046100161,3,3,3,3,4.198264,0.049505911,0.13913145
12,0.078454908,0.12749172,0.12429072,0.15127188,0.0019703776,0.0040883374,0.0043143081,0.0010753799,3,3,3,3,7.1124698,-0.021079326,0.11805213
13,0.041877334,0.060161428,0.046991411,0.18197293,0.0008007243,0.001424324,0.0014474684,0.00040479403,3,3,3,3,4.3082401,-0.027225297,0.090826829
14,0.046962803,0.072649302,0.058761886,0.11535997,0.00085647803,0.0018513822,0.0019528219,0.00032004762,3,3,3,3,1.698435,0.049853842,0.14068067
15,0.040851994,0.068685619,0.066509077,0.11401578,0.001049495,0.0022307065,0.002324151,0.00091484635,3,3,3,3,4.1274216,0.03194897,0.17262964
16,0.020687182,0.029522147,0.021054949,0.11306833,0.00033724615,0.00057056276,0.0005687803,0.00036873681,3,3,3,3,2.2346461,0.018457966,0.19108761
17,0.025381889,0.039919814,0.033146107,0.098623523,0.00048318248,0.0010532437,0.0010982761,0.00029358635,3,3,3,3,0.89069353,-0.011108478,0.17997913
18,0.021482158,0.035334819,0.03355369,0.10284946,0.0005397681,0.0011186687,0.0011559799,0.00062817274,3,3,3,3,2.4642449,-0.021587475,0.15839165
19,0.012758142,0.017532001,0.011530702,0.095098213,0.00019240899,0.00026507236,0.00023956688,0.00026242677,3,3,3,3,1.1496698,-0.011224808,0.14716685
20,0.015184035,0.024321763,0.021325023,0.067339993,0.00031647835,0.00068603687,0.00071956195,0.00023838367,3,3,3,3,0.64359793,0.01254134,0.15970819
21,0.01152197,0.019290399,0.018392786,0.065125275,0.00029372818,0.00061092655,0.00063487098,0.00051861297,3,3,3,3,1.4485154,0.01146699,0.17117518
22,0.0076880333,0.010855857,0.0078314954,0.056223519,0.00012821138,0.00020548733,0.00019711472,0.00035731179,3,3,3,3,1.0107523,0.011892021,0.1830672
23,0.0088103455,0.013799219,0.011633528,0.059211534,0.00018798333,0.00037268945,0.00037359511,0.00017032357,3,3,3,3,0.36481027,0.0019473394,0.18501454
24,0.0067042096,0.010314239,0.0090303786,0.058584365,0.00016573193,0.00029357838,0.00028812385,0.00030004797,3,3,3,3,0.83963891,-0.0062826884,0.17873185
25,0.0054735685,0.0078923275,0.0064374376,0.04402871,0.00010745699,0.00017517449,0.00017091342,0.00019138948,3,3,3,3,0.52157546,-0.0071573208,0.17157453
26,0.0056782126,0.0092245476,0.0084437238,0.039595539,0.00013125335,0.0002630121,0.00027013465,0.00015993965,3,3,3,3,0.36102202,-0.00094042503,0.1706341
27,0.0043945206,0.0071084135,0.0066761795,0.03667482,0.00011064712,0.00020732513,0.00021155742,0.00023107768,3,3,3,3,0.49400666,0.0049128792,0.17554698
28,0.0039829402,0.0059035242,0.0051578137,0.033550345,9.1278237e-05,0.00015329369,0.0001513492,0.00014313682,3,3,3,3,0.29539697,0.0099511706,0.18549815
29,0.0040007882,0.006061172,0.0053897611,0.033954139,0.00010004039,0.00016821,0.00016375986,0.00011110665,3,3,3,3,0.25015797,0.00076055132,0.1862587
30,0.0034527383,0.005191636,0.0047656794,0.03166198,9.0743876e-05,0.00014697248,0.00014416922,0.00012441845,3,3,3,3,0.29909485,-0.0037852972,0.18247341
31,0.0032741321,0.0050598808,0.0047276856,0.028235779,8.2548736e-05,0.00014059323,0.00014169631,8.325887e-05,3,3,3,3,0.19505648,0.003940729,0.18641413
32,0.0031279451,0.0050443355,0.0048448091,0.026604955,8.2897091e-05,0.00014706662,0.0001505282,8.1191248e-05,3,3,3,3,0.17962464,0.00010481641,0.18651895
33,0.0028464276,0.004541097,0.0043998785,0.025060889,7.7883912e-05,0.00013428204,0.00013693418,9.3347044e-05,3,3,3,3,0.20011852,-0.0022220036,0.18429695
34,0.002787686,0.004322964,0.0041361576,0.023991992,7.6019807e-05,0.00012673141,0.00012777913,6.1282406e-05,3,3,3,3,0.13366868,-0.0014284516,0.1828685
35,0.0027150718,0.0041991604,0.0040311493,0.0234076,7.5848262e-05,0.00012454272,0.00012510608,5.5681673e-05,3,3,3,3,0.12521313,0.00048509303,0.18335359
36,0.0025817,0.0040175957,0.0038955591,0.02235386,7.2853191e-05,0.00011965638,0.00012107011,5.7458931e-05,3,3,3,3,0.1311513,0.0013068556,0.18466044
37,0.0025024374,0.0039469321,0.0038542371,0.02122252,7.062584e-05,0.00011774244,0.0001203064,4.1105077e-05,3,3,3,3,0.092834255,0.000329885,0.18499033
38,0.0024174954,0.003846758,0.0037835894,0.020360146,6.9249042e-05,0.00011608177,0.00011914763,4.3464066e-05,3,3,3,3,0.096740324,0.00010570632,0.18509604
39,0.0023411363,0.0037064389,0.0036531457,0.019578702,6.7663738e-05,0.00011255842,0.00011531718,4.3010018e-05,3,3,3,3,0.09509866,-0.00020799888,0.18488804
40,0.002301978,0.003608898,0.0035519321,0.01900292,6.6800196e-05,0.00010987588,0.0001122566,3.1912896e-05,3,3,3,3,0.071049748,6.8490664e-05,0.18495653
41,0.0022567989,0.0035227859,0.003470846,0.01851469,6.5966722e-05,0.00010777848,0.00011001994,2.8159535e-05,3,3,3,3,0.063202135,0.00037552154,0.18533205
42,0.0022071979,0.003442151,0.0033967049,0.017956908,6.4776886e-05,0.00010577304,0.00010808942,2.8999605e-05,3,3,3,3,0.065330668,0.00015291012,0.18548496
43,0.0021632164,0.003374797,0.0033376415,0.0174015,6.3706713e-05,0.00010416196,0.00010671471,2.3344969e-05,3,3,3,3,0.052419072,-0.00018114279,0.18530382
44,0.0021186794,0.0033021347,0.0032750476,0.016909322,6.2771753e-05,0.00010248644,0.00010519812,2.8771808e-05,3,3,3,3,0.064469767,0.00012349297,0.18542731
45,0.0020807077,0.0032288796,0.0032100257,0.016466418,6.19595e-05,0.00010063011,0.00010340536,2.6460413e-05,3,3,3,3,0.059213378,0.00015716953,0.18558448
46,0.0020513754,0.0031639809,0.0031497643,0.016094076,6.1321504e-05,9.8898e-05,0.00010173644,2.5639211e-05,3,3,3,3,0.057558891,0.00083639712,0.18642088
47,0.0020233602,0.0031038324,0.0030926617,0.015753965,6.0715964e-05,9.7261228e-05,0.00010017924,1.938124e-05,3,3,3,3,0.04356941,0.00048584714,0.18690672
48,0.0019954468,0.0030473874,0.0030381648,0.015411522,6.0083528e-05,9.5740049e-05,9.8696007e-05,2.1254168e-05,3,3,3,3,0.047854978,0.00038267006,0.18728939
49,0.0019674093,0.0029947033,0.0029880519,0.015076847,5.9459782e-05,9.4378211e-05,9.7378802e-05,2.0037109e-05,3,3,3,3,0.045128732,0.00022078385,0.18751018
50,0.0019404659,0.0029436936,0.0029402556,0.014762549,5.8900475e-05,9.3062443e-05,9.612667e-05,2.1767028e-05,3,3,3,3,0.049070318,0.00094898599,0.18845916
51,0.0019163115,0.0028942312,0.0028947434,0.014471837,5.8411387e-05,9.1728942e-05,9.487534e-05,2.0914233e-05,3,3,3,3,0.047135883,2.0358094e-05,0.18847952
52,0.0018956764,0.0028469341,0.0028506998,0.014210801,5.7989248e-05,9.0431683e-05,9.3623177e-05,1.9179866e-05,3,3,3,3,0.043283754,0.00059373122,0.18907325
53,0.0018767393,0.0028010393,0.0028074829,0.013973371,5.7587766e-05,8.9174177e-05,9.2387363e-05,1.447476e-05,3,3,3,3,0.03269008,0.00033876349,0.18941202
54,0.0018588939,0.0027572633,0.0027655152,0.013748201,5.7195191e-05,8.7999429e-05,9.120551e-05,1.8822388e-05,3,3,3,3,0.042550599,0.00038709986,0.18979912
55,0.0018419422,0.0027159532,0.0027254753,0.013536441,5.6817933e-05,8.6909987e-05,9.0097651e-05,1.52993e-05,3,3,3,3,0.034623758,0.00031443206,0.19011355
56,0.0018256621,0.0026767237,0.002687947,0.013333789,5.6486743e-05,8.5874354e-05,8.905578e-05,1.4496002e-05,3,3,3,3,0.032841135,0.00050385686,0.1906174
57,0.0018105635,0.0026388986,0.0026519939,0.013139967,5.6193658e-05,8.4878431e-05,8.8052064e-05,1.6673981e-05,3,3,3,3,0.037812609,0.00063340947,0.19125081
58,0.0017974386,0.0026024289,0.0026169982,0.012958464,5.5957722e-05,8.3907897e-05,8.706593e-05,1.6307339e-05,3,3,3,3,0.037010247,0.00041695846,0.19166777
59,0.0017860522,0.0025671595,0.0025824712,0.012788986,5.5764979e-05,8.2967403e-05,8.6084638e-05,1.5730851e-05,3,3,3,3,0.035732506,0.00026365237,0.19193142
60,0.0017754361,0.0025335948,0.0025489509,0.012622403,5.557817e-05,8.2083799e-05,8.5145456e-05,1.3774046e-05,3,3,3,3,0.031317991,0.00030519215,0.19223662
61,0.0017652217,0.0025010914,0.0025167495,0.012468066,5.5379552e-05,8.1229422e-05,8.4255571e-05,1.3754654e-05,3,3,3,3,0.031306514,6.7810252e-05,0.19230443
62,0.0017551714,0.0024695923,0.002486137,0.012324276,5.517325e-05,8.0394859e-05,8.3416219e-05,1.3716835e-05,3,3,3,3,0.031252961,-6.2966639e-05,0.19224146
63,0.0017459282,0.0024390953,0.0024567694,0.012191108,5.4979441e-05,7.958191e-05,8.2620284e-05,1.3604922e-05,3,3,3,3,0.031030579,-6.1074086e-05,0.19218039
64,0.0017373072,0.0024095907,0.0024284431,0.012066026,5.4792656e-05,7.8796188e-05,8.1850725e-05,1.345167e-05,3,3,3,3,0.030713545,4.9710585e-05,0.1922301
65,0.0017291106,0.0023811212,0.0024010581,0.011946468,5.4609193e-05,7.8018096e-05,8.1094873e-05,1.3416909e-05,3,3,3,3,0.030666795,0.00020131371,0.19243141
66,0.0017211651,0.0023535181,0.0023745206,0.011827803,5.4425766e-05,7.7245756e-05,8.0351992e-05,1.3465326e-05,3,3,3,3,0.03081079,0.00033773246,0.19276914
67,0.0017130311,0.0023266719,0.0023487925,0.011709815,5.4227913e-05,7.6484848e-05,7.9616686e-05,1.3485907e-05,3,3,3,3,0.030891576,0.00042890671,0.19319805
68,0.0017049438,0.0023005077,0.0023238584,0.011596601,5.4022219e-05,7.5729501e-05,7.8887493e-05,1.5090643e-05,3,3,3,3,0.034605822,0.0001308298,0.19332888
69,0.0016967793,0.0022752766,0.002299728,0.011495672,5.3825581e-05,7.4985846e-05,7.8163715e-05,1.3115053e-05,3,3,3,3,0.030108475,0.00024144071,0.19357032
70,0.001688781,0.0022505889,0.0022763208,0.011402271,5.3635573e-05,7.4259616e-05,7.7443175e-05,1.2984383e-05,3,3,3,3,0.029843367,1.5220148e-05,0.19358554
71,0.0016812156,0.0022266936,0.0022534172,0.011320225,5.3452191e-05,7.3546693e-05,7.6723602e-05,1.3115164e-05,3,3,3,3,0.030179816,-0.00028116635,0.19330437
72,0.0016740303,0.0022035551,0.0022309871,0.011245167,5.3271174e-05,7.2847676e-05,7.6007142e-05,1.3729646e-05,3,3,3,3,0.031631971,-0.00022291416,0.19308146
73,0.0016672774,0.002181042,0.0022091074,0.011169367,5.3105215e-05,7.2172129e-05,7.5302577e-05,1.5109853e-05,3,3,3,3,0.034856881,-0.00012127647,0.19296018
74,0.0016605175,0.0021592282,0.0021876965,0.011101213,5.2935473e-05,7.1507677e-05,7.4605257e-05,1.3178076e-05,3,3,3,3,0.030439362,-0.00037099846,0.19258918
75,0.0016535912,0.0021381509,0.0021669021,0.011036986,5.2755879e-05,7.086197e-05,7.3911628e-05,1.3250738e-05,3,3,3,3,0.030644883,-0.00036610764,0.19222308
76,0.0016470241,0.0021179695,0.0021465664,0.010985884,5.2584857e-05,7.0225126e-05,7.3217879e-05,1.4457981e-05,3,3,3,3,0.033477938,-0.0001290651,0.19209401
77,0.0016408908,0.0020984224,0.0021267102,0.010938409,5.2425317e-05,6.9606227e-05,7.2533208e-05,1.4376608e-05,3,3,3,3,0.033331603,-5.7408805e-05,0.1920366
78,0.0016349825,0.002079596,0.002107464,0.010886663,5.2284843e-05,6.901924e-05,7.1879313e-05,1.3319049e-05,3,3,3,3,0.030919227,-0.00036559906,0.191671
79,0.0016289199,0.0020615714,0.0020889048,0.010838864,5.2150694e-05,6.8462001e-05,7.1253789e-05,1.4598466e-05,3,3,3,3,0.033931276,-8.8181721e-05,0.19158282
80,0.0016235039,0.0020445814,0.0020710883,0.010796621,5.20369e-05,6.7927653e-05,7.0650124e-05,1.3439382e-05,3,3,3,3,0.031277012,-0.00046972167,0.1911131
81,0.0016181152,0.0020284018,0.0020539492,0.010756366,5.1926575e-05,6.7427052e-05,7.0077774e-05,1.5382057e-05,3,3,3,3,0.035842447,-0.00010289727,0.1910102
82,0.0016128369,0.0020123973,0.0020373104,0.010717799,5.1848482e-05,6.6965429e-05,6.9550127e-05,1.4677042e-05,3,3,3,3,0.03424353,-0.00010306963,0.19090713
83,0.0016075413,0.0019968748,0.0020210207,0.010679203,5.1789939e-05,6.6551127e-05,6.9048946e-05,1.3326474e-05,3,3,3,3,0.031131734,-0.00031283849,0.1905943
84,0.0016023164,0.001981888,0.0020051949,0.010646086,5.1769729e-05,6.6172478e-05,6.8579707e-05,1.3497775e-05,3,3,3,3,0.031570407,-0.00031605791,0.19027824
85,0.001597961,0.0019679171,0.0019899922,0.010612346,5.1783016e-05,6.5846481e-05,6.8147371e-05,1.5085637e-05,3,3,3,3,0.035326797,-1.7955437e-05,0.19026028
86,0.0015942685,0.0019545623,0.0019754355,0.010582036,5.1812919e-05,6.5573497e-05,6.7740972e-05,1.3998776e-05,3,3,3,3,0.032821976,-0.00037128188,0.189889
87,0.001590521,0.0019414354,0.0019613482,0.010562621,5.1837348e-05,6.533017e-05,6.7365891e-05,1.5645061e-05,3,3,3,3,0.036724406,-6.0163356e-05,0.18982884
88,0.0015869077,0.0019292146,0.0019482913,0.01055456,5.1877155e-05,6.5122139e-05,6.7040062e-05,1.3962198e-05,3,3,3,3,0.032813454,-0.00031779183,0.18951105
89,0.0015831449,0.0019174387,0.0019357669,0.010561179,5.1902533e-05,6.4930093e-05,6.6757699e-05,1.4157494e-05,3,3,3,3,0.033311018,-0.00030356717,0.18920748
90,0.0015792134,0.001906403,0.0019232469,0.010561593,5.1911585e-05,6.4750733e-05,6.6487833e-05,1.4596532e-05,3,3,3,3,0.034384521,-0.00033577622,0.1888717
91,0.0015752729,0.0018953416,0.001910843,0.010551532,5.1899526e-05,6.4599853e-05,6.6242718e-05,1.6600947e-05,3,3,3,3,0.039153186,2.1101021e-06,0.18887381
92,0.0015719187,0.0018854766,0.0018990693,0.010529553,5.1869392e-05,6.4476306e-05,6.6009287e-05,1.4840406e-05,3,3,3,3,0.035045568,-0.00024162719,0.18863218
93,0.001569186,0.0018766725,0.0018878029,0.010499935,5.1822176e-05,6.4358145e-05,6.5773607e-05,1.4797905e-05,3,3,3,3,0.034987021,-0.00021202327,0.18842016
94,0.0015668957,0.0018684957,0.0018771999,0.010486514,5.176933e-05,6.4206545e-05,6.5497077e-05,1.4854547e-05,3,3,3,3,0.035161225,-0.00023075744,0.1881894
95,0.0015647162,0.0018606704,0.0018667183,0.010486836,5.1692745e-05,6.4002916e-05,6.5181601e-05,1.578841e-05,3,3,3,3,0.037413859,4.4001045e-05,0.1882334
96,0.0015624169,0.001853512,0.0018565218,0.010486091,5.157497e-05,6.3759607e-05,6.4826266e-05,1.4343941e-05,3,3,3,3,0.03402958,-0.00013135992,0.18810205
97,0.0015599705,0.0018467377,0.0018471174,0.010497231,5.1421633e-05,6.3506149e-05,6.4450488e-05,1.4683975e-05,3,3,3,3,0.034873107,-8.6101724e-05,0.18801594
98,0.0015575735,0.0018407333,0.0018384566,0.010515835,5.1252775e-05,6.3247748e-05,6.4071656e-05,1.508539e-05,3,3,3,3,0.035863312,-8.1304747e-05,0.18793464
99,0.0015555769,0.0018354887,0.0018298408,0.010541113,5.1099371e-05,6.3014405e-05,6.3723469e-05,1.5364454e-05,3,3,3,3,0.036564273,-0.00010539771,0.18782924
100,0.0015531275,0.0018301372,0.0018216831,0.010541821,5.0984369e-05,6.2782336e-05,6.3405268e-05,1.5360515e-05,3,3,3,3,0.036593204,-0.00014483609,0.1876844
101,0.0015503184,0.0018250603,0.0018138735,0.010539248,5.0867685e-05,6.25169e-05,6.3076331e-05,1.5306524e-05,3,3,3,3,0.036502349,-0.00019163796,0.18749277
102,0.0015465706,0.0018201744,0.0018065379,0.010554216,5.0743218e-05,6.2229437e-05,6.2753758e-05,1.5272739e-05,3,3,3,3,0.036457815,-0.00024511592,0.18724765
103,0.0015426489,0.0018157691,0.0017996975,0.010573907,5.0655228e-05,6.1968365e-05,6.2456749e-05,1.5363111e-05,3,3,3,3,0.03670948,-0.00030594063,0.18694171
104,0.001539373,0.0018118874,0.0017934431,0.010608025,5.055182e-05,6.1763288e-05,6.2167989e-05,1.697281e-05,3,3,3,3,0.040595473,0.00011257748,0.18705429
105,0.0015366404,0.001808073,0.0017874266,0.010649477,5.045342e-05,6.1589388e-05,6.1896256e-05,1.5352327e-05,3,3,3,3,0.036756567,-0.00014192809,0.18691236
106,0.001533713,0.0018043477,0.0017815528,0.010682932,5.0324215e-05,6.1416161e-05,6.1640568e-05,1.5564995e-05,3,3,3,3,0.037301693,-4.4775507e-05,0.18686758
107,0.0015305356,0.0018009034,0.0017762881,0.010716583,5.0172842e-05,6.1250145e-05,6.1425e-05,1.5923378e-05,3,3,3,3,0.038197228,1.4279481e-06,0.18686901
108,0.0015272567,0.0017977548,0.0017718408,0.010766101,5.0000112e-05,6.1098612e-05,6.1230947e-05,1.6520339e-05,3,3,3,3,0.03966643,0.00014987054,0.18701888
109,0.0015239283,0.0017945283,0.0017681219,0.010810539,4.9803619e-05,6.0962664e-05,6.1047845e-05,1.6113931e-05,3,3,3,3,0.038724104,1.1739537e-05,0.18703062
110,0.0015206829,0.0017913506,0.0017646981,0.010841241,4.9616533e-05,6.0845531e-05,6.0891997e-05,1.6153992e-05,3,3,3,3,0.038853732,-2.4236134e-05,0.18700639
111,0.0015177148,0.001788337,0.0017619519,0.010871186,4.9429094e-05,6.0727566e-05,6.0771995e-05,1.6173551e-05,3,3,3,3,0.038933278,-7.8959279e-05,0.18692743
112,0.0015150641,0.0017854967,0.0017596443,0.010922929,4.9237054e-05,6.0631763e-05,6.0706405e-05,1.6735031e-05,3,3,3,3,0.040318763,-6.7576894e-06,0.18692067
113,0.0015120814,0.0017821578,0.0017575676,0.01098022,4.9064342e-05,6.0548259e-05,6.0690453e-05,1.6356406e-05,3,3,3,3,0.039436413,-0.00016498331,0.18675569
114,0.0015086816,0.0017780128,0.0017559236,0.011024275,4.8883383e-05,6.0434561e-05,6.0693303e-05,1.6458358e-05,3,3,3,3,0.039712782,-0.00019512356,0.18656056
115,0.001504898,0.0017734254,0.0017548002,0.011058791,4.8703306e-05,6.0297035e-05,6.0706991e-05,1.7140431e-05,3,3,3,3,0.041389496,-9.866349e-05,0.1864619
116,0.0015011646,0.0017686202,0.0017543499,0.01108054,4.8531267e-05,6.0159794e-05,6.0731623e-05,1.7378121e-05,3,3,3,3,0.041995516,-0.00011048403,0.18635141
117,0.0014973202,0.0017643005,0.0017535732,0.011117435,4.8378394e-05,6.0033709e-05,6.0767369e-05,1.7564928e-05,3,3,3,3,0.042479387,-0.00012803615,0.18622338
118,0.0014932058,0.0017604367,0.0017527829,0.011151567,4.824146e-05,5.9926337e-05,6.0815713e-05,1.6924484e-05,3,3,3,3,0.040960779,-0.00028332288,0.18594006
119,0.0014887303,0.0017561523,0.0017519513,0.011179904,4.810078e-05,5.9808659e-05,6.0882847e-05,1.7065785e-05,3,3,3,3,0.041336031,-0.00019974658,0.18574031
120,0.0014830237,0.0017513639,0.0017515113,0.011210212,4.7949944e-05,5.9678472e-05,6.0992084e-05,1.6883786e-05,3,3,3,3,0.040928089,-0.00020574362,0.18553457
121,0.0014775475,0.0017457926,0.0017514397,0.011232171,4.779631e-05,5.9523956e-05,6.1124963e-05,1.6827618e-05,3,3,3,3,0.040825225,-0.00016085162,0.18537371
122,0.0014718574,0.0017403019,0.0017516089,0.011244001,4.7614369e-05,5.9361412e-05,6.1252413e-05,1.6890995e-05,3,3,3,3,0.041010812,-8.9542032e-05,0.18528417
123,0.0014661744,0.001736071,0.0017515459,0.011242831,4.7404726e-05,5.9222176e-05,6.1370183e-05,1.6865258e-05,3,3,3,3,0.040979,-6.2476927e-06,0.18527792
124,0.0014610507,0.0017321034,0.0017512986,0.011224027,4.7168263e-05,5.9077694e-05,6.1480099e-05,1.6784658e-05,3,3,3,3,0.040812375,7.5975895e-05,0.1853539
125,0.0014563622,0.0017284805,0.0017511408,0.011225173,4.6927824e-05,5.8928625e-05,6.1568595e-05,1.6780531e-05,3,3,3,3,0.040830049,0.00015442616,0.18550833
126,0.0014518454,0.0017252235,0.0017508917,0.011242968,4.6675347e-05,5.8735963e-05,6.160873e-05,1.6748627e-05,3,3,3,3,0.040778894,0.00023381857,0.18574214
127,0.0014468369,0.0017219227,0.0017507975,0.011259345,4.6378833e-05,5.8502295e-05,6.1597888e-05,1.6759886e-05,3,3,3,3,0.040832467,0.00031862662,0.18606077
128,0.0014408147,0.001718475,0.0017506242,0.011289851,4.6065575e-05,5.827038e-05,6.1567977e-05,1.6841902e-05,3,3,3,3,0.041059634,0.00040622157,0.18646699
129,0.0014347927,0.0017149919,0.0017499297,0.011317578,4.5785084e-05,5.804654e-05,6.151245e-05,1.685711e-05,3,3,3,3,0.041125958,0.00049555853,0.18696255
130,0.0014293668,0.0017110074,0.0017487283,0.011333573,4.5497844e-05,5.7849881e-05,6.1433671e-05,1.6887165e-05,3,3,3,3,0.041228894,0.00058470816,0.18754726
131,0.001423155,0.0017067309,0.0017470209,0.011332103,4.5207273e-05,5.7658893e-05,6.1314881e-05,1.6965376e-05,3,3,3,3,0.041450682,0.00066651338,0.18821377
132,0.0014166753,0.001702721,0.0017450597,0.011315729,4.4888925e-05,5.7467637e-05,6.1179716e-05,1.9072075e-05,3,3,3,3,0.046631906,0.00033530327,0.18854908
133,0.0014092871,0.0016981381,0.00174216,0.011304556,4.4557647e-05,5.7291378e-05,6.1033239e-05,1.6640228e-05,3,3,3,3,0.040713766,0.00060642984,0.18915551
134,0.0014019197,0.0016931844,0.0017380829,0.011285854,4.4233929e-05,5.7128304e-05,6.0867516e-05,1.6712333e-05,3,3,3,3,0.04092033,0.00056543603,0.18972094
135,0.0013943678,0.0016888475,0.0017330149,0.011254364,4.3928781e-05,5.6956264e-05,6.0668398e-05,1.6810316e-05,3,3,3,3,0.041189225,0.00058044046,0.19030138
136,0.0013874649,0.001684976,0.0017274268,0.011220186,4.3644163e-05,5.6782073e-05,6.0436663e-05,1.6808245e-05,3,3,3,3,0.041213563,0.00064241514,0.1909438
137,0.0013817996,0.0016815014,0.0017216652,0.011193162,4.3388141e-05,5.659423e-05,6.0204864e-05,1.8609654e-05,3,3,3,3,0.045663639,0.00034864582,0.19129244
138,0.0013771836,0.0016772448,0.0017153499,0.011162071,4.314948e-05,5.6392284e-05,5.9951478e-05,1.6519126e-05,3,3,3,3,0.04056188,0.00062081695,0.19191326
139,0.0013740531,0.0016732806,0.001708326,0.011124045,4.2931496e-05,5.6208994e-05,5.9665206e-05,1.6530541e-05,3,3,3,3,0.040620857,0.00058958567,0.19250285
140,0.0013720485,0.0016699754,0.0017008341,0.011093405,4.2748237e-05,5.6035715e-05,5.9340622e-05,1.6551323e-05,3,3,3,3,0.040703531,0.00057848446,0.19308133
141,0.0013710989,0.0016670111,0.0016927904,0.011076638,4.2606446e-05,5.588568e-05,5.8985187e-05,1.6540439e-05,3,3,3,3,0.040708969,0.00058173148,0.19366306
142,0.0013712998,0.001664215,0.0016840995,0.011071521,4.2522349e-05,5.5742019e-05,5.860797e-05,1.6509845e-05,3,3,3,3,0.040668081,0.00059452299,0.19425759
143,0.0013725022,0.0016616497,0.0016749977,0.011070367,4.246223e-05,5.5565204e-05,5.819678e-05,1.6518998e-05,3,3,3,3,0.040727178,0.00061312681,0.19487071
144,0.0013744229,0.0016590676,0.0016657023,0.011054322,4.2428112e-05,5.5372851e-05,5.7775809e-05,1.6605895e-05,3,3,3,3,0.040980097,0.00062957326,0.19550029
145,0.001376977,0.0016570338,0.001656842,0.011021898,4.242574e-05,5.5181666e-05,5.7329858e-05,1.6744305e-05,3,3,3,3,0.041361684,0.00058364654,0.19608393
146,0.0013805563,0.0016556234,0.0016480342,0.010994596,4.2463419e-05,5.4992994e-05,5.6859676e-05,2.0366117e-05,3,3,3,3,0.050358604,0.00031549843,0.19639943
147,0.0013845739,0.0016553037,0.0016393558,0.01098559,4.2525967e-05,5.4825141e-05,5.6393781e-05,1.6483283e-05,3,3,3,3,0.040797258,0.00071844888,0.19711788
148,0.0013886349,0.0016551958,0.0016307976,0.010999897,4.2589881e-05,5.4687183e-05,5.5930307e-05,1.7934621e-05,3,3,3,3,0.044435395,0.00039237209,0.19751025
149,0.0013935514,0.0016552901,0.001622301,0.011018844,4.2666767e-05,5.4600799e-05,5.5450063e-05,1.7864395e-05,3,3,3,3,0.044308071,0.00024380551,0.19775406
150,0.0013988883,0.0016559403,0.0016140021,0.011030796,4.2747907e-05,5.4523558e-05,5.4958032e-05,1.8325911e-05,3,3,3,3,0.045501156,-4.5951799e-05,0.1977081
151,0.0014050096,0.00165664,0.0016054313,0.011033973,4.2837415e-05,5.442536e-05,5.4462818e-05,1.7539837e-05,3,3,3,3,0.04359598,-0.00016951698,0.19753859
152,0.0014118603,0.0016573399,0.0015967855,0.01103196,4.2940852e-05,5.4292584e-05,5.3978403e-05,2.1125212e-05,3,3,3,3,0.05256484,-6.5835087e-05,0.19747275
153,0.0014187852,0.0016571714,0.0015880498,0.011031568,4.3037302e-05,5.4110828e-05,5.3492483e-05,1.7681665e-05,3,3,3,3,0.04404813,-0.0004701501,0.1970026
154,0.001425897,0.0016556399,0.0015791526,0.011024031,4.3129171e-05,5.3877142e-05,5.2979685e-05,1.7859374e-05,3,3,3,3,0.044541487,-0.00058276164,0.19641984
155,0.0014335138,0.0016532627,0.0015694728,0.011010051,4.3230102e-05,5.3611271e-05,5.2429217e-05,1.9745806e-05,3,3,3,3,0.049303972,-0.00012911799,0.19629072
156,0.0014410774,0.0016502929,0.0015594994,0.011011027,4.3327968e-05,5.3332758e-05,5.1844014e-05,1.7823188e-05,3,3,3,3,0.044559184,-0.000550398,0.19574033
157,0.0014482419,0.0016461241,0.001548955,0.011019436,4.3397068e-05,5.3028918e-05,5.1223415e-05,1.7885526e-05,3,3,3,3,0.044768153,-0.00059194516,0.19514838
158,0.0014556887,0.0016412092,0.0015376009,0.011017602,4.3470816e-05,5.2699967e-05,5.0592288e-05,1.920818e-05,3,3,3,3,0.048135836,-0.00041299907,0.19473538
159,0.0014636674,0.0016363061,0.0015255096,0.011013233,4.3576331e-05,5.2341949e-05,4.9940418e-05,1.9044042e-05,3,3,3,3,0.047780946,-0.00049953121,0.19423585
160,0.0014716463,0.0016304592,0.0015125626,0.011006716,4.3721425e-05,5.1945889e-05,4.927687e-05,2.2042536e-05,3,3,3,3,0.055368302,-0.00018766381,0.19404819
161,0.0014790517,0.0016237945,0.001498936,0.01098787,4.3877559e-05,5.1537282e-05,4.8605883e-05,2.1044181e-05,3,3,3,3,0.052924737,-0.00014000929,0.19390818
162,0.0014851451,0.0016166202,0.0014851306,0.010964984,4.4006352e-05,5.1130585e-05,4.7941258e-05,1.7938674e-05,3,3,3,3,0.045168629,-0.00056702529,0.19334115
163,0.0014907862,0.0016093705,0.0014709081,0.010951836,4.4098931e-05,5.0745525e-05,4.7281057e-05,1.9392793e-05,3,3,3,3,0.048884726,-0.00011090714,0.19323024
164,0.0014960156,0.0016018211,0.001456691,0.010938283,4.4165591e-05,5.0360188e-05,4.6641843e-05,1.9189303e-05,3,3,3,3,0.048428608,-0.00040632175,0.19282392
165,0.0015009339,0.0015935453,0.0014421509,0.010913413,4.4190292e-05,4.997003e-05,4.6027324e-05,1.964822e-05,3,3,3,3,0.049642057,-0.00016043437,0.19266349
166,0.0015046234,0.0015850829,0.0014276438,0.010881174,4.4175676e-05,4.9591552e-05,4.544014e-05,1.9351778e-05,3,3,3,3,0.048949171,-0.00013447382,0.19252901
167,0.0015068607,0.0015765201,0.0014135576,0.010839787,4.4137834e-05,4.9215763e-05,4.4862848e-05,1.8233075e-05,3,3,3,3,0.046170145,-0.00046299605,0.19206602
168,0.0015080263,0.0015672901,0.0013994711,0.010792576,4.4074052e-05,4.8830346e-05,4.4297627e-05,1.9777177e-05,3,3,3,3,0.050129036,-0.00013889864,0.19192712
169,0.0015086319,0.0015581929,0.0013849527,0.010733592,4.3989942e-05,4.8453371e-05,4.374903e-05,1.9160539e-05,3,3,3,3,0.048614227,-0.00012772085,0.1917994
170,0.0015082151,0.0015489994,0.0013705954,0.010669645,4.3925716e-05,4.8087308e-05,4.3234206e-05,1.779308e-05,3,3,3,3,0.045187967,-0.0001209192,0.19167848
171,0.0015068381,0.0015388976,0.001356498,0.010611598,4.3868465e-05,4.7716464e-05,4.2743963e-05,1.73609e-05,3,3,3,3,0.044129858,-0.00042069167,0.19125779
172,0.001505134,0.0015281584,0.0013432085,0.010559167,4.3808257e-05,4.7347453e-05,4.2289337e-05,1.7369539e-05,3,3,3,3,0.044187383,-0.00018041419,0.19107737
173,0.0015032451,0.0015178653,0.0013300508,0.010503119,4.3749118e-05,4.6971201e-05,4.1846583e-05,1.7017375e-05,3,3,3,3,0.043327358,-0.00020856154,0.19086881
174,0.0015015861,0.0015078482,0.0013165205,0.010457663,4.3688073e-05,4.6571707e-05,4.1405808e-05,1.6771026e-05,3,3,3,3,0.042734222,-0.00019743855,0.19067137
175,0.0015000289,0.001497773,0.0013033301,0.010416193,4.3647832e-05,4.6164369e-05,4.0956681e-05,1.647914e-05,3,3,3,3,0.042022624,-0.00050306926,0.1901683
176,0.0014987795,0.0014877358,0.0012904828,0.0103815,4.3659455e-05,4.5758332e-05,4.0490348e-05,1.8077083e-05,3,3,3,3,0.046129065,-0.00020642829,0.18996188
177,0.0014978581,0.0014784137,0.00127756,0.010344651,4.3679777e-05,4.5369236e-05,4.0053345e-05,1.824398e-05,3,3,3,3,0.046588638,-0.00020390456,0.18975797
178,0.0014972535,0.0014695085,0.0012643941,0.010301798,4.3707218e-05,4.498878e-05,3.9641424e-05,1.7476337e-05,3,3,3,3,0.044660143,-0.00023209039,0.18952588
179,0.0014969252,0.0014602208,0.0012511804,0.010259805,4.3742533e-05,4.4595556e-05,3.9229456e-05,1.7162467e-05,3,3,3,3,0.04388857,-0.00054881552,0.18897707
180,0.0014975072,0.001450876,0.0012378901,0.010230498,4.3801631e-05,4.4197208e-05,3.8792544e-05,1.7696927e-05,3,3,3,3,0.045283664,-0.00029687051,0.18868019
181,0.0014977602,0.0014412172,0.001224919,0.010207906,4.3877601e-05,4.3792145e-05,3.8354186e-05,1.7586446e-05,3,3,3,3,0.045031252,-0.00025702696,0.18842317
182,0.0014976095,0.0014315511,0.0012119353,0.010185648,4.3981664e-05,4.3382084e-05,3.7909658e-05,1.6833421e-05,3,3,3,3,0.043132163,-0.00051411073,0.18790906
183,0.0014978258,0.0014217624,0.0011993803,0.010162045,4.4118353e-05,4.2967858e-05,3.7449993e-05,1.8880949e-05,3,3,3,3,0.048408191,-0.00018660047,0.18772246
184,0.0014981561,0.0014114142,0.0011866906,0.010135044,4.4258683e-05,4.2561872e-05,3.6959709e-05,1.825852e-05,3,3,3,3,0.046843701,-0.00019504971,0.18752741
185,0.001497942,0.0014007658,0.0011741977,0.010111165,4.4380674e-05,4.2160352e-05,3.644794e-05,1.6875615e-05,3,3,3,3,0.043324101,-0.00049478978,0.18703262
186,0.0014983269,0.001390238,0.001161258,0.010086796,4.4486299e-05,4.1768364e-05,3.5912476e-05,1.8282501e-05,3,3,3,3,0.046962787,-0.00019853407,0.18683408
187,0.0014978529,0.0013794103,0.0011479492,0.010062477,4.4541853e-05,4.1372486e-05,3.5368961e-05,1.7495789e-05,3,3,3,3,0.044969927,-0.00017462014,0.18665946
188,0.0014972097,0.0013684865,0.001134975,0.010037429,4.4570754e-05,4.0971702e-05,3.485186e-05,1.6021025e-05,3,3,3,3,0.041204134,-0.00039801399,0.18626145
189,0.0014960982,0.0013571296,0.001122124,0.010010148,4.4584431e-05,4.0578789e-05,3.4361606e-05,1.7424315e-05,3,3,3,3,0.044836502,-9.0631041e-05,0.18617082
190,0.0014946223,0.0013463758,0.0011095457,0.0099733118,4.4562614e-05,4.0206636e-05,3.3890211e-05,1.6871018e-05,3,3,3,3,0.043437666,-6.1724485e-05,0.18610909
191,0.0014926919,0.0013360722,0.0010974065,0.0099238462,4.4522682e-05,3.9868259e-05,3.3454488e-05,1.568789e-05,3,3,3,3,0.040414071,-2.8514304e-05,0.18608058
192,0.0014905399,0.0013262702,0.0010853784,0.0098696572,4.4452815e-05,3.9591358e-05,3.3048542e-05,1.5203055e-05,3,3,3,3,0.039185511,-0.00025626394,0.18582432
193,0.0014883542,0.0013179203,0.0010739248,0.0098083906,4.4378465e-05,3.9378851e-05,3.2677857e-05,1.6075391e-05,3,3,3,3,0.041453002,-3.2162768e-05,0.18579215
194,0.0014864023,0.0013110779,0.0010627305,0.0097462852,4.4337081e-05,3.9211061e-05,3.2349301e-05,1.5813586e-05,3,3,3,3,0.040798826,-4.7401817e-05,0.18574475
195,0.0014842612,0.001305193,0.0010517244,0.0096812273,4.4324203e-05,3.9110796e-05,3.2040376e-05,1.4808927e-05,3,3,3,3,0.038225527,-0.00038093027,0.18536382
196,0.0014824515,0.0013002447,0.0010408632,0.0096119864,4.4324892e-05,3.906139e-05,3.1750237e-05,1.7100317e-05,3,3,3,3,0.044157902,-6.3436448e-05,0.18530038
197,0.0014806595,0.0012958465,0.001030187,0.0095403404,4.4322021e-05,3.9025606e-05,3.1480714e-05,1.6477979e-05,3,3,3,3,0.042569602,-5.7867668e-05,0.18524252
198,0.0014790377,0.001291922,0.001020203,0.0094758224,4.4330396e-05,3.8999728e-05,3.1226668e-05,1.4103646e-05,3,3,3,3,0.036450895,-0.00032899793,0.18491352
199,0.0014774132,0.0012887844,0.0010105859,0.0094169253,4.4358052e-05,3.8988882e-05,3.0981405e-05,1.6120185e-05,3,3,3,3,0.041676048,-3.3609078e-05,0.18487991
200,0.0014764421,0.0012862181,0.0010013651,0.0093576143,4.4386682e-05,3.8967119e-05,3.0741077e-05,1.5229934e-05,3,3,3,3,0.039388873,-2.1453089e-05,0.18485846
201,0.001475811,0.0012840941,0.00099227116,0.0092990796,4.4416717e-05,3.8950545e-05,3.050679e-05,1.3988467e-05,3,3,3,3,0.036190248,-0.00027960859,0.18457885
202,0.0014753374,0.0012823373,0.00098328305,0.0092505171,4.4469632e-05,3.8958876e-05,3.027272e-05,1.5017726e-05,3,3,3,3,0.038862972,-8.5289712e-05,0.18449356
203,0.0014750401,0.0012804243,0.00097518794,0.0092029156,4.4554191e-05,3.8956003e-05,3.0052086e-05,1.3796874e-05,3,3,3,3,0.035713882,-0.00034414636,0.18414941
204,0.0014747274,0.0012783439,0.0009679274,0.0091572179,4.4623309e-05,3.8943901e-05,2.9844834e-05,1.6207675e-05,3,3,3,3,0.041963178,-6.6140072e-05,0.18408327
205,0.0014742327,0.0012760988,0.00096170849,0.0091079289,4.4677286e-05,3.8916988e-05,2.9665202e-05,1.5061146e-05,3,3,3,3,0.039004108,-9.5935054e-05,0.18398734
206,0.001472902,0.0012741035,0.00095632283,0.0090564422,4.4710402e-05,3.8867433e-05,2.950897e-05,1.2600648e-05,3,3,3,3,0.032638436,-0.00022346383,0.18376387
207,0.0014709647,0.0012719137,0.0009519707,0.009001955,4.4699183e-05,3.8824774e-05,2.9356778e-05,1.2405072e-05,3,3,3,3,0.03213514,-0.00023373794,0.18353013
208,0.0014686776,0.0012698573,0.00094839272,0.0089509766,4.4649589e-05,3.8786463e-05,2.9202799e-05,1.3600972e-05,3,3,3,3,0.035236528,-6.2207189e-05,0.18346793
209,0.0014662386,0.0012678993,0.00094466462,0.0089073752,4.4576937e-05,3.8746447e-05,2.9049307e-05,1.1974902e-05,3,3,3,3,0.031027892,-0.00028585154,0.18318208
210,0.0014633079,0.0012659296,0.0009408772,0.0088713203,4.4487661e-05,3.8701606e-05,2.8919805e-05,1.1756337e-05,3,3,3,3,0.030463512,-0.00033362041,0.18284846
211,0.0014595352,0.0012638003,0.00093705482,0.0088392065,4.4385423e-05,3.8638138e-05,2.8796085e-05,1.3459321e-05,3,3,3,3,0.034877604,-0.0001276548,0.1827208
212,0.0014558244,0.0012620199,0.00093330149,0.0088043511,4.4258623e-05,3.8558508e-05,2.8682861e-05,1.2410837e-05,3,3,3,3,0.032162939,-0.00011131347,0.18260949
213,0.0014517083,0.0012603292,0.00092947376,0.0087731937,4.4131106e-05,3.8470053e-05,2.8581784e-05,1.1477588e-05,3,3,3,3,0.029745853,-0.00014577616,0.18246371
214,0.0014475203,0.0012585742,0.00092563391,0.0087419946,4.4016741e-05,3.8383115e-05,2.8489131e-05,1.1652856e-05,3,3,3,3,0.030200696,-3.4246063e-05,0.18242946
215,0.0014434929,0.0012571542,0.00092208529,0.0087111581,4.3913605e-05,3.8300883e-05,2.8394484e-05,1.1390757e-05,3,3,3,3,0.02952197,8.8435357e-05,0.1825179
216,0.0014393355,0.0012561183,0.00091872021,0.0086845259,4.3820085e-05,3.8221935e-05,2.8291602e-05,1.1398239e-05,3,3,3,3,0.029541716,0.00021717242,0.18273507
217,0.0014347516,0.0012549154,0.00091505172,0.0086601462,4.370659e-05,3.8133799e-05,2.818111e-05,1.1510536e-05,3,3,3,3,0.029833055,0.00037425152,0.18310932
218,0.0014292696,0.0012535236,0.00091135601,0.0086401647,4.356751e-05,3.8040804e-05,2.8071647e-05,1.3441132e-05,3,3,3,3,0.034836803,0.00021536879,0.18332469
219,0.0014235349,0.0012526578,0.00090765507,0.0086216959,4.3398898e-05,3.7966079e-05,2.7960781e-05,1.12051e-05,3,3,3,3,0.029040361,0.0004342485,0.18375894
220,0.001417349,0.0012516637,0.00090366119,0.0086051921,4.3181955e-05,3.788584e-05,2.7837653e-05,1.1490467e-05,3,3,3,3,0.029779746,0.00048901277,0.18424795
221,0.0014111897,0.0012504342,0.00089954642,0.0085894484,4.2947297e-05,3.779262e-05,2.7681952e-05,1.4099178e-05,3,3,3,3,0.036540572,0.00019244127,0.1844404
222,0.0014046952,0.0012494515,0.00089534363,0.0085729189,4.2684412e-05,3.769346e-05,2.7507071e-05,1.3378965e-05,3,3,3,3,0.034672171,0.00016281254,0.18460321
223,0.0013977842,0.0012487205,0.00089124969,0.008561069,4.2371765e-05,3.7591522e-05,2.7321205e-05,1.1487623e-05,3,3,3,3,0.029769053,0.00026097122,0.18486418
224,0.0013901679,0.0012480139,0.00088727835,0.0085546072,4.2033258e-05,3.750325e-05,2.7126111e-05,1.1560047e-05,3,3,3,3,0.029955234,0.00029395836,0.18515814
225,0.0013822605,0.0012473426,0.00088341223,0.008554516,4.1686072e-05,3.7433626e-05,2.6916073e-05,1.1711054e-05,3,3,3,3,0.03034442,0.00048257615,0.18564071
226,0.0013741324,0.0012463217,0.00087979565,0.0085593109,4.1303228e-05,3.7359153e-05,2.6692098e-05,1.6724968e-05,3,3,3,3,0.043332751,0.00014996403,0.18579068
227,0.0013663283,0.0012450549,0.00087613478,0.0085630801,4.0917809e-05,3.7264305e-05,2.6464356e-05,1.6058853e-05,3,3,3,3,0.04160097,0.00017358301,0.18596426
228,0.0013581563,0.001243078,0.00087245381,0.0085588118,4.0499632e-05,3.712639e-05,2.624097e-05,1.3819572e-05,3,3,3,3,0.035795149,0.00015474005,0.186119
229,0.0013493675,0.0012398796,0.00086872267,0.0085426709,4.0076145e-05,3.6946446e-05,2.6016565e-05,1.2484886e-05,3,3,3,3,0.032334672,0.00035474191,0.18647374
230,0.0013402382,0.0012357645,0.00086520045,0.0085180316,3.9661548e-05,3.6746025e-05,2.5798701e-05,1.283916e-05,3,3,3,3,0.033250158,0.00032802619,0.18680177
231,0.00133122,0.0012315698,0.00086181024,0.0085064839,3.9261641e-05,3.6547743e-05,2.5592232e-05,1.5058164e-05,3,3,3,3,0.038995041,7.8089688e-05,0.18687986
232,0.0013226655,0.0012271359,0.00085825782,0.008495926,3.8880063e-05,3.6334764e-05,2.5391513e-05,1.5259569e-05,3,3,3,3,0.039512005,5.6590053e-05,0.18693645
233,0.0013143224,0.0012224311,0.00085460814,0.0084744877,3.8498099e-05,3.6099494e-05,2.5201267e-05,1.415709e-05,3,3,3,3,0.036652389,5.0910624e-05,0.18698736
234,0.0013056793,0.0012173741,0.00085087667,0.0084445281,3.8110406e-05,3.5839117e-05,2.5008862e-05,1.2877773e-05,3,3,3,3,0.033335779,2.9981743e-05,0.18701734
235,0.001297127,0.0012114131,0.0008467228,0.0084021727,3.7717795e-05,3.5548481e-05,2.4815975e-05,1.228234e-05,3,3,3,3,0.031790291,0.00015967804,0.18717702
236,0.0012886874,0.0012047085,0.00084210876,0.0083513224,3.7335305e-05,3.524435e-05,2.4614208e-05,1.3332988e-05,3,3,3,3,0.034506654,-1.9313974e-05,0.18715771
237,0.0012806975,0.0011982005,0.00083684334,0.0082980198,3.6967446e-05,3.4948122e-05,2.4385083e-05,1.3481211e-05,3,3,3,3,0.034885563,-2.9394393e-05,0.18712831
238,0.0012726983,0.0011917738,0.00083134106,0.0082424594,3.6628052e-05,3.4629819e-05,2.4136806e-05,1.2908113e-05,3,3,3,3,0.033397908,-3.5151347e-05,0.18709316
239,0.0012646578,0.0011848224,0.00082517155,0.0081719207,3.6314799e-05,3.4286641e-05,2.3880698e-05,1.2086789e-05,3,3,3,3,0.031268715,-4.7904114e-05,0.18704526
240,0.0012566299,0.0011773807,0.00081852453,0.0080866022,3.6011741e-05,3.3937597e-05,2.3620909e-05,1.0777998e-05,3,3,3,3,0.027879218,0.00030328062,0.18734854
241,0.0012480187,0.0011697527,0.00081155099,0.0079885968,3.570602e-05,3.3596022e-05,2.3370569e-05,1.2556007e-05,3,3,3,3,0.0324753,-1.6284418e-05,0.18733225
242,0.0012394573,0.0011621886,0.00080435053,0.0078938294,3.5418378e-05,3.3284798e-05,2.312391e-05,1.2329165e-05,3,3,3,3,0.031883708,-3.8203399e-05,0.18729405
243,0.0012307504,0.001154173,0.000797057,0.0078022627,3.5134235e-05,3.2990431e-05,2.2894868e-05,1.0346644e-05,3,3,3,3,0.026752202,0.00026244897,0.1875565
244,0.0012213915,0.0011456785,0.00078985246,0.0077108938,3.4840296e-05,3.2690474e-05,2.2679738e-05,1.2061294e-05,3,3,3,3,0.031181081,-4.9141804e-05,0.18750736
245,0.0012117896,0.0011369339,0.00078233504,0.0076227737,3.4542832e-05,3.2394305e-05,2.2458218e-05,9.8487047e-06,3,3,3,3,0.025456024,0.00019769906,0.18770505
246,0.0012016297,0.0011277692,0.00077485577,0.0075376972,3.423464e-05,3.2084637e-05,2.2240044e-05,1.1709186e-05,3,3,3,3,0.03026003,-0.00010840216,0.18759665
247,0.0011912663,0.0011184257,0.00076713476,0.0074553768,3.393096e-05,3.1766903e-05,2.2012509e-05,9.5151541e-06,3,3,3,3,0.024585526,1.2340607e-05,0.18760899
248,0.0011804454,0.001108887,0.00075942015,0.0073698378,3.3598153e-05,3.1459317e-05,2.1788763e-05,9.6885761e-06,3,3,3,3,0.025030063,3.7978447e-05,0.18764697
249,0.0011698185,0.0010991061,0.00075147931,0.0072809436,3.3250757e-05,3.1171076e-05,2.1557639e-05,9.5044304e-06,3,3,3,3,0.024550715,2.9343983e-05,0.18767632
250,0.0011589829,0.0010893642,0.0007434124,0.0071922973,3.2883967e-05,3.0900147e-05,2.1321791e-05,9.2668335e-06,3,3,3,3,0.023933279,3.5370638e-05,0.18771169
251,0.0011476867,0.0010797151,0.00073518049,0.007108965,3.2500272e-05,3.0642372e-05,2.1083862e-05,8.5844713e-06,3,3,3,3,0.022167379,-3.9059541e-05,0.18767263
252,0.0011359072,0.0010702719,0.00072681178,0.0070246857,3.2101015e-05,3.0398203e-05,2.0849025e-05,8.8065172e-06,3,3,3,3,0.022736907,8.9834533e-06,0.18768161
253,0.0011239928,0.0010607108,0.00071841877,0.006943864,3.1703654e-05,3.0155544e-05,2.0613931e-05,8.684523e-06,3,3,3,3,0.022417957,-4.471093e-05,0.1876369
254,0.0011117022,0.0010509374,0.00070997328,0.0068623377,3.1314157e-05,2.9912332e-05,2.0373942e-05,8.4256424e-06,3,3,3,3,0.021745798,-0.00016674137,0.18747016
255,0.001099312,0.0010410909,0.00070148133,0.006781285,3.0928361e-05,2.9674823e-05,2.0129135e-05,8.3028476e-06,3,3,3,3,0.02142493,-0.00030813441,0.18716202
256,0.0010869129,0.0010314737,0.00069313623,0.00670142,3.0527771e-05,2.9448171e-05,1.9887457e-05,8.9814203e-06,3,3,3,3,0.023171641,-0.00026800597,0.18689402
257,0.0010745478,0.0010220905,0.00068491883,0.0066227828,3.0116682e-05,2.9234638e-05,1.9652869e-05,9.5031743e-06,3,3,3,3,0.024513813,-0.00030015404,0.18659386
258,0.001062036,0.0010129616,0.0006767025,0.0065435608,2.970051e-05,2.9025372e-05,1.9417202e-05,9.1014197e-06,3,3,3,3,0.023473898,-0.00030653196,0.18628733
259,0.0010492759,0.0010043505,0.0006687076,0.0064657433,2.9285055e-05,2.8816277e-05,1.9188766e-05,7.6743825e-06,3,3,3,3,0.019790315,-0.0004384537,0.18584888
260,0.001036629,0.00099623083,0.00066100111,0.0063895311,2.888033e-05,2.8616819e-05,1.8965133e-05,7.7513687e-06,3,3,3,3,0.019985161,-0.00046261844,0.18538626
261,0.0010241165,0.00098803802,0.0006533548,0.0063134115,2.8493411e-05,2.8429656e-05,1.8737884e-05,8.8614397e-06,3,3,3,3,0.022842919,-0.00030620193,0.18508006
262,0.0010115861,0.00097978305,0.00064606845,0.0062364952,2.8124342e-05,2.8252529e-05,1.8520193e-05,8.4365938e-06,3,3,3,3,0.02174442,-0.00030261188,0.18477745
263,0.00099964413,0.00097167027,0.00063886084,0.0061600066,2.7765574e-05,2.8065873e-05,1.8308085e-05,7.3564181e-06,3,3,3,3,0.018957498,-0.00046035793,0.18431709
264,0.00098841954,0.00096367523,0.00063195607,0.0060897101,2.7429659e-05,2.7870297e-05,1.8102509e-05,8.2666507e-06,3,3,3,3,0.021299523,-0.00028439829,0.18403269
265,0.00097741659,0.00095531028,0.00062514812,0.0060224838,2.7110706e-05,2.7651549e-05,1.7903562e-05,7.2293843e-06,3,3,3,3,0.01862424,-0.00045220044,0.18358049
266,0.00096709673,0.00094696381,0.00061855912,0.0059555768,2.6819622e-05,2.7426193e-05,1.7712926e-05,9.0275511e-06,3,3,3,3,0.023252654,-0.00028210712,0.18329838
267,0.00095728459,0.00093855449,0.00061233699,0.0058881939,2.6531543e-05,2.7178359e-05,1.7532276e-05,8.4106596e-06,3,3,3,3,0.021660774,-0.00027601048,0.18302237
268,0.00094791867,0.00093018923,0.00060633726,0.0058236763,2.6260903e-05,2.6917245e-05,1.7368818e-05,7.105881e-06,3,3,3,3,0.018297958,-0.00040936221,0.18261301
269,0.00093892741,0.00092193187,0.00060036097,0.0057627292,2.6012243e-05,2.664699e-05,1.7210032e-05,6.447267e-06,3,3,3,3,0.016599363,-0.00057050747,0.1820425
270,0.00093010589,0.00091351493,0.00059449192,0.0057057123,2.5771854e-05,2.6362698e-05,1.7051128e-05,8.6261159e-06,3,3,3,3,0.022205778,-0.00028363903,0.18175886
271,0.00092139646,0.00090508838,0.00058896098,0.0056509317,2.5538155e-05,2.6066875e-05,1.6896368e-05,8.1512359e-06,3,3,3,3,0.020981172,-0.00025742627,0.18150144
272,0.00091289307,0.00089630987,0.00058360798,0.0055974937,2.5320883e-05,2.5768004e-05,1.6741271e-05,6.3933099e-06,3,3,3,3,0.016454717,-0.00046815482,0.18103328
273,0.00090461107,0.00088735395,0.00057829655,0.0055454301,2.5111408e-05,2.5474545e-05,1.6585682e-05,6.413511e-06,3,3,3,3,0.016504804,-0.00043755941,0.18059572
274,0.00089681446,0.00087856329,0.00057320708,0.0054966558,2.4911963e-05,2.5186832e-05,1.6429808e-05,6.4474125e-06,3,3,3,3,0.016590269,-0.00046121519,0.18013451
275,0.00088913737,0.00086966448,0.00056814273,0.0054494154,2.4719403e-05,2.491156e-05,1.6275652e-05,6.4403982e-06,3,3,3,3,0.016570647,-0.00051982693,0.17961468
276,0.00088138446,0.00086067877,0.00056312232,0.0054036836,2.4534083e-05,2.4652421e-05,1.6129921e-05,9.9172101e-06,3,3,3,3,0.025514102,-0.00018474135,0.17942994
277,0.0008734444,0.0008518266,0.00055819945,0.0053563986,2.4350398e-05,2.4402045e-05,1.5980785e-05,8.3374522e-06,3,3,3,3,0.021449313,-0.00014562689,0.17928431
278,0.00086544177,0.00084314422,0.00055332818,0.0053096207,2.4170388e-05,2.4176478e-05,1.5829393e-05,6.0751382e-06,3,3,3,3,0.015628649,-9.87102e-05,0.1791856
279,0.00085756587,0.00083486143,0.0005483528,0.0052628086,2.4000144e-05,2.3979812e-05,1.5678292e-05,6.4136181e-06,3,3,3,3,0.016498337,2.8566977e-05,0.17921417
280,0.00084967162,0.00082697485,0.00054346331,0.0052183154,2.3836961e-05,2.380153e-05,1.5530003e-05,7.111543e-06,3,3,3,3,0.018292333,3.1304804e-07,0.17921448
281,0.00084176848,0.00081938864,0.00053857951,0.0051766912,2.3681547e-05,2.3635589e-05,1.5382723e-05,6.8966341e-06,3,3,3,3,0.017737707,1.1137792e-05,0.17922562
282,0.00083377345,0.00081199475,0.00053375009,0.0051356218,2.3516208e-05,2.3478051e-05,1.5243614e-05,6.2845233e-06,3,3,3,3,0.016161759,5.2254564e-05,0.17927787
283,0.00082552584,0.00080479852,0.0005290857,0.0050951435,2.3344251e-05,2.332888e-05,1.511985e-05,5.9169149e-06,3,3,3,3,0.015215254,8.757383e-05,0.17936545
284,0.00081727789,0.0007976486,0.00052461057,0.0050556174,2.3176982e-05,2.3182767e-05,1.5007354e-05,6.4121719e-06,3,3,3,3,0.016487636,-9.234734e-05,0.1792731
285,0.0008091527,0.00079057286,0.00052023265,0.0050156535,2.3013789e-05,2.3039519e-05,1.4908446e-05,6.5098361e-06,3,3,3,3,0.016737495,-0.00013721535,0.17913588
286,0.00080117786,0.00078360321,0.00051600893,0.0049775522,2.284601e-05,2.2894603e-05,1.4818819e-05,6.3849238e-06,3,3,3,3,0.016415094,-0.00014852001,0.17898736
287,0.00079334597,0.00077686306,0.00051216545,0.0049416189,2.268402e-05,2.2751861e-05,1.4744383e-05,5.7836573e-06,3,3,3,3,0.01486818,-1.5243379e-05,0.17897212
288,0.0007856467,0.00077016166,0.00050868421,0.0049052216,2.2525367e-05,2.2610386e-05,1.4679489e-05,6.2346317e-06,3,3,3,3,0.016026272,-8.3181713e-05,0.17888894
289,0.00077810763,0.00076354995,0.00050538925,0.0048705142,2.2368426e-05,2.2467796e-05,1.462178e-05,6.1272099e-06,3,3,3,3,0.01574893,-2.1346054e-05,0.17886759
290,0.0007707469,0.00075735365,0.00050229614,0.0048384021,2.2216203e-05,2.2336068e-05,1.4570122e-05,5.5592839e-06,3,3,3,3,0.014288066,0.00016346056,0.17903105
291,0.00076372337,0.00075153211,0.00049942401,0.0048077259,2.206485e-05,2.2206724e-05,1.4519158e-05,6.0490887e-06,3,3,3,3,0.015545778,0.00012087578,0.17915193
292,0.0007570941,0.0007461887,0.00049668922,0.0047802046,2.1914251e-05,2.2083148e-05,1.4470033e-05,5.9110028e-06,3,3,3,3,0.015189875,0.00018333443,0.17933526
293,0.0007507433,0.00074131676,0.00049404941,0.0047540617,2.1773403e-05,2.1972778e-05,1.4423211e-05,6.5823557e-06,3,3,3,3,0.016913979,7.2726422e-05,0.17940799
294,0.00074453901,0.00073699104,0.0004914365,0.0047303144,2.1635392e-05,2.187683e-05,1.4375357e-05,5.4110189e-06,3,3,3,3,0.013902998,0.00025295311,0.17966094
295,0.00073838934,0.00073311182,0.0004889121,0.0047085895,2.1483852e-05,2.1782801e-05,1.4326225e-05,5.3799531e-06,3,3,3,3,0.013822476,0.00021084397,0.17987179
296,0.0007323586,0.00072965187,0.0004864465,0.0046865229,2.1316141e-05,2.169704e-05,1.4272039e-05,5.3101051e-06,3,3,3,3,0.013642424,0.00018795137,0.18005974
297,0.00072660492,0.00072640761,0.00048402267,0.0046656459,2.1133079e-05,2.1621685e-05,1.4217908e-05,5.2155296e-06,3,3,3,3,0.013398988,0.0001725254,0.18023226
298,0.00072077516,0.00072353915,0.00048162472,0.0046461509,2.0941426e-05,2.1543174e-05,1.4158852e-05,5.1773323e-06,3,3,3,3,0.013300493,0.00015755861,0.18038982
299,0.00071482699,0.0007208371,0.00047914009,0.0046275284,2.0736743e-05,2.1464459e-05,1.409238e-05,5.6806393e-06,3,3,3,3,0.014593267,7.9986388e-06,0.18039782
300,0.00070868255,0.00071820329,0.00047657286,0.0046125439,2.0510059e-05,2.1386529e-05,1.4018934e-05,5.1952232e-06,3,3,3,3,0.013346159,-1.6719062e-05,0.1803811
301,0.00070235677,0.00071561881,0.00047392999,0.0045991281,2.0265637e-05,2.1303466e-05,1.3940459e-05,5.2138449e-06,3,3,3,3,0.013394008,-0.00017585361,0.18020525
302,0.00069596174,0.00071293413,0.00047113253,0.0045847858,2.0005281e-05,2.1211014e-05,1.3859842e-05,6.7905898e-06,3,3,3,3,0.017444725,-7.1660049e-05,0.18013359
303,0.00068940126,0.00070989458,0.00046838553,0.0045677705,1.9736485e-05,2.1107218e-05,1.3779098e-05,5.7531215e-06,3,3,3,3,0.014780444,-0.00015933886,0.17997425
304,0.00068251217,0.00070660197,0.00046530292,0.0045454906,1.9465933e-05,2.0998947e-05,1.3686338e-05,5.5513229e-06,3,3,3,3,0.014262361,-0.00012237167,0.17985188
305,0.00067526192,0.00070314481,0.00046209915,0.0045217151,1.9191366e-05,2.0881414e-05,1.3585992e-05,5.548583e-06,3,3,3,3,0.014255765,-8.8447285e-05,0.17976343
306,0.00066785827,0.00069953923,0.00045874324,0.0044954466,1.8911362e-05,2.0754683e-05,1.3476547e-05,5.4880582e-06,3,3,3,3,0.014100767,-6.5351631e-05,0.17969808
307,0.00066026758,0.00069564553,0.00045525504,0.0044649845,1.8630547e-05,2.0619857e-05,1.336231e-05,6.6433319e-06,3,3,3,3,0.017069773,1.038623e-05,0.17970847
308,0.00065236536,0.00069138068,0.00045166401,0.0044254126,1.8336846e-05,2.046193e-05,1.3243569e-05,6.2700734e-06,3,3,3,3,0.016111767,3.1729368e-05,0.1797402
309,0.00064420401,0.00068690208,0.00044813914,0.0043829487,1.8037649e-05,2.029121e-05,1.3126075e-05,5.1778114e-06,3,3,3,3,0.013305902,-1.5978357e-05,0.17972422
310,0.00063601173,0.00068225339,0.00044452909,0.0043403242,1.774038e-05,2.0113533e-05,1.3002543e-05,5.3397057e-06,3,3,3,3,0.013722667,-5.4198445e-05,0.17967002
311,0.00062779634,0.00067722591,0.00044084883,0.0042953886,1.7445579e-05,1.9927426e-05,1.2871966e-05,5.9625964e-06,3,3,3,3,0.01532427,1.7507911e-05,0.17968753
312,0.00061944797,0.00067171989,0.00043725645,0.0042481968,1.7157984e-05,1.9727425e-05,1.2737877e-05,5.7604704e-06,3,3,3,3,0.014805898,2.4616228e-05,0.17971214
313,0.00061097165,0.00066579817,0.00043355832,0.0041994721,1.6872119e-05,1.9522043e-05,1.2597228e-05,5.2253091e-06,3,3,3,3,0.013431349,-6.0364709e-05,0.17965178
314,0.00060249327,0.00065978448,0.00042982458,0.0041488131,1.6591655e-05,1.9309195e-05,1.2452893e-05,5.9356306e-06,3,3,3,3,0.015257986,3.952494e-05,0.1796913
315,0.00059409129,0.00065320679,0.00042588789,0.004096493,1.6317728e-05,1.9068492e-05,1.2304189e-05,5.7544347e-06,3,3,3,3,0.014793314,4.7006748e-05,0.17973831
316,0.00058564815,0.00064648098,0.00042192955,0.0040471509,1.6047561e-05,1.8823153e-05,1.2157039e-05,5.0717402e-06,3,3,3,3,0.01303926,-5.9231197e-05,0.17967908
317,0.00057724511,0.00063964174,0.0004177872,0.0039992695,1.5789371e-05,1.8578408e-05,1.2006031e-05,5.8826369e-06,3,3,3,3,0.01512486,3.5949654e-05,0.17971503
318,0.00056867136,0.0006323833,0.00041364697,0.0039529618,1.5541565e-05,1.8323722e-05,1.1858135e-05,5.6414126e-06,3,3,3,3,0.014505839,2.9627508e-05,0.17974466
319,0.00055998309,0.00062496341,0.00040937277,0.0039055927,1.529633e-05,1.8059798e-05,1.1708021e-05,5.1468892e-06,3,3,3,3,0.013235372,2.7300837e-05,0.17977196
320,0.00055113982,0.00061734631,0.00040490582,0.0038565835,1.5050013e-05,1.7788093e-05,1.1553822e-05,4.9451093e-06,3,3,3,3,0.012717549,-7.3122722e-05,0.17969883
321,0.00054222303,0.00060974174,0.00040028605,0.0038060922,1.4800529e-05,1.7518721e-05,1.1400347e-05,5.464947e-06,3,3,3,3,0.014055384,8.7300221e-06,0.17970756
322,0.0005332155,0.00060169455,0.00039553619,0.0037550645,1.4548939e-05,1.7243528e-05,1.1245735e-05,5.5544276e-06,3,3,3,3,0.014286907,-5.6205457e-06,0.17970194
323,0.00052422736,0.00059333846,0.00039066607,0.0037045189,1.4300472e-05,1.6963077e-05,1.1092534e-05,5.2806007e-06,3,3,3,3,0.013584037,-1.2102214e-05,0.17968984
324,0.00051512586,0.00058485746,0.00038567347,0.003654649,1.4054472e-05,1.6685077e-05,1.0942333e-05,4.9002211e-06,3,3,3,3,0.01260692,-2.685756e-05,0.17966298
325,0.00050605998,0.00057624242,0.0003805081,0.0036054695,1.3809378e-05,1.6403914e-05,1.0793036e-05,4.6194614e-06,3,3,3,3,0.011885922,-4.5694079e-05,0.17961729
326,0.00049700735,0.00056754931,0.00037522086,0.0035561303,1.3563488e-05,1.61196e-05,1.0640328e-05,4.564895e-06,3,3,3,3,0.011746833,-8.0207694e-05,0.17953708
327,0.00048796577,0.00055889132,0.00036980689,0.0035073079,1.3323873e-05,1.5835593e-05,1.0487265e-05,4.6967696e-06,3,3,3,3,0.012087583,-9.8275956e-05,0.17943881
328,0.00047901291,0.0005503762,0.0003642527,0.0034597522,1.3091416e-05,1.5556664e-05,1.0336797e-05,4.8874772e-06,3,3,3,3,0.012579968,-0.00011728101,0.17932152
329,0.00047032601,0.00054186489,0.00035867318,0.0034119615,1.2870821e-05,1.5283833e-05,1.0186919e-05,5.0366128e-06,3,3,3,3,0.012965577,-0.00013545793,0.17918607
330,0.00046185254,0.00053332838,0.00035308971,0.0033643167,1.2661185e-05,1.5011853e-05,1.0036543e-05,5.0731716e-06,3,3,3,3,0.013061567,-0.00014401274,0.17904205
331,0.00045378241,0.0005247556,0.00034751813,0.0033172889,1.2458337e-05,1.4740509e-05,9.8867193e-06,4.9773448e-06,3,3,3,3,0.012816749,-0.00015046586,0.17889159
332,0.00044609605,0.00051619284,0.00034207214,0.0032711101,1.2267655e-05,1.4475089e-05,9.739649e-06,4.804769e-06,3,3,3,3,0.012374257,-0.00015990725,0.17873168
333,0.00043883285,0.00050764304,0.00033667176,0.0032258748,1.2087906e-05,1.4215795e-05,9.5927778e-06,4.6521953e-06,3,3,3,3,0.011983209,-0.0001668728,0.17856481
334,0.00043208349,0.00049903562,0.00033135815,0.0031814206,1.1924408e-05,1.3960664e-05,9.4477852e-06,4.5657866e-06,3,3,3,3,0.011762561,-0.00017131586,0.17839349
335,0.0004259068,0.00049047747,0.00032621987,0.0031367805,1.1774254e-05,1.3709193e-05,9.303711e-06,4.5667277e-06,3,3,3,3,0.011766954,-0.00017646104,0.17821703
336,0.00042023893,0.00048208726,0.00032123548,0.0030926246,1.1638415e-05,1.3467182e-05,9.1644272e-06,4.5896122e-06,3,3,3,3,0.011827935,-0.00017862011,0.17803841
337,0.00041503498,0.00047368052,0.00031646073,0.0030500385,1.1512086e-05,1.3235881e-05,9.0280984e-06,4.5865721e-06,3,3,3,3,0.011822155,-0.00017982741,0.17785858
338,0.00041034899,0.00046546873,0.00031187854,0.0030101607,1.1401119e-05,1.3013876e-05,8.8932415e-06,4.6027705e-06,3,3,3,3,0.011865967,-0.00018393195,0.17767465
339,0.00040617704,0.00045749345,0.00030744637,0.0029709396,1.1299553e-05,1.279793e-05,8.7649357e-06,4.4132271e-06,3,3,3,3,0.011379308,-0.00017623971,0.17749841
340,0.00040234706,0.00044967323,0.00030316207,0.0029317062,1.1208157e-05,1.2582318e-05,8.6422787e-06,4.2606214e-06,3,3,3,3,0.010987727,-0.00017982502,0.17731859
341,0.00039885986,0.00044212581,0.00029907984,0.0028940469,1.1121388e-05,1.2372021e-05,8.5219264e-06,4.0608705e-06,3,3,3,3,0.010474367,-0.00028193062,0.17703666
342,0.00039550945,0.00043494757,0.00029520699,0.002858377,1.1040916e-05,1.2172885e-05,8.4053945e-06,4.9347031e-06,3,3,3,3,0.012730225,-0.00017041213,0.17686624
343,0.00039234294,0.00042769705,0.00029139493,0.0028234285,1.0960141e-05,1.1970717e-05,8.2897067e-06,4.7901174e-06,3,3,3,3,0.012359332,-0.00017328455,0.17669296
344,0.00038935186,0.0004208819,0.00028788384,0.0027907634,1.0882713e-05,1.1781174e-05,8.182209e-06,4.2390096e-06,3,3,3,3,0.010939207,-0.00015887842,0.17653408
345,0.00038642313,0.00041448325,0.00028457536,0.0027595269,1.0809233e-05,1.1602994e-05,8.0812408e-06,4.0378678e-06,3,3,3,3,0.010421771,-0.00022027669,0.1763138
346,0.00038355141,0.00040839381,0.00028122281,0.0027287074,1.07357e-05,1.1430879e-05,7.9790756e-06,3.8634981e-06,3,3,3,3,0.0099730872,-0.00022768701,0.17608612
347,0.0003808325,0.00040274975,0.00027813626,0.00269983,1.0666033e-05,1.1272949e-05,7.8938184e-06,4.4205621e-06,3,3,3,3,0.011412608,-0.00013310005,0.17595302
348,0.00037807346,0.00039709309,0.00027507752,0.0026710703,1.0594754e-05,1.1111544e-05,7.8125615e-06,4.2869544e-06,3,3,3,3,0.011069322,-9.934386e-05,0.17585367
349,0.00037521354,0.00039170441,0.00027222738,0.0026441313,1.0519189e-05,1.096163e-05,7.7390872e-06,3.3171692e-06,3,3,3,3,0.0085664593,-0.0002611657,0.17559251
350,0.00037224929,0.00038648714,0.00026938673,0.00261767,1.0437775e-05,1.0823746e-05,7.6660378e-06,3.7338537e-06,3,3,3,3,0.00964369,-0.00018858624,0.17540392
351,0.00036937542,0.00038162914,0.00026658448,0.0025926622,1.0355699e-05,1.0699633e-05,7.5945563e-06,4.0561028e-06,3,3,3,3,0.010477223,-8.8480161e-05,0.17531544
352,0.0003664066,0.00037689438,0.00026385912,0.002568234,1.0274526e-05,1.0584824e-05,7.5261846e-06,3.6033316e-06,3,3,3,3,0.0093088675,-0.00016298427,0.17515246
353,0.00036334666,0.00037251878,0.0002611358,0.0025442039,1.0191587e-05,1.0485769e-05,7.4573099e-06,3.2295556e-06,3,3,3,3,0.0083441443,-0.00021999813,0.17493246
354,0.00036011771,0.00036829922,0.00025847779,0.0025209108,1.0105721e-05,1.0393149e-05,7.3883943e-06,3.9570245e-06,3,3,3,3,0.010224718,-6.326385e-05,0.1748692
355,0.00035689346,0.00036432292,0.00025589362,0.0024978212,1.0024829e-05,1.0308045e-05,7.3239625e-06,3.1491999e-06,3,3,3,3,0.0081382509,-0.00016639348,0.1747028
356,0.00035344637,0.00036062016,0.00025323882,0.0024752513,9.9456637e-06,1.0234532e-05,7.2596205e-06,3.1126691e-06,3,3,3,3,0.0080446115,-0.00015818814,0.17454461
357,0.00034993055,0.00035709548,0.00025057474,0.0024534127,9.8707742e-06,1.0165417e-05,7.1984547e-06,3.0913826e-06,3,3,3,3,0.0079903348,-0.00017163724,0.17437298
358,0.00034641202,0.00035368005,0.00024790819,0.0024317173,9.8010688e-06,1.0099075e-05,7.1385912e-06,3.4091245e-06,3,3,3,3,0.0088123901,-0.0001044717,0.1742685
359,0.00034293407,0.00035039533,0.00024526861,0.0024106522,9.734872e-06,1.0036552e-05,7.0814953e-06,3.0113947e-06,3,3,3,3,0.0077849438,-0.0001729962,0.17409551
360,0.00033940059,0.00034702787,0.00024266569,0.0023899183,9.6683391e-06,9.9718812e-06,7.0239786e-06,2.9853681e-06,3,3,3,3,0.0077182852,-0.00016818638,0.17392732
361,0.00033589317,0.00034366294,0.000240106,0.0023693862,9.6032864e-06,9.9090385e-06,6.9668393e-06,2.9575296e-06,3,3,3,3,0.0076469053,-0.00016475571,0.17376257
362,0.0003324546,0.00034034411,0.00023757948,0.002349564,9.5364056e-06,9.8476059e-06,6.9107111e-06,2.9282317e-06,3,3,3,3,0.0075717101,-0.00015924238,0.17360332
363,0.0003290757,0.00033709708,0.00023508499,0.0023303387,9.4688282e-06,9.7851519e-06,6.8556461e-06,2.8956496e-06,3,3,3,3,0.0074879762,-0.00014967879,0.17345365
364,0.00032578611,0.00033391158,0.00023263291,0.002311675,9.4023341e-06,9.7232574e-06,6.802254e-06,2.8716784e-06,3,3,3,3,0.0074264814,-0.00013390085,0.17331974
365,0.00032255244,0.0003307496,0.00023024763,0.0022937902,9.3381708e-06,9.6644351e-06,6.7512287e-06,2.8483469e-06,3,3,3,3,0.0073666139,-0.00011154155,0.1732082
366,0.00031944521,0.00032766213,0.00022795047,0.0022760083,9.2787336e-06,9.6047243e-06,6.7030883e-06,2.8248389e-06,3,3,3,3,0.0073062487,-8.3384616e-05,0.17312482
367,0.00031645615,0.00032467751,0.00022577895,0.0022588154,9.2220984e-06,9.5455131e-06,6.6585126e-06,2.8011001e-06,3,3,3,3,0.007245259,-4.7582388e-05,0.17307724
368,0.00031359871,0.00032181208,0.0002237452,0.00224172,9.168314e-06,9.4863201e-06,6.617191e-06,2.7799581e-06,3,3,3,3,0.0071909594,-3.9784883e-06,0.17307326
369,0.0003108774,0.0003190362,0.00022184655,0.0022255864,9.1176278e-06,9.4258895e-06,6.5783688e-06,2.7574974e-06,3,3,3,3,0.0071332275,5.0148476e-05,0.17312341
370,0.00030829411,0.00031637992,0.00022010787,0.0022102164,9.0668276e-06,9.3669827e-06,6.5400274e-06,2.7400571e-06,3,3,3,3,0.0070884472,0.00010445288,0.17322786
371,0.00030583842,0.00031384126,0.0002184755,0.0021950309,9.0163601e-06,9.311063e-06,6.5015534e-06,3.1416782e-06,3,3,3,3,0.0081277864,5.7178695e-05,0.17328504
372,0.00030350641,0.00031136911,0.00021675348,0.0021798649,8.9667745e-06,9.2558047e-06,6.4581507e-06,2.6919697e-06,3,3,3,3,0.0069645811,0.00015130584,0.17343634
373,0.00030129821,0.00030894278,0.00021516793,0.0021656252,8.9156715e-06,9.2006837e-06,6.4193081e-06,3.5551029e-06,3,3,3,3,0.009198017,5.317653e-05,0.17348952
374,0.00029931302,0.00030656907,0.00021345155,0.0021527818,8.8667777e-06,9.1453636e-06,6.3730094e-06,2.6513424e-06,3,3,3,3,0.0068599199,9.4238835e-05,0.17358376
375,0.00029734458,0.00030419799,0.00021191063,0.0021393138,8.8131419e-06,9.0874741e-06,6.333177e-06,2.7918958e-06,3,3,3,3,0.0072238488,8.1045493e-05,0.1736648
376,0.00029550402,0.00030195297,0.00021040406,0.0021260217,8.7585785e-06,9.0288688e-06,6.2946181e-06,2.6571217e-06,3,3,3,3,0.0068753691,3.061151e-05,0.17369542
377,0.00029369579,0.00029974787,0.00020895501,0.0021123524,8.7025101e-06,8.9667722e-06,6.2582243e-06,2.7776217e-06,3,3,3,3,0.0071874098,4.2982524e-05,0.1737384
378,0.0002919054,0.00029758153,0.0002075701,0.0020993377,8.6447702e-06,8.9051841e-06,6.2227545e-06,2.7438302e-06,3,3,3,3,0.0071002141,3.5980059e-05,0.17377438
379,0.0002900945,0.000295415,0.0002062258,0.0020866783,8.5868383e-06,8.8398246e-06,6.1885491e-06,2.6232635e-06,3,3,3,3,0.0067884592,-8.7975898e-07,0.1737735
380,0.00028826376,0.0002932009,0.0002049166,0.0020737859,8.526796e-06,8.7698498e-06,6.1544587e-06,2.6029209e-06,3,3,3,3,0.0067360441,-2.0700506e-05,0.1737528
381,0.00028644393,0.0002909772,0.00020360847,0.0020607414,8.4646681e-06,8.699776e-06,6.1208069e-06,2.7358364e-06,3,3,3,3,0.0070802509,-4.8417861e-06,0.17374796
382,0.00028462168,0.00028880092,0.00020231343,0.0020468985,8.4003991e-06,8.6294508e-06,6.0849846e-06,2.735954e-06,3,3,3,3,0.007080807,-2.3957006e-05,0.173724
383,0.00028274394,0.0002866093,0.00020105933,0.0020323611,8.3332994e-06,8.557989e-06,6.0500593e-06,2.7083385e-06,3,3,3,3,0.0070096009,-4.4179559e-05,0.17367982
384,0.00028079023,0.0002844152,0.00019983548,0.0020171758,8.2623783e-06,8.4873681e-06,6.016624e-06,2.6783971e-06,3,3,3,3,0.0069323773,-6.5536367e-05,0.17361428
385,0.0002787941,0.00028221647,0.00019861075,0.0020018452,8.1878793e-06,8.4167913e-06,5.9838766e-06,2.6712808e-06,3,3,3,3,0.0069142356,-8.8424638e-05,0.17352586
386,0.00027675219,0.00028004884,0.0001973807,0.0019866169,8.1122098e-06,8.3462686e-06,5.9523793e-06,3.2531534e-06,3,3,3,3,0.0084206746,-3.0383213e-05,0.17349548
387,0.00027465394,0.00027772918,0.00019609158,0.0019708538,8.0335344e-06,8.2680658e-06,5.917114e-06,3.0697187e-06,3,3,3,3,0.0079462658,-2.7084529e-05,0.17346839
388,0.00027251819,0.00027555391,0.00019496972,0.0019554906,7.9535159e-06,8.1958661e-06,5.8886665e-06,2.5866474e-06,3,3,3,3,0.0066961133,-5.7017801e-05,0.17341137
389,0.00027031763,0.00027339091,0.00019370739,0.0019392917,7.8710218e-06,8.1247461e-06,5.8535059e-06,2.6136519e-06,3,3,3,3,0.0067662818,-3.5257409e-05,0.17337612
390,0.00026811335,0.00027127902,0.00019244314,0.0019236732,7.7887551e-06,8.0537222e-06,5.816556e-06,2.6549915e-06,3,3,3,3,0.0068735517,-2.5388497e-05,0.17335073
391,0.00026590714,0.00026919668,0.00019115431,0.0019089917,7.7088929e-06,7.9827222e-06,5.7782956e-06,2.6900459e-06,3,3,3,3,0.0069645459,-2.8702747e-05,0.17332202
392,0.0002637371,0.00026723826,0.00018991727,0.0018943549,7.6306233e-06,7.9146396e-06,5.740946e-06,2.6582129e-06,3,3,3,3,0.006882354,-4.3188385e-05,0.17327884
393,0.00026156398,0.00026542815,0.00018875242,0.0018799897,7.5550971e-06,7.8523219e-06,5.7071712e-06,2.6005649e-06,3,3,3,3,0.0067333076,-6.6354878e-05,0.17321248
394,0.0002594408,0.00026366948,0.00018757063,0.0018657801,7.4821279e-06,7.7912669e-06,5.6724906e-06,3.1399753e-06,3,3,3,3,0.0081301738,-2.5695232e-05,0.17318679
395,0.0002572994,0.00026175203,0.00018623417,0.001851071,7.4078003e-06,7.7232844e-06,5.6330471e-06,3.0291682e-06,3,3,3,3,0.0078435942,-1.3745243e-05,0.17317304
396,0.00025522432,0.00026003373,0.00018506034,0.0018378072,7.3382926e-06,7.6648337e-06,5.6000409e-06,2.4229388e-06,3,3,3,3,0.0062740934,-3.708418e-05,0.17313596
397,0.00025313291,0.00025837666,0.00018375165,0.0018241263,7.2723836e-06,7.6119439e-06,5.563129e-06,2.4327945e-06,3,3,3,3,0.006299792,-2.6445197e-05,0.17310951
398,0.00025105951,0.00025680505,0.00018239481,0.0018105358,7.2110992e-06,7.5635275e-06,5.5248183e-06,2.497261e-06,3,3,3,3,0.0064669023,-2.964041e-05,0.17307987
399,0.00024907275,0.00025526972,0.00018100477,0.0017976291,7.1524001e-06,7.5191058e-06,5.4845689e-06,2.5269831e-06,3,3,3,3,0.0065440341,-4.4639786e-05,0.17303523
400,0.00024716604,0.0002538791,0.00017970446,0.0017852676,7.09638e-06,7.4798204e-06,5.4466368e-06,2.8594862e-06,3,3,3,3,0.0074052803,-1.0572587e-05,0.17302466
401,0.00024523572,0.00025239936,0.00017830667,0.0017727238,7.0402776e-06,7.4390812e-06,5.4036986e-06,2.4563738e-06,3,3,3,3,0.0063615335,-5.5774838e-05,0.17296888
402,0.00024332147,0.00025104083,0.00017694829,0.0017611182,6.9866505e-06,7.4047192e-06,5.3608639e-06,2.8829838e-06,3,3,3,3,0.0074665401,-9.7437784e-06,0.17295914
403,0.00024147146,0.00024962873,0.00017555946,0.0017503263,6.9324977e-06,7.3667212e-06,5.3152643e-06,2.5881148e-06,3,3,3,3,0.0067030758,-5.0100767e-06,0.17295413
404,0.00023965918,0.00024830417,0.00017425779,0.0017401909,6.879274e-06,7.3323078e-06,5.272692e-06,2.1898142e-06,3,3,3,3,0.0056716514,-5.2178361e-05,0.17290195
405,0.00023789963,0.00024695304,0.00017280513,0.0017297077,6.8275217e-06,7.2951704e-06,5.224535e-06,2.3999639e-06,3,3,3,3,0.0062160608,-1.4266666e-05,0.17288768
406,0.00023618289,0.0002456046,0.00017128635,0.0017195961,6.7780602e-06,7.2574822e-06,5.1732689e-06,2.4080448e-06,3,3,3,3,0.0062371113,-2.2213784e-05,0.17286547
407,0.00023450332,0.00024428923,0.00016989441,0.0017103655,6.7329119e-06,7.2222409e-06,5.1274471e-06,2.202984e-06,3,3,3,3,0.005706087,-8.3974363e-05,0.1727815
408,0.0002328726,0.00024290145,0.00016854628,0.0017011091,6.6934302e-06,7.1845903e-06,5.0831477e-06,2.7012335e-06,3,3,3,3,0.0069967627,-1.9852823e-05,0.17276164
409,0.00023127218,0.00024141549,0.00016718935,0.0016918039,6.656597e-06,7.1440364e-06,5.0388507e-06,2.6659695e-06,3,3,3,3,0.0069056102,-1.3167832e-05,0.17274848
410,0.00022974532,0.00023994853,0.00016590421,0.0016831421,6.622163e-06,7.1052512e-06,4.9994439e-06,2.2031934e-06,3,3,3,3,0.0057070487,-7.5325991e-05,0.17267315
411,0.00022827774,0.00023850265,0.0001646009,0.0016741992,6.5900883e-06,7.0664051e-06,4.9608868e-06,2.2279869e-06,3,3,3,3,0.0057713859,-7.5154319e-05,0.172598
412,0.00022688904,0.00023711677,0.00016338704,0.0016659407,6.5603189e-06,7.0295637e-06,4.924733e-06,2.2484607e-06,3,3,3,3,0.0058245291,-9.2844862e-05,0.17250515
413,0.00022553777,0.00023572427,0.0001622205,0.0016580195,6.5311481e-06,6.9922697e-06,4.8903601e-06,2.9595844e-06,3,3,3,3,0.0076668004,-1.2208206e-05,0.17249294
414,0.00022418123,0.00023421242,0.00016102376,0.0016504386,6.4999397e-06,6.9493911e-06,4.8534377e-06,2.2177244e-06,3,3,3,3,0.0057451852,-8.9280824e-05,0.17240366
415,0.0002229011,0.00023279837,0.00015984912,0.0016427611,6.4711202e-06,6.9101121e-06,4.8170753e-06,2.8480662e-06,3,3,3,3,0.0073782748,-2.5013094e-05,0.17237865
416,0.00022166351,0.00023143842,0.00015878791,0.0016361174,6.4432406e-06,6.8716576e-06,4.783515e-06,2.2055794e-06,3,3,3,3,0.0057139951,-5.171166e-05,0.17232694
417,0.00022037119,0.00023003245,0.00015756064,0.0016289512,6.4132764e-06,6.8316699e-06,4.7441996e-06,2.2184239e-06,3,3,3,3,0.00574739,-4.0397905e-05,0.17228654
418,0.00021913839,0.00022871441,0.00015634115,0.0016221973,6.3832745e-06,6.7922746e-06,4.7060677e-06,2.2313892e-06,3,3,3,3,0.0057811042,-3.7887012e-05,0.17224865
419,0.00021796155,0.00022743136,0.00015519177,0.0016162401,6.3531927e-06,6.7538816e-06,4.6693645e-06,2.3274416e-06,3,3,3,3,0.006030097,-8.2834181e-05,0.17216582
420,0.00021680018,0.00022614591,0.0001540621,0.0016102408,6.3219531e-06,6.7159694e-06,4.6323715e-06,2.6970236e-06,3,3,3,3,0.0069878043,-3.033365e-05,0.17213548
421,0.00021565128,0.00022487797,0.00015296073,0.0016047618,6.2900138e-06,6.6775708e-06,4.5956249e-06,2.1718278e-06,3,3,3,3,0.0056272364,-7.3215533e-05,0.17206227
422,0.00021450549,0.00022363104,0.00015180402,0.0015991174,6.2564209e-06,6.6389983e-06,4.5556626e-06,2.1635468e-06,3,3,3,3,0.0056059238,-8.0862097e-05,0.17198141
423,0.00021342534,0.00022246806,0.00015071586,0.0015934248,6.2217733e-06,6.6035332e-06,4.5165629e-06,2.1637685e-06,3,3,3,3,0.0056066583,-9.2072636e-05,0.17188933
424,0.00021234049,0.00022130968,0.00014964904,0.0015875667,6.1851618e-06,6.5695798e-06,4.4782077e-06,2.6010696e-06,3,3,3,3,0.0067399663,-4.0880637e-05,0.17184845
425,0.00021123479,0.00022005489,0.00014858952,0.0015824206,6.1448369e-06,6.5311281e-06,4.4399496e-06,2.1217121e-06,3,3,3,3,0.0054980719,-5.8415174e-05,0.17179004
426,0.00021003731,0.00021868962,0.00014739688,0.0015768465,6.1023753e-06,6.4891164e-06,4.396852e-06,2.1985937e-06,3,3,3,3,0.0056974733,-5.8486433e-05,0.17173155
427,0.00020889501,0.00021735277,0.00014626778,0.0015718843,6.0604543e-06,6.4465334e-06,4.3568479e-06,2.0921489e-06,3,3,3,3,0.005421797,-2.857783e-05,0.17170297
428,0.00020774583,0.00021601224,0.00014510514,0.0015667185,6.0172009e-06,6.402781e-06,4.3165836e-06,2.1699936e-06,3,3,3,3,0.0056237031,-5.1526731e-05,0.17165145
429,0.00020658526,0.00021459353,0.00014401458,0.0015618099,5.9740902e-06,6.3589417e-06,4.2794572e-06,2.0835454e-06,3,3,3,3,0.0053998299,-3.8892691e-05,0.17161255
430,0.00020543213,0.00021316844,0.00014299305,0.0015568742,5.9297761e-06,6.3150273e-06,4.2453158e-06,2.1822495e-06,3,3,3,3,0.0056558143,-8.6517239e-05,0.17152604
431,0.0002042592,0.00021166373,0.0001420087,0.0015520222,5.8845456e-06,6.2675711e-06,4.2123041e-06,2.5441054e-06,3,3,3,3,0.0065938584,-4.3998908e-05,0.17148204
432,0.00020312032,0.00021019059,0.00014114023,0.0015475755,5.8389892e-06,6.2207447e-06,4.1849834e-06,2.0645657e-06,3,3,3,3,0.005351189,-9.7673821e-05,0.17138436
433,0.00020193138,0.00020868971,0.00014027977,0.0015431585,5.7927498e-06,6.1741578e-06,4.1589283e-06,2.0738624e-06,3,3,3,3,0.0053754686,-0.00011614693,0.17126822
434,0.00020081154,0.00020733868,0.00013959225,0.0015392114,5.7488669e-06,6.1342527e-06,4.1403592e-06,2.0820757e-06,3,3,3,3,0.0053969467,-0.00014031232,0.17112791
435,0.00019969704,0.00020611588,0.00013900579,0.0015362842,5.7059123e-06,6.1013278e-06,4.1259954e-06,2.8549726e-06,3,3,3,3,0.0074006316,-6.8779204e-05,0.17105913
436,0.00019858351,0.00020487527,0.00013840453,0.001534133,5.661473e-06,6.0684362e-06,4.1094299e-06,2.0579379e-06,3,3,3,3,0.0053348062,-0.00014407928,0.17091505
437,0.00019738431,0.00020369745,0.00013779411,0.001530985,5.6163829e-06,6.0407958e-06,4.092152e-06,2.0492509e-06,3,3,3,3,0.0053124687,-0.00014551864,0.17076953
438,0.00019625567,0.00020272336,0.00013725612,0.0015278261,5.5727404e-06,6.02035e-06,4.0777334e-06,2.6453685e-06,3,3,3,3,0.0068580607,-7.7185314e-05,0.17069234
439,0.00019519061,0.00020186765,0.00013683578,0.0015255857,5.5314825e-06,6.0042308e-06,4.0677676e-06,2.0392658e-06,3,3,3,3,0.0052869679,-0.00013828522,0.17055406
440,0.00019407521,0.00020097044,0.00013629892,0.0015229551,5.4919012e-06,5.9854503e-06,4.0527854e-06,2.0413053e-06,3,3,3,3,0.0052924276,-0.00014672992,0.17040733
441,0.00019301456,0.00020015625,0.00013579912,0.0015205196,5.4552175e-06,5.9683934e-06,4.0382945e-06,2.0507506e-06,3,3,3,3,0.0053170935,-0.00017148483,0.17023584
442,0.00019197753,0.00019942633,0.00013537214,0.0015192756,5.421064e-06,5.9532143e-06,4.0255097e-06,2.5942398e-06,3,3,3,3,0.0067264605,-0.00010137866,0.17013446
443,0.00019095527,0.00019868693,0.00013495572,0.0015187929,5.3884942e-06,5.9359692e-06,4.0116109e-06,2.4119336e-06,3,3,3,3,0.0062540556,-0.0001070202,0.17002744
444,0.00018994652,0.00019798874,0.00013459325,0.001519302,5.3571846e-06,5.9189821e-06,3.9999377e-06,1.9936498e-06,3,3,3,3,0.0051696939,-0.00016327337,0.16986417
445,0.00018890947,0.00019715443,0.00013408477,0.0015197268,5.3250756e-06,5.8955408e-06,3.9832084e-06,2.1474691e-06,3,3,3,3,0.0055687628,-0.00012970467,0.16973447
446,0.00018799032,0.00019641007,0.0001335646,0.001520551,5.2947995e-06,5.8740259e-06,3.9658064e-06,2.2383538e-06,3,3,3,3,0.0058046549,-8.8047938e-05,0.16964642
447,0.00018708224,0.00019557856,0.00013304349,0.0015211997,5.2648669e-06,5.8496241e-06,3.9492356e-06,2.1200774e-06,3,3,3,3,0.0054981551,-0.00011464092,0.16953178
448,0.00018621893,0.00019483851,0.00013261534,0.0015218797,5.2356095e-06,5.8264224e-06,3.9368599e-06,2.3334481e-06,3,3,3,3,0.0060517139,-7.4109404e-05,0.16945767
449,0.00018532895,0.00019390019,0.00013205661,0.001521671,5.2060813e-06,5.7936019e-06,3.9194345e-06,2.284989e-06,3,3,3,3,0.0059262664,-6.7441061e-05,0.16939023
450,0.0001844945,0.00019299742,0.00013159489,0.0015213699,5.1787256e-06,5.7615182e-06,3.9057217e-06,1.9674493e-06,3,3,3,3,0.0051028974,-0.00011719941,0.16927303
451,0.00018363417,0.00019200111,0.00013108426,0.0015203103,5.1513431e-06,5.7252403e-06,3.8903725e-06,2.2468223e-06,3,3,3,3,0.0058276706,-6.3270595e-05,0.16920976
452,0.0001828398,0.00019106774,0.00013065082,0.0015199523,5.126834e-06,5.6897938e-06,3.8780456e-06,2.1677512e-06,3,3,3,3,0.0056227713,-6.1126051e-05,0.16914863
453,0.00018209262,0.00019014312,0.00013020112,0.0015192357,5.1038947e-06,5.6529998e-06,3.8658951e-06,2.1187838e-06,3,3,3,3,0.0054959273,-9.0536214e-05,0.16905809
454,0.00018133007,0.00018914796,0.00012968419,0.0015175883,5.0811285e-06,5.6123499e-06,3.8504957e-06,2.1159422e-06,3,3,3,3,0.0054886867,-9.1243137e-05,0.16896685
455,0.00018061072,0.00018826499,0.00012932776,0.001515983,5.0623639e-06,5.5754093e-06,3.841181e-06,2.3130395e-06,3,3,3,3,0.0060000829,-5.00116e-05,0.16891684
456,0.00017992953,0.00018721229,0.00012885434,0.0015134668,5.0451948e-06,5.5310091e-06,3.8269094e-06,1.9666381e-06,3,3,3,3,0.0051016493,-0.00012301039,0.16879383
457,0.00017931766,0.00018626294,0.00012848357,0.0015112832,5.0311017e-06,5.4919928e-06,3.8166392e-06,2.4299212e-06,3,3,3,3,0.0063035718,-4.4150258e-05,0.16874968
458,0.00017886431,0.00018529658,0.0001281175,0.0015094163,5.0209548e-06,5.4515566e-06,3.8060424e-06,2.2853528e-06,3,3,3,3,0.0059287095,-4.1185956e-05,0.16870849
459,0.00017848611,0.00018440545,0.00012786524,0.0015075519,5.014131e-06,5.4145557e-06,3.799487e-06,1.972082e-06,3,3,3,3,0.0051161612,-9.1043347e-05,0.16861745
460,0.00017813071,0.00018341796,0.0001274962,0.0015048351,5.0084267e-06,5.3746556e-06,3.7896032e-06,1.9904862e-06,3,3,3,3,0.0051640046,-9.2675734e-05,0.16852477
461,0.00017789304,0.00018247967,0.00012714555,0.0015024015,5.0050985e-06,5.3370494e-06,3.7807359e-06,2.2401625e-06,3,3,3,3,0.0058118601,-6.9888934e-05,0.16845489
462,0.00017781927,0.00018165684,0.00012686112,0.0015000713,5.005093e-06,5.3043721e-06,3.7745848e-06,2.2238419e-06,3,3,3,3,0.0057696284,-7.6848256e-05,0.16837804
463,0.0001778248,0.00018095697,0.00012671568,0.0014977863,5.0068489e-06,5.2762725e-06,3.772927e-06,2.4139309e-06,3,3,3,3,0.0062629314,-3.0747985e-05,0.16834729
464,0.00017789963,0.00018009226,0.00012636582,0.0014946835,5.0101084e-06,5.2398972e-06,3.7633264e-06,1.9959227e-06,3,3,3,3,0.0051785674,-9.2969806e-05,0.16825432
465,0.00017798704,0.00017938402,0.00012614608,0.0014921602,5.0165352e-06,5.2115237e-06,3.758242e-06,2.0081128e-06,3,3,3,3,0.0052103163,-9.6264363e-05,0.16815805
466,0.00017815121,0.00017876697,0.00012597538,0.0014896511,5.0267049e-06,5.1867055e-06,3.7532427e-06,2.6322995e-06,3,3,3,3,0.0068300208,-1.9929132e-05,0.16813813
467,0.00017846621,0.00017824446,0.00012585889,0.0014875751,5.0418951e-06,5.16568e-06,3.7498441e-06,2.0086588e-06,3,3,3,3,0.0052120519,-9.0936655e-05,0.16804719
468,0.00017868653,0.00017775142,0.00012566392,0.0014844046,5.0568295e-06,5.1501864e-06,3.7437973e-06,2.0132465e-06,3,3,3,3,0.0052241004,-9.8264332e-05,0.16794892
469,0.00017897216,0.00017743786,0.00012546308,0.001481349,5.0744459e-06,5.1409255e-06,3.7375909e-06,2.2339225e-06,3,3,3,3,0.0057968924,-6.7160637e-05,0.16788176
470,0.00017934711,0.00017726574,0.00012520863,0.0014784274,5.0961237e-06,5.1354901e-06,3.7291795e-06,2.3384613e-06,3,3,3,3,0.0060683487,-2.5343574e-05,0.16785642
471,0.00017974771,0.00017720526,0.00012501152,0.0014755935,5.1206954e-06,5.1354106e-06,3.7228114e-06,2.0130253e-06,3,3,3,3,0.0052240222,-7.6825368e-05,0.16777959
472,0.00018011194,0.00017718244,0.0001247412,0.0014727216,5.1440702e-06,5.136944e-06,3.7130945e-06,2.0182957e-06,3,3,3,3,0.0052378511,-6.4238808e-05,0.16771536
473,0.00018052547,0.0001772573,0.00012447264,0.001469844,5.168264e-06,5.1414137e-06,3.7032115e-06,2.0242092e-06,3,3,3,3,0.0052533491,-6.5236709e-05,0.16765012
474,0.00018100407,0.0001773974,0.00012423434,0.0014671888,5.1928385e-06,5.1474253e-06,3.6947951e-06,2.02664e-06,3,3,3,3,0.0052598098,-7.9207946e-05,0.16757091
475,0.00018153623,0.00017756549,0.00012401892,0.0014647855,5.2193254e-06,5.1540089e-06,3.6864579e-06,2.0286316e-06,3,3,3,3,0.0052651354,-0.00010561512,0.1674653
476,0.00018208948,0.00017775403,0.00012382493,0.0014624257,5.2469701e-06,5.1599588e-06,3.6783279e-06,2.2878404e-06,3,3,3,3,0.0059380773,-3.8305399e-05,0.16742699
477,0.00018269166,0.00017791534,0.00012359867,0.0014601752,5.276117e-06,5.1629355e-06,3.6689215e-06,2.0078357e-06,3,3,3,3,0.0052115309,-0.00011545518,0.16731154
478,0.00018326258,0.00017803044,0.00012336617,0.0014577702,5.3037279e-06,5.1662391e-06,3.6597332e-06,2.0096228e-06,3,3,3,3,0.0052163378,-0.00011839373,0.16719314
479,0.00018386393,0.00017814836,0.00012315567,0.0014556481,5.3313372e-06,5.1703908e-06,3.6515019e-06,2.2399998e-06,3,3,3,3,0.0058145174,-7.9957377e-05,0.16711318
480,0.00018451762,0.00017840318,0.0001230683,0.0014544776,5.3601829e-06,5.179786e-06,3.6477421e-06,2.0193325e-06,3,3,3,3,0.0052419005,-0.00012181235,0.16699137
481,0.00018507844,0.00017852344,0.0001229237,0.001453638,5.3855645e-06,5.1851352e-06,3.6407874e-06,2.570848e-06,3,3,3,3,0.006673792,-3.6872052e-05,0.1669545
482,0.00018568102,0.00017855438,0.0001227679,0.0014534453,5.4099201e-06,5.1880142e-06,3.6326499e-06,1.9981485e-06,3,3,3,3,0.0051873385,-9.0949421e-05,0.16686355
483,0.00018611141,0.00017854831,0.0001226283,0.001452993,5.4309953e-06,5.1926692e-06,3.6252701e-06,1.9938698e-06,3,3,3,3,0.0051764251,-8.6005388e-05,0.16677755
484,0.00018651689,0.00017853805,0.00012249487,0.0014526587,5.4512327e-06,5.1975137e-06,3.6176028e-06,1.9987633e-06,3,3,3,3,0.0051893228,-0.00010072209,0.16667682
485,0.00018686219,0.00017848069,0.0001223445,0.001452646,5.4705305e-06,5.2019205e-06,3.6092185e-06,2.2756707e-06,3,3,3,3,0.0059084722,-7.3700943e-05,0.16660312
486,0.00018719168,0.0001784456,0.00012219785,0.0014533566,5.4891401e-06,5.2069939e-06,3.6011769e-06,2.249165e-06,3,3,3,3,0.0058398921,-8.1655795e-05,0.16652147
487,0.00018746652,0.00017841595,0.00012213673,0.0014538531,5.5064841e-06,5.2141086e-06,3.5963454e-06,2.4711657e-06,3,3,3,3,0.0064165781,-3.4462987e-05,0.166487
488,0.00018768211,0.00017815192,0.0001218882,0.0014536359,5.5203105e-06,5.2109347e-06,3.5839916e-06,2.0112666e-06,3,3,3,3,0.0052226698,-8.6183351e-05,0.16640082
489,0.00018776229,0.00017794587,0.00012169586,0.00145381,5.5306802e-06,5.2126304e-06,3.5746398e-06,2.0138642e-06,3,3,3,3,0.0052296195,-7.8877729e-05,0.16632194
490,0.00018780477,0.00017775055,0.00012148896,0.0014538088,5.5388436e-06,5.2151319e-06,3.5654386e-06,2.1617734e-06,3,3,3,3,0.0056139236,-5.0285429e-05,0.16627166
491,0.00018782112,0.00017751787,0.00012117794,0.0014534005,5.5439579e-06,5.2164833e-06,3.553948e-06,2.1847449e-06,3,3,3,3,0.005673798,-5.2863893e-05,0.16621879
492,0.00018777558,0.00017732887,0.00012088316,0.0014531246,5.546371e-06,5.2209999e-06,3.5452071e-06,2.1710833e-06,3,3,3,3,0.0056385342,-5.6893677e-05,0.1661619
493,0.00018766534,0.00017715871,0.00012058677,0.0014524099,5.5454539e-06,5.2269332e-06,3.5380383e-06,2.3895255e-06,3,3,3,3,0.0062060839,-2.0198832e-05,0.1661417
494,0.00018751946,0.00017692705,0.00012020637,0.0014512714,5.5407574e-06,5.2310481e-06,3.5286763e-06,2.0099686e-06,3,3,3,3,0.0052205172,-7.9110356e-05,0.16606259
495,0.00018726325,0.0001767336,0.00011984986,0.0014504313,5.5321801e-06,5.2383403e-06,3.5207255e-06,2.0043475e-06,3,3,3,3,0.0052060903,-8.5634959e-05,0.16597696
496,0.00018698086,0.00017653253,0.00011948565,0.0014494553,5.5223275e-06,5.2446799e-06,3.5126347e-06,2.2268817e-06,3,3,3,3,0.0057842883,-4.6218615e-05,0.16593074
497,0.00018665411,0.00017625976,0.00011901633,0.0014484449,5.5093022e-06,5.2473652e-06,3.5012014e-06,2.1549047e-06,3,3,3,3,0.0055975081,-4.5915732e-05,0.16588482
498,0.00018626856,0.00017608097,0.00011864249,0.0014477317,5.4940083e-06,5.2539182e-06,3.493153e-06,2.1374152e-06,3,3,3,3,0.0055522491,-3.7936365e-05,0.16584688
499,0.0001857767,0.00017586399,0.0001183146,0.0014465376,5.4753369e-06,5.2590893e-06,3.4881199e-06,2.0104773e-06,3,3,3,3,0.0052226594,-6.7513966e-05,0.16577937
500,0.00018519285,0.00017559842,0.00011794973,0.001444901,5.4543602e-06,5.259758e-06,3.4821355e-06,2.0021818e-06,3,3,3,3,0.0052012516,-7.5575034e-05,0.1657038
501,0.00018456062,0.00017538119,0.00011762922,0.0014432322,5.4335514e-06,5.2614411e-06,3.4790857e-06,1.9995135e-06,3,3,3,3,0.0051944465,-0.00010063149,0.16560316
502,0.00018391032,0.00017519056,0.00011736083,0.0014415901,5.4137255e-06,5.2631419e-06,3.4777492e-06,2.2200522e-06,3,3,3,3,0.0057675033,-7.4458087e-05,0.16552871
503,0.00018328237,0.00017502599,0.0001171273,0.0014398712,5.3952884e-06,5.2658205e-06,3.4775727e-06,2.3345055e-06,3,3,3,3,0.006064965,-3.9648801e-05,0.16548906
504,0.00018261795,0.00017483927,0.00011695045,0.0014382665,5.3750088e-06,5.2664301e-06,3.4797025e-06,2.1149259e-06,3,3,3,3,0.005494628,-5.34879e-05,0.16543557
505,0.00018190188,0.00017464357,0.00011673564,0.0014366249,5.3524388e-06,5.2636928e-06,3.478869e-06,2.0182339e-06,3,3,3,3,0.0052434913,-5.88686e-05,0.1653767
506,0.00018120916,0.00017456383,0.00011660613,0.0014351397,5.3308578e-06,5.2638008e-06,3.4800387e-06,2.0203956e-06,3,3,3,3,0.0052491572,-3.93491e-05,0.16533735
507,0.00018057096,0.00017450058,0.00011651717,0.0014333494,5.310931e-06,5.2637892e-06,3.482764e-06,2.1280823e-06,3,3,3,3,0.0055289714,8.4209282e-06,0.16534577
508,0.00017994175,0.00017433421,0.00011638809,0.0014312125,5.292344e-06,5.2612123e-06,3.4837785e-06,2.1299496e-06,3,3,3,3,0.0055338495,2.5496873e-05,0.16537127
509,0.00017932406,0.00017415364,0.00011628345,0.0014291176,5.2744546e-06,5.2588001e-06,3.4850233e-06,2.0987892e-06,3,3,3,3,0.0054528979,4.1850334e-05,0.16541312
510,0.00017871679,0.00017399672,0.00011622071,0.0014269984,5.2577918e-06,5.2562867e-06,3.4867141e-06,2.0681186e-06,3,3,3,3,0.0053732018,5.8156998e-05,0.16547128
511,0.00017815935,0.00017385723,0.00011620846,0.0014252708,5.2438863e-06,5.2531807e-06,3.4881314e-06,2.0065568e-06,3,3,3,3,0.0052132353,5.1489357e-05,0.16552277
512,0.00017767251,0.00017378734,0.00011624405,0.0014235238,5.232196e-06,5.2500238e-06,3.489837e-06,2.0754772e-06,3,3,3,3,0.0053922586,8.1455414e-05,0.16560422
513,0.00017723992,0.00017365721,0.0001162332,0.0014219868,5.2218461e-06,5.2437953e-06,3.4874149e-06,2.076835e-06,3,3,3,3,0.0053957338,9.1395089e-05,0.16569562
514,0.00017687403,0.00017350257,0.00011622409,0.0014200086,5.2129669e-06,5.2367881e-06,3.4844239e-06,2.0718925e-06,3,3,3,3,0.0053828372,0.00010149688,0.16579711
515,0.00017656557,0.00017333799,0.00011623884,0.0014182861,5.2043618e-06,5.2296683e-06,3.4820012e-06,1.9987895e-06,3,3,3,3,0.0051928533,9.503688e-05,0.16589215
516,0.00017627727,0.00017316057,0.0001162604,0.00141677,5.1959703e-06,5.2205203e-06,3.479415e-06,2.0785752e-06,3,3,3,3,0.0054000684,0.00011330032,0.16600545
517,0.00017601822,0.00017297156,0.00011624476,0.0014155815,5.1882148e-06,5.2100939e-06,3.475242e-06,1.9915087e-06,3,3,3,3,0.0051737968,9.8164058e-05,0.16610361
518,0.00017579806,0.0001728106,0.00011628557,0.0014144602,5.1810474e-06,5.1997548e-06,3.4719879e-06,2.3579814e-06,3,3,3,3,0.0061257676,5.3378363e-05,0.16615699
519,0.00017567836,0.0001727344,0.00011636362,0.0014140947,5.1754237e-06,5.1929837e-06,3.4702846e-06,1.9630724e-06,3,3,3,3,0.0050997303,5.3619686e-05,0.16621061
520,0.00017547096,0.00017252966,0.00011636644,0.0014128088,5.1674994e-06,5.1808589e-06,3.4668642e-06,1.9569424e-06,3,3,3,3,0.0050837232,2.0471572e-05,0.16623108
521,0.00017528735,0.00017236492,0.00011640272,0.0014117997,5.1587331e-06,5.1697595e-06,3.4654468e-06,2.0329521e-06,3,3,3,3,0.0052810926,2.1868133e-05,0.16625295
522,0.00017510838,0.00017227613,0.00011651257,0.0014111778,5.1505597e-06,5.1621306e-06,3.4676046e-06,2.0093726e-06,3,3,3,3,0.0052197475,1.3561935e-05,0.16626651
523,0.00017494014,0.00017223489,0.00011663576,0.0014097218,5.1426602e-06,5.1544321e-06,3.4710598e-06,1.9312149e-06,3,3,3,3,0.0050166228,-5.4639072e-06,0.16626105
524,0.00017476255,0.00017212945,0.00011674209,0.0014078463,5.1344782e-06,5.1438461e-06,3.474736e-06,1.921579e-06,3,3,3,3,0.0049915071,3.5610617e-06,0.16626461
525,0.00017462404,0.00017208843,0.00011692878,0.0014056495,5.126846e-06,5.1361188e-06,3.4816937e-06,1.9169867e-06,3,3,3,3,0.0049794951,1.862777e-05,0.16628324
526,0.00017450277,0.00017212181,0.00011714959,0.0014032531,5.1189654e-06,5.1296294e-06,3.4901215e-06,1.9174282e-06,3,3,3,3,0.0049805525,4.095962e-05,0.1663242
527,0.00017439033,0.0001721742,0.00011736711,0.0014007533,5.1098215e-06,5.1239844e-06,3.498998e-06,1.9228673e-06,3,3,3,3,0.0049945871,7.2419112e-05,0.16639662
528,0.00017427836,0.00017227216,0.00011760154,0.0013985688,5.1000503e-06,5.1199383e-06,3.5090808e-06,2.4200491e-06,3,3,3,3,0.0062858827,5.2340985e-05,0.16644896
529,0.00017422392,0.00017235491,0.00011773233,0.0013966142,5.0912437e-06,5.1152088e-06,3.5150634e-06,2.3123532e-06,3,3,3,3,0.0060059966,5.2076846e-05,0.16650104
530,0.00017416075,0.00017252777,0.0001180078,0.0013945253,5.0832724e-06,5.1154059e-06,3.5262166e-06,1.8779333e-06,3,3,3,3,0.0048775366,9.959826e-05,0.16660063
531,0.00017400462,0.00017250391,0.00011810293,0.0013915026,5.0734601e-06,5.1089409e-06,3.5319476e-06,2.0254011e-06,3,3,3,3,0.0052604609,7.4008997e-05,0.16667464
532,0.00017392422,0.00017248956,0.00011812115,0.0013883263,5.0668838e-06,5.1008617e-06,3.535161e-06,2.0307617e-06,3,3,3,3,0.0052742844,6.7769302e-05,0.16674241
533,0.00017385775,0.00017256271,0.00011818787,0.0013853222,5.0632685e-06,5.0984803e-06,3.5419135e-06,1.9028323e-06,3,3,3,3,0.0049419298,8.5432495e-05,0.16682785
534,0.00017378133,0.00017263361,0.00011823254,0.0013817196,5.0613767e-06,5.0968275e-06,3.5485064e-06,1.888665e-06,3,3,3,3,0.0049050426,9.7256689e-05,0.1669251
535,0.00017368961,0.00017273593,0.00011822951,0.0013777562,5.0597665e-06,5.0978041e-06,3.5540888e-06,2.2969025e-06,3,3,3,3,0.0059651614,4.0633733e-05,0.16696574
536,0.00017364151,0.00017285119,0.00011804152,0.0013733367,5.059136e-06,5.098687e-06,3.5529399e-06,2.1728561e-06,3,3,3,3,0.005642865,4.1108982e-05,0.16700684
537,0.00017360602,0.00017312665,0.00011794592,0.0013686927,5.0607767e-06,5.1113768e-06,3.5563633e-06,1.8230441e-06,3,3,3,3,0.0047343029,8.090571e-05,0.16708775
538,0.0001734806,0.0001733549,0.00011770941,0.001363342,5.0610073e-06,5.1247991e-06,3.5539597e-06,1.8231019e-06,3,3,3,3,0.0047343747,8.1954535e-05,0.1671697
539,0.00017338446,0.00017370472,0.00011743925,0.0013582479,5.0640431e-06,5.1449413e-06,3.5498318e-06,1.9897312e-06,3,3,3,3,0.0051670052,6.5461515e-05,0.16723517
540,0.00017333137,0.00017411827,0.00011712866,0.0013530395,5.0699746e-06,5.1664532e-06,3.5436576e-06,1.9831735e-06,3,3,3,3,0.005149889,7.0140411e-05,0.16730531
541,0.00017327103,0.00017461808,0.00011687689,0.0013478386,5.0776308e-06,5.1907519e-06,3.538981e-06,2.10263e-06,3,3,3,3,0.0054599981,3.3065953e-05,0.16733837
542,0.00017321792,0.00017498316,0.00011642684,0.0013419375,5.0839287e-06,5.2082764e-06,3.5254348e-06,1.7918111e-06,3,3,3,3,0.0046527782,9.0420555e-05,0.16742879
543,0.00017312848,0.0001753407,0.0001160365,0.0013362895,5.089365e-06,5.2262534e-06,3.514245e-06,1.7967201e-06,3,3,3,3,0.0046654604,9.9635145e-05,0.16752843
544,0.00017306764,0.00017567573,0.00011564852,0.0013311796,5.0957691e-06,5.2424052e-06,3.5020513e-06,2.1583358e-06,3,3,3,3,0.0056043765,2.7355177e-05,0.16755578
545,0.00017314161,0.00017603626,0.00011533633,0.0013269523,5.1059784e-06,5.2592848e-06,3.4917618e-06,1.9302255e-06,3,3,3,3,0.0050119554,6.8437886e-05,0.16762422
546,0.00017316931,0.00017618183,0.00011491289,0.0013224974,5.1140723e-06,5.2676967e-06,3.4766034e-06,1.811076e-06,3,3,3,3,0.004702511,8.9126106e-05,0.16771335
547,0.00017326424,0.00017633022,0.00011457843,0.0013189516,5.1234255e-06,5.2750002e-06,3.4644527e-06,1.8299376e-06,3,3,3,3,0.0047514279,9.6299985e-05,0.16780965
548,0.00017339558,0.00017644504,0.00011427784,0.0013158342,5.1343723e-06,5.2789664e-06,3.4531174e-06,2.0276861e-06,3,3,3,3,0.0052648195,6.9772702e-05,0.16787942
549,0.00017358287,0.00017648827,0.00011399405,0.001313141,5.146603e-06,5.2780087e-06,3.441947e-06,2.0280349e-06,3,3,3,3,0.0052656606,6.9567423e-05,0.16794899
550,0.00017382976,0.00017653688,0.00011381227,0.0013113162,5.1591436e-06,5.2773366e-06,3.4338775e-06,1.8926677e-06,3,3,3,3,0.0049141363,0.0001004467,0.16804943
551,0.00017401862,0.00017644939,0.00011357944,0.0013104365,5.1687337e-06,5.2706016e-06,3.4239114e-06,1.9097886e-06,3,3,3,3,0.0049585458,0.00010561289,0.16815505
552,0.00017422222,0.0001763326,0.00011338222,0.0013106177,5.1762524e-06,5.263084e-06,3.414832e-06,1.927488e-06,3,3,3,3,0.0050044602,0.00012020673,0.16827525
553,0.00017442792,0.00017618741,0.00011322826,0.0013116738,5.1821324e-06,5.254263e-06,3.406482e-06,2.1126485e-06,3,3,3,3,0.0054851663,8.2434028e-05,0.16835769
554,0.00017465177,0.00017605119,0.00011315434,0.001313664,5.18766e-06,5.2446337e-06,3.3998991e-06,2.2860529e-06,3,3,3,3,0.005935345,3.6557297e-05,0.16839425
555,0.00017491246,0.00017590906,0.00011314597,0.0013164017,5.1933139e-06,5.2339412e-06,3.3949867e-06,1.9708352e-06,3,3,3,3,0.005116881,7.5850802e-05,0.1684701
556,0.00017510075,0.0001757313,0.00011313128,0.0013192488,5.1962351e-06,5.2222735e-06,3.3895296e-06,1.9906443e-06,3,3,3,3,0.0051682907,4.306904e-05,0.16851317
557,0.00017528968,0.00017555291,0.00011313887,0.0013224723,5.198863e-06,5.210846e-06,3.3852442e-06,2.1072938e-06,3,3,3,3,0.005471128,-1.3815601e-05,0.16849935
558,0.00017544395,0.00017530715,0.00011308733,0.0013260769,5.2006945e-06,5.1982958e-06,3.3791404e-06,2.1829125e-06,3,3,3,3,0.0056674429,-6.6337636e-05,0.16843301
559,0.00017558983,0.00017500983,0.00011298993,0.001330015,5.2017269e-06,5.1844686e-06,3.3712134e-06,2.7119039e-06,3,3,3,3,0.0070408492,-1.8607857e-05,0.1684144
560,0.00017580394,0.00017480204,0.00011287762,0.0013348209,5.2032533e-06,5.172831e-06,3.362616e-06,2.0290601e-06,3,3,3,3,0.0052680463,-7.8504033e-05,0.1683359
561,0.00017597664,0.00017451448,0.00011279596,0.0013379654,5.2066191e-06,5.1592061e-06,3.3554642e-06,2.0402313e-06,3,3,3,3,0.0052970545,-8.0936089e-05,0.16825496
562,0.00017626227,0.00017435307,0.00011280152,0.0013415939,5.2127516e-06,5.1517199e-06,3.351564e-06,2.5574027e-06,3,3,3,3,0.0066397887,-2.0951044e-05,0.16823401
563,0.00017658284,0.00017431946,0.00011287587,0.001346689,5.2194787e-06,5.1498245e-06,3.3501379e-06,2.0469915e-06,3,3,3,3,0.005314655,-3.1254552e-05,0.16820276
564,0.0001768681,0.0001741271,0.00011280744,0.001350451,5.2230659e-06,5.1412231e-06,3.3438684e-06,2.130826e-06,3,3,3,3,0.0055323235,-2.3393648e-05,0.16817936
565,0.0001771764,0.00017401602,0.0001128155,0.0013545434,5.2265942e-06,5.1350651e-06,3.3415992e-06,2.1323253e-06,3,3,3,3,0.0055362259,-9.1691727e-06,0.1681702
566,0.00017743014,0.00017389358,0.00011284745,0.0013580849,5.2298286e-06,5.1290097e-06,3.3405355e-06,2.1129347e-06,3,3,3,3,0.0054859077,-3.4892618e-06,0.16816671
567,0.00017765151,0.00017372372,0.00011289045,0.0013610716,5.2335452e-06,5.1225948e-06,3.3418551e-06,2.0536697e-06,3,3,3,3,0.0053320859,2.1452276e-05,0.16818816
568,0.00017782999,0.00017353039,0.00011297753,0.0013639302,5.2364849e-06,5.116406e-06,3.3468834e-06,2.1162748e-06,3,3,3,3,0.0054946958,-1.0044884e-05,0.16817811
569,0.00017795804,0.00017329327,0.00011311863,0.0013664726,5.2398038e-06,5.1104572e-06,3.3552939e-06,2.1026418e-06,3,3,3,3,0.0054593623,-2.2436447e-05,0.16815568
570,0.00017806325,0.00017304737,0.0001133602,0.0013689122,5.2425438e-06,5.104865e-06,3.3670948e-06,2.0475034e-06,3,3,3,3,0.0053162612,-1.701641e-05,0.16813866
571,0.0001781929,0.00017286983,0.00011378785,0.0013712485,5.245193e-06,5.1030105e-06,3.387063e-06,2.1327292e-06,3,3,3,3,0.0055376145,-6.1778092e-05,0.16807688
572,0.00017832416,0.00017264052,0.00011425843,0.0013741678,5.248095e-06,5.1011221e-06,3.4084856e-06,2.1591396e-06,3,3,3,3,0.0056062532,-9.1195797e-05,0.16798569
573,0.00017845911,0.00017249664,0.00011483559,0.0013780077,5.2513526e-06,5.1032355e-06,3.4330149e-06,2.5835573e-06,3,3,3,3,0.0067083521,-4.5939318e-05,0.16793975
574,0.00017865508,0.00017259378,0.00011555152,0.0013836846,5.2555282e-06,5.1129151e-06,3.4618747e-06,2.0648305e-06,3,3,3,3,0.0053615596,-8.8831843e-05,0.16785092
575,0.00017871993,0.00017261377,0.00011622743,0.0013890769,5.2552985e-06,5.1200426e-06,3.4879444e-06,2.0801287e-06,3,3,3,3,0.0054013636,-8.1659367e-05,0.16776926
576,0.00017881483,0.00017287704,0.00011697961,0.0013953943,5.254605e-06,5.1344336e-06,3.5152098e-06,2.1292339e-06,3,3,3,3,0.0055289463,-9.1449565e-05,0.16767781
577,0.00017890138,0.00017328046,0.00011769846,0.0014023753,5.2529587e-06,5.1531407e-06,3.5415694e-06,2.137767e-06,3,3,3,3,0.0055511873,-8.8306259e-05,0.1675895
578,0.00017900763,0.00017381974,0.00011843135,0.0014101187,5.2503031e-06,5.1775101e-06,3.5679961e-06,2.1376771e-06,3,3,3,3,0.0055510422,-8.8426906e-05,0.16750107
579,0.00017911388,0.00017443918,0.00011915633,0.0014184148,5.2463154e-06,5.2036424e-06,3.5941364e-06,2.0946578e-06,3,3,3,3,0.0054394165,-7.026719e-05,0.16743081
580,0.00017923557,0.00017512634,0.00011990216,0.0014265847,5.2411723e-06,5.2312185e-06,3.620502e-06,2.1656138e-06,3,3,3,3,0.0056237599,-9.2000373e-05,0.16733881
581,0.00017938785,0.00017581718,0.00012056591,0.0014347713,5.2358059e-06,5.2572101e-06,3.6424843e-06,2.1801014e-06,3,3,3,3,0.0056614582,-9.8854607e-05,0.16723995
582,0.00017954593,0.00017657172,0.00012123627,0.0014432163,5.2317828e-06,5.2837352e-06,3.6635683e-06,2.1171758e-06,3,3,3,3,0.0054981122,-8.9171871e-05,0.16715078
583,0.00017966548,0.00017730072,0.00012191273,0.0014513432,5.2267082e-06,5.308928e-06,3.6840371e-06,2.2253095e-06,3,3,3,3,0.0057789856,-0.00011644499,0.16703433
584,0.00017974285,0.00017798741,0.00012253701,0.0014599496,5.2222035e-06,5.3311906e-06,3.7012472e-06,2.1410744e-06,3,3,3,3,0.0055602696,-0.0001071134,0.16692722
585,0.00017979346,0.00017867131,0.00012316963,0.0014684506,5.2164632e-06,5.3519548e-06,3.7195982e-06,2.5328887e-06,3,3,3,3,0.0065778236,-6.9864047e-05,0.16685736
586,0.00017986496,0.00017942544,0.00012383192,0.0014778352,5.2102064e-06,5.3735098e-06,3.738349e-06,2.1375289e-06,3,3,3,3,0.0055511396,-8.3706818e-05,0.16677365
587,0.00017985909,0.00017994466,0.00012436498,0.0014862032,5.2006672e-06,5.3848044e-06,3.751801e-06,2.13966e-06,3,3,3,3,0.0055566951,-5.8690258e-05,0.16671496
588,0.00017991524,0.00018043763,0.00012488735,0.0014949623,5.1903318e-06,5.3924653e-06,3.7642778e-06,2.1465522e-06,3,3,3,3,0.005574612,-3.1464391e-05,0.1666835
589,0.00018000781,0.00018089031,0.00012539081,0.0015044351,5.1795093e-06,5.3968311e-06,3.7760303e-06,2.1555385e-06,3,3,3,3,0.0055979583,-4.3559616e-06,0.16667914
590,0.00018014269,0.00018126109,0.00012588109,0.0015138421,5.1694281e-06,5.3974563e-06,3.7868444e-06,2.2601016e-06,3,3,3,3,0.0058695224,-8.3558496e-06,0.16667078
591,0.00018029531,0.00018160527,0.00012637248,0.0015231753,5.1613616e-06,5.3964998e-06,3.7988686e-06,2.1647764e-06,3,3,3,3,0.0056219766,2.2841929e-05,0.16669363
592,0.00018041663,0.00018181685,0.00012681274,0.0015319856,5.1534546e-06,5.3906063e-06,3.8091939e-06,2.1721711e-06,3,3,3,3,0.0056411927,2.5254883e-05,0.16671888
593,0.0001805522,0.00018197906,0.00012726406,0.0015406906,5.1470397e-06,5.3829101e-06,3.8183854e-06,2.1785441e-06,3,3,3,3,0.0056577557,2.1795438e-05,0.16674068
594,0.00018068381,0.00018207032,0.00012770553,0.001548834,5.1424941e-06,5.3732543e-06,3.8269009e-06,2.1916528e-06,3,3,3,3,0.0056918151,1.1751132e-05,0.16675243
595,0.00018085549,0.00018208369,0.00012813263,0.0015568187,5.1392537e-06,5.3613901e-06,3.8343049e-06,2.201691e-06,3,3,3,3,0.0057179056,-5.525995e-06,0.1667469
596,0.0001810203,0.00018205081,0.00012852415,0.001564197,5.1360399e-06,5.3473892e-06,3.8414027e-06,2.2133336e-06,3,3,3,3,0.0057481709,-3.067024e-05,0.16671623
597,0.0001812031,0.00018198052,0.00012888695,0.0015709759,5.1333211e-06,5.3327858e-06,3.8476786e-06,2.2255346e-06,3,3,3,3,0.0057799097,-6.3024557e-05,0.16665321
598,0.00018137987,0.00018192951,0.00012921753,0.001576824,5.1307604e-06,5.3187596e-06,3.8535191e-06,2.2422113e-06,3,3,3,3,0.0058232754,-0.00010238869,0.16655082
599,0.00018155507,0.00018189836,0.00012949,0.0015816379,5.1304608e-06,5.3067519e-06,3.8588219e-06,2.2561889e-06,3,3,3,3,0.0058596388,-0.00014787288,0.16640294
600,0.00018171598,0.0001818804,0.00012973351,0.0015858831,5.1330803e-06,5.2962523e-06,3.8638872e-06,2.4499215e-06,3,3,3,3,0.0063628583,-0.00014728262,0.16625566
601,0.00018196644,0.00018200818,0.00013002514,0.0015893763,5.1396543e-06,5.2913741e-06,3.8706716e-06,2.6789431e-06,3,3,3,3,0.0069577469,-9.8714977e-05,0.16615695
602,0.00018218935,0.00018195223,0.00013003814,0.0015913607,5.1461108e-06,5.2799329e-06,3.8676527e-06,2.5257651e-06,3,3,3,3,0.00656004,-9.9087547e-05,0.16605786
603,0.00018243367,0.00018200938,0.00013014401,0.0015930058,5.1545178e-06,5.2765448e-06,3.8695753e-06,2.2814713e-06,3,3,3,3,0.0059256476,-0.00010742058,0.16595044
604,0.00018258492,0.00018196236,0.00013011742,0.0015934142,5.1609999e-06,5.2710382e-06,3.8682391e-06,2.3044056e-06,3,3,3,3,0.0059852758,-6.5202065e-05,0.16588524
605,0.00018276971,0.0001820257,0.00013005076,0.0015931344,5.1687369e-06,5.2706542e-06,3.8666788e-06,2.3158675e-06,3,3,3,3,0.006015112,-3.6200238e-05,0.16584904
606,0.00018297726,0.00018217486,0.00012993398,0.0015927252,5.178542e-06,5.2763468e-06,3.863786e-06,2.3072964e-06,3,3,3,3,0.0059929233,-2.3409842e-05,0.16582563
607,0.00018319218,0.00018240516,0.00012975207,0.0015923339,5.1888226e-06,5.284782e-06,3.859499e-06,2.3086525e-06,3,3,3,3,0.0059965258,-2.9066078e-05,0.16579656
608,0.0001834224,0.00018272953,0.00012950454,0.0015908969,5.2008557e-06,5.2971089e-06,3.8534417e-06,2.3126036e-06,3,3,3,3,0.0060068897,-5.306877e-05,0.16574349
609,0.00018368702,0.00018312051,0.00012921231,0.0015887385,5.2163801e-06,5.3121625e-06,3.8455891e-06,2.5104842e-06,3,3,3,3,0.0065209962,-5.8029898e-05,0.16568546
610,0.00018399905,0.00018361652,0.0001289326,0.0015865577,5.2338758e-06,5.3316038e-06,3.837663e-06,2.5132858e-06,3,3,3,3,0.0065284119,-8.0529453e-05,0.16560493
611,0.00018435007,0.00018428972,0.00012881034,0.0015846032,5.2544363e-06,5.3587293e-06,3.834428e-06,2.3036665e-06,3,3,3,3,0.0059840556,-0.00013934404,0.16546559
612,0.00018466042,0.00018491118,0.00012861359,0.0015824156,5.2747153e-06,5.3813487e-06,3.8273249e-06,2.51136e-06,3,3,3,3,0.0065237293,-0.00012062151,0.16534497
613,0.00018506979,0.00018564115,0.00012851854,0.00158063,5.3004994e-06,5.4087058e-06,3.824545e-06,2.8402103e-06,3,3,3,3,0.0073781934,-6.0371194e-05,0.1652846
614,0.0001855284,0.00018601018,0.00012812769,0.001578636,5.3260227e-06,5.4219137e-06,3.8098033e-06,2.286393e-06,3,3,3,3,0.0059397479,-0.00014699392,0.1651376
615,0.00018595272,0.00018645593,0.00012793502,0.0015768826,5.3520825e-06,5.4418986e-06,3.8023805e-06,2.28872e-06,3,3,3,3,0.0059459747,-0.00015037826,0.16498722
616,0.00018646841,0.00018689221,0.00012779207,0.0015756028,5.3794443e-06,5.4616272e-06,3.7964488e-06,3.0179315e-06,3,3,3,3,0.0078406573,-3.4259769e-05,0.16495296
617,0.0001871475,0.0001875072,0.00012791049,0.0015759272,5.4135072e-06,5.4860736e-06,3.799666e-06,2.2613294e-06,3,3,3,3,0.0058752362,-0.00013357692,0.16481939
618,0.00018762271,0.00018785506,0.00012786513,0.0015755168,5.4431241e-06,5.5002059e-06,3.795907e-06,2.5285877e-06,3,3,3,3,0.0065698205,-7.5972874e-05,0.16474341
619,0.00018812208,0.00018807607,0.00012774656,0.0015752056,5.4715547e-06,5.5098886e-06,3.7893731e-06,2.2621079e-06,3,3,3,3,0.0058776456,-0.00012665023,0.16461676
620,0.00018859333,0.00018834385,0.00012779788,0.0015759349,5.4991124e-06,5.5244173e-06,3.7880789e-06,2.6130892e-06,3,3,3,3,0.0067898381,-7.1034838e-05,0.16454573
621,0.00018911782,0.00018859389,0.00012788938,0.0015776223,5.5260312e-06,5.5360967e-06,3.7874051e-06,2.5516865e-06,3,3,3,3,0.0066305312,-7.1067379e-05,0.16447466
622,0.00018963746,0.00018891294,0.00012814693,0.0015792509,5.5528379e-06,5.5506154e-06,3.7930897e-06,2.2801241e-06,3,3,3,3,0.0059250995,-0.00012120105,0.16435346
623,0.00019003777,0.00018903601,0.00012827118,0.0015800743,5.5744472e-06,5.5596046e-06,3.7943269e-06,2.7301142e-06,3,3,3,3,0.0070946942,-2.8497827e-05,0.16432496
624,0.00019048593,0.00018906812,0.00012834393,0.0015813818,5.5953904e-06,5.5646899e-06,3.7939475e-06,2.2814061e-06,3,3,3,3,0.0059289128,-0.00010212573,0.16422284
625,0.00019081344,0.00018910147,0.00012846185,0.0015831568,5.613599e-06,5.5711354e-06,3.7961619e-06,2.2906763e-06,3,3,3,3,0.0059532097,-0.00011336118,0.16410948
626,0.00019114576,0.00018920806,0.00012861088,0.001585501,5.6314894e-06,5.5793518e-06,3.800562e-06,2.5651875e-06,3,3,3,3,0.0066668597,-7.2208524e-05,0.16403727
627,0.00019153204,0.00018934591,0.00012869673,0.0015881888,5.6490367e-06,5.5882932e-06,3.8033559e-06,2.5591329e-06,3,3,3,3,0.0066513485,-7.6979282e-05,0.16396029
628,0.00019192072,0.00018957262,0.00012888874,0.0015915015,5.6662364e-06,5.6028213e-06,3.8128668e-06,2.505854e-06,3,3,3,3,0.0065130818,-7.5901265e-05,0.16388439
629,0.00019228136,0.00018975491,0.00012906624,0.0015947642,5.6796635e-06,5.6182466e-06,3.8220608e-06,2.3071495e-06,3,3,3,3,0.0059967992,-0.00011895373,0.16376543
630,0.00019258104,0.00018986404,0.0001291465,0.0015980371,5.6894177e-06,5.6346359e-06,3.8294094e-06,2.921235e-06,3,3,3,3,0.00759316,-2.0568616e-05,0.16374486
631,0.00019302227,0.00019014636,0.0001293284,0.0016019722,5.70029e-06,5.6587908e-06,3.8414179e-06,2.3074308e-06,3,3,3,3,0.0059979211,-8.9143129e-05,0.16365572
632,0.0001932775,0.00019036659,0.00012943261,0.0016054959,5.7052975e-06,5.6825389e-06,3.8512646e-06,2.4750703e-06,3,3,3,3,0.0064338491,-4.1046211e-05,0.16361468
633,0.00019350753,0.00019060482,0.00012950492,0.001608719,5.7060741e-06,5.7047821e-06,3.8585097e-06,2.4900505e-06,3,3,3,3,0.0064729476,-2.0694211e-05,0.16359398
634,0.00019364993,0.00019085163,0.00012957037,0.001611871,5.7041881e-06,5.7282115e-06,3.8647196e-06,2.4843218e-06,3,3,3,3,0.0064582089,-2.1802589e-06,0.1635918
635,0.00019367093,0.00019104245,0.00012957403,0.0016146924,5.7000809e-06,5.749455e-06,3.8691562e-06,2.4865189e-06,3,3,3,3,0.0064640769,1.5773529e-05,0.16360757
636,0.00019359787,0.00019122018,0.00012956741,0.0016177454,5.6936756e-06,5.7675323e-06,3.8744043e-06,2.43049e-06,3,3,3,3,0.0063185601,3.1549706e-05,0.16363912
637,0.00019343162,0.00019140165,0.00012962118,0.0016206779,5.685274e-06,5.7854049e-06,3.8833705e-06,2.2983647e-06,3,3,3,3,0.0059751943,1.056696e-05,0.16364969
638,0.00019317351,0.00019156616,0.00012969706,0.0016226603,5.6740539e-06,5.8014772e-06,3.8931459e-06,2.4511526e-06,3,3,3,3,0.0063725357,4.3464885e-05,0.16369316
639,0.00019282525,0.00019161679,0.00012967207,0.0016243382,5.663188e-06,5.8116712e-06,3.8970801e-06,2.4537282e-06,3,3,3,3,0.0063793501,4.1472092e-05,0.16373463
640,0.00019239509,0.00019165968,0.00012963542,0.0016259623,5.6514428e-06,5.8238951e-06,3.9004414e-06,2.4390769e-06,3,3,3,3,0.0063413583,3.8010665e-05,0.16377264
641,0.0001918982,0.00019166207,0.00012958089,0.0016271736,5.6376914e-06,5.8364507e-06,3.9025731e-06,2.4140416e-06,3,3,3,3,0.0062763631,3.1924711e-05,0.16380456
642,0.00019134802,0.0001916286,0.00012945064,0.0016282666,5.6220548e-06,5.8438938e-06,3.9014079e-06,2.3936606e-06,3,3,3,3,0.0062234507,2.2945124e-05,0.16382751
643,0.00019077261,0.0001915638,0.00012926422,0.0016288922,5.6053294e-06,5.8486521e-06,3.8984752e-06,2.3726139e-06,3,3,3,3,0.0061687994,1.1459251e-05,0.16383897
644,0.00019020388,0.00019148334,0.00012909603,0.0016288621,5.5887219e-06,5.8515565e-06,3.8959903e-06,2.3655683e-06,3,3,3,3,0.0061505278,-5.9497543e-07,0.16383837
645,0.00018963311,0.00019133863,0.00012894534,0.001628143,5.5710921e-06,5.8503633e-06,3.892912e-06,2.3666741e-06,3,3,3,3,0.0061534259,-1.4185917e-05,0.16382419
646,0.00018906666,0.00019110334,0.00012879793,0.0016271568,5.5542456e-06,5.8468987e-06,3.8886642e-06,2.3717777e-06,3,3,3,3,0.0061666956,-2.7407747e-05,0.16379678
647,0.00018854913,0.00019079249,0.00012864925,0.0016258809,5.5415566e-06,5.8407943e-06,3.8840357e-06,2.3590027e-06,3,3,3,3,0.0061334579,-4.0189097e-05,0.16375659
648,0.00018814702,0.00019040974,0.00012852447,0.0016244104,5.5317124e-06,5.8325416e-06,3.8796046e-06,2.3569433e-06,3,3,3,3,0.0061280546,-4.7865224e-05,0.16370872
649,0.00018782128,0.00018997642,0.00012842846,0.0016230205,5.5261381e-06,5.8205689e-06,3.8745323e-06,2.3414655e-06,3,3,3,3,0.0060877335,-5.2908342e-05,0.16365582
650,0.00018758109,0.00018951828,0.00012836856,0.0016212916,5.5218875e-06,5.8048906e-06,3.8681055e-06,2.3300779e-06,3,3,3,3,0.0060580239,-5.2127763e-05,0.16360369
651,0.00018743105,0.00018899269,0.00012832953,0.0016196352,5.519383e-06,5.7848233e-06,3.8611721e-06,2.3238307e-06,3,3,3,3,0.0060416704,-7.6443553e-05,0.16352725
652,0.00018736381,0.00018846584,0.00012836707,0.0016184168,5.5177981e-06,5.7628536e-06,3.856229e-06,2.3399092e-06,3,3,3,3,0.0060833482,-4.9937155e-05,0.16347731
653,0.00018737919,0.00018793218,0.00012843028,0.0016177806,5.5175999e-06,5.7377868e-06,3.8516814e-06,2.3423342e-06,3,3,3,3,0.0060895222,-4.2514156e-05,0.16343479
654,0.0001874437,0.00018740084,0.00012854759,0.0016179875,5.5210111e-06,5.7107675e-06,3.8484583e-06,2.332752e-06,3,3,3,3,0.0060644656,-5.2885911e-05,0.16338191
655,0.00018754583,0.00018692021,0.00012875553,0.0016183995,5.5249151e-06,5.68306e-06,3.8483368e-06,2.3810585e-06,3,3,3,3,0.0061898733,-1.2680807e-05,0.16336923
656,0.00018765715,0.00018645311,0.00012899273,0.0016189519,5.5274395e-06,5.6525475e-06,3.8484164e-06,2.3831821e-06,3,3,3,3,0.0061951996,1.6260457e-05,0.16338549
657,0.00018779308,0.00018602377,0.00012929071,0.0016202626,5.5300539e-06,5.622674e-06,3.8517924e-06,2.3794773e-06,3,3,3,3,0.0061853743,5.6571769e-05,0.16344206
658,0.00018791763,0.00018562874,0.00012958175,0.0016215472,5.5312829e-06,5.5936273e-06,3.8558549e-06,2.8201571e-06,3,3,3,3,0.007330665,4.9998612e-05,0.16349206
659,0.00018803527,0.00018520841,0.00012977413,0.0016238185,5.530424e-06,5.5608094e-06,3.8559673e-06,2.3394496e-06,3,3,3,3,0.0060808641,0.00012343998,0.1636155
660,0.00018805724,0.00018488461,0.00013018591,0.0016252668,5.5282774e-06,5.533695e-06,3.8655016e-06,3.0714912e-06,3,3,3,3,0.0079833616,7.2797434e-05,0.1636883
661,0.00018816543,0.00018467756,0.00013060503,0.0016275469,5.5284681e-06,5.5105209e-06,3.8764129e-06,2.7894912e-06,3,3,3,3,0.0072500747,7.764151e-05,0.16376594
662,0.00018821618,0.0001845206,0.00013112444,0.0016291104,5.5268977e-06,5.4905633e-06,3.8915645e-06,2.3306418e-06,3,3,3,3,0.0060572594,0.00011516034,0.1638811
663,0.00018814329,0.0001841221,0.00013148643,0.0016290265,5.5198532e-06,5.4633007e-06,3.9016281e-06,2.3504914e-06,3,3,3,3,0.0061086485,0.00010024579,0.16398134
664,0.00018811856,0.00018383481,0.00013189457,0.0016286132,5.511309e-06,5.4396587e-06,3.9138095e-06,2.3775903e-06,3,3,3,3,0.0061788554,0.00010239648,0.16408374
665,0.00018812532,0.00018363285,0.00013234358,0.0016284393,5.5021252e-06,5.418907e-06,3.927842e-06,2.5711724e-06,3,3,3,3,0.0066816898,8.1625841e-05,0.16416537
666,0.00018819528,0.00018365621,0.00013299871,0.0016285515,5.4934489e-06,5.4097952e-06,3.9508107e-06,2.683651e-06,3,3,3,3,0.0069737169,5.4156812e-05,0.16421952
667,0.00018817579,0.00018352871,0.00013341791,0.001627234,5.4810272e-06,5.3932625e-06,3.9653377e-06,2.2943195e-06,3,3,3,3,0.0059617239,0.00012108711,0.16434061
668,0.00018812072,0.00018354894,0.00013392021,0.001626432,5.4657922e-06,5.3838291e-06,3.985159e-06,2.9551431e-06,3,3,3,3,0.0076785687,4.9267482e-05,0.16438988
669,0.00018809937,0.00018350164,0.00013419973,0.0016264675,5.4506343e-06,5.3721622e-06,3.9972164e-06,2.7785784e-06,3,3,3,3,0.007219438,4.7251312e-05,0.16443713
670,0.00018804625,0.00018369292,0.00013469056,0.0016269414,5.4382247e-06,5.3744044e-06,4.0186707e-06,2.2750074e-06,3,3,3,3,0.0059107543,9.2372041e-05,0.1645295
671,0.00018785235,0.00018371962,0.00013493941,0.0016264033,5.4232688e-06,5.3716504e-06,4.0310747e-06,2.288962e-06,3,3,3,3,0.0059467697,0.00010243049,0.16463193
672,0.00018765677,0.0001838188,0.00013512284,0.0016256428,5.4100191e-06,5.3742903e-06,4.0419077e-06,2.5796848e-06,3,3,3,3,0.0067018029,8.472507e-05,0.16471666
673,0.00018745997,0.00018409699,0.00013536033,0.0016246846,5.3994361e-06,5.3844926e-06,4.0554141e-06,2.7310968e-06,3,3,3,3,0.0070948672,4.5138052e-05,0.16476179
674,0.00018718388,0.00018428173,0.00013536682,0.0016224772,5.3898765e-06,5.3915006e-06,4.0605646e-06,2.6127649e-06,3,3,3,3,0.0067871275,4.9118468e-05,0.16481091
675,0.00018691786,0.00018463585,0.00013535668,0.0016201891,5.3808139e-06,5.4073536e-06,4.0675036e-06,2.1848042e-06,3,3,3,3,0.0056751527,0.00010030068,0.16491121
676,0.00018653328,0.00018493851,0.00013517535,0.0016163378,5.3705077e-06,5.4253672e-06,4.0690253e-06,2.1958478e-06,3,3,3,3,0.0057036166,0.00010149754,0.16501271
677,0.00018621062,0.00018538134,0.00013492788,0.0016118145,5.3635758e-06,5.4503898e-06,4.0686991e-06,2.4189597e-06,3,3,3,3,0.0062829027,7.6365866e-05,0.16508908
678,0.00018595928,0.00018600376,0.00013467485,0.0016073163,5.3598576e-06,5.4836364e-06,4.0694852e-06,2.6574116e-06,3,3,3,3,0.0069019815,3.5708193e-05,0.16512478
679,0.00018569873,0.00018643976,0.00013409682,0.0016020508,5.3563087e-06,5.5114833e-06,4.0584457e-06,2.1368488e-06,3,3,3,3,0.0055496839,0.0001121642,0.16523695
680,0.00018534706,0.00018689593,0.00013351433,0.0015962725,5.3530369e-06,5.5439607e-06,4.0477256e-06,2.5151698e-06,3,3,3,3,0.0065319976,4.2306943e-05,0.16527926
681,0.00018511601,0.0001875138,0.00013296593,0.0015909293,5.3544343e-06,5.5803779e-06,4.0368822e-06,2.1079502e-06,3,3,3,3,0.0054741923,9.3604329e-05,0.16537286
682,0.00018478862,0.00018799392,0.00013223104,0.0015842562,5.3551169e-06,5.6096932e-06,4.017894e-06,2.1233339e-06,3,3,3,3,0.0055139606,9.512324e-05,0.16546798
683,0.00018451362,0.00018846527,0.0001314678,0.0015775906,5.3571377e-06,5.6359365e-06,3.9967612e-06,2.1350946e-06,3,3,3,3,0.0055443307,0.00010884293,0.16557683
684,0.00018432006,0.00018887743,0.00013068376,0.0015707512,5.3594194e-06,5.6592143e-06,3.9745345e-06,2.4133953e-06,3,3,3,3,0.0062668214,7.4878738e-05,0.1656517
685,0.00018422061,0.00018923254,0.00012988868,0.0015647273,5.3654613e-06,5.6788063e-06,3.9516296e-06,2.14741e-06,3,3,3,3,0.0055759732,0.00011964173,0.16577135
686,0.00018414392,0.00018946794,0.00012911575,0.0015591856,5.3728632e-06,5.6928172e-06,3.9279675e-06,2.1655377e-06,3,3,3,3,0.0056228963,0.00012357005,0.16589492
687,0.00018417721,0.00018964513,0.0001283355,0.0015540418,5.3816162e-06,5.7018661e-06,3.9034202e-06,2.1964062e-06,3,3,3,3,0.0057029029,0.00013017219,0.16602509
688,0.00018427507,0.00018977044,0.00012758495,0.0015493788,5.3923898e-06,5.7052853e-06,3.8794335e-06,2.2288472e-06,3,3,3,3,0.0057869985,0.00013723976,0.16616233
689,0.0001844348,0.00018986375,0.00012689242,0.001545273,5.4058152e-06,5.705366e-06,3.856935e-06,2.4632973e-06,3,3,3,3,0.0063955908,8.2521919e-05,0.16624485
690,0.00018469676,0.00018997598,0.0001263349,0.0015422654,5.4215363e-06,5.7059457e-06,3.8381008e-06,2.2907348e-06,3,3,3,3,0.0059474397,0.00010923613,0.16635409
691,0.00018494294,0.00018995082,0.00012572234,0.0015395341,5.4356782e-06,5.7010611e-06,3.8166791e-06,2.3185808e-06,3,3,3,3,0.0060196372,8.5272694e-05,0.16643936
692,0.00018529257,0.0001899829,0.0001252175,0.0015379051,5.4520806e-06,5.6961739e-06,3.7982666e-06,2.3484631e-06,3,3,3,3,0.0060971348,6.1748717e-05,0.16650111
693,0.00018572227,0.00019002904,0.00012482875,0.0015370741,5.4705265e-06,5.6903899e-06,3.7828875e-06,2.3808083e-06,3,3,3,3,0.00618105,3.8402815e-05,0.16653951
694,0.00018621105,0.00019004184,0.00012452431,0.0015367984,5.4905472e-06,5.683798e-06,3.7692683e-06,2.4055048e-06,3,3,3,3,0.0062451137,1.5015482e-05,0.16655453
695,0.00018677957,0.00019004615,0.00012429445,0.0015376082,5.5120871e-06,5.6776616e-06,3.7565521e-06,2.5726066e-06,3,3,3,3,0.0066788955,-4.7586158e-05,0.16650694
696,0.00018743637,0.00018994559,0.00012400873,0.0015389144,5.5362152e-06,5.6686442e-06,3.7417085e-06,3.0805634e-06,3,3,3,3,0.0079975883,-1.8616795e-05,0.16648832
697,0.00018822236,0.00018976555,0.00012356755,0.0015409515,5.5644581e-06,5.6562895e-06,3.719998e-06,2.9778815e-06,3,3,3,3,0.0077310491,-1.8851712e-05,0.16646947
698,0.00018909691,0.00018980494,0.00012347018,0.0015439247,5.598314e-06,5.6564707e-06,3.7127107e-06,2.438575e-06,3,3,3,3,0.0063309605,-4.6703276e-05,0.16642277
699,0.00018995346,0.00018964353,0.00012321196,0.0015468192,5.6299847e-06,5.6476883e-06,3.6981428e-06,2.4538094e-06,3,3,3,3,0.0063705037,-3.1359106e-05,0.16639141
700,0.00019090048,0.00018963711,0.00012302085,0.0015502794,5.6639712e-06,5.6420861e-06,3.6858648e-06,2.4794811e-06,3,3,3,3,0.0064371537,-9.0798788e-06,0.16638233
701,0.00019184398,0.00018972167,0.00012296152,0.0015541933,5.6978589e-06,5.6400921e-06,3.6786112e-06,2.6421492e-06,3,3,3,3,0.0068594877,-2.6670334e-05,0.16635566
702,0.00019276924,0.00018987298,0.00012294534,0.0015582964,5.729455e-06,5.6411597e-06,3.6730232e-06,2.5725922e-06,3,3,3,3,0.0066789342,-2.5884197e-05,0.16632977
703,0.00019363321,0.00019005657,0.00012291327,0.0015625658,5.7582768e-06,5.644952e-06,3.6671332e-06,2.6098989e-06,3,3,3,3,0.0067758328,-3.8662837e-05,0.16629111
704,0.0001944114,0.00019025159,0.00012288802,0.0015665032,5.7837747e-06,5.6485438e-06,3.6631538e-06,2.5986296e-06,3,3,3,3,0.0067466265,-5.3501989e-05,0.16623761
705,0.0001951255,0.00019045309,0.00012288876,0.0015703343,5.807271e-06,5.6522602e-06,3.6607933e-06,2.4964984e-06,3,3,3,3,0.0064815215,-4.1906539e-05,0.1661957
706,0.00019577418,0.00019074034,0.00012304288,0.0015742348,5.8293961e-06,5.6603118e-06,3.6661558e-06,2.6506242e-06,3,3,3,3,0.0068817317,-8.064055e-05,0.16611506
707,0.00019633371,0.00019089709,0.00012311895,0.0015787957,5.8477226e-06,5.6639652e-06,3.6713408e-06,2.6533401e-06,3,3,3,3,0.006888837,-8.9320358e-05,0.16602574
708,0.00019683767,0.00019101444,0.00012323078,0.0015834945,5.8642216e-06,5.6682999e-06,3.6783913e-06,2.6536058e-06,3,3,3,3,0.0068895801,-9.6737519e-05,0.16592901
709,0.00019730003,0.00019113427,0.00012344151,0.0015884481,5.8791418e-06,5.674258e-06,3.6897095e-06,2.6349526e-06,3,3,3,3,0.0068412073,-0.00010137007,0.16582763
710,0.00019772566,0.00019130645,0.00012384045,0.0015931492,5.8915872e-06,5.6815928e-06,3.7069926e-06,2.6184476e-06,3,3,3,3,0.006798435,-0.00010108118,0.16572655
711,0.00019815396,0.00019153011,0.00012435865,0.0015980702,5.9035629e-06,5.6927999e-06,3.7313548e-06,2.6018859e-06,3,3,3,3,0.0067555381,-9.522523e-05,0.16563133
712,0.00019859313,0.00019185399,0.00012500247,0.0016030028,5.9169273e-06,5.7079111e-06,3.760884e-06,2.5934311e-06,3,3,3,3,0.0067337038,-8.3316792e-05,0.16554801
713,0.00019902408,0.00019231004,0.00012575718,0.0016081104,5.9304393e-06,5.7285717e-06,3.7939087e-06,2.58804e-06,3,3,3,3,0.0067198424,-6.4270444e-05,0.16548374
714,0.00019944693,0.00019287242,0.00012657001,0.0016131253,5.9419914e-06,5.7548547e-06,3.829092e-06,2.5905272e-06,3,3,3,3,0.0067264402,-3.8959229e-05,0.16544478
715,0.00019987633,0.0001935571,0.00012746458,0.0016183435,5.9509732e-06,5.7877368e-06,3.86439e-06,2.6026298e-06,3,3,3,3,0.0067580008,-1.0666863e-05,0.16543412
716,0.00020028341,0.0001944066,0.00012840836,0.0016244487,5.9580161e-06,5.82572e-06,3.8996471e-06,2.6180551e-06,3,3,3,3,0.006798185,1.5460514e-05,0.16544958
717,0.00020067785,0.00019543223,0.00012939145,0.0016324585,5.9625456e-06,5.8695332e-06,3.9351951e-06,2.6130989e-06,3,3,3,3,0.0067854581,4.0425992e-05,0.16549
718,0.00020105397,0.00019657587,0.00013039777,0.0016421104,5.9657765e-06,5.9204456e-06,3.9705136e-06,2.5934754e-06,3,3,3,3,0.0067346312,5.9791832e-05,0.16554979
719,0.00020140863,0.00019782114,0.0001314096,0.0016525484,5.9689447e-06,5.9722359e-06,4.004939e-06,2.5695857e-06,3,3,3,3,0.0066727346,6.9601392e-05,0.16561939
720,0.00020178086,0.00019914504,0.00013241043,0.001663016,5.9703242e-06,6.0222525e-06,4.0383691e-06,2.8869873e-06,3,3,3,3,0.0074971299,2.5690953e-05,0.16564509
721,0.00020219197,0.00020037438,0.00013327804,0.0016746149,5.968704e-06,6.0641473e-06,4.0662838e-06,2.511843e-06,3,3,3,3,0.006523022,7.1777866e-05,0.16571686
722,0.0002025155,0.00020159698,0.0001342439,0.0016858722,5.9659624e-06,6.1081434e-06,4.0980013e-06,2.5295183e-06,3,3,3,3,0.0065690558,5.9006947e-05,0.16577587
723,0.00020284997,0.00020285865,0.00013522112,0.0016961035,5.9630176e-06,6.1492576e-06,4.1274065e-06,2.5379242e-06,3,3,3,3,0.0065910032,6.0051141e-05,0.16583592
724,0.00020320528,0.00020410457,0.00013615992,0.001706243,5.9609272e-06,6.1878165e-06,4.1547098e-06,2.6448752e-06,3,3,3,3,0.0068688426,2.1988303e-05,0.16585791
725,0.0002034892,0.0002052219,0.00013697774,0.0017153706,5.9576178e-06,6.2199928e-06,4.1778696e-06,2.6349757e-06,3,3,3,3,0.0068431884,4.1542069e-06,0.16586206
726,0.00020369875,0.00020621149,0.00013771725,0.0017242317,5.950965e-06,6.2472044e-06,4.1985151e-06,2.6323284e-06,3,3,3,3,0.0068363415,-2.4100379e-05,0.16583796
727,0.00020383052,0.00020707113,0.00013843373,0.0017333265,5.9422504e-06,6.2693599e-06,4.2182876e-06,2.5292255e-06,3,3,3,3,0.0065685936,-4.0252844e-05,0.16579771
728,0.00020392022,0.00020793684,0.00013919283,0.0017423394,5.9331229e-06,6.2892994e-06,4.2403817e-06,2.5436235e-06,3,3,3,3,0.0066060034,-8.4566325e-05,0.16571314
729,0.00020403717,0.00020871954,0.00013994431,0.001751893,5.9229679e-06,6.3046337e-06,4.2618534e-06,2.5562823e-06,3,3,3,3,0.0066388896,-0.00012788213,0.16558526
730,0.00020416326,0.00020939971,0.00014065939,0.0017613322,5.9137564e-06,6.3158617e-06,4.2816012e-06,3.1757415e-06,3,3,3,3,0.0082476872,-9.1225359e-05,0.16549404
731,0.00020432827,0.00021006597,0.00014131345,0.0017710439,5.9058815e-06,6.3243897e-06,4.2986097e-06,2.5651902e-06,3,3,3,3,0.006662099,-0.00016244656,0.16533159
732,0.00020439216,0.00021052995,0.00014190315,0.0017793764,5.8975092e-06,6.3236334e-06,4.3134039e-06,2.5751523e-06,3,3,3,3,0.0066879752,-0.00017033152,0.16516126
733,0.00020451866,0.00021090454,0.00014248914,0.0017877251,5.8918147e-06,6.3185308e-06,4.3264593e-06,2.5943366e-06,3,3,3,3,0.0067377942,-0.00018294191,0.16497832
734,0.00020469647,0.00021120167,0.00014304995,0.0017961971,5.8885036e-06,6.3110372e-06,4.3381269e-06,2.7524321e-06,3,3,3,3,0.0071483944,-0.00014977015,0.16482855
735,0.00020496601,0.00021147707,0.00014364515,0.001804129,5.8868386e-06,6.302789e-06,4.3509289e-06,2.633298e-06,3,3,3,3,0.0068390111,-0.00019010171,0.16463845
736,0.00020524048,0.00021159124,0.00014421561,0.0018116564,5.8873545e-06,6.2898251e-06,4.3624868e-06,2.6490181e-06,3,3,3,3,0.0068798426,-0.00019692453,0.16444152
737,0.00020559549,0.0002116383,0.00014477328,0.0018187609,5.8912546e-06,6.2755664e-06,4.3733541e-06,3.1538235e-06,3,3,3,3,0.0081908984,-0.00011017271,0.16433135
738,0.00020611928,0.0002117395,0.00014532278,0.001825889,5.8991094e-06,6.2624273e-06,4.384267e-06,2.6633285e-06,3,3,3,3,0.0069171231,-0.00016032396,0.16417102
739,0.00020655148,0.00021174674,0.00014584263,0.001831461,5.9054074e-06,6.2475157e-06,4.3957859e-06,2.6804953e-06,3,3,3,3,0.0069617566,-0.00013801258,0.16403301
740,0.00020702847,0.0002118065,0.00014632516,0.0018364705,5.9147837e-06,6.2357196e-06,4.4081087e-06,2.6881926e-06,3,3,3,3,0.0069818088,-0.00012598792,0.16390702
741,0.00020757844,0.00021192001,0.00014678049,0.001840668,5.9272811e-06,6.2272333e-06,4.4194336e-06,2.7079864e-06,3,3,3,3,0.0070332855,-0.00012507472,0.16378195
742,0.00020817809,0.00021207259,0.00014719583,0.0018439772,5.9423697e-06,6.2214534e-06,4.42927e-06,2.7308741e-06,3,3,3,3,0.0070927947,-0.00013590322,0.16364605
743,0.00020880121,0.00021224713,0.00014756079,0.0018463153,5.9598413e-06,6.2182361e-06,4.4374231e-06,2.7463632e-06,3,3,3,3,0.0071330801,-0.00015824113,0.1634878
744,0.00020945794,0.00021243135,0.00014788534,0.0018478021,5.9776622e-06,6.2171035e-06,4.4443468e-06,2.9968476e-06,3,3,3,3,0.0077837082,-0.00013751276,0.16335029
745,0.00021017505,0.00021279996,0.00014828047,0.0018492052,5.9996549e-06,6.2239003e-06,4.4550467e-06,2.7531798e-06,3,3,3,3,0.007150879,-0.00018959908,0.16316069
746,0.000210818,0.00021313599,0.00014853141,0.0018499944,6.0204178e-06,6.2303318e-06,4.4608935e-06,2.9573487e-06,3,3,3,3,0.0076812318,-0.00014731065,0.16301338
747,0.00021157346,0.00021365711,0.00014879516,0.0018512195,6.0431141e-06,6.2461272e-06,4.4682073e-06,2.7795681e-06,3,3,3,3,0.007219572,-0.00018997006,0.16282341
748,0.00021231818,0.00021420724,0.00014888043,0.0018519258,6.0654892e-06,6.261837e-06,4.4699912e-06,3.5965842e-06,3,3,3,3,0.0093418061,-6.5275232e-05,0.16275814
749,0.00021325411,0.0002148442,0.00014877057,0.0018526592,6.0944178e-06,6.2769514e-06,4.4644649e-06,2.7666433e-06,3,3,3,3,0.0071863386,-0.00012608415,0.16263205
750,0.0002140531,0.00021555127,0.00014872966,0.0018513723,6.1258975e-06,6.2995991e-06,4.4627552e-06,2.7653271e-06,3,3,3,3,0.0071830898,-9.8114325e-05,0.16253394
751,0.00021487631,0.00021640046,0.00014867793,0.0018502532,6.1613822e-06,6.326318e-06,4.4602661e-06,2.7690331e-06,3,3,3,3,0.0071928999,-8.8636604e-05,0.1624453
752,0.00021575092,0.00021729883,0.00014863116,0.0018493647,6.1992578e-06,6.3562915e-06,4.4580183e-06,2.7654178e-06,3,3,3,3,0.0071836966,-9.7055302e-05,0.16234825
753,0.00021669382,0.0002182427,0.00014861405,0.0018490757,6.2395022e-06,6.3874777e-06,4.4562545e-06,2.7527734e-06,3,3,3,3,0.0071510488,-0.00012243539,0.16222581
754,0.0002176399,0.00021913875,0.00014861776,0.0018493575,6.2821022e-06,6.4187201e-06,4.4539174e-06,2.7398069e-06,3,3,3,3,0.0071175695,-0.0001633971,0.16206241
755,0.00021861676,0.00021995843,0.00014864296,0.0018497519,6.3260099e-06,6.4480084e-06,4.4513816e-06,3.1533652e-06,3,3,3,3,0.0081921862,-7.2311106e-05,0.1619901
756,0.00021974824,0.00022081786,0.00014884947,0.001850362,6.373412e-06,6.4796007e-06,4.4553935e-06,3.031392e-06,3,3,3,3,0.007875643,-0.0001165783,0.16187352
757,0.0002208083,0.00022135891,0.00014887062,0.0018502341,6.4163782e-06,6.4983957e-06,4.4530189e-06,2.7031061e-06,3,3,3,3,0.007022994,-0.00013874852,0.16173478
758,0.00022179692,0.00022193113,0.0001490506,0.0018511124,6.4584956e-06,6.5202136e-06,4.4564009e-06,2.6988079e-06,3,3,3,3,0.007012083,-0.00013059558,0.16160418
759,0.00022273411,0.00022249392,0.00014931242,0.0018519368,6.4997845e-06,6.5399766e-06,4.4608778e-06,2.6941085e-06,3,3,3,3,0.0070001345,-0.00014728089,0.1614569
760,0.00022363146,0.00022300111,0.00014964109,0.0018526601,6.5388714e-06,6.5602574e-06,4.466256e-06,3.2321254e-06,3,3,3,3,0.0083983999,-3.5052413e-05,0.16142185
761,0.00022456499,0.00022347419,0.00015005357,0.001854055,6.5771259e-06,6.5782104e-06,4.4737801e-06,2.6447363e-06,3,3,3,3,0.0068724792,-0.00014015461,0.16128169
762,0.00022526002,0.00022375108,0.00015043518,0.0018552166,6.6094057e-06,6.5882323e-06,4.4796003e-06,2.968799e-06,3,3,3,3,0.0077148905,-7.8075301e-05,0.16120362
763,0.00022595055,0.00022404303,0.00015084554,0.001856484,6.6406731e-06,6.5994983e-06,4.4871386e-06,2.650216e-06,3,3,3,3,0.0068872917,-0.00013683759,0.16106678
764,0.00022647648,0.0002242123,0.00015127648,0.0018579836,6.6670799e-06,6.6088578e-06,4.4955601e-06,2.9354682e-06,3,3,3,3,0.0076289147,-8.8185021e-05,0.16097859
765,0.00022704474,0.00022445936,0.00015180838,0.0018601393,6.6922627e-06,6.6213817e-06,4.508261e-06,2.6645981e-06,3,3,3,3,0.0069252543,-0.00015857464,0.16082002
766,0.00022744986,0.00022453178,0.00015216144,0.0018626039,6.7115836e-06,6.6274072e-06,4.5158298e-06,3.4501595e-06,3,3,3,3,0.0089672761,-3.1889956e-05,0.16078813
767,0.00022795047,0.0002246856,0.00015252968,0.001866139,6.7322272e-06,6.6350135e-06,4.5276922e-06,2.6440998e-06,3,3,3,3,0.0068726154,-0.00013495725,0.16065317
768,0.00022821798,0.00022478918,0.00015284884,0.0018688411,6.7463047e-06,6.6447603e-06,4.5400677e-06,2.6434813e-06,3,3,3,3,0.0068712628,-0.00013386425,0.16051931
769,0.00022849422,0.00022494493,0.00015314648,0.0018719084,6.7563808e-06,6.6581911e-06,4.5534124e-06,3.0019726e-06,3,3,3,3,0.0078033707,-6.820495e-05,0.1604511
770,0.00022877855,0.0002250184,0.0001532852,0.0018750762,6.7622882e-06,6.6707178e-06,4.5612072e-06,2.9696267e-06,3,3,3,3,0.0077195513,-5.9107228e-05,0.160392
771,0.00022902279,0.00022522223,0.00015347605,0.0018783236,6.7656101e-06,6.6937475e-06,4.572665e-06,2.6702768e-06,3,3,3,3,0.0069416105,-0.00010386818,0.16028813
772,0.00022913029,0.00022537159,0.00015357133,0.0018811408,6.762313e-06,6.7163442e-06,4.5826273e-06,2.6517522e-06,3,3,3,3,0.0068936402,-0.0001041482,0.16018398
773,0.00022918485,0.00022559069,0.00015374019,0.0018836421,6.7550947e-06,6.742798e-06,4.5928325e-06,2.8833522e-06,3,3,3,3,0.0074959085,-5.7617384e-05,0.16012636
774,0.00022912363,0.00022579891,0.00015390272,0.0018862764,6.7440752e-06,6.7683323e-06,4.6023239e-06,2.6265638e-06,3,3,3,3,0.0068285001,-0.00011550058,0.16001086
775,0.00022889596,0.00022591253,0.00015397359,0.0018884194,6.7300077e-06,6.7893019e-06,4.6076343e-06,2.8682266e-06,3,3,3,3,0.0074569492,-7.0343635e-05,0.15994052
776,0.00022861986,0.00022608267,0.00015408764,0.0018909188,6.7161671e-06,6.8107095e-06,4.615769e-06,2.8134101e-06,3,3,3,3,0.0073146035,-7.2424372e-05,0.15986809
777,0.00022821047,0.00022618132,0.00015413409,0.0018934076,6.6998538e-06,6.8272834e-06,4.6241205e-06,2.7406422e-06,3,3,3,3,0.0071255758,-6.9769533e-05,0.15979832
778,0.00022766181,0.00022616093,0.00015406844,0.0018950961,6.6798633e-06,6.8382874e-06,4.6289174e-06,2.6511934e-06,3,3,3,3,0.0068931648,-0.00010009776,0.15969823
779,0.00022698954,0.00022602293,0.00015387126,0.0018953978,6.6569919e-06,6.8423868e-06,4.6281737e-06,2.6463077e-06,3,3,3,3,0.0068805903,-0.00010831608,0.15958991
780,0.0002262369,0.00022587766,0.00015368638,0.0018952581,6.6336725e-06,6.8495417e-06,4.6273288e-06,3.0568102e-06,3,3,3,3,0.0079480609,-2.7913738e-05,0.159562
781,0.00022551696,0.00022580652,0.00015362527,0.0018954359,6.6136606e-06,6.8630084e-06,4.629355e-06,2.7483224e-06,3,3,3,3,0.0071461089,-5.2396969e-05,0.1595096
782,0.00022462109,0.00022546519,0.00015328239,0.0018943221,6.5878352e-06,6.8662365e-06,4.6204852e-06,2.7384254e-06,3,3,3,3,0.0071204403,-2.4261709e-05,0.15948534
783,0.00022368817,0.00022509493,0.00015283814,0.0018925131,6.5608706e-06,6.866119e-06,4.6091407e-06,2.7314966e-06,3,3,3,3,0.0071024864,9.8722399e-06,0.15949521
784,0.00022272161,0.00022469606,0.00015235166,0.0018909441,6.5345339e-06,6.8626168e-06,4.5962027e-06,2.7397178e-06,3,3,3,3,0.0071239012,4.9316731e-05,0.15954453
785,0.00022177526,0.00022420398,0.00015184271,0.0018890325,6.5075868e-06,6.8542895e-06,4.5800479e-06,2.7447437e-06,3,3,3,3,0.007136974,8.9966404e-05,0.15963449
786,0.00022081212,0.0002236608,0.00015134576,0.0018858502,6.4803499e-06,6.8411269e-06,4.5634695e-06,3.1706219e-06,3,3,3,3,0.0082443186,5.793904e-05,0.15969243
787,0.00021993519,0.00022312923,0.00015088271,0.001882907,6.4553292e-06,6.8276921e-06,4.5455383e-06,2.6876055e-06,3,3,3,3,0.0069882738,0.00012739888,0.15981983
788,0.0002190959,0.00022241975,0.00015044398,0.0018789965,6.4328827e-06,6.8108671e-06,4.5278888e-06,2.6199706e-06,3,3,3,3,0.0068123343,0.0001169787,0.15993681
789,0.00021838211,0.00022160049,0.00014993665,0.0018742739,6.4142779e-06,6.7868273e-06,4.5074985e-06,2.6389333e-06,3,3,3,3,0.0068615352,0.00011526142,0.16005207
790,0.0002178414,0.00022080424,0.00014952272,0.0018701175,6.4008067e-06,6.7619385e-06,4.4899098e-06,2.7097459e-06,3,3,3,3,0.0070455161,0.00013037852,0.16018245
791,0.00021737998,0.00021992968,0.00014912511,0.00186674,6.389119e-06,6.7322002e-06,4.4702235e-06,2.700548e-06,3,3,3,3,0.0070214301,0.00013198282,0.16031443
792,0.00021704127,0.00021904207,0.00014879488,0.0018635381,6.3801774e-06,6.6988692e-06,4.4517122e-06,2.709992e-06,3,3,3,3,0.0070457868,0.00013961899,0.16045405
793,0.00021677972,0.00021810802,0.00014849662,0.0018607832,6.3716116e-06,6.6605993e-06,4.4351466e-06,2.6368648e-06,3,3,3,3,0.0068554629,0.00012976199,0.16058381
794,0.00021659754,0.0002172171,0.00014831529,0.0018580677,6.3657015e-06,6.621097e-06,4.4225098e-06,3.2745761e-06,3,3,3,3,0.0085131597,7.4052363e-05,0.16065787
795,0.00021654829,0.00021639046,0.00014818267,0.0018572488,6.3652208e-06,6.5810919e-06,4.4097011e-06,2.6398046e-06,3,3,3,3,0.0068626057,0.00011235943,0.16077023
796,0.00021641149,0.00021541056,0.00014806164,0.0018552688,6.3619191e-06,6.5323886e-06,4.3972528e-06,2.6555227e-06,3,3,3,3,0.0069031939,0.00010026605,0.16087049
797,0.00021639508,0.00021460002,0.00014809834,0.0018541461,6.3608771e-06,6.4876437e-06,4.3929935e-06,2.752185e-06,3,3,3,3,0.00715419,0.00012294297,0.16099343
798,0.00021638458,0.00021384395,0.00014813327,0.001854044,6.3593909e-06,6.4435455e-06,4.3890241e-06,3.1386545e-06,3,3,3,3,0.008158476,6.3154422e-05,0.16105659
799,0.00021644601,0.0002133584,0.00014833905,0.0018552356,6.3576682e-06,6.4073313e-06,4.3897984e-06,2.6438213e-06,3,3,3,3,0.006871888,0.00011361695,0.16117021
800,0.00021632676,0.00021266008,0.00014841707,0.0018552736,6.3503412e-06,6.3629621e-06,4.3862773e-06,2.6450156e-06,3,3,3,3,0.0068747022,0.00013240441,0.16130261
801,0.00021624734,0.00021211122,0.00014864599,0.0018559935,6.3440128e-06,6.3253232e-06,4.3896255e-06,3.1398521e-06,3,3,3,3,0.0081605015,7.7174119e-05,0.16137978
802,0.00021615868,0.00021159947,0.00014892438,0.0018566397,6.3394039e-06,6.2919007e-06,4.3956951e-06,2.6429666e-06,3,3,3,3,0.0068687406,0.00015708704,0.16153687
803,0.0002159643,0.00021097842,0.00014920803,0.0018559281,6.3289507e-06,6.2532515e-06,4.4022594e-06,3.1144572e-06,3,3,3,3,0.0080937578,8.2195178e-05,0.16161907
804,0.00021587587,0.00021052465,0.00014963359,0.0018550028,6.3196735e-06,6.2216991e-06,4.4142889e-06,2.6313475e-06,3,3,3,3,0.0068379208,0.00015211121,0.16177118
805,0.00021571149,0.00020998242,0.00015000323,0.0018533249,6.3044356e-06,6.1865783e-06,4.4249158e-06,3.0089195e-06,3,3,3,3,0.0078187436,7.4212966e-05,0.16184539
806,0.00021565394,0.00020966735,0.00015048888,0.0018518364,6.2911772e-06,6.1609369e-06,4.4412986e-06,2.6296325e-06,3,3,3,3,0.0068327979,0.00013318851,0.16197858
807,0.00021551164,0.00020932661,0.00015092434,0.0018500833,6.2735352e-06,6.1335021e-06,4.4562291e-06,2.9589434e-06,3,3,3,3,0.0076881299,6.0935685e-05,0.16203952
808,0.00021536734,0.0002091184,0.00015139237,0.0018489524,6.2553867e-06,6.1121009e-06,4.4728942e-06,2.604988e-06,3,3,3,3,0.0067680777,0.00012793238,0.16216745
809,0.00021513205,0.00020895492,0.00015185036,0.0018474322,6.2333077e-06,6.0937424e-06,4.4923308e-06,3.0047499e-06,3,3,3,3,0.0078063318,5.7942598e-05,0.16222539
810,0.00021489689,0.00020884164,0.00015220483,0.0018469899,6.2127835e-06,6.0789789e-06,4.5090455e-06,2.8890606e-06,3,3,3,3,0.0075053428,5.5506892e-05,0.1622809
811,0.00021462586,0.00020881679,0.00015259669,0.001847118,6.1936993e-06,6.0725663e-06,4.5283611e-06,2.5530167e-06,3,3,3,3,0.0066319744,0.00011067982,0.16239158
812,0.0002142203,0.00020870376,0.00015281611,0.0018461229,6.1727691e-06,6.0664117e-06,4.5424353e-06,2.793584e-06,3,3,3,3,0.0072565298,8.5973659e-05,0.16247755
813,0.00021386365,0.0002088828,0.0001531491,0.0018443946,6.1550497e-06,6.0740276e-06,4.561225e-06,2.9896461e-06,3,3,3,3,0.0077654247,5.1936355e-05,0.16252949
814,0.00021335838,0.00020890866,0.00015316754,0.0018412072,6.1378555e-06,6.0770849e-06,4.5683724e-06,2.5168378e-06,3,3,3,3,0.0065369588,0.00013462138,0.16266411
815,0.00021279205,0.0002091548,0.00015326491,0.0018370323,6.1215497e-06,6.0907963e-06,4.5792817e-06,3.0602419e-06,3,3,3,3,0.0079479502,5.2888039e-05,0.162717
816,0.00021234685,0.00020945109,0.00015318014,0.0018323121,6.1088714e-06,6.1101533e-06,4.5846177e-06,2.8277702e-06,3,3,3,3,0.0073437452,5.1155823e-05,0.16276815
817,0.00021188578,0.00020990199,0.0001530843,0.0018267297,6.0989183e-06,6.136978e-06,4.5909439e-06,2.4229709e-06,3,3,3,3,0.0062921183,0.00010143849,0.16286959
818,0.00021133409,0.00021024831,0.00015270711,0.0018199034,6.0866153e-06,6.1607905e-06,4.5887144e-06,2.4239572e-06,3,3,3,3,0.0062943795,0.00010254046,0.16297213
819,0.0002108339,0.00021065085,0.0001522098,0.0018129892,6.0756476e-06,6.188805e-06,4.5820939e-06,2.6817286e-06,3,3,3,3,0.0069634108,7.7288348e-05,0.16304942
820,0.000210409,0.0002111565,0.00015167271,0.0018059057,6.0684987e-06,6.2222685e-06,4.5749449e-06,2.6106244e-06,3,3,3,3,0.0067784601,8.4864283e-05,0.16313428
821,0.00020999389,0.00021170222,0.00015113621,0.0017986002,6.063708e-06,6.2589208e-06,4.5678231e-06,2.3692059e-06,3,3,3,3,0.0061513372,0.00013403143,0.16326832
822,0.00020954319,0.00021213513,0.00015040506,0.0017903667,6.0591366e-06,6.2904476e-06,4.5520064e-06,3.0125849e-06,3,3,3,3,0.0078214485,3.663021e-05,0.16330495
823,0.00020919704,0.00021244369,0.00014940607,0.0017816306,6.0580698e-06,6.3133317e-06,4.5255302e-06,2.3322283e-06,3,3,3,3,0.006054756,0.00011853754,0.16342348
824,0.00020874139,0.00021274015,0.00014848231,0.0017726744,6.055898e-06,6.3367083e-06,4.5030518e-06,2.34387e-06,3,3,3,3,0.0060847404,0.00011239252,0.16353588
825,0.00020840443,0.0002130223,0.00014756608,0.0017635191,6.0560858e-06,6.3587425e-06,4.4795333e-06,2.3675369e-06,3,3,3,3,0.0061459716,0.00011670987,0.16365259
826,0.00020816211,0.00021326372,0.00014664581,0.0017551355,6.0588353e-06,6.3755288e-06,4.4552005e-06,2.3897344e-06,3,3,3,3,0.0062034007,0.00012821212,0.1637808
827,0.00020804054,0.00021342828,0.00014574685,0.001747619,6.0639007e-06,6.3867912e-06,4.4288002e-06,2.4120667e-06,3,3,3,3,0.0062611827,0.00014392254,0.16392472
828,0.00020802931,0.00021352176,0.00014486413,0.0017407653,6.0712953e-06,6.3917591e-06,4.4022364e-06,2.4314708e-06,3,3,3,3,0.0063113739,0.00015940934,0.16408413
829,0.00020810939,0.00021356576,0.00014403741,0.001734014,6.0816701e-06,6.3917756e-06,4.3763347e-06,2.727486e-06,3,3,3,3,0.0070795507,9.7345465e-05,0.16418147
830,0.00020825818,0.0002134529,0.00014314291,0.0017283706,6.0934764e-06,6.3833672e-06,4.3463538e-06,2.4826947e-06,3,3,3,3,0.0064439932,0.00012776333,0.16430924
831,0.00020845483,0.00021338839,0.00014239721,0.0017230802,6.1066067e-06,6.3777981e-06,4.3207857e-06,2.517019e-06,3,3,3,3,0.0065329484,9.063817e-05,0.16439988
832,0.00020872536,0.00021333465,0.00014174705,0.0017185039,6.1215335e-06,6.3707578e-06,4.2971863e-06,2.5484885e-06,3,3,3,3,0.0066145088,4.8056942e-05,0.16444793
833,0.00020904801,0.00021327446,0.00014117985,0.0017145289,6.1378849e-06,6.3621848e-06,4.2754947e-06,2.582757e-06,3,3,3,3,0.0067033524,1.5083864e-06,0.16444944
834,0.00020945968,0.00021316303,0.00014068199,0.0017115194,6.155554e-06,6.3523191e-06,4.2556926e-06,2.799879e-06,3,3,3,3,0.0072667785,-0.00010226305,0.16434718
835,0.00020989567,0.00021288114,0.00014010325,0.0017093814,6.1736278e-06,6.3369061e-06,4.2323316e-06,3.5178875e-06,3,3,3,3,0.0091302042,-4.2941417e-05,0.16430424
836,0.00021048285,0.00021273203,0.00013958518,0.0017086868,6.1941583e-06,6.3253505e-06,4.2098008e-06,2.6249229e-06,3,3,3,3,0.0068126697,-0.00012809054,0.16417615
837,0.0002110667,0.00021234094,0.000139065,0.0017067039,6.2177602e-06,6.3079999e-06,4.1874416e-06,2.6558881e-06,3,3,3,3,0.0068930087,-0.00014093633,0.16403521
838,0.00021186407,0.00021211339,0.00013869663,0.0017057418,6.2486173e-06,6.2979098e-06,4.1707396e-06,3.5167749e-06,3,3,3,3,0.0091273108,-6.8252801e-05,0.16396696
839,0.00021275604,0.00021206588,0.00013846888,0.0017071854,6.282933e-06,6.2945532e-06,4.1579051e-06,2.662087e-06,3,3,3,3,0.0069091709,-8.6619235e-05,0.16388034
840,0.00021361118,0.00021177701,0.00013805994,0.0017078171,6.314867e-06,6.2825475e-06,4.1375873e-06,2.653282e-06,3,3,3,3,0.006886338,-3.7234891e-05,0.1638431
841,0.00021455389,0.00021167849,0.00013781658,0.0017093742,6.348037e-06,6.2762449e-06,4.1229206e-06,2.8430596e-06,3,3,3,3,0.0073789071,-3.4174967e-05,0.16380893
842,0.00021544086,0.00021167821,0.00013762315,0.0017115808,6.3795141e-06,6.2743873e-06,4.1109368e-06,2.7972097e-06,3,3,3,3,0.007259924,-1.5709152e-05,0.16379322
843,0.00021631832,0.00021182315,0.00013752672,0.0017143946,6.4100456e-06,6.2783342e-06,4.1017287e-06,2.8326875e-06,3,3,3,3,0.0073520319,-1.5913997e-05,0.16377731
844,0.00021706743,0.00021194166,0.00013742172,0.0017174418,6.4368829e-06,6.2806154e-06,4.0927553e-06,2.7800642e-06,3,3,3,3,0.0072155048,-1.9704719e-05,0.1637576
845,0.00021773396,0.000212053,0.00013732296,0.0017205851,6.4603077e-06,6.2804495e-06,4.0858154e-06,2.6899791e-06,3,3,3,3,0.0069817579,1.1553902e-05,0.16376915
846,0.00021832152,0.00021215378,0.00013729436,0.0017237431,6.4816364e-06,6.2801803e-06,4.0832083e-06,2.8228054e-06,3,3,3,3,0.0073265787,-2.8742386e-05,0.16374041
847,0.00021882847,0.00021218015,0.00013726178,0.0017275846,6.5006767e-06,6.2782104e-06,4.0833994e-06,2.8669571e-06,3,3,3,3,0.0074412587,-3.2137766e-05,0.16370827
848,0.00021928652,0.00021220433,0.00013727478,0.0017326122,6.5174829e-06,6.2772312e-06,4.0851845e-06,2.87296e-06,3,3,3,3,0.0074569324,-3.4089555e-05,0.16367418
849,0.00021971098,0.00021222958,0.00013738295,0.0017366973,6.5331661e-06,6.278458e-06,4.0920849e-06,2.8654195e-06,3,3,3,3,0.0074374468,-3.3377785e-05,0.16364081
850,0.00022010038,0.00021229057,0.00013763689,0.0017411443,6.5460222e-06,6.2815824e-06,4.1039286e-06,2.8680921e-06,3,3,3,3,0.0074444654,-3.0292565e-05,0.16361051
851,0.00022048771,0.00021239206,0.0001380366,0.001746218,6.5574092e-06,6.2899593e-06,4.1228918e-06,2.8700414e-06,3,3,3,3,0.0074496166,-2.4890147e-05,0.16358562
852,0.00022090496,0.00021259402,0.00013860864,0.0017523354,6.5696709e-06,6.300103e-06,4.1478638e-06,2.8619769e-06,3,3,3,3,0.0074287993,-1.5547063e-05,0.16357008
853,0.00022128155,0.00021290222,0.00013931804,0.0017588865,6.580669e-06,6.3150787e-06,4.1784698e-06,2.8574444e-06,3,3,3,3,0.0074171824,-2.9748538e-06,0.1635671
854,0.00022164182,0.00021332025,0.00014008418,0.0017658511,6.5888926e-06,6.3356871e-06,4.211317e-06,2.8573104e-06,3,3,3,3,0.0074169995,1.1175744e-05,0.16357828
855,0.00022194442,0.00021384018,0.00014090861,0.0017719713,6.5935554e-06,6.3628853e-06,4.2438113e-06,2.8388052e-06,3,3,3,3,0.0073691343,2.960068e-05,0.16360788
856,0.00022217543,0.00021451669,0.00014177103,0.0017779333,6.5942738e-06,6.394153e-06,4.2756167e-06,2.8379209e-06,3,3,3,3,0.0073670258,4.4992574e-05,0.16365287
857,0.00022236347,0.00021533496,0.00014265758,0.0017843345,6.590838e-06,6.4317544e-06,4.307361e-06,2.8069259e-06,3,3,3,3,0.0072867551,6.0837861e-05,0.16371371
858,0.00022250174,0.00021627203,0.00014356544,0.001791326,6.5868653e-06,6.4766248e-06,4.3380886e-06,2.788648e-06,3,3,3,3,0.0072394935,6.9583814e-05,0.16378329
859,0.00022259149,0.00021725207,0.00014448191,0.001799066,6.5807791e-06,6.5215449e-06,4.3680709e-06,3.1080592e-06,3,3,3,3,0.0080689091,2.0836788e-05,0.16380413
860,0.00022271703,0.00021822519,0.00014533425,0.001808243,6.5740835e-06,6.5630324e-06,4.3963011e-06,2.706103e-06,3,3,3,3,0.0070255275,7.7926507e-05,0.16388206
861,0.00022274717,0.00021921983,0.00014625754,0.00181856,6.564938e-06,6.602322e-06,4.4271902e-06,2.7143853e-06,3,3,3,3,0.0070472365,6.4782843e-05,0.16394684
862,0.00022280537,0.00022020828,0.00014717103,0.0018282231,6.5544501e-06,6.6390448e-06,4.4569533e-06,2.8060417e-06,3,3,3,3,0.0072854075,2.3794656e-05,0.16397063
863,0.00022286473,0.00022110769,0.00014797629,0.0018384079,6.5408983e-06,6.6709446e-06,4.4823094e-06,2.7878865e-06,3,3,3,3,0.0072384695,-1.0218335e-07,0.16397053
864,0.00022289586,0.0002219291,0.00014868337,0.0018473262,6.5248658e-06,6.6970022e-06,4.5033831e-06,2.7719211e-06,3,3,3,3,0.0071971941,-3.4035001e-05,0.1639365
865,0.00022282835,0.00022265562,0.00014931381,0.0018542329,6.5063046e-06,6.7166966e-06,4.5216071e-06,2.682068e-06,3,3,3,3,0.0069640322,-5.3103254e-05,0.16388339
866,0.00022271363,0.00022336969,0.00014997121,0.0018604812,6.4876069e-06,6.7342967e-06,4.5410341e-06,2.8410009e-06,3,3,3,3,0.007376819,-0.00012639776,0.163757
867,0.00022251077,0.00022388878,0.00015051527,0.0018664616,6.4675412e-06,6.7465295e-06,4.5568889e-06,2.6876129e-06,3,3,3,3,0.0069786292,-0.00016981305,0.16358718
868,0.00022228959,0.00022439344,0.00015110834,0.0018720544,6.4473925e-06,6.758769e-06,4.5759087e-06,3.5977283e-06,3,3,3,3,0.0093419066,-0.00010719849,0.16347998
869,0.0002221323,0.00022503837,0.00015171927,0.0018786371,6.4275265e-06,6.7722745e-06,4.595051e-06,3.2186143e-06,3,3,3,3,0.0083576663,-0.00012436022,0.16335562
870,0.00022185859,0.00022561042,0.00015239501,0.0018850944,6.4071e-06,6.7824937e-06,4.6174609e-06,2.6899692e-06,3,3,3,3,0.0069850568,-0.00016408535,0.16319154
871,0.00022145873,0.00022580324,0.00015283196,0.0018906052,6.382135e-06,6.7775502e-06,4.6300583e-06,2.7084332e-06,3,3,3,3,0.0070330325,-0.00013044365,0.16306109
872,0.00022109365,0.00022594503,0.00015324384,0.0018955701,6.3616591e-06,6.7703796e-06,4.6415034e-06,2.867828e-06,3,3,3,3,0.0074469622,-7.6020164e-05,0.16298507
873,0.00022071822,0.00022604921,0.00015356394,0.0019005369,6.3430076e-06,6.759178e-06,4.6495332e-06,2.7262999e-06,3,3,3,3,0.007079475,-6.6137095e-05,0.16291894
874,0.00022037296,0.00022614719,0.00015390665,0.0019059904,6.3250185e-06,6.7472088e-06,4.6568905e-06,2.8381537e-06,3,3,3,3,0.0073699457,-2.1087779e-05,0.16289785
875,0.00022011407,0.00022611611,0.00015424315,0.0019111262,6.3088728e-06,6.7303384e-06,4.6625681e-06,2.7237807e-06,3,3,3,3,0.0070729676,-2.1779262e-05,0.16287607
876,0.00021990587,0.00022601992,0.00015463061,0.001916114,6.2959139e-06,6.7134336e-06,4.6698151e-06,2.7286369e-06,3,3,3,3,0.0070855823,-1.905236e-05,0.16285702
877,0.0002198068,0.00022588828,0.0001549953,0.001920749,6.2868035e-06,6.6953066e-06,4.6765321e-06,2.751146e-06,3,3,3,3,0.0071440344,-3.3185211e-05,0.16282383
878,0.00021983646,0.00022572584,0.00015534575,0.0019260402,6.2822503e-06,6.6771435e-06,4.6822268e-06,2.7788482e-06,3,3,3,3,0.0072159684,-6.3882658e-05,0.16275995
879,0.00021998475,0.00022557953,0.00015571226,0.0019303364,6.2806267e-06,6.6585655e-06,4.6885497e-06,2.8044315e-06,3,3,3,3,0.0072824134,-0.00010947006,0.16265048
880,0.00022023638,0.00022546383,0.00015609922,0.001934217,6.2821763e-06,6.6421751e-06,4.6968907e-06,2.8182378e-06,3,3,3,3,0.0073183107,-0.00016921192,0.16248127
881,0.00022057303,0.00022542752,0.00015646462,0.0019379376,6.287219e-06,6.6277989e-06,4.7063806e-06,3.1287489e-06,3,3,3,3,0.0081247083,-0.00017068895,0.16231058
882,0.00022103482,0.00022558591,0.00015698128,0.0019417946,6.2992015e-06,6.6236459e-06,4.7209318e-06,3.3793351e-06,3,3,3,3,0.0087755269,-0.00010630487,0.16220427
883,0.00022150336,0.00022544092,0.00015713694,0.0019435472,6.3108143e-06,6.6090429e-06,4.7218115e-06,2.8500363e-06,3,3,3,3,0.0074012017,-0.00022135111,0.16198292
884,0.0002219765,0.00022547808,0.00015742967,0.0019447711,6.3248515e-06,6.6045399e-06,4.7285519e-06,2.8800982e-06,3,3,3,3,0.0074793225,-0.00021250993,0.16177041
885,0.00022254649,0.00022555743,0.00015768933,0.0019456107,6.3414576e-06,6.6028396e-06,4.7340359e-06,3.5803476e-06,3,3,3,3,0.0092978601,-8.3746982e-05,0.16168667
886,0.00022330243,0.00022579937,0.0001579695,0.001947219,6.3643561e-06,6.6046643e-06,4.7395098e-06,2.8980941e-06,3,3,3,3,0.0075262602,-0.00014875349,0.16153791
887,0.00022390272,0.00022598318,0.00015815726,0.0019471162,6.3861902e-06,6.6058805e-06,4.7424987e-06,2.8923522e-06,3,3,3,3,0.0075114281,-0.00012093911,0.16141697
888,0.00022458168,0.00022629905,0.00015827594,0.001947093,6.4080982e-06,6.6131464e-06,4.7444485e-06,2.8950236e-06,3,3,3,3,0.0075184652,-0.0001108878,0.16130609
889,0.00022533046,0.00022677715,0.00015833265,0.0019471789,6.4337368e-06,6.6260853e-06,4.7444147e-06,2.9069762e-06,3,3,3,3,0.0075496344,-0.00011644594,0.16118964
890,0.00022618202,0.00022742381,0.00015831341,0.0019470947,6.4656832e-06,6.6440999e-06,4.7427709e-06,2.9199681e-06,3,3,3,3,0.0075835372,-0.00013576701,0.16105387
891,0.00022711763,0.00022820356,0.00015822841,0.0019465469,6.5016815e-06,6.6668078e-06,4.739214e-06,3.2069346e-06,3,3,3,3,0.0083290337,-0.00011048728,0.16094339
892,0.00022808527,0.00022906943,0.00015814377,0.0019464662,6.5416031e-06,6.693163e-06,4.7362386e-06,2.8969018e-06,3,3,3,3,0.0075240281,-0.0001647105,0.16077868
893,0.00022900768,0.00022996378,0.00015810188,0.0019461462,6.5830196e-06,6.7212833e-06,4.7347538e-06,2.8856226e-06,3,3,3,3,0.0074949527,-0.00018303723,0.16059564
894,0.00023001301,0.00023088499,0.00015808755,0.0019461425,6.6279198e-06,6.7496285e-06,4.7329999e-06,3.160042e-06,3,3,3,3,0.0082079595,-0.0001423194,0.16045332
895,0.00023114166,0.00023191258,0.0001582156,0.001947348,6.6765858e-06,6.7837202e-06,4.7357329e-06,2.8835188e-06,3,3,3,3,0.0074899545,-0.00020430623,0.16024901
896,0.00023223137,0.0002327184,0.00015823469,0.0019478129,6.7234241e-06,6.8101657e-06,4.7322527e-06,3.8136844e-06,3,3,3,3,0.0099063896,-5.905855e-05,0.16018995
897,0.00023347798,0.00023327793,0.00015808816,0.0019485119,6.7718304e-06,6.8257917e-06,4.722382e-06,2.8333775e-06,3,3,3,3,0.0073603208,-0.00014785804,0.1600421
898,0.00023451697,0.00023374734,0.00015813159,0.0019485128,6.8156874e-06,6.8440629e-06,4.721776e-06,2.8222984e-06,3,3,3,3,0.0073317988,-0.00012437114,0.15991772
899,0.00023555372,0.00023420812,0.00015827323,0.0019484939,6.859581e-06,6.8607038e-06,4.723499e-06,2.8177662e-06,3,3,3,3,0.0073202963,-0.00013068247,0.15978704
900,0.0002365303,0.00023461916,0.00015849334,0.0019480739,6.9010506e-06,6.8781555e-06,4.7260298e-06,2.8097747e-06,3,3,3,3,0.0072998259,-0.00016067009,0.15962637
901,0.00023744907,0.00023501755,0.00015875516,0.0019479674,6.9396362e-06,6.895031e-06,4.7291015e-06,3.4463628e-06,3,3,3,3,0.0089540644,-5.0729004e-05,0.15957564
902,0.0002384263,0.00023555975,0.00015930145,0.0019481181,6.9798841e-06,6.9160291e-06,4.7421668e-06,3.0820466e-06,3,3,3,3,0.0080079857,-9.2345739e-05,0.1594833
903,0.00023907876,0.00023560203,0.00015948958,0.0019474111,7.0102799e-06,6.9186116e-06,4.741112e-06,2.7324163e-06,3,3,3,3,0.0070998777,-0.00012627833,0.15935702
904,0.00023961532,0.00023573245,0.00015983952,0.0019476594,7.0382298e-06,6.9262018e-06,4.7464688e-06,2.7394473e-06,3,3,3,3,0.0071184621,-0.00012526971,0.15923175
905,0.00024009179,0.00023581142,0.00016022692,0.0019480093,7.0619517e-06,6.9332865e-06,4.7533836e-06,3.1154579e-06,3,3,3,3,0.0080958809,-6.4631767e-05,0.15916712
906,0.00024058865,0.00023590217,0.00016064151,0.0019491312,7.0832188e-06,6.9415629e-06,4.7619632e-06,3.0314576e-06,3,3,3,3,0.0078779507,-6.688733e-05,0.15910023
907,0.00024096527,0.000236054,0.00016109024,0.0019510392,7.1013522e-06,6.9502628e-06,4.7745301e-06,2.7296857e-06,3,3,3,3,0.007094037,-0.00012878902,0.15897144
908,0.00024116121,0.00023601616,0.00016134754,0.0019526379,7.1142773e-06,6.9527556e-06,4.7827776e-06,2.7280843e-06,3,3,3,3,0.0070901724,-0.00016049635,0.15881095
909,0.00024132537,0.00023594501,0.00016154666,0.0019540425,7.1236046e-06,6.9581735e-06,4.7927228e-06,3.7587501e-06,3,3,3,3,0.0097692229,-3.2089394e-05,0.15877886
910,0.00024164577,0.00023600158,0.00016176499,0.0019569609,7.1315919e-06,6.967988e-06,4.8052381e-06,2.9366518e-06,3,3,3,3,0.0076329621,-9.4454844e-05,0.1586844
911,0.00024166438,0.00023588364,0.00016184544,0.0019582456,7.1311736e-06,6.9767067e-06,4.813742e-06,2.7152071e-06,3,3,3,3,0.0070576438,-0.00011872705,0.15856567
912,0.00024169555,0.00023595779,0.00016197559,0.0019597076,7.1274063e-06,6.9957345e-06,4.8248252e-06,2.7212999e-06,3,3,3,3,0.0070737158,-0.00011241654,0.15845326
913,0.00024166726,0.00023605652,0.00016206317,0.0019612367,7.1183964e-06,7.017505e-06,4.8354075e-06,3.0095851e-06,3,3,3,3,0.0078233056,-5.2569331e-05,0.15840069
914,0.0002415246,0.00023604948,0.00016204227,0.0019621357,7.1044203e-06,7.035126e-06,4.8393661e-06,2.9747819e-06,3,3,3,3,0.0077330413,-4.2135954e-05,0.15835855
915,0.00024124384,0.00023606687,0.00016203821,0.0019635284,7.0862215e-06,7.0543084e-06,4.8436197e-06,2.7094098e-06,3,3,3,3,0.007043382,-8.4634417e-05,0.15827392
916,0.00024077786,0.00023604227,0.00016202722,0.0019642155,7.0658635e-06,7.073448e-06,4.8475509e-06,2.6885511e-06,3,3,3,3,0.0069893238,-9.0058736e-05,0.15818386
917,0.00024024017,0.00023601586,0.00016202146,0.0019650523,7.0444075e-06,7.0895581e-06,4.8524212e-06,2.9469044e-06,3,3,3,3,0.0076611315,-4.2874278e-05,0.15814098
918,0.00023958945,0.00023587232,0.00016185379,0.0019661862,7.0215472e-06,7.0993012e-06,4.8532456e-06,2.9086626e-06,3,3,3,3,0.0075618953,-3.9514882e-05,0.15810147
919,0.00023887308,0.00023576057,0.00016172119,0.0019665674,6.9982336e-06,7.1090694e-06,4.8564007e-06,2.6880973e-06,3,3,3,3,0.006988629,-7.9748393e-05,0.15802172
920,0.00023801482,0.00023548458,0.00016141324,0.0019655296,6.9712699e-06,7.1114156e-06,4.8533495e-06,2.6933102e-06,3,3,3,3,0.0070023205,-8.2619373e-05,0.1579391
921,0.00023708776,0.00023520069,0.00016107545,0.0019639482,6.9435551e-06,7.1154015e-06,4.8478492e-06,2.8772578e-06,3,3,3,3,0.0074806912,-4.1396467e-05,0.15789771
922,0.00023610846,0.00023483977,0.00016064934,0.0019624717,6.9161867e-06,7.1189482e-06,4.8389508e-06,2.8371963e-06,3,3,3,3,0.0073766352,-4.0609573e-05,0.1578571
923,0.00023509374,0.00023444869,0.00016019571,0.0019604408,6.8873302e-06,7.1201579e-06,4.8275898e-06,2.6888103e-06,3,3,3,3,0.0069909008,-7.9360181e-05,0.15777774
924,0.00023401034,0.00023395604,0.0001595922,0.0019572892,6.8569841e-06,7.1160854e-06,4.8115313e-06,2.7823868e-06,3,3,3,3,0.0072342484,-3.9547645e-05,0.15773819
925,0.00023292588,0.00023345625,0.00015901964,0.0019545375,6.8284172e-06,7.1105511e-06,4.7951735e-06,2.6768692e-06,3,3,3,3,0.0069599259,-7.6845505e-05,0.15766134
926,0.00023186136,0.00023293647,0.00015849773,0.0019517079,6.7993923e-06,7.1018537e-06,4.778764e-06,2.7926351e-06,3,3,3,3,0.0072609114,-3.4808553e-05,0.15762653
927,0.00023079174,0.00023229046,0.00015790004,0.0019476981,6.7706743e-06,7.0867426e-06,4.7581424e-06,2.7719424e-06,3,3,3,3,0.0072070835,-2.3754191e-05,0.15760278
928,0.00022977473,0.00023159369,0.00015731383,0.0019433323,6.7436924e-06,7.0685784e-06,4.7364925e-06,2.7237381e-06,3,3,3,3,0.0070817064,-6.870853e-06,0.15759591
929,0.00022889649,0.00023080414,0.00015674236,0.0019387078,6.7196269e-06,7.0480905e-06,4.7145068e-06,2.682777e-06,3,3,3,3,0.006975129,-1.2526514e-05,0.15758338
930,0.00022813507,0.00023003538,0.00015623514,0.0019337136,6.7008523e-06,7.0262214e-06,4.6941665e-06,2.7019237e-06,3,3,3,3,0.0070247966,3.4889225e-05,0.15761827
931,0.00022749014,0.00022914767,0.00015568165,0.0019287201,6.6846942e-06,6.997706e-06,4.6708504e-06,2.6942651e-06,3,3,3,3,0.0070047448,6.20018e-05,0.15768027
932,0.00022693457,0.00022818732,0.00015515601,0.0019244995,6.6696932e-06,6.9648932e-06,4.6467445e-06,2.706727e-06,3,3,3,3,0.0070369657,9.8789086e-05,0.15777906
933,0.00022649906,0.00022718208,0.00015466703,0.0019205708,6.6566663e-06,6.927428e-06,4.6235681e-06,3.1500648e-06,3,3,3,3,0.0081893357,6.9841722e-05,0.1578489
934,0.0002261684,0.00022615855,0.00015415604,0.0019177475,6.6444318e-06,6.8852105e-06,4.5989645e-06,2.6770771e-06,3,3,3,3,0.0069594449,0.00013072464,0.15797963
935,0.00022581196,0.00022511129,0.0001537957,0.0019138449,6.6337757e-06,6.8419882e-06,4.5796095e-06,2.6991388e-06,3,3,3,3,0.0070165809,0.00014852273,0.15812815
936,0.00022557551,0.00022417955,0.00015357804,0.0019113648,6.6285937e-06,6.7991753e-06,4.564056e-06,3.3968846e-06,3,3,3,3,0.0088301068,8.0733627e-05,0.15820889
937,0.00022539776,0.0002232483,0.00015333972,0.0019094752,6.6240543e-06,6.7534902e-06,4.5476467e-06,2.7004369e-06,3,3,3,3,0.0070193578,0.0001330551,0.15834194
938,0.0002251563,0.00022223097,0.0001531444,0.0019068208,6.6169756e-06,6.7031809e-06,4.5355286e-06,2.7019426e-06,3,3,3,3,0.0070229888,0.00012201939,0.15846396
939,0.00022498822,0.00022146067,0.00015312398,0.0019054719,6.6099633e-06,6.6600068e-06,4.5304144e-06,3.3034538e-06,3,3,3,3,0.00858612,6.2501826e-05,0.15852646
940,0.00022485817,0.00022080797,0.00015313974,0.0019056414,6.6027852e-06,6.618101e-06,4.5243643e-06,2.6801019e-06,3,3,3,3,0.0069655904,9.6846145e-05,0.15862331
941,0.00022457196,0.0002200025,0.00015309785,0.0019043764,6.5908374e-06,6.5716301e-06,4.5176661e-06,2.674966e-06,3,3,3,3,0.0069519481,0.00010019828,0.15872351
942,0.00022431793,0.00021932937,0.00015319787,0.0019033632,6.5795788e-06,6.5306868e-06,4.5171561e-06,2.690889e-06,3,3,3,3,0.0069930403,0.00012710256,0.15885061
943,0.00022401964,0.00021867818,0.00015343247,0.0019021528,6.5684835e-06,6.4934086e-06,4.5226545e-06,3.3208616e-06,3,3,3,3,0.008629849,3.3297667e-05,0.15888391
944,0.00022374581,0.00021794716,0.00015355535,0.0019005246,6.555618e-06,6.451856e-06,4.523392e-06,3.3115398e-06,3,3,3,3,0.008605176,7.5556265e-05,0.15895946
945,0.00022352828,0.00021749388,0.00015403481,0.001898756,6.5417341e-06,6.4225009e-06,4.5375468e-06,2.6501085e-06,3,3,3,3,0.0068860659,0.00011341787,0.15907288
946,0.0002231611,0.00021673235,0.00015426423,0.0018953523,6.5202842e-06,6.3815126e-06,4.5436309e-06,2.6710996e-06,3,3,3,3,0.0069403115,0.00012599033,0.15919887
947,0.000222872,0.00021613568,0.00015452217,0.0018917653,6.4984102e-06,6.3446792e-06,4.5520376e-06,2.9416401e-06,3,3,3,3,0.0076429358,0.00010144402,0.15930031
948,0.00022263266,0.00021578772,0.00015495998,0.0018893145,6.4776833e-06,6.3187321e-06,4.5678133e-06,3.2259923e-06,3,3,3,3,0.0083813502,6.5182121e-05,0.1593655
949,0.00022231758,0.00021534037,0.00015522243,0.0018864641,6.4546099e-06,6.2881665e-06,4.577021e-06,3.0862049e-06,3,3,3,3,0.0080177124,6.1368827e-05,0.15942687
950,0.00022196493,0.00021506991,0.00015557083,0.0018841007,6.4299115e-06,6.2664201e-06,4.5926826e-06,2.6017302e-06,3,3,3,3,0.0067587005,0.00011044897,0.15953731
951,0.00022145992,0.00021472267,0.00015580099,0.0018818336,6.4010686e-06,6.2428958e-06,4.6056617e-06,2.6136308e-06,3,3,3,3,0.0067892897,0.00011551898,0.15965283
952,0.00022097844,0.00021451013,0.00015605068,0.0018801797,6.3765657e-06,6.2306012e-06,4.621013e-06,3.0790394e-06,3,3,3,3,0.0079978649,5.18116e-05,0.15970465
953,0.00022051663,0.00021434573,0.00015619684,0.0018783894,6.3557366e-06,6.2230257e-06,4.6335085e-06,2.9488618e-06,3,3,3,3,0.0076592804,5.0393866e-05,0.15975504
954,0.00022002385,0.00021437674,0.00015636254,0.001875501,6.3358949e-06,6.2245977e-06,4.6471982e-06,2.5651804e-06,3,3,3,3,0.0066623427,0.00011692952,0.15987197
955,0.00021932842,0.00021431233,0.00015632762,0.0018706545,6.3136317e-06,6.2249575e-06,4.65287e-06,2.7895726e-06,3,3,3,3,0.0072447968,8.7803464e-05,0.15995977
956,0.00021872176,0.00021453287,0.00015637779,0.0018656926,6.2954018e-06,6.2375541e-06,4.6629203e-06,2.91818e-06,3,3,3,3,0.0075784363,5.1191509e-05,0.16001096
957,0.00021808645,0.00021462457,0.00015612296,0.0018592166,6.2790519e-06,6.2512874e-06,4.6624872e-06,2.4964633e-06,3,3,3,3,0.0064828788,0.00013006584,0.16014103
958,0.00021745439,0.00021494551,0.00015587864,0.0018522306,6.2647621e-06,6.2742287e-06,4.6641988e-06,2.9416201e-06,3,3,3,3,0.0076385133,4.9338065e-05,0.16019037
959,0.00021691503,0.0002153291,0.0001554561,0.0018454983,6.2530467e-06,6.2993364e-06,4.6606281e-06,2.7296321e-06,3,3,3,3,0.0070876364,4.499899e-05,0.16023537
960,0.00021639411,0.00021577624,0.00015502043,0.0018384047,6.2429453e-06,6.3307051e-06,4.6563773e-06,2.3976475e-06,3,3,3,3,0.0062252822,7.9746615e-05,0.16031511
961,0.0002158045,0.0002160866,0.00015435192,0.0018300073,6.2317295e-06,6.3587559e-06,4.6439712e-06,2.3903847e-06,3,3,3,3,0.0062061436,7.2752607e-05,0.16038787
962,0.000215278,0.00021642477,0.00015358784,0.0018214485,6.2226996e-06,6.3873826e-06,4.6285149e-06,2.3907868e-06,3,3,3,3,0.0062069119,8.6996514e-05,0.16047486
963,0.00021476276,0.00021676514,0.00015275249,0.0018127853,6.2161089e-06,6.4154863e-06,4.6094077e-06,2.643085e-06,3,3,3,3,0.0068616326,6.6803491e-05,0.16054167
964,0.00021432113,0.00021718635,0.00015193589,0.0018037214,6.2137171e-06,6.4435768e-06,4.5918353e-06,2.3592307e-06,3,3,3,3,0.0061244775,0.00012145156,0.16066312
965,0.00021385339,0.00021749241,0.00015103144,0.0017943621,6.2099835e-06,6.4668215e-06,4.570232e-06,2.3547506e-06,3,3,3,3,0.0061126178,0.00014473208,0.16080785
966,0.00021347193,0.00021772083,0.00015009729,0.0017851258,6.2080663e-06,6.4861967e-06,4.5466573e-06,2.5818338e-06,3,3,3,3,0.0067018711,0.00011216286,0.16092001
967,0.00021323095,0.00021797717,0.00014923513,0.0017767418,6.2110388e-06,6.5030728e-06,4.5248154e-06,2.4079405e-06,3,3,3,3,0.0062502814,0.00016150244,0.16108151
968,0.00021305606,0.00021801266,0.00014827823,0.001769004,6.2131249e-06,6.5093671e-06,4.4964114e-06,2.4451434e-06,3,3,3,3,0.0063466608,0.00016433232,0.16124585
969,0.00021296388,0.00021796519,0.00014732402,0.0017614497,6.2179193e-06,6.5093938e-06,4.4676787e-06,3.2819675e-06,3,3,3,3,0.0085184953,4.4717893e-05,0.16129056
970,0.0002131626,0.00021802845,0.00014653988,0.0017553932,6.2297108e-06,6.5090713e-06,4.4432129e-06,2.4805612e-06,3,3,3,3,0.0064381497,9.1090968e-05,0.16138166
971,0.00021319994,0.00021792394,0.00014576986,0.0017492041,6.2398322e-06,6.5031186e-06,4.4179423e-06,2.5101821e-06,3,3,3,3,0.0065148696,3.5945656e-05,0.1614176
972,0.0002133376,0.00021784352,0.00014507177,0.0017435292,6.2505534e-06,6.4965142e-06,4.3937687e-06,2.5556219e-06,3,3,3,3,0.0066326646,-1.8372899e-05,0.16139923
973,0.00021352599,0.00021775919,0.0001444483,0.0017387722,6.2625657e-06,6.4888186e-06,4.3712743e-06,3.2858494e-06,3,3,3,3,0.0085276887,-2.0011931e-05,0.16137922
974,0.00021369193,0.00021733753,0.0001435037,0.001734221,6.2711038e-06,6.466895e-06,4.3362163e-06,3.3760905e-06,3,3,3,3,0.008761844,-2.5883103e-05,0.16135333
975,0.00021399315,0.00021714597,0.00014289955,0.001731437,6.2850609e-06,6.455602e-06,4.3135167e-06,2.590108e-06,3,3,3,3,0.0067219989,-6.9191865e-05,0.16128414
976,0.00021424606,0.00021673983,0.00014226535,0.0017280403,6.2985285e-06,6.4369993e-06,4.2888e-06,2.6147021e-06,3,3,3,3,0.0067857611,-6.402385e-05,0.16122012
977,0.00021464503,0.0002164316,0.00014173099,0.0017253178,6.314138e-06,6.4228718e-06,4.2672954e-06,2.6493157e-06,3,3,3,3,0.0068755468,-6.0692081e-05,0.16115943
978,0.0002151769,0.00021613773,0.00014131341,0.0017233149,6.334927e-06,6.411847e-06,4.2504225e-06,3.2478897e-06,3,3,3,3,0.0084289514,-2.0188065e-05,0.16113924
979,0.00021585714,0.00021591445,0.00014090087,0.0017228148,6.361725e-06,6.4022963e-06,4.2318681e-06,2.6666859e-06,3,3,3,3,0.0069206624,-2.6860663e-05,0.16111238
980,0.00021654476,0.00021554867,0.0001404525,0.0017223598,6.3890881e-06,6.3872292e-06,4.2110389e-06,2.8088108e-06,3,3,3,3,0.0072895171,-4.4957911e-05,0.16106742
981,0.00021735275,0.00021535719,0.00014017337,0.0017233108,6.4195799e-06,6.3799012e-06,4.1963315e-06,2.7758066e-06,3,3,3,3,0.0072038835,-4.6220573e-05,0.1610212
982,0.00021818685,0.0002152382,0.00013991428,0.0017244633,6.4494891e-06,6.3747453e-06,4.1821567e-06,2.6838657e-06,3,3,3,3,0.0069652962,-2.8666924e-05,0.16099253
983,0.00021901513,0.00021524686,0.00013971414,0.0017258591,6.4777295e-06,6.3745797e-06,4.1697205e-06,2.8156969e-06,3,3,3,3,0.0073074523,-6.9391207e-05,0.16092314
984,0.0002197596,0.00021528637,0.0001395551,0.0017281423,6.5044268e-06,6.3757332e-06,4.1578433e-06,2.8269315e-06,3,3,3,3,0.0073366528,-8.9491485e-05,0.16083365
985,0.00022043963,0.00021535635,0.00013942966,0.0017308384,6.5290299e-06,6.3764222e-06,4.148237e-06,3.2453533e-06,3,3,3,3,0.0084226506,-4.2603698e-05,0.16079105
986,0.00022110391,0.00021558332,0.00013942335,0.0017342483,6.5519808e-06,6.3812622e-06,4.1440635e-06,2.6750993e-06,3,3,3,3,0.0069427994,-4.4549347e-05,0.1607465
987,0.0002215457,0.00021544437,0.00013923699,0.0017365532,6.569171e-06,6.372881e-06,4.1361458e-06,2.8391702e-06,3,3,3,3,0.0073687013,-5.3833084e-05,0.16069266
988,0.00022200621,0.00021540643,0.00013921579,0.0017403298,6.5864357e-06,6.3693664e-06,4.1363064e-06,2.8552254e-06,3,3,3,3,0.0074104639,-3.3078102e-05,0.16065958
989,0.00022241026,0.00021538603,0.00013926593,0.0017449953,6.6022295e-06,6.3678782e-06,4.139504e-06,2.8763679e-06,3,3,3,3,0.0074654331,-1.3536405e-05,0.16064605
990,0.00022280736,0.00021534975,0.00013938906,0.0017483845,6.6175181e-06,6.3668768e-06,4.1466081e-06,2.8906289e-06,3,3,3,3,0.0075025377,4.6586288e-06,0.16065071
991,0.00022317845,0.00021535153,0.00013967052,0.0017527355,6.6293735e-06,6.368219e-06,4.1595706e-06,2.8693649e-06,3,3,3,3,0.0074474364,2.0122397e-05,0.16067083
992,0.00022353525,0.00021538017,0.00014011354,0.0017574507,6.6403555e-06,6.3741079e-06,4.180363e-06,2.8552957e-06,3,3,3,3,0.00741102,3.2608831e-05,0.16070344
993,0.00022389182,0.00021546523,0.00014069359,0.001763316,6.6510428e-06,6.3798925e-06,4.2051143e-06,2.8424174e-06,3,3,3,3,0.0073777138,4.5313773e-05,0.16074875
994,0.00022421783,0.00021564953,0.00014138022,0.0017693014,6.6602269e-06,6.3899382e-06,4.2346959e-06,2.8207597e-06,3,3,3,3,0.0073216527,5.7303026e-05,0.16080605
995,0.0002245127,0.00021593162,0.00014212197,0.0017757896,6.6666311e-06,6.4059182e-06,4.2659369e-06,2.8093357e-06,3,3,3,3,0.0072921655,6.5629503e-05,0.16087168
996,0.00022473306,0.00021632514,0.00014291781,0.0017814162,6.6686966e-06,6.4284917e-06,4.2968557e-06,2.7980529e-06,3,3,3,3,0.0072630469,6.9995915e-05,0.16094168
997,0.00022487664,0.00021687466,0.00014373507,0.0017869184,6.6659752e-06,6.4557988e-06,4.3270217e-06,3.2040881e-06,3,3,3,3,0.0083172223,1.5980085e-05,0.16095766
998,0.00022504503,0.00021765389,0.00014467218,0.0017932998,6.6607532e-06,6.4924943e-06,4.3601169e-06,2.7096754e-06,3,3,3,3,0.0070339426,8.7235214e-05,0.1610449
999,0.00022504738,0.00021848191,0.00014560466,0.0017997007,6.6531435e-06,6.5341115e-06,4.3913439e-06,2.8009127e-06,3,3,3,3,0.0072709808,3.2211259e-05,0.16107711
1000,0.00022502935,0.00021930839,0.00014645594,0.0018068299,6.6446277e-06,6.5734768e-06,4.418869e-06,2.8213008e-06,3,3,3,3,0.0073241074,1.0290052e-05,0.1610874
1001,0.00022501622,0.00022015714,0.00014725688,0.0018155945,6.6349943e-06,6.6117431e-06,4.4453751e-06,2.805927e-06,3,3,3,3,0.0072844189,-1.3246563e-05,0.16107415
1002,0.00022498534,0.00022100575,0.00014802429,0.0018252392,6.6230284e-06,6.6452659e-06,4.4711644e-06,2.769808e-06,3,3,3,3,0.0071908618,-4.3665115e-05,0.16103049
1003,0.00022494614,0.00022180079,0.00014875913,0.0018343101,6.6087576e-06,6.6751633e-06,4.4946226e-06,2.7564412e-06,3,3,3,3,0.007156368,-8.5305081e-05,0.16094518
1004,0.00022489013,0.00022253862,0.00014946347,0.0018435353,6.5915363e-06,6.7010199e-06,4.5166177e-06,2.6760999e-06,3,3,3,3,0.0069479813,-0.00011274464,0.16083244
1005,0.00022483037,0.00022329417,0.00015019819,0.0018511393,6.5729679e-06,6.7248793e-06,4.5387434e-06,2.6810462e-06,3,3,3,3,0.0069610013,-0.00015864124,0.16067379
1006,0.00022468791,0.00022398022,0.00015085607,0.001857258,6.5522933e-06,6.7435546e-06,4.5582084e-06,3.5252398e-06,3,3,3,3,0.0091530356,-0.0001093764,0.16056442
1007,0.00022454216,0.00022463733,0.00015139109,0.0018637225,6.530785e-06,6.7596259e-06,4.5738372e-06,2.6639479e-06,3,3,3,3,0.006916943,-0.00018159184,0.16038283
1008,0.00022416189,0.00022499333,0.00015186858,0.001868299,6.5062455e-06,6.7668833e-06,4.5883566e-06,2.6650164e-06,3,3,3,3,0.0069198056,-0.00017850624,0.16020432
1009,0.00022380607,0.00022532768,0.00015234297,0.0018730162,6.4808235e-06,6.7724585e-06,4.6038817e-06,2.6687513e-06,3,3,3,3,0.0069295671,-0.00017866068,0.16002566
1010,0.00022343216,0.00022568541,0.00015281294,0.0018778604,6.4553741e-06,6.7766866e-06,4.6191206e-06,2.6669371e-06,3,3,3,3,0.0069249114,-0.00018383719,0.15984182
1011,0.00022301445,0.00022598154,0.00015324373,0.0018831856,6.4302122e-06,6.7783088e-06,4.633798e-06,3.0840699e-06,3,3,3,3,0.0080080764,-0.00010510008,0.15973672
1012,0.00022266554,0.00022632638,0.0001537436,0.0018892369,6.4068781e-06,6.7805643e-06,4.6492595e-06,2.6471386e-06,3,3,3,3,0.0068736336,-0.00015776366,0.15957896
1013,0.00022216422,0.00022637918,0.0001540965,0.0018935601,6.3826183e-06,6.770948e-06,4.6592576e-06,2.6529505e-06,3,3,3,3,0.0068887536,-0.00014889555,0.15943006
1014,0.00022166079,0.00022644004,0.00015443851,0.0018980136,6.3603516e-06,6.7598517e-06,4.6691528e-06,2.6629178e-06,3,3,3,3,0.0069146587,-0.00015325405,0.15927681
1015,0.00022122054,0.0002264596,0.00015477045,0.0019028986,6.3394651e-06,6.7463728e-06,4.6763379e-06,2.6806582e-06,3,3,3,3,0.0069607443,-0.00016973059,0.15910708
1016,0.00022088591,0.00022639075,0.0001550774,0.001907541,6.3218835e-06,6.7300359e-06,4.681482e-06,2.901268e-06,3,3,3,3,0.0075336097,-0.00015079679,0.15895628
1017,0.00022067693,0.00022628662,0.00015541005,0.001912223,6.3090476e-06,6.7126516e-06,4.6867917e-06,2.7377805e-06,3,3,3,3,0.0071090982,-0.00020482125,0.15875146
1018,0.00022051416,0.00022609649,0.00015572433,0.0019167102,6.2986899e-06,6.693985e-06,4.6920466e-06,2.9649882e-06,3,3,3,3,0.0076990932,-0.0001694339,0.15858203
1019,0.00022053362,0.00022600183,0.00015614555,0.0019221095,6.2939255e-06,6.6798361e-06,4.7011091e-06,3.3316202e-06,3,3,3,3,0.0086511361,-0.00010012626,0.1584819
1020,0.00022065043,0.00022568191,0.00015627439,0.0019257607,6.290324e-06,6.6539662e-06,4.6982378e-06,2.7653547e-06,3,3,3,3,0.0071808311,-0.00017338852,0.15830851
1021,0.00022078002,0.00022542085,0.00015653739,0.0019292179,6.2890707e-06,6.6339171e-06,4.7031367e-06,2.7910522e-06,3,3,3,3,0.0072476143,-0.00015592905,0.15815258
1022,0.0002210458,0.00022527696,0.00015679081,0.0019322375,6.292764e-06,6.6167936e-06,4.7090464e-06,2.8157419e-06,3,3,3,3,0.0073117985,-0.00015812202,0.15799446
1023,0.00022135384,0.00022520373,0.00015706982,0.0019349083,6.3012729e-06,6.6057927e-06,4.7153814e-06,2.8387368e-06,3,3,3,3,0.0073715868,-0.00017957135,0.15781489
1024,0.00022173669,0.00022520045,0.00015736099,0.0019365133,6.3125669e-06,6.5982382e-06,4.7218839e-06,3.3582326e-06,3,3,3,3,0.0087207018,-8.4735702e-05,0.15773015
1025,0.00022234947,0.00022545066,0.00015779815,0.0019381953,6.3317374e-06,6.6013851e-06,4.7336968e-06,2.829532e-06,3,3,3,3,0.0073479008,-0.00018423628,0.15754592
1026,0.00022284227,0.00022543161,0.00015801276,0.0019385396,6.3470648e-06,6.59683e-06,4.7379793e-06,2.8418735e-06,3,3,3,3,0.0073800096,-0.00018836249,0.15735755
1027,0.00022339238,0.00022549883,0.00015817768,0.0019387305,6.3660321e-06,6.5932956e-06,4.7401335e-06,3.1509068e-06,3,3,3,3,0.0081826058,-0.00014358933,0.15721397
1028,0.00022404071,0.00022561916,0.00015820837,0.0019387781,6.3879674e-06,6.5904515e-06,4.7372821e-06,2.8823683e-06,3,3,3,3,0.0074853388,-0.00018435514,0.15702961
1029,0.00022470533,0.0002259084,0.00015828274,0.0019388573,6.4105793e-06,6.5978932e-06,4.7382793e-06,2.885254e-06,3,3,3,3,0.0074929413,-0.00018571762,0.15684389
1030,0.00022544119,0.00022639169,0.00015834265,0.0019387862,6.4373837e-06,6.6117187e-06,4.739025e-06,2.8824557e-06,3,3,3,3,0.0074858086,-0.00019686142,0.15664703
1031,0.00022627299,0.0002270644,0.0001583518,0.0019384229,6.4704695e-06,6.6309885e-06,4.7390892e-06,3.1531416e-06,3,3,3,3,0.0081889655,-0.00015096587,0.15649606
1032,0.00022726362,0.00022800648,0.00015843569,0.001938312,6.50927e-06,6.6600391e-06,4.7423863e-06,2.8829047e-06,3,3,3,3,0.0074873363,-0.00020406653,0.156292
1033,0.00022814337,0.00022883928,0.00015835299,0.0019378409,6.5485159e-06,6.6861591e-06,4.7399702e-06,3.6355875e-06,3,3,3,3,0.0094424252,-7.8752048e-05,0.15621325
1034,0.00022916662,0.00022958065,0.00015811006,0.0019377731,6.5910421e-06,6.7052687e-06,4.7302949e-06,2.8571375e-06,3,3,3,3,0.0074209391,-0.00014470275,0.15606854
1035,0.00023009734,0.00023033628,0.00015801496,0.0019377511,6.6341277e-06,6.7294624e-06,4.7266466e-06,2.8488607e-06,3,3,3,3,0.007399665,-0.00011653166,0.15595201
1036,0.00023110162,0.00023110998,0.00015796458,0.0019380921,6.679028e-06,6.7552693e-06,4.7228657e-06,2.8441143e-06,3,3,3,3,0.0073875678,-0.00010724106,0.15584477
1037,0.00023217556,0.00023185139,0.00015795213,0.0019383186,6.7248115e-06,6.7801849e-06,4.7183678e-06,2.8352848e-06,3,3,3,3,0.0073648787,-0.00011820267,0.15572657
1038,0.00023329555,0.00023249706,0.00015795784,0.0019383587,6.7715191e-06,6.8022945e-06,4.715399e-06,2.8184364e-06,3,3,3,3,0.0073213658,-0.00015045606,0.15557611
1039,0.00023440297,0.00023303405,0.0001580317,0.0019383685,6.8159191e-06,6.8213742e-06,4.7150691e-06,3.334514e-06,3,3,3,3,0.0086622675,-5.6350768e-05,0.15551976
1040,0.00023556296,0.00023366687,0.00015834754,0.001938957,6.8633994e-06,6.8444885e-06,4.7233559e-06,3.044042e-06,3,3,3,3,0.0079080757,-0.00010631259,0.15541345
1041,0.00023647799,0.00023386514,0.00015840995,0.0019379155,6.9020828e-06,6.8536634e-06,4.719617e-06,2.7436516e-06,3,3,3,3,0.0071279907,-0.00013410426,0.15527934
1042,0.00023734255,0.00023419253,0.00015864349,0.0019378106,6.9385145e-06,6.8679449e-06,4.7222477e-06,2.743059e-06,3,3,3,3,0.007126748,-0.00013649545,0.15514285
1043,0.00023813174,0.00023449883,0.00015893999,0.0019372468,6.9728146e-06,6.8804948e-06,4.7263656e-06,3.0843002e-06,3,3,3,3,0.0080136759,-8.2793277e-05,0.15506006
1044,0.00023888859,0.00023486027,0.00015938573,0.00193734,7.0069171e-06,6.8960617e-06,4.7353134e-06,3.0277498e-06,3,3,3,3,0.0078671002,-8.5240836e-05,0.15497482
1045,0.00023949003,0.00023515129,0.00015987897,0.0019378065,7.0363591e-06,6.9093147e-06,4.7459153e-06,2.7190052e-06,3,3,3,3,0.0070652036,-0.00014989066,0.15482492
1046,0.00023992773,0.00023516385,0.00016022589,0.0019377214,7.0583932e-06,6.914231e-06,4.7515741e-06,3.8101453e-06,3,3,3,3,0.0099009111,-2.5270108e-05,0.15479965
1047,0.0002404707,0.00023514699,0.00016050232,0.0019390596,7.0784449e-06,6.916199e-06,4.7558308e-06,2.6906774e-06,3,3,3,3,0.0069923156,-0.0001253885,0.15467427
1048,0.00024066323,0.00023504829,0.00016077093,0.0019402082,7.0919922e-06,6.9167653e-06,4.7624301e-06,2.6890467e-06,3,3,3,3,0.0069883783,-0.00013017761,0.15454409
1049,0.00024085703,0.00023500717,0.00016102866,0.0019414725,7.1046654e-06,6.9194981e-06,4.7711612e-06,3.0379245e-06,3,3,3,3,0.0078953789,-7.7858924e-05,0.15446623
1050,0.00024104311,0.00023490739,0.0001611141,0.0019430054,7.1132691e-06,6.9224198e-06,4.7771104e-06,3.0301174e-06,3,3,3,3,0.0078754162,-8.0715589e-05,0.15438551
1051,0.00024120358,0.00023495257,0.00016127798,0.0019453507,7.1175244e-06,6.9344269e-06,4.7888879e-06,2.9294288e-06,3,3,3,3,0.0076140251,-7.6283446e-05,0.15430923
1052,0.00024128863,0.00023500788,0.00016146979,0.0019470495,7.1187881e-06,6.9495215e-06,4.8016389e-06,2.710006e-06,3,3,3,3,0.007043973,-0.00011869477,0.15419054
1053,0.00024128812,0.00023498312,0.00016148785,0.0019481226,7.1128852e-06,6.9643058e-06,4.809037e-06,2.7041605e-06,3,3,3,3,0.0070290054,-0.00013158795,0.15405895
1054,0.00024121522,0.00023497306,0.00016147292,0.0019492982,7.1021759e-06,6.9814012e-06,4.8154323e-06,3.3620105e-06,3,3,3,3,0.0087392134,-3.3304324e-05,0.15402564
1055,0.00024115251,0.00023513746,0.00016169314,0.0019506931,7.0905098e-06,7.0050892e-06,4.8285875e-06,2.6933133e-06,3,3,3,3,0.0070012644,-0.00012318461,0.15390246
1056,0.00024078066,0.00023513864,0.00016175568,0.0019515365,7.0710936e-06,7.0252315e-06,4.8354784e-06,2.9223285e-06,3,3,3,3,0.0075967833,-5.7776774e-05,0.15384468
1057,0.0002402985,0.00023502921,0.00016168452,0.0019521396,7.0498318e-06,7.0399098e-06,4.8371044e-06,2.8983935e-06,3,3,3,3,0.0075347515,-3.6417952e-05,0.15380826
1058,0.00023972663,0.00023489369,0.00016153934,0.0019532528,7.0268702e-06,7.0508694e-06,4.8370133e-06,2.8642296e-06,3,3,3,3,0.007446113,-9.7397036e-06,0.15379852
1059,0.00023902663,0.00023472046,0.00016132544,0.0019540966,7.0024365e-06,7.0597541e-06,4.8365168e-06,2.6971559e-06,3,3,3,3,0.0070119464,-2.3010908e-05,0.15377551
1060,0.0002382591,0.00023456536,0.0001611401,0.0019538351,6.9777368e-06,7.0680204e-06,4.8380352e-06,2.8080139e-06,3,3,3,3,0.0073003094,3.3143267e-05,0.15380866
1061,0.00023740903,0.00023429348,0.00016083393,0.0019528481,6.9511861e-06,7.0711082e-06,4.8348495e-06,2.6751147e-06,3,3,3,3,0.0069549357,1.3827922e-05,0.15382248
1062,0.00023646571,0.00023402293,0.00016053868,0.0019513266,6.9238657e-06,7.0767256e-06,4.831078e-06,2.8352175e-06,3,3,3,3,0.0073713009,5.8052701e-05,0.15388054
1063,0.00023546912,0.0002335964,0.00016004614,0.0019495855,6.895399e-06,7.0768283e-06,4.8190507e-06,2.8276353e-06,3,3,3,3,0.0073516748,7.0165928e-05,0.1539507
1064,0.00023442807,0.00023315644,0.00015952906,0.0019474751,6.8647339e-06,7.0751239e-06,4.8054486e-06,2.7919372e-06,3,3,3,3,0.0072589267,8.2826765e-05,0.15403353
1065,0.00023333975,0.00023270908,0.00015894488,0.0019446571,6.8349039e-06,7.0725429e-06,4.790854e-06,2.7579913e-06,3,3,3,3,0.0071707156,9.507411e-05,0.1541286
1066,0.00023225457,0.00023221631,0.00015837329,0.0019418352,6.8059722e-06,7.0663646e-06,4.7740333e-06,2.6894536e-06,3,3,3,3,0.006992537,8.1713125e-05,0.15421032
1067,0.00023117349,0.00023167896,0.00015781486,0.0019384997,6.775986e-06,7.0564253e-06,4.7561422e-06,2.7528861e-06,3,3,3,3,0.0071574471,0.00010964112,0.15431996
1068,0.00023009882,0.00023104423,0.00015722963,0.0019343655,6.7471491e-06,7.0415779e-06,4.7358925e-06,2.744471e-06,3,3,3,3,0.0071355349,0.00011496833,0.15443493
1069,0.00022910112,0.00023031991,0.00015663121,0.0019299419,6.7209709e-06,7.0231684e-06,4.7139432e-06,2.7346751e-06,3,3,3,3,0.0071100135,0.00012268946,0.15455762
1070,0.00022824532,0.00022953255,0.00015605237,0.0019252094,6.6976656e-06,7.0022066e-06,4.6922336e-06,2.661607e-06,3,3,3,3,0.0069199535,0.00010949997,0.15466712
1071,0.00022746809,0.00022870388,0.00015550692,0.0019200853,6.6791652e-06,6.9781018e-06,4.6709754e-06,3.0975427e-06,3,3,3,3,0.008053219,6.4228461e-05,0.15473134
1072,0.00022685907,0.00022790274,0.00015499667,0.001915675,6.6642237e-06,6.9526815e-06,4.6485265e-06,2.6483774e-06,3,3,3,3,0.0068852571,7.420018e-05,0.15480554
1073,0.00022626513,0.00022684513,0.00015440854,0.0019109306,6.6475788e-06,6.9160174e-06,4.6220949e-06,2.6894928e-06,3,3,3,3,0.0069919705,7.1392646e-05,0.15487694
1074,0.00022582471,0.0002258369,0.00015392537,0.001907051,6.6347194e-06,6.8785458e-06,4.5995572e-06,2.6858301e-06,3,3,3,3,0.0069822661,6.1593367e-05,0.15493853
1075,0.00022544726,0.00022483325,0.00015349317,0.0019036771,6.622636e-06,6.8379536e-06,4.5783022e-06,2.6662112e-06,3,3,3,3,0.006931068,3.676833e-05,0.1549753
1076,0.00022514265,0.00022385336,0.00015316518,0.0019002246,6.6135684e-06,6.7966415e-06,4.5593243e-06,2.7076338e-06,3,3,3,3,0.0070385348,6.9134117e-05,0.15504443
1077,0.00022485807,0.00022283974,0.00015287579,0.0018978959,6.6074399e-06,6.7514582e-06,4.5412513e-06,2.6727346e-06,3,3,3,3,0.0069475698,6.8265795e-05,0.1551127
1078,0.00022462162,0.00022194906,0.00015275484,0.0018951225,6.6016978e-06,6.7073798e-06,4.5297581e-06,2.799486e-06,3,3,3,3,0.0072767653,0.00012624288,0.15523894
1079,0.00022440496,0.00022101365,0.00015258137,0.0018930823,6.5951068e-06,6.6605118e-06,4.5188319e-06,3.3628504e-06,3,3,3,3,0.0087407807,7.4707039e-05,0.15531365
1080,0.00022428801,0.00022034594,0.00015255026,0.0018928553,6.5890252e-06,6.6205644e-06,4.5124055e-06,2.6663258e-06,3,3,3,3,0.0069300183,0.00015994353,0.15547359
1081,0.00022397446,0.00021948196,0.00015245054,0.0018915496,6.5768924e-06,6.5720836e-06,4.5030976e-06,3.2332428e-06,3,3,3,3,0.0084031427,8.696407e-05,0.15556056
1082,0.00022377311,0.00021892494,0.00015259411,0.0018912057,6.5681732e-06,6.535747e-06,4.5032441e-06,2.8440122e-06,3,3,3,3,0.0073911563,0.00011277935,0.15567334
1083,0.00022344752,0.00021810963,0.00015255758,0.0018894546,6.5542437e-06,6.4895472e-06,4.497821e-06,2.6444448e-06,3,3,3,3,0.0068722205,0.00013586828,0.1558092
1084,0.00022308733,0.00021739519,0.00015272589,0.0018879136,6.5414953e-06,6.4508821e-06,4.5018123e-06,2.6677627e-06,3,3,3,3,0.0069325413,0.00013914671,0.15594835
1085,0.00022275324,0.00021674241,0.00015300725,0.0018856366,6.5274241e-06,6.4145116e-06,4.5092567e-06,3.3286864e-06,3,3,3,3,0.0086497035,6.5896228e-05,0.15601425
1086,0.00022246652,0.00021602033,0.00015317423,0.0018830123,6.5105821e-06,6.3745964e-06,4.5111482e-06,2.6435912e-06,3,3,3,3,0.0068691003,0.00013757649,0.15615182
1087,0.00022209058,0.00021535287,0.000153474,0.001879624,6.4889215e-06,6.3384042e-06,4.5206777e-06,3.2533403e-06,3,3,3,3,0.0084531217,6.1786535e-05,0.15621361
1088,0.00022185391,0.00021493288,0.00015384906,0.0018769498,6.4689989e-06,6.3097567e-06,4.5336469e-06,2.6281686e-06,3,3,3,3,0.006828386,0.00013191043,0.15634552
1089,0.0002214567,0.00021437466,0.00015409618,0.0018734241,6.4439119e-06,6.2758612e-06,4.542604e-06,3.0524917e-06,3,3,3,3,0.0079304988,6.1483959e-05,0.156407
1090,0.00022115322,0.00021410934,0.00015449882,0.0018708838,6.4209234e-06,6.2535257e-06,4.5579405e-06,2.8436836e-06,3,3,3,3,0.0073876085,8.3855836e-05,0.15649086
1091,0.00022071939,0.00021370423,0.00015470097,0.0018676378,6.3925834e-06,6.2259265e-06,4.5682525e-06,2.6144894e-06,3,3,3,3,0.006791863,0.00013050191,0.15662136
1092,0.00022025814,0.00021347263,0.00015498891,0.0018657441,6.3659809e-06,6.2085476e-06,4.5840494e-06,3.1432641e-06,3,3,3,3,0.0081651173,5.5638168e-05,0.156677
1093,0.00021980182,0.00021320054,0.00015510356,0.0018643001,6.3430601e-06,6.1942757e-06,4.5940669e-06,2.9767806e-06,3,3,3,3,0.0077321982,5.4242586e-05,0.15673124
1094,0.0002193195,0.00021309962,0.00015530206,0.0018621301,6.3213298e-06,6.1899087e-06,4.6087992e-06,2.5447276e-06,3,3,3,3,0.0066095652,0.00011362081,0.15684486
1095,0.00021866299,0.00021293357,0.00015528917,0.0018580556,6.2969406e-06,6.1846596e-06,4.6157998e-06,2.5534411e-06,3,3,3,3,0.0066318942,0.00012816197,0.15697303
1096,0.00021798444,0.0002129467,0.00015526968,0.0018532382,6.2753041e-06,6.1876462e-06,4.6221286e-06,2.8766143e-06,3,3,3,3,0.0074709107,5.4575228e-05,0.1570276
1097,0.00021736566,0.00021305251,0.00015516152,0.0018479976,6.258138e-06,6.1965968e-06,4.6264956e-06,2.7629993e-06,3,3,3,3,0.0071754428,5.2674044e-05,0.15708027
1098,0.00021677553,0.00021327192,0.00015498248,0.0018416528,6.243573e-06,6.2155693e-06,4.6293544e-06,2.4641802e-06,3,3,3,3,0.0063990621,0.00011331399,0.15719359
1099,0.00021610937,0.00021350542,0.00015461743,0.0018344043,6.2279449e-06,6.234632e-06,4.626803e-06,2.6281693e-06,3,3,3,3,0.006824601,7.7313006e-05,0.1572709
1100,0.00021553101,0.00021395267,0.000154282,0.0018273763,6.2154972e-06,6.2629917e-06,4.6264717e-06,2.4296152e-06,3,3,3,3,0.0063087117,0.00011871782,0.15738962
1101,0.00021495027,0.00021433743,0.00015375136,0.0018199369,6.2033702e-06,6.2921077e-06,4.6186339e-06,2.9562361e-06,3,3,3,3,0.007675781,4.5956656e-05,0.15743558
1102,0.0002144628,0.00021462361,0.00015297396,0.001811999,6.1941938e-06,6.3179813e-06,4.6019281e-06,2.3688658e-06,3,3,3,3,0.0061503561,0.00012625038,0.15756183
1103,0.00021388703,0.00021493025,0.00015218846,0.0018033753,6.1849987e-06,6.3461637e-06,4.5856167e-06,2.7487268e-06,3,3,3,3,0.0071362888,4.9649935e-05,0.15761148
1104,0.00021344307,0.00021539573,0.00015147599,0.0017951232,6.1819315e-06,6.3787243e-06,4.5708655e-06,2.3272976e-06,3,3,3,3,0.0060418724,0.00010236719,0.15771384
1105,0.00021291373,0.00021569839,0.00015055564,0.0017855087,6.1770094e-06,6.4013843e-06,4.5490043e-06,2.3302016e-06,3,3,3,3,0.0060491751,9.6560273e-05,0.1578104
1106,0.00021245786,0.00021596442,0.00014961392,0.0017761535,6.1726302e-06,6.4227501e-06,4.5258482e-06,2.3435303e-06,3,3,3,3,0.0060835542,0.00010080627,0.15791121
1107,0.00021209451,0.00021617518,0.00014866057,0.0017670332,6.1711498e-06,6.4406908e-06,4.5011787e-06,2.5983414e-06,3,3,3,3,0.0067447977,6.0153767e-05,0.15797136
1108,0.00021183776,0.00021625,0.00014763845,0.0017588967,6.172065e-06,6.4494884e-06,4.4726408e-06,2.3708296e-06,3,3,3,3,0.0061540313,8.8963364e-05,0.15806033
1109,0.00021165726,0.00021626411,0.0001466955,0.0017513959,6.1739398e-06,6.4548476e-06,4.4447476e-06,2.38756e-06,3,3,3,3,0.0061972797,7.8189591e-05,0.15813852
1110,0.00021156633,0.00021622683,0.00014579151,0.0017438425,6.1793186e-06,6.4553387e-06,4.4175925e-06,2.415482e-06,3,3,3,3,0.0062695804,6.8131678e-05,0.15820665
1111,0.00021157504,0.00021615314,0.00014494486,0.0017369793,6.1871999e-06,6.4514263e-06,4.3906232e-06,2.4586246e-06,3,3,3,3,0.0063813959,5.7412112e-05,0.15826406
1112,0.00021164552,0.00021606615,0.0001441624,0.0017310663,6.1970304e-06,6.4454737e-06,4.3648491e-06,2.4876277e-06,3,3,3,3,0.0064565266,4.3235122e-05,0.1583073
1113,0.00021178724,0.00021597127,0.00014346048,0.0017260339,6.2071034e-06,6.4384494e-06,4.340492e-06,2.6969059e-06,3,3,3,3,0.0069995586,-2.0965265e-05,0.15828633
1114,0.00021194833,0.00021575839,0.00014272045,0.0017214298,6.2175867e-06,6.4254774e-06,4.3139641e-06,2.5443785e-06,3,3,3,3,0.0066035744,-2.9237388e-05,0.15825709
1115,0.00021216051,0.00021558851,0.00014212177,0.0017170824,6.2305152e-06,6.4151078e-06,4.2924729e-06,3.2166923e-06,3,3,3,3,0.0083483501,-2.0486477e-05,0.15823661
1116,0.00021244473,0.0002153768,0.00014153166,0.001714643,6.2433223e-06,6.4028123e-06,4.2700696e-06,2.5859365e-06,3,3,3,3,0.0067113198,-8.0160265e-05,0.15815645
1117,0.00021269883,0.00021500057,0.00014092285,0.0017118516,6.2560779e-06,6.3851331e-06,4.2460238e-06,2.6124519e-06,3,3,3,3,0.006780073,-9.7447231e-05,0.158059
1118,0.0002131187,0.00021474102,0.00014046025,0.0017096207,6.2722421e-06,6.373485e-06,4.2272869e-06,2.6454672e-06,3,3,3,3,0.0068657201,-0.00011374941,0.15794525
1119,0.00021367179,0.00021451193,0.00014011385,0.001708291,6.2937673e-06,6.3644079e-06,4.2122813e-06,3.5285509e-06,3,3,3,3,0.0091575464,-2.9551768e-05,0.1579157
1120,0.0002143345,0.00021427682,0.00013967044,0.0017084004,6.3193025e-06,6.354089e-06,4.1922574e-06,2.6366676e-06,3,3,3,3,0.0068429535,-6.9816582e-05,0.15784588
1121,0.00021497984,0.00021390813,0.00013924038,0.0017082404,6.345444e-06,6.3396589e-06,4.1724258e-06,2.7891794e-06,3,3,3,3,0.0072387766,-6.9339411e-05,0.15777654
1122,0.0002157758,0.00021373771,0.00013897887,0.0017094482,6.3754554e-06,6.3328063e-06,4.1581653e-06,2.7766501e-06,3,3,3,3,0.0072062796,-5.5937143e-05,0.15772061
1123,0.00021659751,0.00021365495,0.00013873372,0.0017108499,6.404979e-06,6.3288391e-06,4.1448208e-06,2.759551e-06,3,3,3,3,0.0071619212,-5.3399873e-05,0.15766721
1124,0.00021740364,0.00021365566,0.00013851711,0.0017126775,6.4325463e-06,6.3281359e-06,4.1313272e-06,2.6719137e-06,3,3,3,3,0.0069344978,-3.0237038e-05,0.15763697
1125,0.00021815071,0.00021374704,0.00013842222,0.0017152327,6.4583066e-06,6.3309369e-06,4.1221617e-06,2.7906777e-06,3,3,3,3,0.0072427779,-6.2890658e-05,0.15757408
1126,0.00021879346,0.00021379385,0.00013828907,0.0017177735,6.4819231e-06,6.3307179e-06,4.1127002e-06,2.8209385e-06,3,3,3,3,0.0073213843,-7.3406985e-05,0.15750067
1127,0.00021938921,0.00021382588,0.00013817446,0.0017206475,6.5032409e-06,6.3285029e-06,4.1048543e-06,2.8168557e-06,3,3,3,3,0.0073108638,-8.5606513e-05,0.15741506
1128,0.00021989679,0.00021382202,0.00013810321,0.0017238862,6.5221332e-06,6.3254216e-06,4.1021093e-06,2.8015526e-06,3,3,3,3,0.0072712295,-9.722897e-05,0.15731784
1129,0.00022034396,0.00021380071,0.00013808898,0.001728111,6.5387025e-06,6.3223324e-06,4.1025069e-06,2.8037017e-06,3,3,3,3,0.0072769076,-0.00010656704,0.15721127
1130,0.00022074275,0.00021376422,0.00013813551,0.0017319626,6.5535946e-06,6.3202699e-06,4.1061992e-06,2.7964957e-06,3,3,3,3,0.0072582952,-0.00011058523,0.15710068
1131,0.00022110957,0.00021370902,0.00013829087,0.001735212,6.5674263e-06,6.3191176e-06,4.1145415e-06,2.6941189e-06,3,3,3,3,0.0069926677,-7.544511e-05,0.15702524
1132,0.00022147158,0.00021373001,0.00013864898,0.0017395615,6.578413e-06,6.3219816e-06,4.130764e-06,2.892332e-06,3,3,3,3,0.0075072258,-9.2254265e-05,0.15693298
1133,0.00022183551,0.00021372143,0.00013905859,0.0017445952,6.5891231e-06,6.3258488e-06,4.1504026e-06,2.8387073e-06,3,3,3,3,0.0073681457,-7.4197504e-05,0.15685879
1134,0.00022222203,0.00021385668,0.00013969046,0.0017506617,6.6012113e-06,6.333854e-06,4.1771584e-06,2.8141577e-06,3,3,3,3,0.0073045562,-6.15647e-05,0.15679722
1135,0.00022256303,0.00021412465,0.00014046156,0.0017569537,6.6114146e-06,6.3470296e-06,4.2101559e-06,2.8111214e-06,3,3,3,3,0.0072968333,-4.8381416e-05,0.15674884
1136,0.00022283825,0.00021443548,0.00014123386,0.0017627332,6.6171874e-06,6.3643077e-06,4.2420446e-06,2.7335411e-06,3,3,3,3,0.0070956246,1.3197858e-05,0.15676204
1137,0.0002230117,0.00021478838,0.00014199744,0.0017678038,6.6170432e-06,6.3848912e-06,4.2715295e-06,2.834181e-06,3,3,3,3,0.0073570446,2.7661853e-06,0.1567648
1138,0.00022316742,0.00021538531,0.0001428473,0.0017732419,6.614951e-06,6.4147855e-06,4.3029074e-06,2.8490273e-06,3,3,3,3,0.0073957795,2.9101161e-05,0.1567939
1139,0.0002232926,0.00021614919,0.00014372178,0.001779417,6.6100718e-06,6.4521823e-06,4.3334032e-06,2.8218719e-06,3,3,3,3,0.0073254819,5.2246386e-05,0.15684615
1140,0.0002233647,0.00021700387,0.00014462325,0.0017862211,6.603603e-06,6.4938237e-06,4.3630803e-06,2.7568332e-06,3,3,3,3,0.007156826,6.8315508e-05,0.15691447
1141,0.00022337082,0.00021787064,0.00014549515,0.0017938069,6.5956522e-06,6.5344767e-06,4.3918134e-06,2.7262632e-06,3,3,3,3,0.0070776614,7.1198112e-05,0.15698567
1142,0.00022338018,0.00021874584,0.00014634323,0.0018029811,6.5864214e-06,6.5726608e-06,4.4200591e-06,2.6897634e-06,3,3,3,3,0.0069831049,0.00011476908,0.15710043
1143,0.0002233448,0.00021955777,0.0001471006,0.0018119608,6.5735321e-06,6.6036076e-06,4.4451831e-06,3.244897e-06,3,3,3,3,0.0084245732,2.8645737e-05,0.15712908
1144,0.00022344166,0.0002204968,0.00014798226,0.001821985,6.5617414e-06,6.6378831e-06,4.4738476e-06,2.6544987e-06,3,3,3,3,0.0068918752,7.0069208e-05,0.15719915
1145,0.00022337841,0.00022126919,0.00014878241,0.0018313162,6.5449967e-06,6.6651579e-06,4.4988709e-06,2.6427139e-06,3,3,3,3,0.006861465,4.5225589e-05,0.15724437
1146,0.00022330337,0.00022202561,0.00014952989,0.0018382839,6.5264216e-06,6.6880706e-06,4.5209967e-06,2.650935e-06,3,3,3,3,0.0068829705,2.1657433e-05,0.15726603
1147,0.00022316238,0.00022274546,0.00015019357,0.0018447265,6.5059148e-06,6.7073227e-06,4.5406464e-06,2.7794551e-06,3,3,3,3,0.0072167972,-4.6715308e-05,0.15721932
1148,0.00022293428,0.00022327939,0.00015070502,0.0018503049,6.4836246e-06,6.7198058e-06,4.5559754e-06,2.810658e-06,3,3,3,3,0.0072979197,-0.00010215039,0.15711717
1149,0.00022262359,0.00022367983,0.00015114426,0.0018554912,6.4605417e-06,6.7281568e-06,4.5688786e-06,3.3604946e-06,3,3,3,3,0.0087256707,-7.9685732e-05,0.15703748
1150,0.00022237938,0.00022408597,0.00015155402,0.0018616413,6.4367477e-06,6.7342869e-06,4.58084e-06,2.6319509e-06,3,3,3,3,0.0068340965,-0.0001782571,0.15685922
1151,0.00022193988,0.00022436797,0.00015200659,0.0018665483,6.4101388e-06,6.7358158e-06,4.5959205e-06,3.3082838e-06,3,3,3,3,0.008590315,-0.00011230241,0.15674692
1152,0.00022162206,0.000224902,0.00015266819,0.0018729013,6.388479e-06,6.7464056e-06,4.61838e-06,2.767112e-06,3,3,3,3,0.0071852185,-0.00016406686,0.15658285
1153,0.0002211746,0.00022500201,0.00015299458,0.0018781031,6.3620129e-06,6.7390163e-06,4.6276295e-06,2.6425479e-06,3,3,3,3,0.0068618117,-0.00018569661,0.15639716
1154,0.00022072272,0.00022508861,0.00015334137,0.0018824302,6.3396229e-06,6.7301938e-06,4.6372131e-06,2.6812714e-06,3,3,3,3,0.0069623865,-0.00017625932,0.1562209
1155,0.00022027722,0.00022514507,0.0001536363,0.001887387,6.3187285e-06,6.7183729e-06,4.6443187e-06,2.8984198e-06,3,3,3,3,0.007526274,-0.00013342069,0.15608748
1156,0.00021991816,0.00022513641,0.00015393835,0.0018927172,6.2991306e-06,6.7024438e-06,4.6494269e-06,2.6877303e-06,3,3,3,3,0.0069792027,-0.00015426295,0.15593321
1157,0.00021960857,0.00022506715,0.00015429424,0.0018976575,6.2828288e-06,6.687342e-06,4.6564613e-06,2.6798923e-06,3,3,3,3,0.006958861,-0.0001542222,0.15577899
1158,0.00021938507,0.00022493294,0.00015462046,0.0019021597,6.2699893e-06,6.6694375e-06,4.6619994e-06,2.6977093e-06,3,3,3,3,0.0070051312,-0.00016923009,0.15560976
1159,0.00021927493,0.00022474346,0.00015492955,0.0019069443,6.2612411e-06,6.6509744e-06,4.6667567e-06,2.7309004e-06,3,3,3,3,0.0070913296,-0.00019857226,0.15541119
1160,0.00021929837,0.0002245336,0.00015522862,0.0019117924,6.2559761e-06,6.632036e-06,4.6712106e-06,3.1841817e-06,3,3,3,3,0.0082683771,-0.00010913202,0.15530206
1161,0.00021948059,0.00022430744,0.00015544791,0.0019159041,6.2546225e-06,6.609863e-06,4.6716581e-06,2.755615e-06,3,3,3,3,0.0071556192,-0.00020816383,0.15509389
1162,0.0002196617,0.00022409495,0.00015572384,0.0019193942,6.2549353e-06,6.590905e-06,4.6773865e-06,2.771884e-06,3,3,3,3,0.0071979282,-0.00021240606,0.15488149
1163,0.00021994003,0.00022397337,0.00015600244,0.0019223432,6.2601592e-06,6.5754544e-06,4.6843684e-06,3.0206339e-06,3,3,3,3,0.0078439527,-0.00016110848,0.15472038
1164,0.00022032107,0.00022402479,0.0001563833,0.0019251167,6.2707771e-06,6.5689844e-06,4.6939723e-06,2.8235772e-06,3,3,3,3,0.0073323266,-0.00021726686,0.15450311
1165,0.00022071491,0.00022404643,0.00015667718,0.0019264315,6.2833473e-06,6.5624708e-06,4.7003724e-06,3.5458448e-06,3,3,3,3,0.009208024,-9.2931153e-05,0.15441018
1166,0.00022133608,0.00022413928,0.00015692792,0.0019280687,6.3015944e-06,6.5596626e-06,4.7055458e-06,2.8258048e-06,3,3,3,3,0.0073383287,-0.000166622,0.15424356
1167,0.00022181886,0.000224115,0.00015712081,0.0019283316,6.317493e-06,6.5547759e-06,4.7090615e-06,2.8352305e-06,3,3,3,3,0.00736287,-0.00014508496,0.15409847
1168,0.00022236719,0.00022421414,0.0001572874,0.001928182,6.3373444e-06,6.5521902e-06,4.7114502e-06,2.847757e-06,3,3,3,3,0.0073954698,-0.00013981033,0.15395866
1169,0.00022298344,0.00022440678,0.00015740694,0.001928163,6.3594549e-06,6.5549699e-06,4.7132394e-06,2.8580704e-06,3,3,3,3,0.0074223521,-0.00014846576,0.1538102
1170,0.00022365822,0.00022474242,0.00015746282,0.0019282513,6.3821068e-06,6.5635085e-06,4.7131208e-06,2.8676743e-06,3,3,3,3,0.0074474049,-0.00017043799,0.15363976
1171,0.00022440955,0.00022524979,0.00015745983,0.0019281389,6.409747e-06,6.577238e-06,4.7116522e-06,3.1250568e-06,3,3,3,3,0.0081159868,-0.00014082556,0.15349894
1172,0.00022530698,0.00022599155,0.00015747751,0.0019280672,6.4443349e-06,6.5986475e-06,4.7124588e-06,2.8592745e-06,3,3,3,3,0.0074259108,-0.0002008958,0.15329804
1173,0.0002261949,0.00022677848,0.00015741457,0.0019272197,6.4811681e-06,6.6225828e-06,4.7106598e-06,3.2473182e-06,3,3,3,3,0.0084339286,-9.5658201e-05,0.15320238
1174,0.0002271382,0.00022755562,0.00015724715,0.001926887,6.522033e-06,6.6458665e-06,4.7049715e-06,2.8449697e-06,3,3,3,3,0.0073892274,-0.00015911655,0.15304326
1175,0.00022802172,0.00022836405,0.00015714831,0.0019262404,6.5627878e-06,6.670656e-06,4.7012981e-06,2.8407121e-06,3,3,3,3,0.0073783899,-0.00013523855,0.15290803
1176,0.00022902135,0.00022920544,0.00015710251,0.0019265558,6.6073121e-06,6.6979196e-06,4.6988879e-06,2.8343043e-06,3,3,3,3,0.0073619685,-0.00012758912,0.15278044
1177,0.0002300457,0.00023001552,0.00015708541,0.0019270706,6.6525219e-06,6.7251192e-06,4.6957133e-06,2.8268302e-06,3,3,3,3,0.0073427857,-0.00013863678,0.1526418
1178,0.00023113163,0.00023075253,0.00015709731,0.0019272666,6.6983085e-06,6.7501197e-06,4.6921759e-06,2.8151729e-06,3,3,3,3,0.0073127511,-0.00016971057,0.15247209
1179,0.00023224951,0.00023138097,0.00015713612,0.0019272911,6.7445325e-06,6.7717595e-06,4.6905044e-06,3.4934442e-06,3,3,3,3,0.0090749525,-5.6159031e-05,0.15241593
1180,0.00023348718,0.00023201002,0.00015733347,0.0019281955,6.7921802e-06,6.7941808e-06,4.6951549e-06,2.7535185e-06,3,3,3,3,0.007153189,-0.000172294,0.15224364
1181,0.00023442657,0.00023236874,0.00015745626,0.0019276764,6.833723e-06,6.8083039e-06,4.6958164e-06,3.0376731e-06,3,3,3,3,0.0078916732,-0.00010668547,0.15213695
1182,0.00023538325,0.00023268005,0.00015757729,0.0019270333,6.8728121e-06,6.8209496e-06,4.6935686e-06,2.7456186e-06,3,3,3,3,0.0071332315,-0.00014958986,0.15198736
1183,0.00023622996,0.00023302787,0.00015782361,0.0019269266,6.9088249e-06,6.8357557e-06,4.6966782e-06,2.7379671e-06,3,3,3,3,0.0071136514,-0.00015973612,0.15182763
1184,0.00023699527,0.00023332604,0.00015814404,0.0019264414,6.9427891e-06,6.8482355e-06,4.7017622e-06,3.2344339e-06,3,3,3,3,0.0084039118,-3.8189588e-05,0.15178944
1185,0.00023774888,0.00023363619,0.00015858007,0.001926543,6.9769413e-06,6.8619941e-06,4.7105021e-06,2.6982119e-06,3,3,3,3,0.0070110496,-0.00013998374,0.15164945
1186,0.00023822575,0.00023371349,0.00015890605,0.001926602,7.0023205e-06,6.8678649e-06,4.7152763e-06,3.0331124e-06,3,3,3,3,0.0078816043,-6.7656057e-05,0.1515818
1187,0.000238727,0.00023374108,0.000159247,0.001927025,7.0243869e-06,6.8733136e-06,4.7207956e-06,2.6813074e-06,3,3,3,3,0.0069677413,-0.00012006838,0.15146173
1188,0.00023907265,0.00023373842,0.00015955329,0.0019279097,7.0410991e-06,6.8770416e-06,4.7264591e-06,2.6944364e-06,3,3,3,3,0.0070021586,-0.00014216799,0.15131956
1189,0.00023933234,0.00023373091,0.00015981239,0.00192949,7.055759e-06,6.8795325e-06,4.7330134e-06,3.04901e-06,3,3,3,3,0.0079239405,-9.8272866e-05,0.15122129
1190,0.00023962841,0.00023388502,0.00016020006,0.0019316763,7.0709971e-06,6.8900094e-06,4.7475157e-06,3.3160803e-06,3,3,3,3,0.0086183836,-3.8588418e-05,0.1511827
1191,0.00023983693,0.00023374032,0.00016028164,0.0019333412,7.0792451e-06,6.8921069e-06,4.7543483e-06,2.6840785e-06,3,3,3,3,0.0069761975,-0.00012228232,0.15106042
1192,0.00023992627,0.00023371836,0.00016042551,0.0019353585,7.0809112e-06,6.9017198e-06,4.7650741e-06,2.6868577e-06,3,3,3,3,0.0069836819,-0.00011073005,0.15094969
1193,0.00023998918,0.00023376043,0.00016058022,0.0019370246,7.0807168e-06,6.9166671e-06,4.7761835e-06,2.6839556e-06,3,3,3,3,0.0069763793,-0.00012302607,0.15082666
1194,0.00024002672,0.00023383204,0.00016067256,0.0019385858,7.0756763e-06,6.9358765e-06,4.7867546e-06,3.0370557e-06,3,3,3,3,0.0078944312,-6.8564246e-05,0.1507581
1195,0.00024000447,0.00023383137,0.00016062633,0.0019401063,7.0654847e-06,6.9522188e-06,4.7908429e-06,2.9947861e-06,3,3,3,3,0.0077847719,-7.0369695e-05,0.15068773
1196,0.00023983007,0.00023394987,0.00016074144,0.0019414696,7.0509463e-06,6.9749712e-06,4.8002725e-06,2.6903345e-06,3,3,3,3,0.0069935556,-0.0001257548,0.15056197
1197,0.00023942584,0.0002338806,0.00016070556,0.0019422314,7.0304568e-06,6.9919964e-06,4.8036537e-06,2.853336e-06,3,3,3,3,0.0074174657,-7.2849738e-05,0.15048912
1198,0.00023895768,0.00023388154,0.00016073197,0.0019432149,7.0105632e-06,7.0105671e-06,4.8086045e-06,2.6728524e-06,3,3,3,3,0.0069484563,-0.0001229873,0.15036613
1199,0.0002383639,0.00023374768,0.00016060598,0.0019441868,6.9872661e-06,7.0214731e-06,4.8096767e-06,3.0670272e-06,3,3,3,3,0.0079733523,-3.8389361e-05,0.15032774
1200,0.00023775674,0.00023366537,0.00016053967,0.0019450668,6.9652093e-06,7.0329774e-06,4.8151332e-06,2.6813052e-06,3,3,3,3,0.006970818,-9.6398789e-05,0.15023135
1201,0.00023697395,0.00023350153,0.0001603681,0.001944966,6.9402279e-06,7.0398072e-06,4.816488e-06,2.8416228e-06,3,3,3,3,0.0073877631,-3.7852483e-05,0.15019349
1202,0.00023611861,0.0002332423,0.00016008441,0.0019438132,6.9135261e-06,7.0433906e-06,4.8139002e-06,2.8217439e-06,3,3,3,3,0.0073362276,-1.4273421e-05,0.15017922
1203,0.00023515835,0.00023289581,0.00015969194,0.0019427021,6.8857619e-06,7.0463494e-06,4.8063831e-06,2.8083262e-06,3,3,3,3,0.0073014581,1.3513155e-05,0.15019273
1204,0.00023414794,0.00023248003,0.00015920308,0.0019408741,6.8569303e-06,7.0467774e-06,4.7943475e-06,2.7862393e-06,3,3,3,3,0.0072441143,4.1082585e-05,0.15023382
1205,0.00023310661,0.0002320372,0.00015865803,0.0019385448,6.8262081e-06,7.0442838e-06,4.7795039e-06,2.6796926e-06,3,3,3,3,0.0069671593,3.6902219e-05,0.15027072
1206,0.00023203994,0.0002316592,0.00015815834,0.0019356759,6.7975159e-06,7.0442121e-06,4.7677477e-06,2.7810156e-06,3,3,3,3,0.0072306399,8.8625209e-05,0.15035934
1207,0.00023096439,0.00023111766,0.00015756945,0.0019330343,6.7683852e-06,7.0352833e-06,4.7495656e-06,2.7723881e-06,3,3,3,3,0.0072082199,0.00010672837,0.15046607
1208,0.00022988637,0.00023051219,0.00015695725,0.001929804,6.738601e-06,7.0221432e-06,4.7293731e-06,3.148744e-06,3,3,3,3,0.0081867259,5.8450921e-05,0.15052452
1209,0.00022889965,0.00023001417,0.00015645819,0.0019261069,6.7113986e-06,7.0114767e-06,4.7116234e-06,2.650562e-06,3,3,3,3,0.0068913743,8.3379301e-05,0.1506079
1210,0.00022786795,0.00022917766,0.00015581978,0.0019211978,6.6840445e-06,6.9893738e-06,4.6884061e-06,2.6932932e-06,3,3,3,3,0.0070024171,8.8360335e-05,0.15069626
1211,0.00022702724,0.00022837238,0.00015524792,0.0019163249,6.6619337e-06,6.9676051e-06,4.6668094e-06,2.6585188e-06,3,3,3,3,0.0069119151,5.2604445e-05,0.15074887
1212,0.00022629035,0.000227511,0.00015466599,0.0019112437,6.6442452e-06,6.9414425e-06,4.6438605e-06,2.7015576e-06,3,3,3,3,0.0070236945,6.3717239e-05,0.15081258
1213,0.0002256621,0.000226594,0.00015412416,0.0019065124,6.6289127e-06,6.9115831e-06,4.62003e-06,2.6949051e-06,3,3,3,3,0.0070062444,5.9418791e-05,0.150872
1214,0.00022515684,0.00022561889,0.00015361894,0.0019022777,6.6147826e-06,6.8777715e-06,4.5964568e-06,2.6753764e-06,3,3,3,3,0.006955297,6.4532989e-05,0.15093654
1215,0.00022473067,0.0002246118,0.00015315512,0.0018985965,6.6020751e-06,6.8395327e-06,4.574751e-06,2.6409469e-06,3,3,3,3,0.0068656077,5.7217018e-05,0.15099375
1216,0.0002243727,0.00022365344,0.00015282506,0.0018951161,6.5905298e-06,6.800015e-06,4.5567989e-06,2.7110853e-06,3,3,3,3,0.0070477435,0.000101952,0.1510957
1217,0.00022406853,0.00022264881,0.00015249108,0.0018922432,6.5824964e-06,6.7576117e-06,4.5373523e-06,2.6755985e-06,3,3,3,3,0.0069552738,0.0001143878,0.15121009
1218,0.00022382649,0.00022172737,0.00015231136,0.0018898491,6.5774413e-06,6.7148563e-06,4.5233412e-06,3.3199119e-06,3,3,3,3,0.0086298635,7.5179849e-05,0.15128527
1219,0.00022366453,0.00022082932,0.00015208675,0.0018878092,6.5726218e-06,6.669172e-06,4.5080121e-06,2.6688728e-06,3,3,3,3,0.0069371963,0.00014102218,0.15142629
1220,0.0002233958,0.00021986443,0.00015192274,0.0018857182,6.5644436e-06,6.6208637e-06,4.497837e-06,2.668487e-06,3,3,3,3,0.0069359235,0.00015205586,0.15157835
1221,0.00022319861,0.00021914319,0.00015194879,0.0018847474,6.5565118e-06,6.5794453e-06,4.4939045e-06,3.4287564e-06,3,3,3,3,0.0089116607,7.9501684e-05,0.15165785
1222,0.00022305913,0.00021853543,0.00015200278,0.0018848555,6.5493668e-06,6.5404876e-06,4.4895307e-06,2.643853e-06,3,3,3,3,0.0068712642,0.00014389307,0.15180174
1223,0.00022272948,0.0002177415,0.00015196929,0.0018836629,6.536442e-06,6.4951895e-06,4.4840158e-06,2.6454609e-06,3,3,3,3,0.0068751599,0.00014839472,0.15195014
1224,0.00022241714,0.00021702923,0.00015204792,0.0018821364,6.5240332e-06,6.4538244e-06,4.4833941e-06,3.2400676e-06,3,3,3,3,0.0084201103,7.5051055e-05,0.15202519
1225,0.00022213803,0.00021643614,0.00015230346,0.0018812808,6.5139052e-06,6.4197272e-06,4.4901491e-06,2.644935e-06,3,3,3,3,0.0068731703,0.00014299105,0.15216818
1226,0.00022174712,0.00021563315,0.0001524471,0.0018784101,6.4968486e-06,6.3773135e-06,4.4923936e-06,2.657526e-06,3,3,3,3,0.0069056179,0.00015315116,0.15232133
1227,0.00022142367,0.00021496856,0.00015274892,0.0018754251,6.4782126e-06,6.3404661e-06,4.5002311e-06,3.1865352e-06,3,3,3,3,0.0082799124,7.3012237e-05,0.15239435
1228,0.00022118953,0.0002144346,0.00015305147,0.0018728514,6.4600503e-06,6.3078914e-06,4.5093316e-06,2.99732e-06,3,3,3,3,0.0077878492,6.7913343e-05,0.15246226
1229,0.00022093795,0.00021402436,0.00015344714,0.0018701042,6.4401112e-06,6.2800047e-06,4.5231285e-06,2.6099931e-06,3,3,3,3,0.0067811246,0.00010582566,0.15256808
1230,0.00022054666,0.00021350076,0.00015370418,0.0018667162,6.4146985e-06,6.247348e-06,4.532743e-06,2.6052054e-06,3,3,3,3,0.0067683883,0.00010451248,0.1526726
1231,0.00022017201,0.00021314649,0.00015401234,0.0018638284,6.3883088e-06,6.221555e-06,4.5452655e-06,2.8563943e-06,3,3,3,3,0.0074206534,8.0143592e-05,0.15275274
1232,0.00021980532,0.00021300974,0.00015446049,0.0018616606,6.3634421e-06,6.2057184e-06,4.5653748e-06,3.22377e-06,3,3,3,3,0.0083746659,5.1595576e-05,0.15280434
1233,0.0002193774,0.00021264775,0.00015454548,0.0018598743,6.3381329e-06,6.1826304e-06,4.5729987e-06,3.1115863e-06,3,3,3,3,0.0080827611,5.2041052e-05,0.15285638
1234,0.00021894348,0.00021248979,0.00015474588,0.0018588017,6.3162247e-06,6.1747723e-06,4.587119e-06,2.5374518e-06,3,3,3,3,0.0065909892,0.00011238211,0.15296876
1235,0.00021832869,0.00021223692,0.00015479716,0.0018555128,6.2907974e-06,6.1649517e-06,4.5961363e-06,2.551119e-06,3,3,3,3,0.0066261766,0.00012967714,0.15309844
1236,0.00021771124,0.00021219412,0.00015484349,0.0018515007,6.2685888e-06,6.1650908e-06,4.605145e-06,3.0179898e-06,3,3,3,3,0.0078384547,5.5354368e-05,0.15315379
1237,0.00021709684,0.00021228107,0.0001548463,0.0018471627,6.2502381e-06,6.1714716e-06,4.6127195e-06,2.8315709e-06,3,3,3,3,0.007353865,5.3271272e-05,0.15320706
1238,0.00021651134,0.00021247805,0.0001547818,0.001841764,6.2343664e-06,6.1848671e-06,4.6186382e-06,2.6855391e-06,3,3,3,3,0.0069742237,7.5787716e-05,0.15328285
1239,0.00021586649,0.00021259783,0.00015447009,0.0018349177,6.2172451e-06,6.1993776e-06,4.6166418e-06,2.4458459e-06,3,3,3,3,0.0063514468,9.3328248e-05,0.15337618
1240,0.00021522279,0.00021290685,0.0001541339,0.0018278258,6.202983e-06,6.2220255e-06,4.6159216e-06,2.4377785e-06,3,3,3,3,0.0063302078,0.0001074918,0.15348367
1241,0.00021461611,0.00021329016,0.00015369828,0.0018206024,6.1900599e-06,6.2487796e-06,4.6116996e-06,2.8332007e-06,3,3,3,3,0.0073566612,4.6087948e-05,0.15352976
1242,0.00021412178,0.00021362105,0.0001530513,0.0018132438,6.1799688e-06,6.2757874e-06,4.599607e-06,2.6792182e-06,3,3,3,3,0.006956456,4.9196186e-05,0.15357895
1243,0.00021363014,0.0002140444,0.00015242907,0.0018053674,6.1721349e-06,6.3083136e-06,4.5895968e-06,2.3459357e-06,3,3,3,3,0.0060907904,9.1404066e-05,0.15367036
1244,0.00021307276,0.00021435408,0.00015162335,0.001796673,6.1635133e-06,6.3356411e-06,4.5717684e-06,2.3375437e-06,3,3,3,3,0.0060687396,8.7774731e-05,0.15375813
1245,0.00021254301,0.00021467765,0.00015075687,0.001787643,6.1580832e-06,6.3616717e-06,4.5511086e-06,2.342287e-06,3,3,3,3,0.0060808151,9.8531048e-05,0.15385666
1246,0.0002120545,0.0002150071,0.00014983408,0.0017783836,6.1536914e-06,6.3849262e-06,4.5291051e-06,2.3465509e-06,3,3,3,3,0.0060916485,0.00012123256,0.1539779
1247,0.00021162771,0.00021526954,0.00014888606,0.0017692076,6.1501391e-06,6.4062855e-06,4.5052792e-06,2.6294367e-06,3,3,3,3,0.0068257771,8.8530162e-05,0.15406643
1248,0.00021135079,0.00021557111,0.00014804063,0.0017606655,6.1513208e-06,6.4264952e-06,4.4843982e-06,2.3453202e-06,3,3,3,3,0.0060880381,0.0001434758,0.1542099
1249,0.00021108143,0.0002156582,0.00014708788,0.001752561,6.1525325e-06,6.4364313e-06,4.4578385e-06,2.3719173e-06,3,3,3,3,0.006156895,0.00014941123,0.15435931
1250,0.00021093101,0.00021566762,0.00014614767,0.0017451542,6.155003e-06,6.4403018e-06,4.4297484e-06,2.4050464e-06,3,3,3,3,0.0062427137,0.00015570792,0.15451502
1251,0.00021086624,0.00021560594,0.00014522759,0.0017377679,6.1609362e-06,6.4387311e-06,4.4012313e-06,2.4374503e-06,3,3,3,3,0.0063266495,0.00016076961,0.15467579
1252,0.00021089122,0.0002154883,0.00014433836,0.0017313242,6.1691292e-06,6.4324244e-06,4.3722805e-06,2.4745961e-06,3,3,3,3,0.0064229051,0.00016522401,0.15484101
1253,0.00021097569,0.00021536413,0.00014352046,0.0017255801,6.1788031e-06,6.4244341e-06,4.3445797e-06,2.8892257e-06,3,3,3,3,0.007498925,4.9770439e-05,0.15489079
1254,0.00021124118,0.00021539695,0.00014297802,0.0017213082,6.1925625e-06,6.4220591e-06,4.3261331e-06,2.5051781e-06,3,3,3,3,0.0065019561,8.3619401e-05,0.1549744
1255,0.00021140929,0.00021527316,0.00014236197,0.0017167781,6.2045065e-06,6.4123056e-06,4.3041026e-06,2.5415761e-06,3,3,3,3,0.0065963148,2.0644916e-05,0.15499505
1256,0.00021165471,0.00021512168,0.00014180705,0.0017128154,6.2180234e-06,6.4020058e-06,4.2837767e-06,2.5935629e-06,3,3,3,3,0.0067311476,-4.6910658e-05,0.15494814
1257,0.00021196242,0.00021494295,0.00014132941,0.001710193,6.2328285e-06,6.3914975e-06,4.2652722e-06,3.2748035e-06,3,3,3,3,0.0084990964,-4.1147345e-05,0.15490699
1258,0.00021230651,0.00021454122,0.00014051352,0.0017088301,6.2433525e-06,6.3697654e-06,4.2319587e-06,3.3137815e-06,3,3,3,3,0.0086003277,-3.6043313e-05,0.15487095
1259,0.00021274666,0.00021444851,0.00014026048,0.0017077909,6.2617242e-06,6.3672551e-06,4.2214964e-06,2.5820499e-06,3,3,3,3,0.0067012879,-5.5490382e-05,0.15481546
1260,0.00021321105,0.00021398463,0.00013972184,0.0017056291,6.2818021e-06,6.3496135e-06,4.1994728e-06,2.6102975e-06,3,3,3,3,0.0067745885,-2.245035e-05,0.15479301
1261,0.0002138568,0.00021362717,0.00013923806,0.0017047602,6.3074559e-06,6.3342192e-06,4.1778865e-06,2.6528218e-06,3,3,3,3,0.006884953,1.2204938e-05,0.15480521
1262,0.00021462197,0.00021335291,0.00013882919,0.0017052557,6.3361445e-06,6.3224517e-06,4.1579914e-06,2.6711196e-06,3,3,3,3,0.0069324514,5.111272e-05,0.15485632
1263,0.00021544633,0.00021319964,0.00013858604,0.0017065638,6.3672666e-06,6.3167158e-06,4.1448865e-06,2.820347e-06,3,3,3,3,0.0073197644,3.5013557e-05,0.15489134
1264,0.00021627666,0.00021315196,0.00013837981,0.0017082725,6.3967678e-06,6.314438e-06,4.13302e-06,2.8272994e-06,3,3,3,3,0.0073378227,3.206351e-05,0.1549234
1265,0.00021705017,0.00021316175,0.00013818507,0.0017103912,6.4236015e-06,6.3140608e-06,4.1202673e-06,2.8040591e-06,3,3,3,3,0.0072775259,1.6304777e-05,0.15493971
1266,0.00021774705,0.00021318046,0.00013801189,0.0017129731,6.4484932e-06,6.3139141e-06,4.1082145e-06,2.7724408e-06,3,3,3,3,0.0071955141,-8.8520334e-06,0.15493085
1267,0.00021839639,0.00021324615,0.00013787894,0.0017155099,6.4715419e-06,6.313394e-06,4.0991684e-06,2.6708915e-06,3,3,3,3,0.006932019,-7.8678646e-06,0.15492299
1268,0.0002190019,0.00021339921,0.00013792486,0.0017184868,6.4937881e-06,6.3169128e-06,4.0982579e-06,2.8110924e-06,3,3,3,3,0.0072959728,-6.6326756e-05,0.15485666
1269,0.00021950553,0.00021338885,0.00013786388,0.0017218035,6.5128412e-06,6.3134303e-06,4.0962379e-06,2.819216e-06,3,3,3,3,0.007317144,-9.260538e-05,0.15476405
1270,0.0002199489,0.00021335763,0.0001378523,0.0017263032,6.5290289e-06,6.3099074e-06,4.0966861e-06,2.8440296e-06,3,3,3,3,0.007381644,-0.00011891877,0.15464514
1271,0.000220334,0.00021328598,0.00013787818,0.001729921,6.5430285e-06,6.3066818e-06,4.1003779e-06,3.3588695e-06,3,3,3,3,0.0087180108,-5.2872521e-05,0.15459226
1272,0.00022076504,0.00021341403,0.0001381678,0.0017343647,6.5579409e-06,6.3123254e-06,4.1131715e-06,2.6777641e-06,3,3,3,3,0.0069503369,-5.6479627e-05,0.15453578
1273,0.00022103094,0.00021327997,0.00013841934,0.0017382828,6.5658839e-06,6.3103594e-06,4.1262388e-06,2.8436478e-06,3,3,3,3,0.0073809923,-4.5423883e-05,0.15449036
1274,0.00022141129,0.00021334215,0.00013892162,0.0017435281,6.577268e-06,6.3169065e-06,4.1491825e-06,2.8956823e-06,3,3,3,3,0.0075161625,-6.2020458e-06,0.15448416
1275,0.00022177599,0.00021350671,0.00013958986,0.0017493268,6.5894155e-06,6.3262918e-06,4.1773597e-06,2.8325949e-06,3,3,3,3,0.0073525476,3.2034817e-05,0.15451619
1276,0.00022214636,0.00021384226,0.00014038312,0.0017558886,6.600058e-06,6.3420025e-06,4.2114065e-06,2.8509995e-06,3,3,3,3,0.0074004763,5.8196061e-05,0.15457439
1277,0.00022243425,0.00021422172,0.00014120299,0.0017615731,6.6056339e-06,6.3628899e-06,4.244608e-06,2.8031397e-06,3,3,3,3,0.0072764081,7.8757658e-05,0.15465315
1278,0.00022263162,0.00021469217,0.00014204923,0.0017669141,6.6062731e-06,6.3877045e-06,4.2768013e-06,3.2604408e-06,3,3,3,3,0.008463679,2.2958833e-05,0.15467611
1279,0.00022280515,0.00021515675,0.00014272812,0.0017722618,6.6012855e-06,6.4097067e-06,4.3010439e-06,2.692849e-06,3,3,3,3,0.0069903957,0.00010738386,0.15478349
1280,0.00022284883,0.00021588009,0.00014361388,0.0017785617,6.5945172e-06,6.4479614e-06,4.3322304e-06,2.751008e-06,3,3,3,3,0.0071415644,5.6734039e-05,0.15484022
1281,0.00022289508,0.0002166966,0.00014449269,0.0017852894,6.5877469e-06,6.4882996e-06,4.3609318e-06,2.7627794e-06,3,3,3,3,0.0071723039,4.3959139e-05,0.15488418
1282,0.00022291579,0.00021758751,0.00014536026,0.0017934297,6.5804214e-06,6.5300083e-06,4.3898955e-06,2.750977e-06,3,3,3,3,0.0071418693,2.7674224e-05,0.15491186
1283,0.00022294428,0.0002185043,0.00014621051,0.0018029487,6.5715951e-06,6.5683794e-06,4.418135e-06,2.699703e-06,3,3,3,3,0.0070089569,4.7423744e-05,0.15495928
1284,0.00022295576,0.00021946393,0.00014707137,0.0018119232,6.5601539e-06,6.6039909e-06,4.44675e-06,2.7400231e-06,3,3,3,3,0.0071138361,3.7981578e-06,0.15496308
1285,0.00022294273,0.00022024962,0.00014781191,0.0018215508,6.5455926e-06,6.6329936e-06,4.4699381e-06,2.7245123e-06,3,3,3,3,0.007073764,-1.5886258e-05,0.15494719
1286,0.00022291523,0.00022098506,0.0001485085,0.0018307159,6.5284272e-06,6.6577272e-06,4.4909995e-06,2.7008235e-06,3,3,3,3,0.0070124432,-4.6507368e-05,0.15490068
1287,0.00022284076,0.00022168228,0.00014915662,0.0018374468,6.5097552e-06,6.6775415e-06,4.5095595e-06,2.6337226e-06,3,3,3,3,0.0068383702,-6.6133557e-05,0.15483455
1288,0.00022269711,0.00022238308,0.00014981208,0.0018437315,6.4891104e-06,6.6957923e-06,4.5290437e-06,2.6410353e-06,3,3,3,3,0.0068574753,-0.000109905,0.15472465
1289,0.00022248968,0.00022297657,0.00015041286,0.0018491663,6.4680876e-06,6.710466e-06,4.5472508e-06,2.6534899e-06,3,3,3,3,0.0068899087,-0.00015208562,0.15457256
1290,0.00022221586,0.00022347842,0.00015098314,0.0018545089,6.4461616e-06,6.7223898e-06,4.5650101e-06,3.5114516e-06,3,3,3,3,0.0091177347,-0.00010848605,0.15446407
1291,0.00022199261,0.00022395021,0.00015144748,0.0018608442,6.4233533e-06,6.7311668e-06,4.5789757e-06,2.6383142e-06,3,3,3,3,0.0068507042,-0.00018847372,0.1542756
1292,0.00022154719,0.00022421963,0.00015188501,0.0018659215,6.3970602e-06,6.7316706e-06,4.5935799e-06,2.6378407e-06,3,3,3,3,0.0068495175,-0.0001968949,0.15407871
1293,0.00022113556,0.00022446408,0.00015232792,0.0018716477,6.3714644e-06,6.730182e-06,4.6079149e-06,3.077124e-06,3,3,3,3,0.0079902169,-0.00010909308,0.15396961
1294,0.00022081885,0.00022483545,0.00015288172,0.0018778358,6.3507334e-06,6.7327431e-06,4.6245959e-06,2.6450387e-06,3,3,3,3,0.0068683311,-0.00016429977,0.15380531
1295,0.00022036922,0.00022493138,0.00015323168,0.0018821382,6.3290024e-06,6.7234483e-06,4.6341186e-06,2.6566578e-06,3,3,3,3,0.0068985251,-0.00014769011,0.15365762
1296,0.00021994181,0.00022500391,0.0001535623,0.0018873323,6.3085215e-06,6.7119379e-06,4.6420884e-06,2.6670033e-06,3,3,3,3,0.0069254067,-0.00014322679,0.1535144
1297,0.00021959021,0.00022499523,0.00015389102,0.0018925686,6.2896873e-06,6.6972988e-06,4.6486685e-06,2.828328e-06,3,3,3,3,0.007344338,-0.00011285099,0.15340155
1298,0.00021933364,0.00022485386,0.00015416635,0.0018976501,6.2738852e-06,6.6774998e-06,4.6513608e-06,2.700579e-06,3,3,3,3,0.0070126243,-0.00014278454,0.15325876
1299,0.00021914562,0.00022467368,0.00015446641,0.0019021198,6.2619432e-06,6.6582299e-06,4.6561859e-06,2.727821e-06,3,3,3,3,0.0070833696,-0.00015448992,0.15310427
1300,0.00021907154,0.00022447585,0.00015477697,0.0019073331,6.254536e-06,6.6398428e-06,4.6609606e-06,2.7487656e-06,3,3,3,3,0.0071377686,-0.00017759922,0.15292667
1301,0.0002191293,0.00022430239,0.00015511986,0.0019120123,6.249983e-06,6.6218521e-06,4.6667844e-06,2.9844583e-06,3,3,3,3,0.0077498078,-0.00015793299,0.15276874
1302,0.00021934371,0.00022427302,0.00015558335,0.0019162191,6.2506854e-06,6.6085332e-06,4.6773837e-06,2.9570899e-06,3,3,3,3,0.0076787895,-0.00015819287,0.15261055
1303,0.00021964868,0.00022425127,0.00015598362,0.0019201668,6.2547354e-06,6.5950796e-06,4.6873684e-06,3.3887409e-06,3,3,3,3,0.0087997676,-9.5420109e-05,0.15251513
1304,0.00021998539,0.00022396466,0.00015602267,0.0019230149,6.2609465e-06,6.5718505e-06,4.6843302e-06,2.8020566e-06,3,3,3,3,0.0072764463,-0.00015289489,0.15236223
1305,0.00022027485,0.0002238384,0.00015626888,0.0019254129,6.2692255e-06,6.55992e-06,4.6895105e-06,2.8305299e-06,3,3,3,3,0.0073504658,-0.00013349701,0.15222873
1306,0.00022068011,0.00022382731,0.00015651933,0.0019263974,6.2821771e-06,6.5528078e-06,4.6944166e-06,2.8504662e-06,3,3,3,3,0.0074023037,-0.00013464247,0.15209409
1307,0.00022118537,0.00022387507,0.00015677006,0.0019273027,6.297853e-06,6.5503202e-06,4.6999632e-06,2.8641155e-06,3,3,3,3,0.007437796,-0.00015625746,0.15193783
1308,0.00022173844,0.00022396186,0.00015698409,0.001927762,6.3156571e-06,6.5487754e-06,4.7041758e-06,2.8710821e-06,3,3,3,3,0.007455951,-0.0001975847,0.15174025
1309,0.00022231525,0.00022410877,0.00015714469,0.001927608,6.3367578e-06,6.5478425e-06,4.7065041e-06,3.6784591e-06,3,3,3,3,0.009552739,-0.00010223145,0.15163802
1310,0.00022315857,0.00022465002,0.00015753959,0.0019288662,6.3651098e-06,6.5632165e-06,4.7186392e-06,3.0747137e-06,3,3,3,3,0.0079850759,-0.00015086028,0.15148716
1311,0.00022377861,0.00022483575,0.00015746933,0.0019281902,6.3867811e-06,6.5661612e-06,4.7137996e-06,2.8549607e-06,3,3,3,3,0.0074145026,-0.00017016052,0.151317
1312,0.00022453166,0.0002253429,0.00015745261,0.0019280488,6.415217e-06,6.5797936e-06,4.7123751e-06,2.8580033e-06,3,3,3,3,0.0074225511,-0.00014856125,0.15116844
1313,0.00022539292,0.00022605609,0.00015737869,0.001927578,6.449626e-06,6.6006602e-06,4.709834e-06,2.8750142e-06,3,3,3,3,0.0074669086,-0.00013732397,0.15103111
1314,0.00022629993,0.00022686578,0.00015725951,0.0019266951,6.4872015e-06,6.6252638e-06,4.7058149e-06,2.8817556e-06,3,3,3,3,0.0074846132,-0.00013795404,0.15089316
1315,0.00022718522,0.00022769621,0.00015714888,0.0019264393,6.5270182e-06,6.6516867e-06,4.7025764e-06,3.144846e-06,3,3,3,3,0.0081681555,-9.5952605e-05,0.15079721
1316,0.00022816749,0.00022857794,0.00015710283,0.001926345,6.5699461e-06,6.6779044e-06,4.7004022e-06,2.8297935e-06,3,3,3,3,0.0073500901,-0.00013482509,0.15066238
1317,0.00022915581,0.0002293989,0.00015707323,0.0019267621,6.6145365e-06,6.7050108e-06,4.6981815e-06,2.8246141e-06,3,3,3,3,0.0073368631,-0.00014314867,0.15051923
1318,0.00023018782,0.0002301931,0.00015707006,0.0019270675,6.6598097e-06,6.7315126e-06,4.6949152e-06,2.8232453e-06,3,3,3,3,0.0073335434,-0.0001650837,0.15035415
1319,0.00023129464,0.00023093215,0.00015710645,0.0019272488,6.7062926e-06,6.7569507e-06,4.6924121e-06,3.2687143e-06,3,3,3,3,0.0084909597,-6.1240285e-05,0.15029291
1320,0.00023247274,0.0002314426,0.00015703062,0.0019272798,6.7529275e-06,6.772997e-06,4.6861769e-06,2.7769599e-06,3,3,3,3,0.0072138809,-0.00015461265,0.15013829
1321,0.00023350532,0.00023190921,0.0001571324,0.0019274019,6.7959213e-06,6.7909089e-06,4.6876357e-06,2.7624946e-06,3,3,3,3,0.0071765608,-0.00015560799,0.14998269
1322,0.0002344736,0.00023230828,0.00015730055,0.0019268801,6.837684e-06,6.8073561e-06,4.6896855e-06,3.3560119e-06,3,3,3,3,0.0087187627,-4.1432835e-05,0.14994125
1323,0.00023550918,0.00023281032,0.00015766188,0.0019273873,6.8796404e-06,6.828241e-06,4.6968373e-06,2.7291941e-06,3,3,3,3,0.0070906851,-0.00012448769,0.14981677
1324,0.00023632776,0.00023312174,0.00015791965,0.0019267671,6.9150082e-06,6.8409833e-06,4.6997842e-06,2.7248331e-06,3,3,3,3,0.0070796585,-0.00012400031,0.14969277
1325,0.00023705394,0.0002333551,0.00015821144,0.0019262054,6.9477376e-06,6.8508099e-06,4.703385e-06,3.0991301e-06,3,3,3,3,0.0080525051,-7.1065968e-05,0.1496217
1326,0.00023773154,0.00023357483,0.00015853074,0.0019264409,6.9782682e-06,6.8605714e-06,4.7074737e-06,3.0149203e-06,3,3,3,3,0.0078340559,-7.169129e-05,0.14955001
1327,0.0002382785,0.00023381942,0.00015902639,0.0019271803,7.0058003e-06,6.8732328e-06,4.7187225e-06,2.7145838e-06,3,3,3,3,0.007053968,-0.00013428663,0.14941572
1328,0.00023869346,0.00023379952,0.00015936251,0.0019272358,7.0258557e-06,6.8778531e-06,4.7239778e-06,3.2867369e-06,3,3,3,3,0.0085411037,-2.8453396e-05,0.14938727
1329,0.00023912635,0.00023376359,0.0001595892,0.0019283675,7.0432969e-06,6.8775313e-06,4.7272847e-06,2.7012482e-06,3,3,3,3,0.0070199992,-0.00011557246,0.1492717
1330,0.00023932364,0.000233709,0.00015983903,0.0019302178,7.0565809e-06,6.8801338e-06,4.7344826e-06,2.6922781e-06,3,3,3,3,0.0069969827,-0.00012490404,0.14914679
1331,0.00023951279,0.00023369795,0.00016009977,0.0019317016,7.0682588e-06,6.8856891e-06,4.745451e-06,3.0146485e-06,3,3,3,3,0.0078351104,-8.1774005e-05,0.14906502
1332,0.00023970804,0.00023367999,0.00016023141,0.0019338051,7.0757432e-06,6.8931379e-06,4.7540738e-06,3.0073506e-06,3,3,3,3,0.0078164601,-8.7042481e-05,0.14897798
1333,0.00023987715,0.00023378085,0.00016046235,0.0019361074,7.0793196e-06,6.9078281e-06,4.7682042e-06,2.9308699e-06,3,3,3,3,0.0076179669,-8.5106276e-05,0.14889287
1334,0.00023996574,0.00023388675,0.0001606346,0.0019379295,7.0790356e-06,6.9257429e-06,4.7801124e-06,2.7100864e-06,3,3,3,3,0.007044353,-0.00013296026,0.14875991
1335,0.00023994135,0.0002338608,0.00016063683,0.001939203,7.0710767e-06,6.9420173e-06,4.787905e-06,3.4929106e-06,3,3,3,3,0.0090794223,-2.5435349e-05,0.14873447
1336,0.00023997965,0.00023398258,0.00016076372,0.0019408986,7.0618742e-06,6.9628142e-06,4.7981672e-06,2.7166656e-06,3,3,3,3,0.007061934,-9.5727975e-05,0.14863875
1337,0.00023968118,0.0002340217,0.00016085544,0.0019419238,7.044324e-06,6.9829844e-06,4.806049e-06,2.7066101e-06,3,3,3,3,0.0070359771,-8.8158583e-05,0.14855059
1338,0.0002392887,0.00023404767,0.00016093397,0.0019429845,7.0251747e-06,7.0037267e-06,4.8131127e-06,2.9507276e-06,3,3,3,3,0.0076707638,-3.1605647e-05,0.14851898
1339,0.00023880222,0.0002339401,0.00016084062,0.0019438497,7.0040004e-06,7.0169624e-06,4.8139277e-06,2.9656467e-06,3,3,3,3,0.0077097323,-1.2317952e-05,0.14850666
1340,0.00023819299,0.0002337657,0.00016063144,0.0019451996,6.9807032e-06,7.0255884e-06,4.812555e-06,2.954242e-06,3,3,3,3,0.0076802703,1.1434775e-05,0.1485181
1341,0.00023747698,0.00023354367,0.00016037255,0.0019458119,6.9559678e-06,7.0311676e-06,4.8103745e-06,2.855261e-06,3,3,3,3,0.0074231226,3.7933446e-05,0.14855603
1342,0.00023667444,0.00023333169,0.00016012456,0.0019454586,6.9303755e-06,7.0360866e-06,4.8098064e-06,2.6899351e-06,3,3,3,3,0.0069934496,3.6823771e-05,0.14859286
1343,0.0002357835,0.00023308174,0.00015984714,0.0019438546,6.9032688e-06,7.0412838e-06,4.8072385e-06,2.6799144e-06,3,3,3,3,0.0069675253,5.5505099e-05,0.14864836
1344,0.00023482725,0.00023278526,0.00015951367,0.0019424214,6.876063e-06,7.0469347e-06,4.8018565e-06,2.808984e-06,3,3,3,3,0.0073031969,9.1705136e-05,0.14874007
1345,0.0002338197,0.00023235873,0.0001590183,0.0019405284,6.8474225e-06,7.0460611e-06,4.7888376e-06,2.8088359e-06,3,3,3,3,0.007302881,0.00010042428,0.14884049
1346,0.00023277969,0.0002319254,0.00015847426,0.0019381306,6.8169305e-06,7.0440566e-06,4.7745708e-06,2.768738e-06,3,3,3,3,0.007198685,0.00010503633,0.14894553
1347,0.00023168609,0.00023146089,0.000157893,0.0019353699,6.7877239e-06,7.0402621e-06,4.7592697e-06,2.7670721e-06,3,3,3,3,0.0071943876,0.00011002885,0.14905556
1348,0.00023061537,0.00023093163,0.00015733421,0.0019326156,6.7584354e-06,7.031592e-06,4.7421117e-06,2.7619827e-06,3,3,3,3,0.0071811555,0.00011467671,0.14917023
1349,0.00022953962,0.00023035539,0.00015677282,0.0019290843,6.7289797e-06,7.0192987e-06,4.7235005e-06,2.6695756e-06,3,3,3,3,0.0069408729,9.7378156e-05,0.14926761
1350,0.00022849905,0.00022970894,0.00015621147,0.0019245098,6.7004482e-06,7.0030515e-06,4.7031095e-06,2.7166178e-06,3,3,3,3,0.0070631462,0.00011368836,0.1493813
1351,0.00022756776,0.00022894391,0.00015563251,0.0019200709,6.676018e-06,6.983939e-06,4.6818308e-06,2.7144001e-06,3,3,3,3,0.0070573105,0.0001127042,0.149494
1352,0.00022675761,0.0002281342,0.00015504951,0.0019152985,6.6553966e-06,6.9615832e-06,4.6594969e-06,2.7072358e-06,3,3,3,3,0.0070385823,0.00011651886,0.14961052
1353,0.00022605201,0.0002272672,0.00015449184,0.0019103326,6.6385784e-06,6.9347947e-06,4.6371273e-06,2.6517879e-06,3,3,3,3,0.0068942968,9.8265819e-05,0.14970879
1354,0.00022544761,0.00022636329,0.00015400653,0.0019057418,6.6229547e-06,6.9048169e-06,4.614956e-06,2.7249662e-06,3,3,3,3,0.0070843831,0.00012571498,0.1498345
1355,0.00022495876,0.00022536219,0.00015349883,0.0019015605,6.6092599e-06,6.8694127e-06,4.591193e-06,2.7473872e-06,3,3,3,3,0.0071424869,0.00013881854,0.14997332
1356,0.00022457083,0.00022435704,0.00015303615,0.0018981926,6.5969549e-06,6.830087e-06,4.5693962e-06,2.6614067e-06,3,3,3,3,0.006918766,0.00013621223,0.15010953
1357,0.00022423002,0.00022340564,0.00015272539,0.0018946011,6.5864044e-06,6.7906229e-06,4.5515766e-06,3.3022616e-06,3,3,3,3,0.0085845253,7.8737243e-05,0.15018827
1358,0.00022402425,0.0002225251,0.00015244855,0.0018928017,6.5812717e-06,6.7515299e-06,4.5336353e-06,2.6547676e-06,3,3,3,3,0.0069010201,0.00012523935,0.15031351
1359,0.00022369703,0.00022143205,0.00015215184,0.001889824,6.573395e-06,6.7018259e-06,4.5156656e-06,2.6682234e-06,3,3,3,3,0.0069357349,0.00011306605,0.15042658
1360,0.00022349226,0.00022051385,0.00015201388,0.0018870256,6.5677023e-06,6.6555673e-06,4.5045707e-06,2.6822207e-06,3,3,3,3,0.0069718432,0.00010621886,0.15053279
1361,0.00022331652,0.00021973712,0.00015199236,0.0018857854,6.5618983e-06,6.6135538e-06,4.4996149e-06,3.268855e-06,3,3,3,3,0.0084963434,5.8133257e-05,0.15059093
1362,0.00022317525,0.00021901669,0.00015191549,0.001885636,6.5546889e-06,6.5702789e-06,4.4907607e-06,2.6515853e-06,3,3,3,3,0.0068916103,9.222167e-05,0.15068315
1363,0.00022286937,0.00021820538,0.00015188127,0.0018844293,6.5430049e-06,6.5247471e-06,4.4840801e-06,2.6448549e-06,3,3,3,3,0.0068738379,0.00010201652,0.15078517
1364,0.00022259999,0.0002175667,0.00015200193,0.0018836283,6.5314491e-06,6.485339e-06,4.4846404e-06,3.2857413e-06,3,3,3,3,0.0085391202,6.1365697e-05,0.15084653
1365,0.00022236116,0.00021696945,0.00015217638,0.0018830732,6.5223923e-06,6.4491832e-06,4.4874158e-06,2.6358791e-06,3,3,3,3,0.0068498818,0.00012489024,0.15097142
1366,0.00022196561,0.00021617167,0.00015228764,0.0018809207,6.5074839e-06,6.4068672e-06,4.4891067e-06,2.6556705e-06,3,3,3,3,0.0069010439,0.00015697777,0.1511284
1367,0.00022162907,0.00021545626,0.00015251742,0.0018780813,6.4910837e-06,6.3677031e-06,4.494173e-06,3.3491588e-06,3,3,3,3,0.0087028031,7.9124265e-05,0.15120752
1368,0.00022139934,0.00021493568,0.00015289566,0.0018760543,6.4753931e-06,6.3363697e-06,4.5048466e-06,3.0498931e-06,3,3,3,3,0.0079247295,7.7854454e-05,0.15128538
1369,0.00022116493,0.00021447745,0.00015328465,0.0018732455,6.4566276e-06,6.3061082e-06,4.5175039e-06,2.6275296e-06,3,3,3,3,0.0068269258,0.00012823947,0.15141362
1370,0.0002207968,0.00021386428,0.00015351745,0.0018697517,6.4324512e-06,6.2708032e-06,4.5257205e-06,2.6343787e-06,3,3,3,3,0.0068444315,0.00011959339,0.15153321
1371,0.0002204467,0.00021341587,0.00015378975,0.0018667827,6.4074836e-06,6.2400301e-06,4.5355355e-06,2.9072961e-06,3,3,3,3,0.0075531697,9.0119015e-05,0.15162333
1372,0.00022014035,0.00021324637,0.00015427304,0.0018646006,6.3834607e-06,6.2222659e-06,4.5555828e-06,3.0485339e-06,3,3,3,3,0.0079197399,5.4695105e-05,0.15167803
1373,0.00021972226,0.00021287491,0.00015445641,0.0018618614,6.3579473e-06,6.1976772e-06,4.5660075e-06,2.5950363e-06,3,3,3,3,0.0067412287,0.00013598453,0.15181401
1374,0.00021924047,0.00021268667,0.00015473778,0.0018603394,6.3322497e-06,6.1838327e-06,4.5817515e-06,3.3062621e-06,3,3,3,3,0.0085883983,5.4732779e-05,0.15186874
1375,0.00021880266,0.0002124235,0.00015478063,0.0018590476,6.3094468e-06,6.1709097e-06,4.5894168e-06,3.0802488e-06,3,3,3,3,0.008000824,5.2161923e-05,0.1519209
1376,0.00021831585,0.00021243123,0.00015501483,0.0018565842,6.2890909e-06,6.1722539e-06,4.6058127e-06,2.5240081e-06,3,3,3,3,0.0065556366,0.00010564421,0.15202655
1377,0.00021763312,0.00021231951,0.00015498072,0.0018520394,6.2661576e-06,6.1700936e-06,4.6116528e-06,2.5404534e-06,3,3,3,3,0.0065980508,0.00011654267,0.15214309
1378,0.00021695064,0.0002123523,0.00015487967,0.0018468066,6.2450862e-06,6.1737161e-06,4.6153214e-06,2.8574956e-06,3,3,3,3,0.0074211298,9.1590373e-05,0.15223468
1379,0.00021637626,0.00021259787,0.00015483061,0.0018413126,6.229292e-06,6.1912543e-06,4.6226052e-06,2.9443837e-06,3,3,3,3,0.0076464201,5.3534486e-05,0.15228822
1380,0.00021577372,0.00021275638,0.00015448507,0.0018345292,6.2154892e-06,6.2072027e-06,4.6195749e-06,2.8080812e-06,3,3,3,3,0.0072920323,5.0717245e-05,0.15233893
1381,0.00021519556,0.00021308968,0.00015409416,0.00182756,6.2031449e-06,6.2302933e-06,4.616873e-06,2.3952612e-06,3,3,3,3,0.0062196783,9.5749839e-05,0.15243468
1382,0.00021454085,0.00021337192,0.00015355602,0.0018200448,6.1882577e-06,6.2542843e-06,4.6090969e-06,2.3906169e-06,3,3,3,3,0.0062073298,8.6427972e-05,0.15252111
1383,0.00021397405,0.00021373395,0.00015294686,0.0018121025,6.1773392e-06,6.2840896e-06,4.59872e-06,2.3966302e-06,3,3,3,3,0.006222666,0.00010279712,0.15262391
1384,0.00021345219,0.00021412029,0.0001522574,0.0018038445,6.1683979e-06,6.3149193e-06,4.5859198e-06,2.713138e-06,3,3,3,3,0.007044146,4.407561e-05,0.15266798
1385,0.00021300937,0.00021452753,0.000151487,0.0017957826,6.1634744e-06,6.3454234e-06,4.569265e-06,2.3371222e-06,3,3,3,3,0.0060675844,0.00011900535,0.15278699
1386,0.00021247019,0.00021483387,0.00015059437,0.0017864889,6.1584115e-06,6.3702235e-06,4.5480108e-06,2.3253009e-06,3,3,3,3,0.0060366571,0.00013603903,0.15292303
1387,0.00021197968,0.00021513141,0.00014966866,0.0017772064,6.1535529e-06,6.3920086e-06,4.5256824e-06,2.5833004e-06,3,3,3,3,0.0067061846,0.0001037753,0.1530268
1388,0.00021162771,0.00021547061,0.00014881841,0.0017683824,6.151986e-06,6.4160481e-06,4.5053036e-06,2.3515249e-06,3,3,3,3,0.0061042834,0.00015422324,0.15318103
1389,0.00021128838,0.00021564108,0.00014786028,0.0017595321,6.1521034e-06,6.4309564e-06,4.4800234e-06,2.3751172e-06,3,3,3,3,0.0061653367,0.00016082543,0.15334185
1390,0.00021107268,0.00021571803,0.00014690323,0.0017516667,6.1535971e-06,6.4395851e-06,4.4524445e-06,2.3993374e-06,3,3,3,3,0.0062280225,0.00017081479,0.15351267
1391,0.00021095166,0.00021570893,0.00014595708,0.001744372,6.1571737e-06,6.4421353e-06,4.4241334e-06,2.9600009e-06,3,3,3,3,0.0076831353,5.1310631e-05,0.15356398
1392,0.00021106258,0.00021580009,0.00014519666,0.0017379166,6.1680511e-06,6.4448551e-06,4.4008723e-06,2.4277259e-06,3,3,3,3,0.0063012957,0.00010456745,0.15366855
1393,0.00021108388,0.0002157007,0.00014439402,0.0017316011,6.1772352e-06,6.4392449e-06,4.3750062e-06,2.4620721e-06,3,3,3,3,0.0063902853,5.1044699e-05,0.15371959
1394,0.00021118127,0.00021562596,0.00014366966,0.0017259881,6.1872453e-06,6.4329734e-06,4.3502587e-06,2.5132378e-06,3,3,3,3,0.0065229456,-2.4828867e-06,0.15371711
1395,0.00021135082,0.00021554776,0.00014301947,0.0017213029,6.1980867e-06,6.4259269e-06,4.3274434e-06,3.1332436e-06,3,3,3,3,0.0081319804,-1.5509418e-05,0.1537016
1396,0.00021149407,0.0002151986,0.00014211463,0.0017169596,6.2063436e-06,6.4062077e-06,4.2940395e-06,3.1814202e-06,3,3,3,3,0.0082569566,-2.4328452e-05,0.15367727
1397,0.00021176151,0.00021506294,0.00014154414,0.0017138929,6.2198132e-06,6.3975031e-06,4.2734759e-06,2.5613206e-06,3,3,3,3,0.0066475441,-6.9541944e-05,0.15360773
1398,0.00021199378,0.00021468801,0.00014091345,0.001710654,6.2329064e-06,6.3798927e-06,4.2489137e-06,2.5859876e-06,3,3,3,3,0.0067114937,-7.0666848e-05,0.15353706
1399,0.00021235018,0.00021439755,0.00014038003,0.0017081245,6.2479509e-06,6.3660155e-06,4.2276117e-06,2.6222875e-06,3,3,3,3,0.0068056505,-7.1336813e-05,0.15346572
1400,0.00021282894,0.000214137,0.00013997926,0.0017063184,6.2665547e-06,6.3555668e-06,4.2110724e-06,2.6565735e-06,3,3,3,3,0.0068946066,-7.4173333e-05,0.15339155
1401,0.00021345873,0.00021392332,0.00013966745,0.0017055323,6.2914952e-06,6.3469669e-06,4.1968308e-06,3.3526802e-06,3,3,3,3,0.0087012005,-1.0813652e-05,0.15338074
1402,0.00021421161,0.00021371314,0.00013922102,0.001706179,6.3195797e-06,6.3366627e-06,4.1761056e-06,2.7649368e-06,3,3,3,3,0.0071759129,-8.7390661e-05,0.15329335
1403,0.0002149457,0.00021346742,0.00013890659,0.0017069073,6.3486294e-06,6.3276526e-06,4.160229e-06,2.6185877e-06,3,3,3,3,0.0067961062,-4.3545438e-05,0.1532498
1404,0.00021571207,0.00021323694,0.00013856282,0.0017076572,6.3767535e-06,6.3171635e-06,4.1425375e-06,2.6346401e-06,3,3,3,3,0.006837785,-3.2507823e-05,0.15321729
1405,0.00021653508,0.00021320378,0.0001383366,0.0017092181,6.4053354e-06,6.3151774e-06,4.1296368e-06,2.778781e-06,3,3,3,3,0.0072119008,-5.450365e-05,0.15316279
1406,0.00021730626,0.00021323661,0.00013818543,0.0017116157,6.4323899e-06,6.3165117e-06,4.1185566e-06,2.791394e-06,3,3,3,3,0.0072446668,-5.8032186e-05,0.15310476
1407,0.00021801801,0.00021330511,0.00013806477,0.0017143903,6.4580987e-06,6.3179062e-06,4.1087633e-06,2.791175e-06,3,3,3,3,0.0072441578,-6.7590954e-05,0.15303717
1408,0.00021865321,0.00021336619,0.00013793953,0.0017170345,6.4804338e-06,6.3169083e-06,4.10028e-06,2.7922706e-06,3,3,3,3,0.0072470713,-8.135886e-05,0.15295581
1409,0.00021919875,0.00021337996,0.00013784997,0.0017201784,6.500715e-06,6.3145138e-06,4.0948013e-06,2.7922636e-06,3,3,3,3,0.0072471323,-9.4951738e-05,0.15286086
1410,0.00021968756,0.00021339119,0.00013782758,0.0017237766,6.5187253e-06,6.3122418e-06,4.0950266e-06,2.7858561e-06,3,3,3,3,0.007230595,-0.00010695882,0.1527539
1411,0.00022011062,0.00021337886,0.00013784398,0.0017281681,6.5344536e-06,6.3099228e-06,4.0965337e-06,2.6875822e-06,3,3,3,3,0.0069756223,-8.2069234e-05,0.15267183
1412,0.00022051508,0.00021339482,0.00013800862,0.0017313623,6.5494474e-06,6.31075e-06,4.1056121e-06,2.8675287e-06,3,3,3,3,0.0074427617,-0.00010476413,0.15256706
1413,0.00022087361,0.00021332973,0.00013819458,0.001735531,6.5620396e-06,6.3091691e-06,4.114806e-06,2.8236106e-06,3,3,3,3,0.0073288597,-9.4569122e-05,0.15247249
1414,0.00022126543,0.00021337219,0.00013856598,0.0017404036,6.5731616e-06,6.3140958e-06,4.1327846e-06,2.8662179e-06,3,3,3,3,0.0074395472,-8.9457846e-05,0.15238304
1415,0.00022164075,0.00021344611,0.00013911552,0.0017460276,6.5847331e-06,6.3207684e-06,4.1568346e-06,2.8426843e-06,3,3,3,3,0.0073785805,-7.6789751e-05,0.15230625
1416,0.00022197056,0.00021359566,0.00013978298,0.001751748,6.5950698e-06,6.3293764e-06,4.1852557e-06,2.8184644e-06,3,3,3,3,0.0073158622,-6.0020923e-05,0.15224623
1417,0.00022228827,0.00021387676,0.00014053406,0.0017580791,6.6033677e-06,6.3438433e-06,4.2177747e-06,2.8003136e-06,3,3,3,3,0.0072689124,-3.9583079e-05,0.15220664
1418,0.00022254786,0.00021426553,0.0001413504,0.0017636703,6.6077779e-06,6.3661631e-06,4.2502032e-06,2.7930455e-06,3,3,3,3,0.0072502171,-1.4366032e-05,0.15219228
1419,0.00022274323,0.00021478661,0.00014218159,0.0017689694,6.6075723e-06,6.3924293e-06,4.2812633e-06,2.7943429e-06,3,3,3,3,0.0072537715,1.0893863e-05,0.15220317
1420,0.00022288418,0.00021544948,0.0001430254,0.0017746588,6.6034385e-06,6.4241548e-06,4.3118702e-06,2.790409e-06,3,3,3,3,0.0072437517,3.6670363e-05,0.15223984
1421,0.00022297934,0.00021625398,0.00014389968,0.0017811027,6.5976773e-06,6.4643426e-06,4.3413106e-06,2.7567968e-06,3,3,3,3,0.0071566846,5.9302476e-05,0.15229914
1422,0.0002230284,0.00021712413,0.00014479193,0.0017881969,6.5906476e-06,6.5057874e-06,4.3702834e-06,2.7400208e-06,3,3,3,3,0.0071133165,7.2101676e-05,0.15237124
1423,0.00022304628,0.00021801142,0.00014564883,0.0017966744,6.582649e-06,6.5466377e-06,4.399041e-06,3.07351e-06,3,3,3,3,0.0079793121,2.5024971e-05,0.15239627
1424,0.0002231101,0.00021886442,0.00014643974,0.001806416,6.5726172e-06,6.5799341e-06,4.4251748e-06,2.6576929e-06,3,3,3,3,0.0068999229,7.4232626e-05,0.1524705
1425,0.00022308151,0.00021974023,0.00014729777,0.0018155507,6.5602766e-06,6.6133262e-06,4.4536918e-06,2.6681131e-06,3,3,3,3,0.006927172,5.5026134e-05,0.15252553
1426,0.00022307269,0.00022058831,0.00014814039,0.0018250809,6.5457593e-06,6.6443951e-06,4.4803722e-06,2.672597e-06,3,3,3,3,0.0069390098,4.6410943e-05,0.15257194
1427,0.0002230695,0.00022142809,0.00014892319,0.0018337637,6.529026e-06,6.6720733e-06,4.5041068e-06,2.7692133e-06,3,3,3,3,0.0071900454,-3.0156738e-06,0.15256892
1428,0.00022297333,0.00022213407,0.00014955093,0.0018403957,6.5098394e-06,6.6917399e-06,4.5221373e-06,2.7524827e-06,3,3,3,3,0.0071467507,-3.5709183e-05,0.15253321
1429,0.00022278451,0.00022272732,0.00015009341,0.0018466121,6.4876622e-06,6.7058118e-06,4.5378495e-06,2.7562959e-06,3,3,3,3,0.0071567632,-8.3236592e-05,0.15244998
1430,0.00022252508,0.00022319205,0.00015058489,0.0018520395,6.4653835e-06,6.7160455e-06,4.5523306e-06,2.6449887e-06,3,3,3,3,0.0068678395,-0.00012357556,0.1523264
1431,0.00022223725,0.00022365708,0.00015113199,0.0018571631,6.4429139e-06,6.7265012e-06,4.5697175e-06,3.4363511e-06,3,3,3,3,0.0089227314,-0.00011390286,0.1522125
1432,0.0002220117,0.00022417734,0.00015168594,0.0018635158,6.4205035e-06,6.7368718e-06,4.5870677e-06,3.1329293e-06,3,3,3,3,0.0081350195,-0.00011104628,0.15210145
1433,0.00022168205,0.00022470366,0.00015230574,0.0018695394,6.3985052e-06,6.7464328e-06,4.6079446e-06,2.6307943e-06,3,3,3,3,0.0068312689,-0.00018553817,0.15191592
1434,0.00022123332,0.00022487995,0.00015270936,0.0018750163,6.3715391e-06,6.7422542e-06,4.6204112e-06,2.8283479e-06,3,3,3,3,0.0073442832,-0.00013924381,0.15177667
1435,0.00022081075,0.00022492659,0.00015299337,0.0018800048,6.3468559e-06,6.7316488e-06,4.627432e-06,2.8322957e-06,3,3,3,3,0.0073545704,-0.00011635023,0.15166032
1436,0.00022037867,0.00022500118,0.0001532956,0.0018847454,6.3256141e-06,6.7200973e-06,4.6346108e-06,2.6762741e-06,3,3,3,3,0.0069494579,-0.0001137544,0.15154657
1437,0.00021995776,0.00022505275,0.00015363428,0.0018899224,6.3060429e-06,6.7082357e-06,4.6425929e-06,2.6759428e-06,3,3,3,3,0.0069486143,-9.3197994e-05,0.15145337
1438,0.00021963423,0.00022504793,0.00015399171,0.0018949479,6.2886445e-06,6.6944908e-06,4.6503475e-06,2.6693795e-06,3,3,3,3,0.0069315869,-8.6483814e-05,0.15136688
1439,0.00021936892,0.0002249373,0.00015432702,0.0018998362,6.2739433e-06,6.6774766e-06,4.6558072e-06,2.6872424e-06,3,3,3,3,0.0069779774,-9.5961698e-05,0.15127092
1440,0.00021920751,0.00022477149,0.00015463979,0.0019042367,6.262852e-06,6.6587727e-06,4.6607869e-06,2.7118568e-06,3,3,3,3,0.0070418995,-0.00012331803,0.15114761
1441,0.00021916461,0.00022456731,0.00015494464,0.0019095012,6.256125e-06,6.6400508e-06,4.6654357e-06,2.7347026e-06,3,3,3,3,0.0071012337,-0.00016721024,0.15098039
1442,0.0002192444,0.00022437912,0.00015527445,0.001913868,6.2521329e-06,6.62084e-06,4.6704178e-06,2.9671016e-06,3,3,3,3,0.0077047214,-0.00016201532,0.15081838
1443,0.00021948155,0.0002243244,0.00015571094,0.0019179092,6.2535801e-06,6.6069623e-06,4.680395e-06,3.3695376e-06,3,3,3,3,0.0087498024,-0.00010195771,0.15071642
1444,0.00021980606,0.00022407714,0.00015581451,0.0019214922,6.2572727e-06,6.5833906e-06,4.6791629e-06,2.773872e-06,3,3,3,3,0.0072031752,-0.00020712245,0.1505093
1445,0.00022005818,0.00022393744,0.00015608437,0.0019243788,6.2638481e-06,6.5696614e-06,4.68597e-06,2.7965318e-06,3,3,3,3,0.0072620939,-0.00020182122,0.15030748
1446,0.0002204084,0.00022390439,0.00015637656,0.0019263171,6.2739774e-06,6.5608207e-06,4.6924845e-06,2.8290185e-06,3,3,3,3,0.0073465356,-0.00021174278,0.15009574
1447,0.00022086528,0.00022394323,0.00015664244,0.0019272595,6.2882801e-06,6.5558955e-06,4.698064e-06,3.4184292e-06,3,3,3,3,0.0088772183,-8.8172716e-05,0.15000756
1448,0.00022154295,0.00022417646,0.00015703621,0.0019288671,6.3088398e-06,6.559356e-06,4.7083793e-06,2.8328245e-06,3,3,3,3,0.0073566179,-0.00017747575,0.14983009
1449,0.00022206655,0.00022423531,0.00015723697,0.0019291188,6.326613e-06,6.5564538e-06,4.7120491e-06,2.83521e-06,3,3,3,3,0.0073628799,-0.0001612114,0.14966888
1450,0.00022263576,0.00022436569,0.00015738184,0.0019288893,6.347765e-06,6.5553486e-06,4.7140721e-06,2.8486797e-06,3,3,3,3,0.0073979418,-0.00015901994,0.14950986
1451,0.00022328038,0.00022460345,0.00015745541,0.0019289439,6.3695256e-06,6.5603017e-06,4.7147675e-06,3.1191395e-06,3,3,3,3,0.0081004342,-0.00011724669,0.14939261
1452,0.00022402265,0.00022497671,0.00015742375,0.0019291277,6.3939308e-06,6.5684744e-06,4.7109131e-06,2.8737307e-06,3,3,3,3,0.007463236,-0.00014829251,0.14924432
1453,0.00022481161,0.00022556664,0.00015741273,0.0019289876,6.4246063e-06,6.5855832e-06,4.7105112e-06,2.8702752e-06,3,3,3,3,0.0074544172,-0.00014874771,0.14909557
1454,0.00022569345,0.00022632668,0.00015737186,0.0019283709,6.4600657e-06,6.6085141e-06,4.7093891e-06,2.8629271e-06,3,3,3,3,0.0074355149,-0.00015970538,0.14893586
1455,0.00022657896,0.00022716121,0.00015731019,0.0019276081,6.4983864e-06,6.6349142e-06,4.7076445e-06,2.857972e-06,3,3,3,3,0.0074228436,-0.00018199438,0.14875387
1456,0.00022747582,0.00022803988,0.00015725239,0.0019272537,6.5390823e-06,6.6625351e-06,4.705982e-06,3.2483921e-06,3,3,3,3,0.0084371045,-8.1443683e-05,0.14867243
1457,0.00022851372,0.00022883512,0.00015710572,0.0019271485,6.5836685e-06,6.6848414e-06,4.6995434e-06,2.8234842e-06,3,3,3,3,0.0073337738,-0.00016718948,0.14850524
1458,0.00022949847,0.00022961371,0.0001570506,0.0019276179,6.6279226e-06,6.7114226e-06,4.6964529e-06,2.8162112e-06,3,3,3,3,0.0073151116,-0.00015876731,0.14834647
1459,0.00023054089,0.00023038206,0.00015704766,0.0019278826,6.6732399e-06,6.7373429e-06,4.6929137e-06,2.8183112e-06,3,3,3,3,0.0073208051,-0.00016621663,0.14818025
1460,0.00023164954,0.00023107564,0.00015707546,0.0019280179,6.7197071e-06,6.7612514e-06,4.6903016e-06,2.8198834e-06,3,3,3,3,0.0073251364,-0.00019184325,0.14798841
1461,0.00023276379,0.0002316849,0.00015716037,0.0019280102,6.7652221e-06,6.7826995e-06,4.6904496e-06,3.4878952e-06,3,3,3,3,0.0090607255,-5.7506819e-05,0.1479309
1462,0.00023396373,0.00023226457,0.00015735253,0.0019288964,6.8125804e-06,6.8030419e-06,4.694732e-06,2.7499084e-06,3,3,3,3,0.0071439687,-0.00016782333,0.14776308
1463,0.00023487716,0.00023258359,0.00015751341,0.0019281061,6.8526566e-06,6.8171064e-06,4.6955587e-06,2.7337738e-06,3,3,3,3,0.0071023306,-0.00015862982,0.14760445
1464,0.00023576123,0.00023292025,0.00015773884,0.0019278156,6.8899382e-06,6.831738e-06,4.6975201e-06,3.0807217e-06,3,3,3,3,0.0080040266,-9.1751996e-05,0.1475127
1465,0.0002366513,0.00023328716,0.00015800857,0.0019276419,6.926096e-06,6.8456941e-06,4.7008787e-06,2.7284005e-06,3,3,3,3,0.0070889756,-0.0001537012,0.147359
1466,0.00023733865,0.00023352518,0.00015833665,0.0019272961,6.9584176e-06,6.8567172e-06,4.7057535e-06,3.0460869e-06,3,3,3,3,0.0079147381,-9.3877833e-05,0.14726512
1467,0.0002379948,0.00023386468,0.00015883975,0.0019277546,6.9897892e-06,6.8715962e-06,4.7164703e-06,3.4398797e-06,3,3,3,3,0.00893835,-2.458269e-05,0.14724053
1468,0.00023854084,0.00023385405,0.00015907625,0.0019278609,7.0148153e-06,6.8732609e-06,4.7180846e-06,2.6839907e-06,3,3,3,3,0.0069746,-9.861463e-05,0.14714192
1469,0.00023890937,0.00023378369,0.00015939865,0.0019282911,7.0330209e-06,6.8769442e-06,4.7236192e-06,2.6814285e-06,3,3,3,3,0.0069682441,-9.0108231e-05,0.14705181
1470,0.00023921652,0.00023377705,0.00015970335,0.0019294547,7.0486126e-06,6.8792827e-06,4.7305993e-06,2.6805768e-06,3,3,3,3,0.0069663248,-0.00011136723,0.14694044
1471,0.00023945357,0.00023378646,0.00015997688,0.0019313099,7.0627722e-06,6.8835301e-06,4.7387568e-06,3.0313594e-06,3,3,3,3,0.0078782702,-7.9259047e-05,0.14686119
1472,0.00023969579,0.00023380836,0.00016018142,0.0019331791,7.0742218e-06,6.8903697e-06,4.7486519e-06,3.0163715e-06,3,3,3,3,0.007839646,-9.2853837e-05,0.14676833
1473,0.00023989871,0.00023392014,0.00016046451,0.0019357114,7.0817063e-06,6.9038908e-06,4.7634987e-06,2.9409053e-06,3,3,3,3,0.0076438161,-9.7112908e-05,0.14667122
1474,0.00024002701,0.00023399713,0.00016067855,0.0019377173,7.084199e-06,6.9179296e-06,4.7766819e-06,3.4613485e-06,3,3,3,3,0.0089968599,-2.896042e-05,0.14664226
1475,0.00024016208,0.00023394035,0.00016065411,0.0019389992,7.0816024e-06,6.9286155e-06,4.7818187e-06,2.7026993e-06,3,3,3,3,0.0070252732,-8.1890915e-05,0.14656037
1476,0.00024008747,0.00023395266,0.00016073272,0.0019406522,7.0726972e-06,6.9483115e-06,4.7927416e-06,2.7039949e-06,3,3,3,3,0.0070288406,-6.0117694e-05,0.14650025
1477,0.00023994289,0.00023402959,0.00016084688,0.0019417036,7.0599733e-06,6.9690269e-06,4.801616e-06,2.705822e-06,3,3,3,3,0.0070337682,-6.1972062e-05,0.14643828
1478,0.00023967963,0.00023412599,0.00016094804,0.0019428983,7.0428377e-06,6.9909338e-06,4.8099797e-06,2.9202251e-06,3,3,3,3,0.0075913012,-1.9993922e-05,0.14641828
1479,0.00023927094,0.00023403776,0.00016087431,0.0019438962,7.0228263e-06,7.0069661e-06,4.8113292e-06,2.954935e-06,3,3,3,3,0.0076817265,-1.4678562e-05,0.14640361
1480,0.00023876223,0.00023390589,0.00016072121,0.0019450355,7.0007348e-06,7.0177331e-06,4.8099323e-06,2.9146628e-06,3,3,3,3,0.0075772128,-7.954864e-06,0.14639565
1481,0.00023811524,0.00023377277,0.00016056975,0.001946321,6.9774865e-06,7.0284619e-06,4.8115914e-06,2.8215931e-06,3,3,3,3,0.0073354396,5.1298706e-06,0.14640078
1482,0.00023737256,0.00023360454,0.00016041207,0.001946628,6.9531504e-06,7.0370915e-06,4.8139009e-06,2.6937631e-06,3,3,3,3,0.0070032737,-1.1525851e-05,0.14638925
1483,0.00023655318,0.00023338394,0.00016013217,0.0019456881,6.9266448e-06,7.0407891e-06,4.8115374e-06,2.6745145e-06,3,3,3,3,0.0069533697,-5.7890892e-06,0.14638347
1484,0.00023565387,0.00023313039,0.00015984791,0.0019442221,6.8998618e-06,7.0464727e-06,4.8084651e-06,2.6866192e-06,3,3,3,3,0.0069849617,-1.5424523e-05,0.14636804
1485,0.00023469682,0.00023281082,0.00015947617,0.0019427677,6.8726728e-06,7.0509e-06,4.801018e-06,2.8764445e-06,3,3,3,3,0.0074785877,1.6922157e-05,0.14638496
1486,0.00023368763,0.0002323758,0.00015897194,0.0019409348,6.8433653e-06,7.0493038e-06,4.7878301e-06,2.8539298e-06,3,3,3,3,0.0074201209,1.5640913e-05,0.1464006
1487,0.00023263727,0.00023194694,0.00015841616,0.0019384377,6.8134114e-06,7.0474644e-06,4.7737298e-06,2.7934833e-06,3,3,3,3,0.0072630207,1.761826e-05,0.14641822
1488,0.00023154638,0.00023147819,0.00015787052,0.0019356971,6.7844853e-06,7.0432564e-06,4.758984e-06,2.7365816e-06,3,3,3,3,0.0071151102,2.6292382e-05,0.14644451
1489,0.00023046913,0.00023092555,0.00015729646,0.0019328136,6.7547411e-06,7.0329704e-06,4.7407474e-06,2.681412e-06,3,3,3,3,0.0069716657,1.1073321e-05,0.14645559
1490,0.00022939298,0.0002303187,0.00015670897,0.0019287505,6.7249389e-06,7.0188761e-06,4.7209038e-06,2.6614243e-06,3,3,3,3,0.0069196734,1.4986893e-05,0.14647057
1491,0.0002283824,0.00022969486,0.00015620439,0.0019244909,6.6980472e-06,7.0043459e-06,4.7024724e-06,2.728639e-06,3,3,3,3,0.0070943906,4.4119456e-05,0.14651469
1492,0.00022749627,0.00022890266,0.0001556133,0.001919827,6.6744718e-06,6.9836811e-06,4.6804831e-06,2.7311889e-06,3,3,3,3,0.0071009461,5.1132383e-05,0.14656583
1493,0.00022670096,0.00022807457,0.00015503699,0.0019150796,6.6547957e-06,6.9601441e-06,4.6582938e-06,2.7141423e-06,3,3,3,3,0.0070565222,6.6048781e-05,0.14663188
1494,0.00022601527,0.00022718722,0.00015448558,0.0019101275,6.6381235e-06,6.9320776e-06,4.6355758e-06,2.6883998e-06,3,3,3,3,0.0069894621,8.6381033e-05,0.14671826
1495,0.00022542748,0.00022622537,0.00015394969,0.0019057196,6.6225682e-06,6.8996136e-06,4.6112677e-06,2.6531109e-06,3,3,3,3,0.0068975464,9.3973829e-05,0.14681223
1496,0.00022498087,0.00022529335,0.00015352881,0.0019015611,6.6099135e-06,6.8659461e-06,4.5906971e-06,3.1935888e-06,3,3,3,3,0.0083024643,6.664377e-05,0.14687887
1497,0.00022463944,0.0002243201,0.00015306183,0.001898843,6.5982436e-06,6.8268004e-06,4.5682579e-06,2.6552249e-06,3,3,3,3,0.00690262,0.0001106082,0.14698948
1498,0.000224257,0.0002232618,0.00015267995,0.0018949307,6.5869883e-06,6.7832865e-06,4.5476893e-06,2.6708957e-06,3,3,3,3,0.0069431529,0.00011062237,0.1471001
1499,0.00022399879,0.00022232246,0.00015244912,0.0018924494,6.5811952e-06,6.7415252e-06,4.5318499e-06,2.8122992e-06,3,3,3,3,0.0073104971,0.00014657013,0.14724667
1500,0.00022373118,0.0002213084,0.00015219804,0.0018899681,6.5749021e-06,6.6939604e-06,4.5153966e-06,3.2694456e-06,3,3,3,3,0.008498502,7.3406495e-05,0.14732008
1501,0.00022363839,0.00022056422,0.00015214597,0.0018883865,6.5721555e-06,6.6539522e-06,4.5076461e-06,2.6705388e-06,3,3,3,3,0.0069413806,0.00012705742,0.14744714
1502,0.00022337472,0.00021963506,0.00015199321,0.0018866375,6.5631373e-06,6.605405e-06,4.497842e-06,2.6594302e-06,3,3,3,3,0.0069122383,0.00013081751,0.14757796
1503,0.00022315339,0.00021886711,0.00015195277,0.0018858072,6.5531055e-06,6.5599026e-06,4.4904003e-06,2.6695064e-06,3,3,3,3,0.0069381486,0.0001483504,0.14772631
1504,0.00022292169,0.00021820782,0.0001520397,0.0018850918,6.5433709e-06,6.5203117e-06,4.4886845e-06,3.374235e-06,3,3,3,3,0.0087694051,7.6785696e-05,0.14780309
1505,0.00022271669,0.00021756856,0.00015207584,0.0018847823,6.5338931e-06,6.4804835e-06,4.48536e-06,2.6485967e-06,3,3,3,3,0.0068831596,0.00015597417,0.14795907
1506,0.00022231555,0.00021677559,0.00015217823,0.001883001,6.5204246e-06,6.4383966e-06,4.4863607e-06,3.190681e-06,3,3,3,3,0.0082915869,7.6652302e-05,0.14803572
1507,0.00022204842,0.00021620198,0.00015246289,0.0018817304,6.5086288e-06,6.4041451e-06,4.4942344e-06,2.6272048e-06,3,3,3,3,0.006826956,0.00012927613,0.148165
1508,0.00022165905,0.00021540575,0.0001526483,0.0018785024,6.4901342e-06,6.3623676e-06,4.4975188e-06,2.6501509e-06,3,3,3,3,0.0068863045,0.00013351272,0.14829851
1509,0.00022136596,0.00021477772,0.00015294238,0.0018755203,6.4707679e-06,6.3262665e-06,4.50565e-06,3.0958531e-06,3,3,3,3,0.0080441077,6.4713829e-05,0.14836322
1510,0.00022112743,0.00021428848,0.00015326983,0.0018726697,6.4518629e-06,6.295422e-06,4.5165299e-06,2.6439044e-06,3,3,3,3,0.0068694354,0.00014167679,0.1485049
1511,0.00022078691,0.0002137885,0.00015359869,0.0018695388,6.4287392e-06,6.2643301e-06,4.5284449e-06,3.0834597e-06,3,3,3,3,0.008011151,6.4336875e-05,0.14856924
1512,0.00022049238,0.00021344687,0.00015393034,0.0018670957,6.4061433e-06,6.2383714e-06,4.5406897e-06,2.9254363e-06,3,3,3,3,0.0076001761,6.0282945e-05,0.14862952
1513,0.00022012439,0.0002131751,0.00015429209,0.0018645869,6.3805915e-06,6.216291e-06,4.5564204e-06,2.58167e-06,3,3,3,3,0.006706721,0.00010531193,0.14873483
1514,0.00021964708,0.00021282301,0.0001544837,0.0018619439,6.3524258e-06,6.1928055e-06,4.5676747e-06,2.6059848e-06,3,3,3,3,0.0067695711,0.00011745087,0.14885228
1515,0.00021917645,0.00021259663,0.00015468922,0.0018604215,6.3272634e-06,6.1788616e-06,4.5809859e-06,2.9099688e-06,3,3,3,3,0.0075588699,5.4599612e-05,0.14890688
1516,0.00021870947,0.00021239535,0.00015481923,0.0018585576,6.3056546e-06,6.1699479e-06,4.5924808e-06,2.841995e-06,3,3,3,3,0.0073818882,5.378845e-05,0.14896067
1517,0.00021819276,0.00021232787,0.0001549118,0.0018555047,6.2846943e-06,6.1681032e-06,4.6034289e-06,2.5402637e-06,3,3,3,3,0.0065978016,0.00012145809,0.14908213
1518,0.00021751603,0.00021231276,0.00015494701,0.0018510344,6.2624553e-06,6.170229e-06,4.611946e-06,2.7867189e-06,3,3,3,3,0.0072375869,5.0641713e-05,0.14913277
1519,0.00021687547,0.00021239731,0.00015485435,0.0018461084,6.2435404e-06,6.1766703e-06,4.6163468e-06,2.4970685e-06,3,3,3,3,0.0064849672,0.00012275423,0.14925552
1520,0.00021623053,0.00021259424,0.00015472942,0.0018397893,6.2264169e-06,6.1936406e-06,4.6207626e-06,2.836009e-06,3,3,3,3,0.0073648601,5.0436771e-05,0.14930596
1521,0.00021566469,0.00021285258,0.00015440894,0.0018333883,6.2134582e-06,6.2133681e-06,4.6191967e-06,2.6583444e-06,3,3,3,3,0.0069031032,8.036539e-05,0.14938633
1522,0.00021507924,0.00021326177,0.00015408644,0.001826119,6.2011285e-06,6.2396375e-06,4.6192402e-06,2.4248092e-06,3,3,3,3,0.0062963652,0.0001213822,0.14950771
1523,0.0002144939,0.0002136446,0.00015358938,0.0018188892,6.1884438e-06,6.2676619e-06,4.6128106e-06,2.9791773e-06,3,3,3,3,0.007735505,4.5747518e-05,0.14955346
1524,0.00021401418,0.00021397664,0.00015288845,0.0018113513,6.1792963e-06,6.2957576e-06,4.5990487e-06,2.366445e-06,3,3,3,3,0.0061441935,0.00012056994,0.14967402
1525,0.00021343568,0.00021427886,0.00015212762,0.0018028035,6.1695266e-06,6.3237207e-06,4.5836869e-06,2.6989392e-06,3,3,3,3,0.0070071675,4.8606214e-05,0.14972263
1526,0.00021299739,0.00021476863,0.0001514488,0.0017947436,6.1657688e-06,6.3571638e-06,4.5699192e-06,2.3308365e-06,3,3,3,3,0.0060511755,9.6365088e-05,0.149819
1527,0.00021247472,0.000215083,0.0001505407,0.0017852334,6.1612624e-06,6.3811186e-06,4.5483041e-06,2.3330919e-06,3,3,3,3,0.0060567945,9.2581648e-05,0.14991158
1528,0.00021200842,0.00021537817,0.00014960415,0.0017759986,6.1569253e-06,6.4030698e-06,4.5253821e-06,2.3454782e-06,3,3,3,3,0.0060887197,9.9547998e-05,0.15001113
1529,0.00021162486,0.00021560456,0.00014864994,0.0017668385,6.1545098e-06,6.4226541e-06,4.5008794e-06,2.6297263e-06,3,3,3,3,0.0068263809,5.6554262e-05,0.15006768
1530,0.00021134928,0.00021571905,0.000147633,0.0017584958,6.1552905e-06,6.4336117e-06,4.4731512e-06,2.3661683e-06,3,3,3,3,0.0061420331,9.0282532e-05,0.15015796
1531,0.00021114342,0.0002157588,0.00014668689,0.0017508083,6.1568642e-06,6.4407844e-06,4.4455218e-06,2.382432e-06,3,3,3,3,0.0061840673,8.0137169e-05,0.1502381
1532,0.00021102962,0.00021574565,0.00014576473,0.001743359,6.1613368e-06,6.4427648e-06,4.4178285e-06,2.4085115e-06,3,3,3,3,0.0062515866,7.0113276e-05,0.15030821
1533,0.00021101958,0.00021568731,0.0001448931,0.0017362234,6.1687633e-06,6.4398637e-06,4.3903626e-06,2.4375009e-06,3,3,3,3,0.0063266649,5.880316e-05,0.15036702
1534,0.0002110745,0.00021559953,0.00014408362,0.0017301797,6.1783644e-06,6.4343468e-06,4.3641091e-06,2.4785538e-06,3,3,3,3,0.0064330679,4.6734757e-05,0.15041375
1535,0.00021120906,0.00021551961,0.00014336076,0.0017248743,6.1888567e-06,6.4279469e-06,4.3391346e-06,2.6583652e-06,3,3,3,3,0.0068996229,-1.0500302e-05,0.15040325
1536,0.00021137665,0.00021533546,0.00014262218,0.0017202118,6.1994225e-06,6.4164172e-06,4.3127978e-06,2.5322104e-06,3,3,3,3,0.0065720781,-1.5193987e-05,0.15038806
1537,0.0002115798,0.00021518917,0.00014201174,0.0017157842,6.2121956e-06,6.4065132e-06,4.2910424e-06,2.5683252e-06,3,3,3,3,0.0066657106,-5.7031474e-05,0.15033103
1538,0.00021186514,0.00021501945,0.00014148174,0.0017123765,6.2264974e-06,6.3955828e-06,4.2711963e-06,3.3940973e-06,3,3,3,3,0.0088087721,-2.8479527e-05,0.15030255
1539,0.00021218083,0.0002147666,0.00014088648,0.0017107853,6.2391185e-06,6.381741e-06,4.2473561e-06,2.5976173e-06,3,3,3,3,0.0067416587,-8.8664345e-05,0.15021388
1540,0.00021249099,0.00021436515,0.00014029448,0.0017083116,6.2529175e-06,6.3641805e-06,4.2237816e-06,2.6192954e-06,3,3,3,3,0.0067978754,-9.2324419e-05,0.15012156
1541,0.00021300904,0.00021409747,0.00013987642,0.0017062631,6.2730321e-06,6.3534525e-06,4.2066139e-06,3.303429e-06,3,3,3,3,0.0085733849,-2.5289264e-05,0.15009627
1542,0.00021365776,0.00021393402,0.00013955052,0.0017063591,6.2988182e-06,6.3466752e-06,4.1913091e-06,2.6385098e-06,3,3,3,3,0.0068477836,-4.5586004e-05,0.15005068
1543,0.00021431775,0.00021356448,0.00013908587,0.0017059928,6.3253051e-06,6.3315043e-06,4.1702422e-06,2.636969e-06,3,3,3,3,0.0068437901,-1.1778079e-05,0.1500389
1544,0.00021513211,0.00021336716,0.0001387816,0.0017068207,6.355137e-06,6.3231029e-06,4.1543247e-06,2.831958e-06,3,3,3,3,0.0073498658,-2.8992333e-05,0.15000991
1545,0.0002159558,0.00021324139,0.00013852625,0.0017084145,6.3853839e-06,6.3174156e-06,4.1402762e-06,2.8235414e-06,3,3,3,3,0.0073280384,-2.7520298e-05,0.14998239
1546,0.00021679092,0.00021324251,0.00013832682,0.0017103432,6.4144396e-06,6.3169592e-06,4.1281985e-06,2.7805491e-06,3,3,3,3,0.0072164781,-3.8727339e-05,0.14994366
1547,0.00021754629,0.00021328877,0.00013816518,0.0017128096,6.4408695e-06,6.3180377e-06,4.1162418e-06,2.6623886e-06,3,3,3,3,0.0069098456,-2.6898089e-05,0.14991677
1548,0.00021823757,0.00021340593,0.00013810115,0.001715288,6.4653277e-06,6.3206174e-06,4.1089962e-06,2.7928273e-06,3,3,3,3,0.0072484458,-7.3063314e-05,0.1498437
1549,0.00021885208,0.00021346332,0.00013799576,0.0017180126,6.487405e-06,6.319592e-06,4.1013722e-06,2.7891892e-06,3,3,3,3,0.0072390761,-9.1192326e-05,0.14975251
1550,0.00021939435,0.00021347447,0.00013791745,0.0017212449,6.5077583e-06,6.3169115e-06,4.0970455e-06,2.8018255e-06,3,3,3,3,0.0072719531,-0.00010928126,0.14964323
1551,0.00021987458,0.00021345585,0.00013787249,0.0017251526,6.5249551e-06,6.3134768e-06,4.0965423e-06,2.8194052e-06,3,3,3,3,0.0073176793,-0.0001240766,0.14951915
1552,0.00022028597,0.00021343237,0.00013788896,0.001729537,6.540002e-06,6.3110356e-06,4.0983489e-06,3.247598e-06,3,3,3,3,0.008429152,-5.4268163e-05,0.14946488
1553,0.00022073227,0.00021359011,0.00013816713,0.0017334577,6.5564367e-06,6.3174909e-06,4.1112526e-06,2.6778565e-06,3,3,3,3,0.0069505251,-3.9690488e-05,0.14942519
1554,0.00022101752,0.00021344904,0.00013833547,0.001737293,6.5658432e-06,6.3133175e-06,4.1200637e-06,2.8354052e-06,3,3,3,3,0.0073595403,-2.464886e-05,0.14940054
1555,0.00022137963,0.00021347279,0.00013874584,0.0017419117,6.576757e-06,6.3186427e-06,4.1398561e-06,2.9158052e-06,3,3,3,3,0.0075683256,1.9326482e-05,0.14941987
1556,0.00022178717,0.00021359607,0.00013934145,0.0017477998,6.5894421e-06,6.3264354e-06,4.1651831e-06,2.8599598e-06,3,3,3,3,0.0074234901,5.813248e-05,0.149478
1557,0.00022217536,0.00021388454,0.00014012055,0.0017539856,6.6013538e-06,6.3401598e-06,4.19805e-06,2.8840113e-06,3,3,3,3,0.0074860662,8.3988114e-05,0.14956199
1558,0.0002224972,0.00021421238,0.00014091814,0.0017602027,6.6092276e-06,6.3570471e-06,4.2319219e-06,3.175214e-06,3,3,3,3,0.008242124,3.290737e-05,0.1495949
1559,0.00022272377,0.00021440887,0.00014154698,0.0017652699,6.6101388e-06,6.3700245e-06,4.25622e-06,2.7015674e-06,3,3,3,3,0.0070127411,0.00011841176,0.14971331
1560,0.0002228494,0.00021490864,0.00014238137,0.0017707458,6.6072972e-06,6.3968952e-06,4.2882827e-06,2.7802509e-06,3,3,3,3,0.0072171792,6.2588844e-05,0.1497759
1561,0.00022295734,0.00021556099,0.00014320264,0.0017764965,6.6025127e-06,6.4293381e-06,4.3176028e-06,2.7825505e-06,3,3,3,3,0.0072233383,5.2946617e-05,0.14982885
1562,0.00022304767,0.00021639061,0.00014408441,0.001782999,6.5969959e-06,6.4708787e-06,4.3471127e-06,2.7577448e-06,3,3,3,3,0.007159127,3.9687562e-05,0.14986853
1563,0.00022307838,0.00021727428,0.00014496888,0.0017902915,6.5898013e-06,6.512851e-06,4.3759317e-06,2.7016451e-06,3,3,3,3,0.0070136782,6.8819215e-05,0.14993735
1564,0.00022309631,0.00021821776,0.00014587227,0.0017991945,6.5814372e-06,6.5548217e-06,4.4062283e-06,2.7504205e-06,3,3,3,3,0.0071405169,2.8099995e-05,0.14996545
1565,0.00022309855,0.00021908682,0.00014667639,0.0018086781,6.5706384e-06,6.5889633e-06,4.4330966e-06,2.7362428e-06,3,3,3,3,0.0071039106,2.1341559e-05,0.14998679
1566,0.00022309917,0.00021991558,0.00014744308,0.0018179519,6.5577818e-06,6.6198386e-06,4.4578251e-06,2.7084738e-06,3,3,3,3,0.007032013,6.3321598e-06,0.14999313
1567,0.00022308263,0.00022069961,0.00014818692,0.001827582,6.5420593e-06,6.6476491e-06,4.4809876e-06,2.6459248e-06,3,3,3,3,0.0068698051,8.7485398e-06,0.15000188
1568,0.00022306149,0.00022151048,0.00014895147,0.0018353738,6.5246664e-06,6.6736069e-06,4.5038699e-06,2.6375554e-06,3,3,3,3,0.0068482448,-1.4096086e-05,0.14998778
1569,0.00022295756,0.0002222562,0.00014963611,0.0018419304,6.5052774e-06,6.6941483e-06,4.5238588e-06,2.6413524e-06,3,3,3,3,0.0068582396,-3.7275491e-05,0.1499505
1570,0.00022278103,0.00022289808,0.00015025293,0.0018478617,6.4840897e-06,6.7099184e-06,4.542331e-06,2.7481914e-06,3,3,3,3,0.0071357537,-9.333966e-05,0.14985716
1571,0.00022251193,0.00022336161,0.00015076253,0.001853273,6.4620839e-06,6.7204124e-06,4.5575332e-06,3.1372904e-06,3,3,3,3,0.0081461566,-8.03754e-05,0.14977679
1572,0.00022226999,0.00022381565,0.00015122577,0.0018592607,6.4393847e-06,6.7293762e-06,4.5717433e-06,2.6342381e-06,3,3,3,3,0.0068400542,-0.0001381179,0.14963867
1573,0.00022187811,0.00022414165,0.00015170684,0.0018642029,6.4134983e-06,6.7329181e-06,4.5872206e-06,2.6406362e-06,3,3,3,3,0.0068567186,-0.00017284931,0.14946582
1574,0.00022147909,0.00022445645,0.00015215996,0.0018696875,6.3889051e-06,6.7344797e-06,4.6024873e-06,3.0775322e-06,3,3,3,3,0.0079912139,-0.00011185247,0.14935397
1575,0.00022115741,0.00022484658,0.0001527074,0.0018761833,6.3663273e-06,6.7383367e-06,4.6194298e-06,2.6370523e-06,3,3,3,3,0.0068475389,-0.00018875193,0.14916522
1576,0.00022071639,0.00022494748,0.00015307513,0.0018809974,6.3431783e-06,6.7304285e-06,4.6296805e-06,2.7771457e-06,3,3,3,3,0.0072113437,-0.00015030618,0.14901491
1577,0.00022027756,0.00022501762,0.00015337962,0.0018856988,6.3215599e-06,6.7182129e-06,4.6370725e-06,2.6526534e-06,3,3,3,3,0.0068881055,-0.00017937049,0.14883554
1578,0.00021987017,0.00022505997,0.00015373609,0.0018909704,6.3016332e-06,6.7056386e-06,4.6453492e-06,2.6725434e-06,3,3,3,3,0.0069397707,-0.00018464091,0.1486509
1579,0.00021956693,0.00022502043,0.00015408848,0.0018959544,6.2849825e-06,6.690647e-06,4.6522139e-06,2.8617597e-06,3,3,3,3,0.0074311229,-0.00015224886,0.14849865
1580,0.00021938591,0.00022499945,0.00015449264,0.0019011096,6.2729651e-06,6.6762278e-06,4.6599868e-06,2.7162767e-06,3,3,3,3,0.0070533604,-0.00019955919,0.14829909
1581,0.00021925011,0.00022483643,0.00015482264,0.0019057584,6.2629974e-06,6.6581244e-06,4.6655086e-06,3.2586884e-06,3,3,3,3,0.0084618534,-9.8826328e-05,0.14820027
1582,0.00021931212,0.00022459452,0.00015502064,0.0019112721,6.2582076e-06,6.6368839e-06,4.6658769e-06,2.731206e-06,3,3,3,3,0.0070922197,-0.00017525579,0.14802501
1583,0.00021935016,0.00022433446,0.00015531682,0.0019151679,6.2533938e-06,6.6156362e-06,4.670169e-06,2.7513693e-06,3,3,3,3,0.0071445995,-0.00016886808,0.14785614
1584,0.00021953017,0.00022412373,0.00015560623,0.0019187095,6.2532735e-06,6.5961785e-06,4.6752789e-06,2.7768373e-06,3,3,3,3,0.0072107854,-0.00017982561,0.14767632
1585,0.00021981665,0.00022400504,0.00015587438,0.0019220216,6.2575399e-06,6.5795918e-06,4.6813858e-06,2.798681e-06,3,3,3,3,0.0072675823,-0.00020677371,0.14746954
1586,0.00022013398,0.0002239445,0.00015616215,0.0019248803,6.2660443e-06,6.5684823e-06,4.6878247e-06,3.2028733e-06,3,3,3,3,0.0083172705,-0.0001009297,0.14736861
1587,0.00022063567,0.00022407926,0.00015655937,0.0019270491,6.2812609e-06,6.5653814e-06,4.6978899e-06,2.9866288e-06,3,3,3,3,0.0077558923,-0.00015067534,0.14721794
1588,0.00022107005,0.00022399506,0.00015672655,0.0019277185,6.2944789e-06,6.5557194e-06,4.6998551e-06,2.8119073e-06,3,3,3,3,0.0073022269,-0.00016173142,0.14705621
1589,0.00022158551,0.0002240046,0.00015695103,0.0019283726,6.3101706e-06,6.5520155e-06,4.7046045e-06,2.833888e-06,3,3,3,3,0.0073593631,-0.00014406771,0.14691214
1590,0.00022214883,0.00022411896,0.00015713983,0.0019287331,6.3295976e-06,6.550672e-06,4.7077837e-06,2.851729e-06,3,3,3,3,0.0074057596,-0.00013985356,0.14677228
1591,0.00022275889,0.00022431792,0.00015728533,0.0019287148,6.3518982e-06,6.5526606e-06,4.7099191e-06,2.8593979e-06,3,3,3,3,0.0074257646,-0.00014988089,0.1466224
1592,0.00022343447,0.00022463913,0.00015739415,0.0019288859,6.3743728e-06,6.5607273e-06,4.7117739e-06,2.8621555e-06,3,3,3,3,0.0074330322,-0.0001747088,0.14644769
1593,0.00022416429,0.0002251216,0.00015746064,0.0019289218,6.4003505e-06,6.5741728e-06,4.7124971e-06,3.1095653e-06,3,3,3,3,0.0080756999,-0.00014269231,0.146305
1594,0.00022505809,0.00022591036,0.00015757739,0.0019291231,6.4344781e-06,6.5973028e-06,4.7165788e-06,3.4882014e-06,3,3,3,3,0.0090592472,-7.669973e-05,0.1462283
1595,0.00022602027,0.00022657117,0.00015737521,0.0019285367,6.4713859e-06,6.6148484e-06,4.7091464e-06,2.8537164e-06,3,3,3,3,0.0074116874,-0.00015415084,0.14607415
1596,0.00022684268,0.00022730964,0.00015724237,0.0019278151,6.5091849e-06,6.638626e-06,4.7053313e-06,2.8587535e-06,3,3,3,3,0.0074249735,-0.00013028362,0.14594387
1597,0.00022773464,0.00022815036,0.0001571563,0.0019271554,6.5497681e-06,6.6646231e-06,4.7022815e-06,2.8578811e-06,3,3,3,3,0.0074229257,-0.00012149507,0.14582237
1598,0.0002287255,0.0002290172,0.00015710342,0.0019271737,6.5938701e-06,6.6917547e-06,4.6995138e-06,2.8495864e-06,3,3,3,3,0.0074016009,-0.00012911061,0.14569326
1599,0.00022974665,0.0002298349,0.00015705935,0.0019278015,6.6388938e-06,6.7188492e-06,4.6958955e-06,2.8336918e-06,3,3,3,3,0.0073605462,-0.00015479597,0.14553847
1600,0.00023081336,0.00023058597,0.00015705785,0.0019280631,6.6844586e-06,6.7440882e-06,4.6919215e-06,3.3663101e-06,3,3,3,3,0.0087443176,-5.7563816e-05,0.1454809
1601,0.00023205691,0.00023138582,0.00015722312,0.0019288972,6.7347083e-06,6.771579e-06,4.6949318e-06,2.7724972e-06,3,3,3,3,0.0072021576,-0.00015979284,0.14532111
1602,0.0002331049,0.00023186367,0.00015727431,0.0019286422,6.7779658e-06,6.7889073e-06,4.6939248e-06,2.7709371e-06,3,3,3,3,0.0071983573,-0.00016602574,0.14515508
1603,0.00023411797,0.0002322875,0.00015737397,0.0019284704,6.8207889e-06,6.8043461e-06,4.694165e-06,3.1661261e-06,3,3,3,3,0.0082252847,-0.00011039751,0.14504469
1604,0.00023515202,0.00023271578,0.00015755094,0.0019283792,6.8624528e-06,6.8215617e-06,4.6950647e-06,3.0850884e-06,3,3,3,3,0.0080150845,-9.63464e-05,0.14494834
1605,0.00023610402,0.00023325278,0.00015796685,0.0019288646,6.9021171e-06,6.8437932e-06,4.7042023e-06,2.7424088e-06,3,3,3,3,0.0071251046,-0.00014397725,0.14480436
1606,0.00023687378,0.00023354322,0.0001582741,0.0019281114,6.9363026e-06,6.8556997e-06,4.7085848e-06,2.7327157e-06,3,3,3,3,0.0071002285,-0.00015583999,0.14464852
1607,0.00023753955,0.00023374928,0.00015859521,0.0019277009,6.9676464e-06,6.8652031e-06,4.7128106e-06,3.8681957e-06,3,3,3,3,0.010050903,-2.5400476e-05,0.14462312
1608,0.00023826656,0.00023396883,0.00015895846,0.0019288329,6.9983209e-06,6.8742028e-06,4.7192125e-06,2.6886409e-06,3,3,3,3,0.0069864383,-0.00014177346,0.14448135
1609,0.00023865877,0.00023393593,0.00015930956,0.0019286757,7.0205068e-06,6.8784279e-06,4.7250929e-06,2.6853303e-06,3,3,3,3,0.0069781411,-0.0001491579,0.14433219
1610,0.00023904853,0.00023390136,0.0001596326,0.0019289724,7.0388022e-06,6.8814856e-06,4.7302937e-06,3.1102873e-06,3,3,3,3,0.008082789,-8.8071098e-05,0.14424412
1611,0.00023938424,0.00023385303,0.00015978933,0.0019305282,7.0540621e-06,6.8805998e-06,4.7317567e-06,3.0603161e-06,3,3,3,3,0.0079532772,-8.9488305e-05,0.14415463
1612,0.00023964078,0.00023392499,0.00016010929,0.0019327136,7.0685368e-06,6.8888865e-06,4.7437705e-06,2.9303854e-06,3,3,3,3,0.007615933,-8.2310205e-05,0.14407232
1613,0.00023982148,0.00023395698,0.00016039586,0.0019344707,7.0789721e-06,6.898065e-06,4.7572676e-06,2.7066382e-06,3,3,3,3,0.0070347171,-0.00011884386,0.14395348
1614,0.00023993315,0.00023391465,0.00016050546,0.0019362071,7.0820729e-06,6.9053619e-06,4.7659133e-06,2.7028475e-06,3,3,3,3,0.0070251324,-0.00013209437,0.14382138
1615,0.00024000548,0.00023389396,0.00016058396,0.0019378223,7.0821463e-06,6.9166395e-06,4.7741836e-06,3.6152982e-06,3,3,3,3,0.0093970677,-2.3253307e-05,0.14379813
1616,0.0002402337,0.00023409398,0.00016083708,0.0019402091,7.0823405e-06,6.938891e-06,4.7902344e-06,2.6892054e-06,3,3,3,3,0.0069902452,-0.00012373044,0.1436744
1617,0.00024013879,0.00023411289,0.00016091981,0.0019415475,7.0725379e-06,6.9579225e-06,4.8003461e-06,2.9319644e-06,3,3,3,3,0.007621477,-6.2220029e-05,0.14361218
1618,0.00023994837,0.00023407895,0.00016092019,0.0019422685,7.0573127e-06,6.9741032e-06,4.8051817e-06,2.927712e-06,3,3,3,3,0.0076106255,-4.1850041e-05,0.14357033
1619,0.00023963092,0.00023403165,0.0001608534,0.0019434003,7.0382447e-06,6.9911229e-06,4.807516e-06,2.9022928e-06,3,3,3,3,0.0075447452,-1.6493748e-05,0.14355384
1620,0.00023917752,0.00023395167,0.00016075304,0.0019443714,7.0176053e-06,7.0068213e-06,4.8076155e-06,2.6933305e-06,3,3,3,3,0.0070017054,-3.4688578e-05,0.14351915
1621,0.0002386263,0.0002339263,0.0001607255,0.0019452706,6.9960653e-06,7.0230605e-06,4.8120469e-06,2.8319978e-06,3,3,3,3,0.0073623582,2.4327189e-05,0.14354347
1622,0.00023794443,0.00023375709,0.00016055637,0.0019463314,6.972122e-06,7.0320906e-06,4.8131666e-06,2.8035001e-06,3,3,3,3,0.0072884501,4.2456444e-05,0.14358593
1623,0.00023720135,0.00023354685,0.00016033282,0.0019464203,6.9474466e-06,7.0373346e-06,4.8125526e-06,2.6666198e-06,3,3,3,3,0.0069327446,2.3611039e-05,0.14360954
1624,0.00023637299,0.00023332727,0.00016008594,0.0019452867,6.9213716e-06,7.0421751e-06,4.8117895e-06,2.798212e-06,3,3,3,3,0.0072750046,6.0959451e-05,0.1436705
1625,0.00023544068,0.00023301719,0.00015973224,0.0019441114,6.8938907e-06,7.0456093e-06,4.8056413e-06,2.7886479e-06,3,3,3,3,0.0072502577,6.6068632e-05,0.14373657
1626,0.00023445951,0.00023266318,0.00015931222,0.0019425318,6.8660106e-06,7.0489297e-06,4.7963539e-06,2.7686874e-06,3,3,3,3,0.0071984486,7.1163272e-05,0.14380773
1627,0.00023342543,0.00023224742,0.00015882869,0.0019404086,6.8357978e-06,7.0483654e-06,4.7839902e-06,2.6789327e-06,3,3,3,3,0.0069651517,4.1700866e-05,0.14384943
1628,0.00023235925,0.00023183411,0.00015827525,0.0019374104,6.8059234e-06,7.046712e-06,4.7701759e-06,2.7780926e-06,3,3,3,3,0.0072230143,6.8823727e-05,0.14391826
1629,0.00023128162,0.00023132625,0.00015769662,0.0019348255,6.7771117e-06,7.0399609e-06,4.7531135e-06,2.7708052e-06,3,3,3,3,0.0072040897,6.7897179e-05,0.14398615
1630,0.00023021933,0.00023077341,0.00015712133,0.0019319817,6.7477849e-06,7.0294018e-06,4.7346488e-06,2.7492951e-06,3,3,3,3,0.0071481533,7.1004611e-05,0.14405716
1631,0.00022915908,0.00023017515,0.00015656948,0.0019279067,6.7191056e-06,7.0158094e-06,4.7159226e-06,2.7003528e-06,3,3,3,3,0.0070208745,7.3269842e-05,0.14413043
1632,0.00022815354,0.00022946875,0.00015600547,0.0019234965,6.6925157e-06,6.9981105e-06,4.695244e-06,2.6545784e-06,3,3,3,3,0.006901817,5.6711809e-05,0.14418714
1633,0.00022729176,0.00022868762,0.00015544555,0.0019186313,6.6685425e-06,6.9773717e-06,4.6742673e-06,2.7075932e-06,3,3,3,3,0.0070395711,8.4145715e-05,0.14427129
1634,0.00022651195,0.00022784532,0.00015487469,0.0019137956,6.6503913e-06,6.9531427e-06,4.6521754e-06,2.702427e-06,3,3,3,3,0.0070260267,9.2846305e-05,0.14436413
1635,0.00022586365,0.00022695519,0.00015433214,0.0019088725,6.6345145e-06,6.9244888e-06,4.6289472e-06,2.6925289e-06,3,3,3,3,0.0070001504,0.0001083899,0.14447252
1636,0.00022531637,0.00022598638,0.00015381004,0.0019046046,6.6195579e-06,6.8913033e-06,4.6049427e-06,2.651135e-06,3,3,3,3,0.0068923565,0.000110015,0.14458254
1637,0.00022489759,0.00022506092,0.00015341724,0.0019006838,6.607439e-06,6.8569305e-06,4.5854464e-06,3.1721082e-06,3,3,3,3,0.0082465553,7.0879086e-05,0.14465342
1638,0.00022457038,0.00022411133,0.00015298228,0.0018979733,6.5961422e-06,6.8179787e-06,4.5638459e-06,2.6479996e-06,3,3,3,3,0.0068837794,0.00010696976,0.14476039
1639,0.00022420348,0.00022302823,0.00015258817,0.0018941943,6.5856302e-06,6.7730746e-06,4.5424903e-06,2.6670034e-06,3,3,3,3,0.0069329708,9.6958694e-05,0.14485735
1640,0.00022394899,0.00022207265,0.00015236287,0.0018918107,6.5801066e-06,6.730008e-06,4.5268772e-06,2.7694496e-06,3,3,3,3,0.0071990341,0.00012266342,0.14498001
1641,0.00022369438,0.00022108915,0.00015214736,0.0018892152,6.5740138e-06,6.6828342e-06,4.5119868e-06,3.1859232e-06,3,3,3,3,0.0082813059,6.3092571e-05,0.1450431
1642,0.00022359221,0.00022033943,0.00015209524,0.0018879014,6.5707828e-06,6.6424498e-06,4.5049044e-06,2.6604647e-06,3,3,3,3,0.006915133,0.00010284355,0.14514595
1643,0.0002233287,0.00021943231,0.00015195779,0.001886327,6.5612682e-06,6.5943257e-06,4.4951308e-06,2.6535677e-06,3,3,3,3,0.0068969363,0.00011239259,0.14525834
1644,0.00022310413,0.00021869323,0.00015195029,0.0018855158,6.5512095e-06,6.5500612e-06,4.4890969e-06,2.6648924e-06,3,3,3,3,0.00692609,0.00013741101,0.14539575
1645,0.00022287132,0.000218064,0.0001520677,0.0018849289,6.541356e-06,6.5112215e-06,4.4886415e-06,3.41494e-06,3,3,3,3,0.008875108,7.4033993e-05,0.14546978
1646,0.00022266193,0.00021741685,0.00015211058,0.0018844817,6.5316826e-06,6.4715854e-06,4.4859516e-06,2.6476886e-06,3,3,3,3,0.0068807307,0.00016199851,0.14563178
1647,0.00022224407,0.00021661111,0.00015221521,0.0018826091,6.5177349e-06,6.4292447e-06,4.4871591e-06,3.2574795e-06,3,3,3,3,0.0084650954,8.0692933e-05,0.14571247
1648,0.00022199426,0.00021606669,0.00015254108,0.0018812024,6.50585e-06,6.3961549e-06,4.4962283e-06,2.6362799e-06,3,3,3,3,0.0068504656,0.00014545007,0.14585792
1649,0.00022160099,0.00021526372,0.00015273184,0.001877799,6.4863699e-06,6.3543507e-06,4.4997983e-06,2.6551164e-06,3,3,3,3,0.0068991284,0.00014950733,0.14600743
1650,0.00022131149,0.00021464557,0.00015301327,0.0018747848,6.4663665e-06,6.3182206e-06,4.5076636e-06,3.1130941e-06,3,3,3,3,0.0080888156,7.095458e-05,0.14607839
1651,0.00022107126,0.00021418162,0.00015335296,0.0018719425,6.4473511e-06,6.2885917e-06,4.5193779e-06,2.9350557e-06,3,3,3,3,0.0076258204,6.3037816e-05,0.14614142
1652,0.00022079053,0.00021379349,0.00015372976,0.0018693742,6.4262363e-06,6.2612201e-06,4.5329666e-06,2.5977747e-06,3,3,3,3,0.0067491535,0.00010270481,0.14624413
1653,0.00022038823,0.00021333104,0.00015398357,0.0018661207,6.399227e-06,6.2309759e-06,4.5427829e-06,2.6089549e-06,3,3,3,3,0.0067778978,0.00010688839,0.14635102
1654,0.00021996597,0.00021304028,0.00015431746,0.0018633815,6.3719067e-06,6.2088326e-06,4.5583957e-06,2.923224e-06,3,3,3,3,0.0075939997,5.3539177e-05,0.14640456
1655,0.00021954886,0.00021276176,0.00015452558,0.0018616096,6.3466581e-06,6.1886264e-06,4.5704331e-06,2.8933883e-06,3,3,3,3,0.0075160772,5.3210407e-05,0.14645777
1656,0.00021911371,0.00021255906,0.0001547259,0.0018603753,6.3241494e-06,6.1772021e-06,4.5838265e-06,2.5738644e-06,3,3,3,3,0.006685684,0.00012041758,0.14657818
1657,0.0002185697,0.00021237208,0.00015486653,0.0018576928,6.2999817e-06,6.1693885e-06,4.5961581e-06,2.8740819e-06,3,3,3,3,0.0074651532,5.4345885e-05,0.14663253
1658,0.00021802261,0.0002122994,0.00015491329,0.0018545597,6.2788594e-06,6.1676113e-06,4.6052471e-06,2.7486168e-06,3,3,3,3,0.007138884,8.0233084e-05,0.14671276
1659,0.0002174036,0.00021242588,0.0001550253,0.0018500964,6.258925e-06,6.1749745e-06,4.6164926e-06,2.5179559e-06,3,3,3,3,0.0065394889,0.00013303407,0.1468458
1660,0.00021674764,0.00021260466,0.00015500582,0.0018448926,6.2401703e-06,6.1858052e-06,4.623657e-06,3.2556701e-06,3,3,3,3,0.0084550493,4.874544e-05,0.14689454
1661,0.00021619408,0.00021272102,0.00015468535,0.001838946,6.2253297e-06,6.1992495e-06,4.6207132e-06,2.9918266e-06,3,3,3,3,0.0077693753,4.788558e-05,0.14694243
1662,0.00021565247,0.0002131512,0.00015451479,0.0018327038,6.2141033e-06,6.2264996e-06,4.6256151e-06,2.4147894e-06,3,3,3,3,0.0062705342,0.00010174434,0.14704417
1663,0.00021496959,0.00021340161,0.00015402965,0.0018249506,6.1991227e-06,6.2474559e-06,4.6195619e-06,2.4141526e-06,3,3,3,3,0.006268586,0.00010077558,0.14714495
1664,0.00021438522,0.00021370866,0.00015342888,0.0018172775,6.1861338e-06,6.2731046e-06,4.6094013e-06,2.6762872e-06,3,3,3,3,0.0069489277,7.3657337e-05,0.14721861
1665,0.00021387526,0.00021405797,0.00015271874,0.0018093354,6.1761825e-06,6.3016449e-06,4.5953538e-06,2.621508e-06,3,3,3,3,0.0068063865,7.7946115e-05,0.14729655
1666,0.00021339559,0.00021453182,0.00015209459,0.0018013339,6.1698882e-06,6.336355e-06,4.5851447e-06,2.3687353e-06,3,3,3,3,0.0061498232,0.00012220305,0.14741875
1667,0.00021285654,0.00021488837,0.00015129355,0.0017925454,6.1638402e-06,6.3647815e-06,4.5666891e-06,2.854195e-06,3,3,3,3,0.0074098957,3.5633596e-05,0.14745439
1668,0.00021241304,0.00021515435,0.00015026321,0.00178326,6.1602331e-06,6.3842339e-06,4.5400716e-06,2.3251606e-06,3,3,3,3,0.0060361575,0.0001076416,0.14756203
1669,0.00021190889,0.00021537427,0.00014929851,0.0017739171,6.1549469e-06,6.4046502e-06,4.5163371e-06,2.3400273e-06,3,3,3,3,0.0060745273,0.00010463185,0.14766666
1670,0.00021153404,0.00021558065,0.00014835156,0.001764654,6.1534884e-06,6.4231504e-06,4.4921031e-06,2.3611457e-06,3,3,3,3,0.0061291497,0.00011205493,0.14777872
1671,0.00021124534,0.00021571445,0.0001474014,0.0017563464,6.154861e-06,6.4356593e-06,4.4667307e-06,2.3825965e-06,3,3,3,3,0.0061846481,0.00012686855,0.14790559
1672,0.00021109174,0.00021578013,0.00014648406,0.0017488946,6.1572123e-06,6.4426964e-06,4.4396231e-06,2.4065811e-06,3,3,3,3,0.006246725,0.00014613364,0.14805172
1673,0.00021101966,0.00021578529,0.00014559471,0.0017415347,6.1630863e-06,6.4445521e-06,4.4127334e-06,2.6308983e-06,3,3,3,3,0.0068287898,0.00010198309,0.1481537
1674,0.00021104915,0.00021568482,0.0001447045,0.0017347941,6.1710512e-06,6.4388576e-06,4.3841154e-06,2.4521256e-06,3,3,3,3,0.0063645922,0.00014133366,0.14829504
1675,0.00021109712,0.00021556012,0.00014388285,0.0017287604,6.1807274e-06,6.4320488e-06,4.3573076e-06,2.4819339e-06,3,3,3,3,0.0064418122,0.00012400647,0.14841904
1676,0.00021124007,0.00021546716,0.00014317206,0.0017236308,6.1909518e-06,6.4251298e-06,4.3326752e-06,2.5081352e-06,3,3,3,3,0.0065096857,0.00010167977,0.14852072
1677,0.00021142139,0.00021536737,0.00014253754,0.0017191017,6.2025574e-06,6.4164887e-06,4.3098166e-06,2.5356589e-06,3,3,3,3,0.0065810081,7.5341533e-05,0.14859606
1678,0.00021165452,0.00021522718,0.00014195247,0.0017149526,6.2157254e-06,6.4065917e-06,4.288537e-06,2.6910891e-06,3,3,3,3,0.0069843082,3.2234485e-06,0.14859929
1679,0.00021193619,0.00021495859,0.00014136184,0.0017118462,6.2296951e-06,6.3925354e-06,4.2664984e-06,2.5846276e-06,3,3,3,3,0.0067079218,-1.9881974e-05,0.1485794
1680,0.00021227837,0.00021475578,0.00014090766,0.001709682,6.2449858e-06,6.3810143e-06,4.2480445e-06,3.3255846e-06,3,3,3,3,0.0086308544,-2.8363044e-05,0.14855104
1681,0.00021267909,0.00021435924,0.00014021802,0.00170836,6.2583233e-06,6.3618946e-06,4.219648e-06,2.617973e-06,3,3,3,3,0.0067944238,-9.134099e-05,0.1484597
1682,0.00021315261,0.00021400331,0.00013976817,0.0017064728,6.2785557e-06,6.3497129e-06,4.2019511e-06,3.4153233e-06,3,3,3,3,0.0088637656,-2.5479221e-05,0.14843422
1683,0.00021384691,0.00021391049,0.00013950492,0.0017067658,6.3058264e-06,6.3453591e-06,4.188628e-06,2.6373479e-06,3,3,3,3,0.0068447648,-7.4670513e-05,0.14835955
1684,0.00021452435,0.00021355039,0.00013904604,0.0017064855,6.3326482e-06,6.330353e-06,4.1675565e-06,2.6431187e-06,3,3,3,3,0.0068597494,-5.0158906e-05,0.14830939
1685,0.00021534152,0.00021335088,0.00013872252,0.0017072816,6.362547e-06,6.3214995e-06,4.1505925e-06,2.7840668e-06,3,3,3,3,0.0072255741,-6.0074779e-05,0.14824932
1686,0.00021616877,0.00021325465,0.00013849117,0.001708891,6.3923259e-06,6.3174036e-06,4.1379995e-06,2.7917417e-06,3,3,3,3,0.007245512,-5.7917887e-05,0.1481914
1687,0.00021698229,0.00021326478,0.0001383074,0.0017108477,6.4207329e-06,6.3173054e-06,4.1259183e-06,2.7824593e-06,3,3,3,3,0.007221444,-6.4184629e-05,0.14812721
1688,0.00021771825,0.00021330399,0.00013814734,0.0017135127,6.4467575e-06,6.3181559e-06,4.1142015e-06,2.7861763e-06,3,3,3,3,0.007231136,-7.6526747e-05,0.14805069
1689,0.00021837739,0.00021336605,0.00013800679,0.0017160803,6.4703305e-06,6.3179868e-06,4.1043787e-06,2.7840784e-06,3,3,3,3,0.0072257593,-9.1413793e-05,0.14795927
1690,0.000218985,0.00021344742,0.00013794389,0.0017189754,6.4921495e-06,6.3182867e-06,4.0987336e-06,2.6639602e-06,3,3,3,3,0.0069140791,-7.7066093e-05,0.14788221
1691,0.00021952611,0.00021354936,0.00013798368,0.0017219929,6.5122592e-06,6.3190921e-06,4.0997719e-06,2.8449108e-06,3,3,3,3,0.0073838039,-0.00011265758,0.14776955
1692,0.00021998102,0.00021349919,0.00013793076,0.0017262521,6.5290602e-06,6.314717e-06,4.0987837e-06,2.8757202e-06,3,3,3,3,0.0074638715,-0.0001182825,0.14765127
1693,0.00022039845,0.00021344861,0.00013792679,0.0017304183,6.5438993e-06,6.3112297e-06,4.1001876e-06,2.8682897e-06,3,3,3,3,0.0074446785,-0.00012169679,0.14752957
1694,0.00022077572,0.0002134124,0.00013808645,0.0017337714,6.5581694e-06,6.311036e-06,4.1090624e-06,2.8459842e-06,3,3,3,3,0.0073868787,-0.00012018832,0.14740938
1695,0.0002211283,0.00021341882,0.00013841331,0.0017384173,6.5695741e-06,6.3134112e-06,4.1241375e-06,2.8310932e-06,3,3,3,3,0.0073483186,-0.00011319047,0.14729619
1696,0.00022149777,0.00021345473,0.00013885405,0.0017432394,6.5803557e-06,6.3189237e-06,4.1449476e-06,2.804699e-06,3,3,3,3,0.0072799165,-9.7309943e-05,0.14719888
1697,0.00022185669,0.00021354798,0.00013944493,0.0017489895,6.5915357e-06,6.3253632e-06,4.170076e-06,2.7914409e-06,3,3,3,3,0.0072456343,-7.6063144e-05,0.14712282
1698,0.00022218061,0.00021376202,0.00014015152,0.0017550683,6.6010272e-06,6.3367706e-06,4.2008363e-06,2.7989553e-06,3,3,3,3,0.0072652973,-4.7461505e-05,0.14707536
1699,0.00022247812,0.00021408908,0.0001409189,0.0017610339,6.6075752e-06,6.3545389e-06,4.2328156e-06,2.8214381e-06,3,3,3,3,0.0073238271,-1.6291799e-05,0.14705907
1700,0.00022270121,0.00021453005,0.00014174887,0.00176648,6.6098724e-06,6.3786188e-06,4.2648579e-06,2.8469939e-06,3,3,3,3,0.0073903424,1.3914946e-05,0.14707298
1701,0.00022288333,0.00021513431,0.00014261249,0.0017719393,6.6080419e-06,6.4079991e-06,4.2965778e-06,2.8358251e-06,3,3,3,3,0.0073615431,4.3926458e-05,0.14711691
1702,0.00022300891,0.00021589336,0.00014349813,0.0017780907,6.6031463e-06,6.4448471e-06,4.3277158e-06,2.8147546e-06,3,3,3,3,0.0073070391,6.6671397e-05,0.14718358
1703,0.00022308882,0.00021675753,0.00014440703,0.0017848787,6.5969739e-06,6.4870405e-06,4.3577732e-06,2.768287e-06,3,3,3,3,0.0071865919,7.9185804e-05,0.14726276
1704,0.00022311163,0.00021765015,0.00014529151,0.0017924471,6.5893972e-06,6.5286763e-06,4.3869011e-06,3.1449175e-06,3,3,3,3,0.0081645622,2.4794488e-05,0.14728756
1705,0.0002231725,0.00021845415,0.00014603744,0.0018017503,6.5799334e-06,6.5626524e-06,4.4111045e-06,2.6665967e-06,3,3,3,3,0.0069229236,7.4862375e-05,0.14736242
1706,0.00022313499,0.00021932711,0.00014690491,0.001811006,6.5682339e-06,6.5972029e-06,4.4407007e-06,2.6805496e-06,3,3,3,3,0.0069593465,5.2310557e-05,0.14741473
1707,0.00022313146,0.00022020432,0.00014776132,0.0018203649,6.5552511e-06,6.6300275e-06,4.4683338e-06,2.6865937e-06,3,3,3,3,0.0069752408,4.3333639e-05,0.14745807
1708,0.00022313598,0.00022107273,0.00014858439,0.0018300355,6.5398579e-06,6.6605639e-06,4.4940745e-06,2.7699434e-06,3,3,3,3,0.0071918391,-2.7241005e-08,0.14745804
1709,0.00022309002,0.00022182402,0.00014926802,0.001837379,6.5217369e-06,6.6835746e-06,4.5139552e-06,2.7455675e-06,3,3,3,3,0.0071287138,-2.82127e-05,0.14742983
1710,0.00022293635,0.00022246447,0.00014983811,0.0018438625,6.5005731e-06,6.6999356e-06,4.5302402e-06,2.7572334e-06,3,3,3,3,0.0071591341,-6.9162118e-05,0.14736066
1711,0.0002227107,0.00022298049,0.00015034549,0.0018495083,6.4781661e-06,6.7114185e-06,4.5452254e-06,2.8035104e-06,3,3,3,3,0.0072793978,-0.00012293399,0.14723773
1712,0.00022242683,0.0002234125,0.00015082022,0.0018548558,6.4557855e-06,6.7202132e-06,4.5590884e-06,2.6508435e-06,3,3,3,3,0.0068830702,-0.00017664284,0.14706109
1713,0.00022212674,0.00022385287,0.00015137821,0.0018601819,6.4324332e-06,6.7299921e-06,4.5774815e-06,3.4856456e-06,3,3,3,3,0.0090507579,-0.00011233936,0.14694875
1714,0.00022188917,0.00022441623,0.00015194272,0.0018663561,6.4107548e-06,6.7407487e-06,4.5951747e-06,3.121924e-06,3,3,3,3,0.008106489,-0.0001248781,0.14682387
1715,0.00022154287,0.00022487228,0.00015253867,0.0018724553,6.3879273e-06,6.7474342e-06,4.6149536e-06,2.6098836e-06,3,3,3,3,0.0067770124,-0.00017683558,0.14664703
1716,0.00022108405,0.00022500939,0.0001529415,0.0018778806,6.3612974e-06,6.7413878e-06,4.627097e-06,2.6300782e-06,3,3,3,3,0.0068294839,-0.00013901671,0.14650802
1717,0.000220641,0.00022509882,0.00015330448,0.0018823167,6.3389746e-06,6.7326223e-06,4.6372472e-06,2.8111828e-06,3,3,3,3,0.0072997788,-7.703256e-05,0.14643098
1718,0.00022021401,0.00022512424,0.00015354639,0.0018873183,6.3180457e-06,6.7189887e-06,4.6421877e-06,2.6968468e-06,3,3,3,3,0.0070029074,-6.3370965e-05,0.14636761
1719,0.00021984233,0.00022513507,0.00015385602,0.0018925763,6.2990559e-06,6.7051004e-06,4.6480463e-06,2.7004087e-06,3,3,3,3,0.0070121741,-3.7352056e-05,0.14633026
1720,0.00021954876,0.00022504305,0.00015416106,0.0018975562,6.2825822e-06,6.687806e-06,4.6525823e-06,2.7024351e-06,3,3,3,3,0.0070174466,-2.6893025e-05,0.14630337
1721,0.00021932023,0.00022487191,0.00015445157,0.0019022283,6.2691291e-06,6.6680742e-06,4.6566933e-06,2.715667e-06,3,3,3,3,0.0070518112,-3.3090696e-05,0.14627028
1722,0.00021919884,0.00022465706,0.00015474762,0.0019070012,6.2596929e-06,6.6485054e-06,4.6611075e-06,2.8766221e-06,3,3,3,3,0.0074697749,-2.7650924e-05,0.14624263
1723,0.0002192522,0.00022452887,0.00015514131,0.001912129,6.2554177e-06,6.632783e-06,4.6692791e-06,2.7482869e-06,3,3,3,3,0.007136535,-7.0554815e-05,0.14617207
1724,0.00021936335,0.00022435662,0.0001554826,0.0019159619,6.2529819e-06,6.6140846e-06,4.6749284e-06,2.7631824e-06,3,3,3,3,0.0071752414,-0.00010448833,0.14606758
1725,0.00021959484,0.00022421352,0.00015579806,0.0019196079,6.2545259e-06,6.5968285e-06,4.6813288e-06,2.7799915e-06,3,3,3,3,0.007218948,-0.0001509961,0.14591659
1726,0.00021990222,0.00022413642,0.00015609867,0.0019228372,6.2602096e-06,6.5822957e-06,4.6887501e-06,3.0159317e-06,3,3,3,3,0.007831705,-0.00015339765,0.14576319
1727,0.00022029137,0.0002242354,0.00015653079,0.0019259516,6.271104e-06,6.5773264e-06,4.7001234e-06,3.3446469e-06,3,3,3,3,0.0086854055,-9.4928596e-05,0.14566826
1728,0.00022071332,0.00022405534,0.00015661609,0.0019272545,6.2830194e-06,6.5621073e-06,4.6986313e-06,2.8127141e-06,3,3,3,3,0.0073042382,-0.00020124165,0.14546702
1729,0.0002211645,0.00022406734,0.00015687154,0.0019282131,6.2975523e-06,6.5580654e-06,4.7044872e-06,2.8425899e-06,3,3,3,3,0.0073818709,-0.00020461178,0.14526241
1730,0.00022170587,0.00022413037,0.00015710245,0.0019287224,6.3143857e-06,6.5559389e-06,4.7093797e-06,3.6605125e-06,3,3,3,3,0.009505995,-8.0605325e-05,0.1451818
1731,0.00022243722,0.00022438454,0.00015735672,0.0019299761,6.3383708e-06,6.5580654e-06,4.7146406e-06,2.8496632e-06,3,3,3,3,0.007400464,-0.00016161816,0.14502018
1732,0.0002230028,0.00022452515,0.00015747202,0.0019295982,6.3599096e-06,6.5591047e-06,4.7160324e-06,2.8510427e-06,3,3,3,3,0.0074041453,-0.00014167849,0.14487851
1733,0.00022365999,0.00022482186,0.00015753454,0.0019294002,6.3819099e-06,6.5661678e-06,4.7161451e-06,2.8567073e-06,3,3,3,3,0.0074189649,-0.00013697567,0.14474153
1734,0.00022439711,0.00022530893,0.0001575387,0.0019292299,6.40896e-06,6.5794253e-06,4.714957e-06,2.8646871e-06,3,3,3,3,0.0074398275,-0.00014565006,0.14459588
1735,0.00022523616,0.00022597581,0.0001574778,0.0019288208,6.4419603e-06,6.598421e-06,4.7128377e-06,2.8720524e-06,3,3,3,3,0.0074591253,-0.00016611148,0.14442977
1736,0.00022613871,0.00022673952,0.00015736463,0.0019280082,6.4785336e-06,6.6212158e-06,4.7091945e-06,3.2079509e-06,3,3,3,3,0.0083317153,-0.00012831832,0.14430145
1737,0.00022707656,0.00022760892,0.00015728837,0.0019280568,6.5187505e-06,6.6484536e-06,4.7071122e-06,3.1183307e-06,3,3,3,3,0.0080991877,-0.00012740363,0.14417405
1738,0.00022804985,0.00022861338,0.0001573722,0.001927919,6.56243e-06,6.6801704e-06,4.7098578e-06,2.8407212e-06,3,3,3,3,0.0073783846,-0.00015502906,0.14401902
1739,0.00022903077,0.00022944801,0.00015733137,0.0019280035,6.6067404e-06,6.7066303e-06,4.7073125e-06,2.8446314e-06,3,3,3,3,0.0073887635,-0.0001499801,0.14386904
1740,0.00023004768,0.00023025246,0.00015730379,0.0019284265,6.6517214e-06,6.7334081e-06,4.7037974e-06,2.8507906e-06,3,3,3,3,0.0074049927,-0.0001629289,0.14370611
1741,0.00023112598,0.00023099502,0.00015730129,0.0019286311,6.6973583e-06,6.758578e-06,4.6996817e-06,3.9681272e-06,3,3,3,3,0.010307643,-4.1645104e-05,0.14366446
1742,0.00023242181,0.00023162843,0.00015728121,0.0019297418,6.746515e-06,6.7784414e-06,4.695947e-06,2.7838848e-06,3,3,3,3,0.0072318146,-0.00014143349,0.14352303
1743,0.00023341536,0.00023204502,0.00015736274,0.001929416,6.7890192e-06,6.7950588e-06,4.6962874e-06,2.7637977e-06,3,3,3,3,0.0071798884,-0.00013838127,0.14338465
1744,0.00023438223,0.00023244134,0.00015749977,0.0019288146,6.8312119e-06,6.8101333e-06,4.6976102e-06,2.7624396e-06,3,3,3,3,0.0071766266,-0.00016262019,0.14322203
1745,0.00023531889,0.00023282395,0.00015770319,0.0019283015,6.8709654e-06,6.826893e-06,4.699116e-06,3.1838873e-06,3,3,3,3,0.0082718533,-0.00010856607,0.14311346
1746,0.00023625335,0.0002331523,0.00015784861,0.0019282781,6.9077081e-06,6.8381594e-06,4.6972514e-06,3.1482511e-06,3,3,3,3,0.0081796256,-0.00010914765,0.14300432
1747,0.00023708603,0.00023356791,0.00015829684,0.0019283148,6.9440926e-06,6.8565546e-06,4.7080072e-06,3.308928e-06,3,3,3,3,0.0085974775,-4.0377379e-05,0.14296394
1748,0.00023775594,0.00023366842,0.00015852461,0.001927455,6.9756078e-06,6.8611948e-06,4.708282e-06,2.6932811e-06,3,3,3,3,0.0069982478,-9.3669285e-05,0.14287027
1749,0.00023822085,0.00023373686,0.00015884323,0.0019275886,7.0007034e-06,6.8671948e-06,4.7132201e-06,2.6926998e-06,3,3,3,3,0.0069970446,-6.9200776e-05,0.14280107
1750,0.00023866741,0.00023375614,0.00015920802,0.0019277715,7.022472e-06,6.8731587e-06,4.7198141e-06,2.6943494e-06,3,3,3,3,0.0070016331,-7.6722042e-05,0.14272435
1751,0.00023906061,0.00023379121,0.00015954834,0.0019286672,7.0404982e-06,6.878271e-06,4.7264424e-06,2.6913285e-06,3,3,3,3,0.0069940818,-0.00011443618,0.14260991
1752,0.0002393376,0.00023380645,0.00015982703,0.001930359,7.055601e-06,6.8817746e-06,4.7336801e-06,3.0773431e-06,3,3,3,3,0.0079975746,-8.966792e-05,0.14252024
1753,0.00023962407,0.00023388132,0.0001601257,0.0019324612,7.0699297e-06,6.8892122e-06,4.7449383e-06,3.06784e-06,3,3,3,3,0.0079732159,-0.00011376133,0.14240648
1754,0.00023984134,0.00023398743,0.00016045749,0.0019348127,7.0802401e-06,6.9016304e-06,4.7606516e-06,3.4586458e-06,3,3,3,3,0.0089892828,-4.1525945e-05,0.14236495
1755,0.0002400235,0.00023384169,0.00016045801,0.0019362631,7.0832459e-06,6.9037287e-06,4.7654628e-06,2.6890128e-06,3,3,3,3,0.0069893083,-0.00012300702,0.14224195
1756,0.00024004445,0.00023383863,0.00016058795,0.0019380259,7.0821341e-06,6.9181711e-06,4.7763551e-06,2.6988189e-06,3,3,3,3,0.0070150408,-9.8076632e-05,0.14214387
1757,0.00024006456,0.0002338998,0.0001606956,0.0019395632,7.0770289e-06,6.9372141e-06,4.7872348e-06,2.7009413e-06,3,3,3,3,0.0070207734,-9.7550808e-05,0.14204632
1758,0.00024002079,0.00023399283,0.00016078778,0.0019410329,7.067467e-06,6.958276e-06,4.7969134e-06,2.9655773e-06,3,3,3,3,0.0077088673,-4.6666708e-05,0.14199965
1759,0.00023984206,0.00023398733,0.00016076535,0.0019421014,7.0519193e-06,6.974799e-06,4.8005981e-06,2.9329596e-06,3,3,3,3,0.0076242816,-4.4477548e-05,0.14195518
1760,0.0002395148,0.00023396961,0.000160742,0.0019434197,7.0332015e-06,6.9934547e-06,4.8043876e-06,2.6722427e-06,3,3,3,3,0.0069467239,-9.6514164e-05,0.14185866
1761,0.00023900932,0.00023389575,0.00016068972,0.0019440117,7.0119207e-06,7.009442e-06,4.8064642e-06,2.865752e-06,3,3,3,3,0.0074499463,-4.9640558e-05,0.14180902
1762,0.00023844036,0.00023381443,0.00016063715,0.0019453897,6.9898436e-06,7.0229335e-06,4.8104352e-06,2.665434e-06,3,3,3,3,0.0069293536,-9.851623e-05,0.1417105
1763,0.00023774258,0.00023367241,0.00016047891,0.0019459843,6.9655113e-06,7.0326746e-06,4.8122281e-06,2.8679481e-06,3,3,3,3,0.0074560118,-5.1503695e-05,0.141659
1764,0.00023700285,0.00023350272,0.00016026936,0.0019459852,6.9415703e-06,7.039349e-06,4.8123917e-06,2.8316309e-06,3,3,3,3,0.0073617537,-4.7248402e-05,0.14161175
1765,0.00023618451,0.000233311,0.00016002643,0.0019450101,6.9159996e-06,7.0451366e-06,4.8111998e-06,2.6692655e-06,3,3,3,3,0.006939771,-8.4226855e-05,0.14152753
1766,0.00023520939,0.00023293381,0.00015961772,0.0019435192,6.8873561e-06,7.0464463e-06,4.8028299e-06,2.669559e-06,3,3,3,3,0.0069406413,-9.1623296e-05,0.1414359
1767,0.00023421356,0.00023257577,0.00015920683,0.0019417304,6.8587731e-06,7.0493719e-06,4.7938034e-06,2.8297288e-06,3,3,3,3,0.0073571502,-5.6895985e-05,0.14137901
1768,0.00023317838,0.00023212246,0.000158679,0.0019395047,6.828508e-06,7.0467733e-06,4.7796287e-06,2.8023681e-06,3,3,3,3,0.0072860841,-5.8816662e-05,0.14132019
1769,0.00023211821,0.00023169403,0.00015811696,0.0019368372,6.7999149e-06,7.0448679e-06,4.76569e-06,2.7475108e-06,3,3,3,3,0.0071435062,-5.168061e-05,0.14126851
1770,0.00023104589,0.00023119989,0.00015757153,0.0019342349,6.7708993e-06,7.0380627e-06,4.7493678e-06,2.6615408e-06,3,3,3,3,0.0069200039,-7.6831421e-05,0.14119168
1771,0.00022996375,0.00023062696,0.0001570068,0.0019308035,6.7407579e-06,7.0262415e-06,4.7310167e-06,2.6544628e-06,3,3,3,3,0.0069015867,-7.3266288e-05,0.14111841
1772,0.00022892707,0.00023007455,0.00015652412,0.0019266594,6.7126141e-06,7.0139499e-06,4.7140363e-06,2.7517762e-06,3,3,3,3,0.0071545687,-3.1619547e-05,0.14108679
1773,0.00022795893,0.00022932801,0.00015592832,0.0019222822,6.6873438e-06,6.994965e-06,4.6922305e-06,2.7426847e-06,3,3,3,3,0.0071308821,-1.7055336e-05,0.14106974
1774,0.00022712682,0.00022852716,0.00015536031,0.0019176406,6.6651998e-06,6.9734343e-06,4.6708251e-06,2.6994069e-06,3,3,3,3,0.0070182763,3.8837531e-06,0.14107362
1775,0.00022637139,0.00022767268,0.00015480334,0.0019127419,6.6475149e-06,6.9481179e-06,4.6491618e-06,2.6609976e-06,3,3,3,3,0.0069183031,3.2372957e-05,0.14110599
1776,0.00022573053,0.00022677088,0.00015427252,0.0019078961,6.6315421e-06,6.9185792e-06,4.6257429e-06,2.651725e-06,3,3,3,3,0.006894048,4.7863265e-05,0.14115386
1777,0.00022523618,0.00022587283,0.0001538365,0.0019036674,6.6173651e-06,6.8872635e-06,4.6045369e-06,2.6959676e-06,3,3,3,3,0.0070088932,0.00010585794,0.14125971
1778,0.0002248176,0.00022487817,0.00015337854,0.001900059,6.6050814e-06,6.8496782e-06,4.5829251e-06,3.1961213e-06,3,3,3,3,0.0083089562,7.1253361e-05,0.14133097
1779,0.00022449712,0.00022385485,0.00015288052,0.0018972863,6.5935312e-06,6.8064412e-06,4.5579239e-06,2.6577015e-06,3,3,3,3,0.0069089745,0.00013518559,0.14146615
1780,0.0002241432,0.00022281454,0.00015255491,0.001893856,6.5843682e-06,6.7638386e-06,4.5396549e-06,2.6801693e-06,3,3,3,3,0.0069671657,0.00015044482,0.1416166
1781,0.00022389111,0.0002218796,0.00015236732,0.0018912987,6.5789779e-06,6.7206082e-06,4.5254317e-06,3.4213573e-06,3,3,3,3,0.0088935792,7.9161578e-05,0.14169576
1782,0.00022373293,0.00022101177,0.00015218155,0.0018893886,6.5746547e-06,6.6764945e-06,4.5114122e-06,2.6697576e-06,3,3,3,3,0.0069394995,0.00013153156,0.14182729
1783,0.00022347114,0.0002200295,0.00015200007,0.0018872074,6.5668965e-06,6.6276416e-06,4.5005758e-06,2.6648472e-06,3,3,3,3,0.006926465,0.00011926707,0.14194656
1784,0.00022327063,0.00021925994,0.00015196514,0.0018860731,6.5585802e-06,6.5840172e-06,4.4942946e-06,3.241107e-06,3,3,3,3,0.0084239455,6.1109792e-05,0.14200767
1785,0.00022311599,0.00021864616,0.00015203629,0.0018860945,6.5513567e-06,6.5450392e-06,4.4906869e-06,2.6397031e-06,3,3,3,3,0.0068605011,9.3876755e-05,0.14210154
1786,0.00022280452,0.00021786582,0.00015201098,0.0018849749,6.5388141e-06,6.5001476e-06,4.4853528e-06,2.6385688e-06,3,3,3,3,0.0068572704,9.7720379e-05,0.14219927
1787,0.0002225011,0.00021716157,0.00015210003,0.0018835505,6.5266817e-06,6.4589882e-06,4.4850628e-06,2.6511942e-06,3,3,3,3,0.0068898008,0.00012226427,0.14232153
1788,0.00022217125,0.00021650816,0.0001523376,0.0018821268,6.5146391e-06,6.422332e-06,4.4911936e-06,3.3427634e-06,3,3,3,3,0.0086866757,6.8522911e-05,0.14239005
1789,0.00022190813,0.00021585756,0.00015253841,0.0018803519,6.5015246e-06,6.385223e-06,4.4953273e-06,3.118348e-06,3,3,3,3,0.0081030866,7.3339863e-05,0.14246339
1790,0.00022163295,0.00021530991,0.00015294287,0.0018779956,6.4853307e-06,6.3529256e-06,4.5065404e-06,2.6222239e-06,3,3,3,3,0.0068135484,0.00012434406,0.14258774
1791,0.00022127319,0.00021460471,0.00015316471,0.0018744349,6.4629708e-06,6.3138384e-06,4.5128565e-06,2.6497122e-06,3,3,3,3,0.0068846898,0.00013297119,0.14272071
1792,0.00022096386,0.0002140499,0.00015343036,0.0018711057,6.4402844e-06,6.279739e-06,4.5218473e-06,2.9379577e-06,3,3,3,3,0.0076333122,0.00010555729,0.14282626
1793,0.000220708,0.00021377391,0.00015390444,0.0018687902,6.4191247e-06,6.2570323e-06,4.5396897e-06,3.1774299e-06,3,3,3,3,0.0082551295,6.3173628e-05,0.14288944
1794,0.00022036547,0.00021332542,0.00015411679,0.0018657572,6.394806e-06,6.227235e-06,4.5479468e-06,3.0864516e-06,3,3,3,3,0.0080183154,5.7557862e-05,0.142947
1795,0.00021998066,0.00021304325,0.00015438496,0.0018634696,6.3691383e-06,6.2054427e-06,4.5612253e-06,2.5637581e-06,3,3,3,3,0.0066600333,0.00010319757,0.14305019
1796,0.00021944762,0.00021271184,0.00015458048,0.0018613876,6.3405455e-06,6.1848001e-06,4.5737626e-06,2.5822878e-06,3,3,3,3,0.0067078511,0.0001101292,0.14316032
1797,0.00021895006,0.00021253054,0.00015479933,0.0018595417,6.3166685e-06,6.1758085e-06,4.5883116e-06,3.1299816e-06,3,3,3,3,0.0081301767,4.8678258e-05,0.143209
1798,0.00021848907,0.00021239441,0.00015490914,0.0018574154,6.2958534e-06,6.1698503e-06,4.5993464e-06,2.9548178e-06,3,3,3,3,0.0076747414,4.9258281e-05,0.14325826
1799,0.00021796807,0.00021246846,0.00015505675,0.0018541909,6.2767929e-06,6.1740292e-06,4.6119402e-06,2.5262473e-06,3,3,3,3,0.0065612282,0.00011607575,0.14337434
1800,0.00021724307,0.00021241795,0.00015496879,0.0018490173,6.2542532e-06,6.1749782e-06,4.6160253e-06,2.765958e-06,3,3,3,3,0.0071834789,8.7647972e-05,0.14346198
1801,0.00021662424,0.00021256124,0.00015486618,0.0018434806,6.2359085e-06,6.1855445e-06,4.6206904e-06,2.7363394e-06,3,3,3,3,0.0071062222,9.5045866e-05,0.14355703
1802,0.00021603894,0.00021290765,0.00015480051,0.0018375038,6.2219227e-06,6.2097979e-06,4.6277017e-06,3.0824951e-06,3,3,3,3,0.0080047941,5.0419892e-05,0.14360745
1803,0.00021544447,0.00021306865,0.000154283,0.0018300785,6.2084263e-06,6.2246367e-06,4.6193601e-06,2.437448e-06,3,3,3,3,0.0063293401,0.00012906878,0.14373652
1804,0.00021479107,0.00021339354,0.00015382708,0.0018227837,6.1945146e-06,6.2504969e-06,4.6151451e-06,2.9996992e-06,3,3,3,3,0.007788975,4.4728627e-05,0.14378125
1805,0.0002143308,0.00021384687,0.00015330022,0.0018159756,6.1854351e-06,6.2823512e-06,4.6076743e-06,2.3748502e-06,3,3,3,3,0.0061661593,0.00010702944,0.14388828
1806,0.00021373662,0.0002141406,0.00015258548,0.001807386,6.1746615e-06,6.309834e-06,4.5938043e-06,2.3648744e-06,3,3,3,3,0.0061399863,0.00011335779,0.14400163
1807,0.00021320802,0.00021448629,0.00015179137,0.0017987922,6.1665483e-06,6.3383161e-06,4.576589e-06,2.5811698e-06,3,3,3,3,0.0067012696,8.6354416e-05,0.14408799
1808,0.00021272758,0.00021484425,0.00015093554,0.0017900391,6.1618033e-06,6.36556e-06,4.5563265e-06,2.5367163e-06,3,3,3,3,0.0065855896,8.9832833e-05,0.14417782
1809,0.00021227196,0.00021525981,0.00015012318,0.0017810197,6.1591333e-06,6.3926438e-06,4.5385377e-06,2.3529689e-06,3,3,3,3,0.0061083157,0.00013019725,0.14430802
1810,0.00021181643,0.00021551105,0.00014918084,0.0017716845,6.1550609e-06,6.4137081e-06,4.5149927e-06,2.3646715e-06,3,3,3,3,0.0061384758,0.00014154116,0.14444956
1811,0.00021145457,0.00021569481,0.00014821205,0.001762616,6.153794e-06,6.4298184e-06,4.489548e-06,2.3838765e-06,3,3,3,3,0.0061881341,0.00016146517,0.14461102
1812,0.00021118813,0.00021578275,0.00014723133,0.0017544883,6.1548767e-06,6.4398432e-06,4.4622197e-06,3.1853006e-06,3,3,3,3,0.0082682468,4.8481405e-05,0.14465951
1813,0.00021123637,0.00021601818,0.00014648014,0.0017482605,6.1625822e-06,6.4514017e-06,4.4409463e-06,2.3935468e-06,3,3,3,3,0.0062127908,0.00011958289,0.14477909
1814,0.00021113699,0.00021597307,0.00014561926,0.0017406962,6.1686781e-06,6.4510247e-06,4.4146462e-06,2.4258049e-06,3,3,3,3,0.0062963448,8.0710807e-05,0.1448598
1815,0.00021116189,0.00021590514,0.00014480367,0.0017340415,6.1775187e-06,6.4466223e-06,4.3884366e-06,2.4729577e-06,3,3,3,3,0.0064185714,4.161916e-05,0.14490142
1816,0.00021124489,0.00021584048,0.00014404411,0.001728266,6.1874558e-06,6.4411256e-06,4.3631995e-06,2.7684106e-06,3,3,3,3,0.0071852594,-5.4452665e-05,0.14484697
1817,0.00021138003,0.00021561869,0.00014321784,0.0017233069,6.1965374e-06,6.4293033e-06,4.3342708e-06,3.4583286e-06,3,3,3,3,0.0089757296,-1.9898567e-05,0.14482707
1818,0.00021156822,0.00021540813,0.00014237707,0.0017195862,6.2053731e-06,6.4139215e-06,4.3030485e-06,2.5482618e-06,3,3,3,3,0.0066137122,-0.00010489817,0.14472217
1819,0.00021172058,0.0002150782,0.00014167114,0.0017149377,6.217361e-06,6.3980837e-06,4.277572e-06,2.5784952e-06,3,3,3,3,0.0066920887,-0.00014076968,0.1445814
1820,0.000211998,0.000214816,0.00014110886,0.0017115146,6.2319145e-06,6.3854408e-06,4.2566382e-06,3.5702199e-06,3,3,3,3,0.0092658563,-4.7327613e-05,0.14453407
1821,0.00021232154,0.00021474418,0.00014075653,0.0017101295,6.2462953e-06,6.380107e-06,4.2418059e-06,2.6055236e-06,3,3,3,3,0.0067622001,-0.00010737843,0.14442669
1822,0.00021269728,0.00021432252,0.00014015883,0.0017076257,6.2613856e-06,6.3625161e-06,4.2178274e-06,2.6251428e-06,3,3,3,3,0.0068130868,-6.6606906e-05,0.14436009
1823,0.0002132635,0.00021394639,0.0001396404,0.0017059962,6.2826186e-06,6.3463875e-06,4.1957773e-06,2.6499003e-06,3,3,3,3,0.0068773275,-2.5536831e-05,0.14433455
1824,0.00021395147,0.00021371256,0.00013930861,0.0017057497,6.3102205e-06,6.3374628e-06,4.1806796e-06,2.8239717e-06,3,3,3,3,0.0073290965,-3.3812562e-05,0.14430074
1825,0.00021472336,0.00021348824,0.00013898816,0.0017064762,6.3398484e-06,6.3281822e-06,4.1645952e-06,2.8335989e-06,3,3,3,3,0.0073540897,-3.4028927e-05,0.14426671
1826,0.00021554755,0.00021331156,0.00013868415,0.0017077759,6.3706517e-06,6.3202796e-06,4.1483913e-06,2.8150544e-06,3,3,3,3,0.0073059777,-4.8505396e-05,0.1442182
1827,0.00021637141,0.00021321448,0.0001384055,0.0017092824,6.3996271e-06,6.3155766e-06,4.1337036e-06,2.7760558e-06,3,3,3,3,0.0072047826,-7.4914354e-05,0.14414329
1828,0.00021715835,0.00021323779,0.00013822452,0.0017113775,6.4267749e-06,6.3158291e-06,4.1215513e-06,2.6654024e-06,3,3,3,3,0.0069176268,-7.8103858e-05,0.14406518
1829,0.00021789972,0.00021339229,0.0001382015,0.001713942,6.4530343e-06,6.3211813e-06,4.1150495e-06,3.3130085e-06,3,3,3,3,0.0085984482,-4.7969298e-05,0.14401722
1830,0.00021856639,0.00021354233,0.00013809783,0.0017172898,6.4764425e-06,6.3242196e-06,4.106843e-06,2.6757673e-06,3,3,3,3,0.0069447111,-6.6329109e-05,0.14395089
1831,0.00021909274,0.00021347453,0.00013792923,0.0017196385,6.4959406e-06,6.3185453e-06,4.0974749e-06,2.8542382e-06,3,3,3,3,0.0074079953,-6.5216122e-05,0.14388567
1832,0.00021960393,0.00021347723,0.00013787779,0.0017230434,6.5147682e-06,6.3157362e-06,4.0960491e-06,2.8697658e-06,3,3,3,3,0.0074483824,-4.3287422e-05,0.14384238
1833,0.00022006389,0.00021351217,0.00013793522,0.0017276654,6.5318622e-06,6.3149696e-06,4.0990425e-06,2.8816634e-06,3,3,3,3,0.007479359,-2.4547223e-05,0.14381784
1834,0.00022047831,0.00021349822,0.00013801077,0.0017312303,6.5474108e-06,6.3138867e-06,4.1043241e-06,2.8821441e-06,3,3,3,3,0.0074806917,-8.5659699e-06,0.14380927
1835,0.00022086062,0.00021348006,0.00013819537,0.0017348475,6.561289e-06,6.3136576e-06,4.1134174e-06,2.8313191e-06,3,3,3,3,0.0073488613,3.5475355e-06,0.14381282
1836,0.00022121392,0.00021349245,0.00013855281,0.0017394922,6.5719335e-06,6.3172463e-06,4.1302952e-06,2.7946327e-06,3,3,3,3,0.0072537233,1.4732019e-05,0.14382755
1837,0.00022158325,0.00021352639,0.0001390178,0.0017445823,6.5827872e-06,6.32255e-06,4.1519137e-06,2.7197013e-06,3,3,3,3,0.0070593306,7.9497015e-05,0.14390705
1838,0.00022190575,0.00021356766,0.00013958107,0.0017500613,6.5923812e-06,6.3264788e-06,4.1758978e-06,2.9071472e-06,3,3,3,3,0.0075460136,5.2437763e-05,0.14395948
1839,0.0002222409,0.00021379731,0.00014028791,0.0017564829,6.6022088e-06,6.3387517e-06,4.2070002e-06,2.8081406e-06,3,3,3,3,0.0072891787,7.256997e-05,0.14403205
1840,0.0002225699,0.00021422892,0.00014114999,0.0017624786,6.6092066e-06,6.3614255e-06,4.241923e-06,2.8226031e-06,3,3,3,3,0.0073268789,7.8891592e-05,0.14411095
1841,0.00022276697,0.00021470116,0.00014199364,0.0017678463,6.6103348e-06,6.3864223e-06,4.2740664e-06,2.7869255e-06,3,3,3,3,0.0072344414,7.6573709e-05,0.14418752
1842,0.00022290857,0.00021530128,0.00014282886,0.0017731603,6.6067526e-06,6.4156295e-06,4.3047026e-06,2.7188685e-06,3,3,3,3,0.0070579555,0.00012731521,0.14431483
1843,0.00022297332,0.00021598635,0.00014362613,0.0017792363,6.5991325e-06,6.4505641e-06,4.3319363e-06,3.2579123e-06,3,3,3,3,0.0084574993,2.0511235e-05,0.14433535
1844,0.0002231537,0.00021699079,0.00014466616,0.0017866679,6.5951999e-06,6.4971368e-06,4.3665612e-06,2.6966994e-06,3,3,3,3,0.0070007019,9.9221965e-05,0.14443457
1845,0.00022312374,0.00021787422,0.00014558422,0.0017946966,6.5869849e-06,6.5385938e-06,4.3970731e-06,2.7838305e-06,3,3,3,3,0.0072271071,3.735561e-05,0.14447192
1846,0.0002231378,0.00021873844,0.00014642693,0.0018040395,6.5776153e-06,6.5752482e-06,4.4251403e-06,2.8086826e-06,3,3,3,3,0.0072918351,8.2633017e-06,0.14448019
1847,0.00022313497,0.00021960827,0.00014720583,0.0018132079,6.5657806e-06,6.60785e-06,4.4511301e-06,2.7737982e-06,3,3,3,3,0.0072014682,-2.6632026e-05,0.14445355
1848,0.00022312086,0.00022040541,0.00014793408,0.0018228759,6.5514105e-06,6.6375674e-06,4.4740832e-06,2.7653614e-06,3,3,3,3,0.0071797669,-7.4948688e-05,0.14437861
1849,0.00022308946,0.00022113721,0.00014859908,0.0018320065,6.5342712e-06,6.6622031e-06,4.4939409e-06,2.8041208e-06,3,3,3,3,0.0072805927,-0.00013218177,0.14424642
1850,0.00022301841,0.00022182475,0.00014922175,0.0018389093,6.515404e-06,6.6816123e-06,4.5113589e-06,2.662521e-06,3,3,3,3,0.0069131021,-0.00018401276,0.14406241
1851,0.00022286899,0.00022251722,0.00014988578,0.0018451493,6.4947165e-06,6.6999704e-06,4.5313523e-06,3.60644e-06,3,3,3,3,0.0093641068,-0.00011238488,0.14395003
1852,0.00022274342,0.00022325114,0.00015052689,0.001851604,6.4753618e-06,6.7195317e-06,4.550513e-06,3.1580466e-06,3,3,3,3,0.0082000797,-0.00012765471,0.14382237
1853,0.00022249048,0.00022387535,0.00015121206,0.0018571537,6.4546571e-06,6.7360881e-06,4.5720798e-06,2.6474879e-06,3,3,3,3,0.0068745121,-0.00015323545,0.14366914
1854,0.00022212291,0.00022416605,0.00015166589,0.0018618655,6.4288023e-06,6.7390681e-06,4.5863995e-06,2.6629933e-06,3,3,3,3,0.0069148305,-0.00010398024,0.14356516
1855,0.00022175489,0.00022448002,0.00015209158,0.0018671003,6.4039123e-06,6.7403571e-06,4.60024e-06,2.6635627e-06,3,3,3,3,0.0069163526,-5.8077491e-05,0.14350708
1856,0.00022137149,0.00022474151,0.00015250446,0.0018730972,6.3794754e-06,6.739986e-06,4.6134718e-06,2.6613826e-06,3,3,3,3,0.006910727,-1.8983518e-05,0.1434881
1857,0.0002209759,0.00022491912,0.00015288068,0.0018787561,6.3556447e-06,6.7353523e-06,4.6240982e-06,2.6644635e-06,3,3,3,3,0.0069187583,8.1691633e-06,0.14349626
1858,0.00022052746,0.00022500416,0.00015322192,0.0018831372,6.3337037e-06,6.7258943e-06,4.633289e-06,2.7976567e-06,3,3,3,3,0.0072646402,4.7184468e-05,0.14354345
1859,0.00022008819,0.00022503961,0.00015353388,0.0018883775,6.3122394e-06,6.7121812e-06,4.640468e-06,2.665158e-06,3,3,3,3,0.0069205979,3.5680579e-05,0.14357913
1860,0.00021971203,0.00022504244,0.00015390006,0.0018934962,6.2932403e-06,6.6986051e-06,4.6488664e-06,2.6800805e-06,3,3,3,3,0.0069593636,2.909986e-05,0.14360823
1861,0.00021943496,0.00022496081,0.00015424474,0.0018983877,6.2778808e-06,6.6823006e-06,4.6546849e-06,2.7042598e-06,3,3,3,3,0.0070221579,6.9580676e-06,0.14361519
1862,0.00021926135,0.00022482868,0.00015455597,0.0019028042,6.2661763e-06,6.6641514e-06,4.6594601e-06,2.7283596e-06,3,3,3,3,0.007084741,-2.9765344e-05,0.14358542
1863,0.00021919188,0.00022465371,0.00015487382,0.0019079967,6.2587598e-06,6.646393e-06,4.6644277e-06,2.7461848e-06,3,3,3,3,0.0071310388,-7.9710093e-05,0.14350571
1864,0.00021924032,0.00022447078,0.00015520897,0.0019127725,6.2539142e-06,6.6280708e-06,4.6699668e-06,2.7580766e-06,3,3,3,3,0.0071619273,-0.00014329332,0.14336242
1865,0.00021937662,0.00022430901,0.00015556168,0.0019166216,6.2521012e-06,6.6100645e-06,4.6765205e-06,3.0341155e-06,3,3,3,3,0.0078787599,-0.00015654689,0.14320587
1866,0.00021970277,0.0002243401,0.00015601891,0.0019207517,6.2564354e-06,6.5985322e-06,4.688465e-06,3.168831e-06,3,3,3,3,0.0082286611,-0.00011108533,0.14309479
1867,0.00022002779,0.0002241449,0.00015618984,0.0019236567,6.2635978e-06,6.5802639e-06,4.6911494e-06,3.2304288e-06,3,3,3,3,0.0083887898,-0.00010725631,0.14298753
1868,0.00022042734,0.00022401264,0.00015635193,0.0019264878,6.2735586e-06,6.5652319e-06,4.6918348e-06,2.8038311e-06,3,3,3,3,0.0072811502,-0.00015015729,0.14283737
1869,0.00022079739,0.00022395455,0.00015659178,0.0019274996,6.2855513e-06,6.5567791e-06,4.6967233e-06,2.8320717e-06,3,3,3,3,0.0073545569,-0.00011302508,0.14272435
1870,0.00022129216,0.00022398728,0.00015683764,0.0019283543,6.3009791e-06,6.5536847e-06,4.7020847e-06,2.8524774e-06,3,3,3,3,0.0074075932,-9.453476e-05,0.14262981
1871,0.00022184623,0.0002240779,0.00015705787,0.0019288551,6.3186542e-06,6.5525001e-06,4.706626e-06,2.8556757e-06,3,3,3,3,0.0074159605,-9.62894e-05,0.14253352
1872,0.0002224218,0.00022423164,0.00015722513,0.0019287635,6.3394745e-06,6.5518177e-06,4.7090771e-06,2.8587012e-06,3,3,3,3,0.0074238917,-0.00011850745,0.14241502
1873,0.00022305293,0.00022444045,0.00015732969,0.0019287815,6.3615067e-06,6.5553218e-06,4.7106062e-06,2.8607159e-06,3,3,3,3,0.0074292251,-0.00015998692,0.14225503
1874,0.00022372975,0.00022479946,0.0001574032,0.0019288531,6.3845047e-06,6.5647381e-06,4.7112826e-06,3.3286282e-06,3,3,3,3,0.0086445166,-9.8746378e-05,0.14215628
1875,0.0002246197,0.00022548534,0.00015754011,0.0019293114,6.417136e-06,6.5847477e-06,4.7152212e-06,2.8551586e-06,3,3,3,3,0.0074151274,-0.00019583887,0.14196044
1876,0.00022544098,0.00022613149,0.00015745538,0.0019285928,6.450487e-06,6.6030766e-06,4.7121778e-06,3.1023706e-06,3,3,3,3,0.0080573547,-0.00014887444,0.14181157
1877,0.00022637333,0.00022689248,0.00015729805,0.0019276767,6.4875939e-06,6.6246676e-06,4.7064709e-06,2.8599565e-06,3,3,3,3,0.0074279677,-0.00018183171,0.14162974
1878,0.00022723839,0.00022771556,0.00015720135,0.0019274525,6.5272177e-06,6.6515663e-06,4.7040266e-06,2.8628165e-06,3,3,3,3,0.0074356061,-0.00017786649,0.14145187
1879,0.00022817335,0.00022859296,0.00015715178,0.0019269396,6.5696072e-06,6.6783924e-06,4.7017572e-06,2.8554609e-06,3,3,3,3,0.007416722,-0.00018685731,0.14126501
1880,0.00022919033,0.0002294528,0.00015712393,0.0019274521,6.6146702e-06,6.7063572e-06,4.6995433e-06,3.3130112e-06,3,3,3,3,0.0086054185,-6.6174848e-05,0.14119884
1881,0.00023032311,0.00023026122,0.00015710794,0.0019282607,6.6624264e-06,6.7327484e-06,4.6961538e-06,2.7979291e-06,3,3,3,3,0.007267825,-0.00014993554,0.1410489
1882,0.00023136319,0.00023088519,0.0001570735,0.0019281854,6.707074e-06,6.7541662e-06,4.6912587e-06,2.7894326e-06,3,3,3,3,0.0072460003,-0.00013300476,0.1409159
1883,0.00023246082,0.00023145893,0.00015708894,0.0019280398,6.7523789e-06,6.7737825e-06,4.6886787e-06,2.7873202e-06,3,3,3,3,0.0072407608,-0.00013670882,0.14077919
1884,0.00023354077,0.00023197365,0.0001571976,0.0019282726,6.7962697e-06,6.7926045e-06,4.6898074e-06,2.7860546e-06,3,3,3,3,0.0072377305,-0.00016174956,0.14061744
1885,0.00023453746,0.00023240764,0.00015736089,0.0019278977,6.8388685e-06,6.8097959e-06,4.6915989e-06,3.1548768e-06,3,3,3,3,0.008196182,-0.00011030892,0.14050713
1886,0.00023556345,0.00023299127,0.00015776998,0.0019283099,6.8807146e-06,6.8337939e-06,4.7002409e-06,3.410541e-06,3,3,3,3,0.0088607583,-5.1858173e-05,0.14045527
1887,0.00023646906,0.00023321941,0.0001579247,0.0019277898,6.9174421e-06,6.8421213e-06,4.6994506e-06,2.700387e-06,3,3,3,3,0.0070161299,-0.00012912399,0.14032615
1888,0.00023715053,0.00023340827,0.00015820778,0.0019273263,6.9493711e-06,6.8512371e-06,4.7033025e-06,2.7017487e-06,3,3,3,3,0.0070199739,-0.00011452937,0.14021162
1889,0.00023775676,0.00023358403,0.00015854252,0.0019270288,6.9791836e-06,6.860213e-06,4.7080159e-06,2.7134725e-06,3,3,3,3,0.0070507444,-0.00012855536,0.14008306
1890,0.00023826933,0.00023372149,0.00015890575,0.0019273099,7.0052471e-06,6.8683168e-06,4.7141274e-06,3.0568467e-06,3,3,3,3,0.0079433203,-8.9856966e-05,0.13999321
1891,0.00023880797,0.00023388024,0.00015936649,0.0019281068,7.0285674e-06,6.8795876e-06,4.7241317e-06,3.3332399e-06,3,3,3,3,0.0086619279,-2.4007729e-05,0.1399692
1892,0.00023923445,0.00023387963,0.00015967644,0.0019291234,7.0469869e-06,6.8818768e-06,4.7304962e-06,2.6732666e-06,3,3,3,3,0.0069472698,-0.00011859143,0.13985061
1893,0.00023944282,0.00023384358,0.00015994542,0.001930932,7.0604443e-06,6.8842256e-06,4.7379477e-06,2.6712353e-06,3,3,3,3,0.0069422846,-0.00011566154,0.13973495
1894,0.00023962903,0.00023381989,0.00016019641,0.0019325001,7.0719716e-06,6.8888292e-06,4.7482073e-06,2.9919631e-06,3,3,3,3,0.0077761411,-6.0799176e-05,0.13967415
1895,0.00023981637,0.00023375807,0.00016029575,0.0019346528,7.079006e-06,6.8942769e-06,4.7554686e-06,2.965519e-06,3,3,3,3,0.0077077235,-5.8971055e-05,0.13961518
1896,0.00023999472,0.00023385824,0.00016051097,0.0019369537,7.0829104e-06,6.908822e-06,4.7689945e-06,2.7009395e-06,3,3,3,3,0.0070203159,-0.00011576478,0.13949941
1897,0.00024003282,0.00023386088,0.00016058147,0.001938353,7.0811093e-06,6.922845e-06,4.777084e-06,2.6858851e-06,3,3,3,3,0.0069814249,-0.00013651868,0.13936289
1898,0.00024003629,0.00023388099,0.00016060958,0.0019397795,7.0741828e-06,6.9403742e-06,4.7856688e-06,2.9817806e-06,3,3,3,3,0.0077507776,-9.9011005e-05,0.13926388
1899,0.00023998804,0.00023401714,0.00016075142,0.0019413716,7.0644299e-06,6.9634149e-06,4.7967521e-06,3.2918694e-06,3,3,3,3,0.0085570512,-4.2534643e-05,0.13922135
1900,0.00023981448,0.00023398879,0.00016076757,0.0019422324,7.0483945e-06,6.9791443e-06,4.802164e-06,2.6787675e-06,3,3,3,3,0.0069635831,-0.00011692089,0.13910443
1901,0.0002394038,0.00023398066,0.00016081439,0.0019434093,7.0286171e-06,6.9992204e-06,4.8082832e-06,2.6854973e-06,3,3,3,3,0.0069812521,-9.8262461e-05,0.13900616
1902,0.00023891022,0.00023399007,0.00016084781,0.0019443455,7.0079068e-06,7.0172686e-06,4.8133337e-06,2.8736487e-06,3,3,3,3,0.0074705458,-3.8423878e-05,0.13896774
1903,0.00023831695,0.00023387035,0.0001607283,0.0019455958,6.9853642e-06,7.0287295e-06,4.8153077e-06,2.8529959e-06,3,3,3,3,0.0074170333,-1.926447e-05,0.13894848
1904,0.00023761922,0.00023368339,0.00016050419,0.0019463022,6.9610517e-06,7.036018e-06,4.8148608e-06,2.8257876e-06,3,3,3,3,0.0073464775,1.7388233e-06,0.13895021
1905,0.00023683358,0.00023344405,0.00016020975,0.001946008,6.9354118e-06,7.039118e-06,4.8117953e-06,2.6807306e-06,3,3,3,3,0.0069695026,-1.503899e-05,0.13893518
1906,0.0002359586,0.00023323023,0.00015996468,0.0019445663,6.9087761e-06,7.0454938e-06,4.8107297e-06,2.7904356e-06,3,3,3,3,0.007254856,3.2781624e-05,0.13896796
1907,0.00023498306,0.00023286352,0.00015956402,0.0019433722,6.8808292e-06,7.0480447e-06,4.8027078e-06,2.7755079e-06,3,3,3,3,0.0072161507,4.5368749e-05,0.13901333
1908,0.00023397401,0.00023245771,0.00015909802,0.0019415397,6.8521101e-06,7.0484047e-06,4.7911502e-06,2.6745099e-06,3,3,3,3,0.0069536328,2.3643964e-05,0.13903697
1909,0.00023293845,0.00023208019,0.00015862377,0.0019388986,6.8218458e-06,7.04866e-06,4.7792617e-06,2.8069276e-06,3,3,3,3,0.0072979746,6.407994e-05,0.13910105
1910,0.00023185607,0.0002316044,0.0001580231,0.0019362438,6.7928816e-06,7.0444508e-06,4.7633352e-06,2.7937926e-06,3,3,3,3,0.0072638618,7.3683141e-05,0.13917473
1911,0.00023079391,0.00023107677,0.00015744595,0.0019336906,6.7635991e-06,7.0355291e-06,4.745403e-06,2.7639692e-06,3,3,3,3,0.0071863271,8.6005524e-05,0.13926074
1912,0.00022971287,0.00023048826,0.00015686669,0.0019302319,6.7339853e-06,7.0230167e-06,4.7263978e-06,2.7400372e-06,3,3,3,3,0.0071240832,9.8220422e-05,0.13935896
1913,0.00022867054,0.00022984811,0.00015630657,0.0019258046,6.705931e-06,7.0072168e-06,4.7062492e-06,2.6609833e-06,3,3,3,3,0.0069185084,9.1322666e-05,0.13945028
1914,0.00022773129,0.0002291138,0.00015576208,0.0019211475,6.6806642e-06,6.9890043e-06,4.6863584e-06,2.7350514e-06,3,3,3,3,0.0071110192,0.00012443594,0.13957472
1915,0.00022690491,0.00022829189,0.00015517657,0.0019164557,6.659562e-06,6.9664023e-06,4.6639718e-06,3.0874328e-06,3,3,3,3,0.0080270811,6.6266641e-05,0.13964098
1916,0.00022626107,0.00022758386,0.0001547123,0.0019120973,6.6445462e-06,6.9455759e-06,4.6448528e-06,2.6447145e-06,3,3,3,3,0.0068758822,8.7265991e-05,0.13972825
1917,0.00022559323,0.0002265598,0.0001541032,0.001907073,6.6271625e-06,6.910958e-06,4.6181335e-06,2.6512198e-06,3,3,3,3,0.0068926333,6.2340229e-05,0.13979059
1918,0.00022510698,0.00022556689,0.00015360597,0.0019026793,6.6129347e-06,6.8755182e-06,4.5947482e-06,2.7100329e-06,3,3,3,3,0.0070453555,6.5219832e-05,0.13985581
1919,0.00022470818,0.00022455398,0.00015315266,0.0018993054,6.6008956e-06,6.8367763e-06,4.5734961e-06,2.7024869e-06,3,3,3,3,0.0070255479,6.1144549e-05,0.13991695
1920,0.00022436349,0.00022356277,0.00015277613,0.0018959216,6.5902462e-06,6.7958212e-06,4.5533621e-06,2.6929653e-06,3,3,3,3,0.0070005939,7.0128403e-05,0.13998708
1921,0.00022407345,0.00022256057,0.00015245239,0.001893162,6.5830153e-06,6.7528826e-06,4.534156e-06,2.660526e-06,3,3,3,3,0.0069160445,7.2066414e-05,0.14005915
1922,0.00022382125,0.00022161618,0.00015227786,0.0018905406,6.5773081e-06,6.7087333e-06,4.5205277e-06,2.6728899e-06,3,3,3,3,0.0069479237,0.00010108158,0.14016023
1923,0.00022362784,0.00022076356,0.00015220579,0.0018880523,6.5723765e-06,6.665037e-06,4.5114595e-06,3.399487e-06,3,3,3,3,0.0088362954,6.8548055e-05,0.14022878
1924,0.00022348794,0.00021991812,0.00015202164,0.001887315,6.5663975e-06,6.6197093e-06,4.5001615e-06,2.659331e-06,3,3,3,3,0.0069120694,0.00013524159,0.14036402
1925,0.00022321052,0.00021905767,0.00015193206,0.0018861312,6.5561599e-06,6.5724858e-06,4.4915896e-06,3.2851543e-06,3,3,3,3,0.0085383521,9.2056292e-05,0.14045608
1926,0.00022307682,0.00021856041,0.00015212589,0.0018861551,6.5494642e-06,6.538147e-06,4.4927275e-06,2.6534745e-06,3,3,3,3,0.0068962243,0.00014503679,0.14060111
1927,0.00022275412,0.00021776438,0.00015209813,0.0018848776,6.536352e-06,6.4925499e-06,4.4875585e-06,2.8655598e-06,3,3,3,3,0.0074471157,0.00010902752,0.14071014
1928,0.00022246521,0.00021704603,0.00015216638,0.0018834833,6.524343e-06,6.4508294e-06,4.4864405e-06,3.0860656e-06,3,3,3,3,0.0080198314,7.3816265e-05,0.14078396
1929,0.00022213366,0.00021632047,0.00015231168,0.0018818877,6.5123665e-06,6.411941e-06,4.4892517e-06,2.6357711e-06,3,3,3,3,0.006849312,0.00012273492,0.14090669
1930,0.00022177439,0.00021559783,0.00015255895,0.0018791469,6.4960064e-06,6.3731494e-06,4.4953405e-06,2.6366209e-06,3,3,3,3,0.0068512494,0.00012736409,0.14103406
1931,0.00022145749,0.00021499862,0.00015292929,0.0018763662,6.4774824e-06,6.3387818e-06,4.5058475e-06,3.2207686e-06,3,3,3,3,0.0083688065,6.407126e-05,0.14109813
1932,0.00022121967,0.00021443202,0.00015316628,0.001873683,6.4579096e-06,6.3039805e-06,4.512658e-06,2.6357399e-06,3,3,3,3,0.0068483212,0.00013938206,0.14123751
1933,0.00022086824,0.00021390779,0.00015349752,0.0018703358,6.4350958e-06,6.2726942e-06,4.5247577e-06,3.2228948e-06,3,3,3,3,0.0083735449,6.3129498e-05,0.14130064
1934,0.00022061106,0.00021360591,0.00015389235,0.0018681088,6.4138818e-06,6.2481718e-06,4.5392075e-06,2.9915358e-06,3,3,3,3,0.0077720091,6.0290096e-05,0.14136093
1935,0.00022028118,0.00021336083,0.00015429201,0.0018656443,6.3896014e-06,6.2265115e-06,4.5552562e-06,2.5913839e-06,3,3,3,3,0.0067320508,0.00010609799,0.14146703
1936,0.0002198051,0.00021297124,0.00015448227,0.001862607,6.3611466e-06,6.2012661e-06,4.5662101e-06,2.6166409e-06,3,3,3,3,0.0067973493,0.00011846634,0.14158549
1937,0.00021933245,0.00021268204,0.00015463802,0.0018609052,6.3343482e-06,6.1820221e-06,4.5768987e-06,2.9466206e-06,3,3,3,3,0.007654186,9.561456e-05,0.14168111
1938,0.00021891465,0.00021262752,0.00015496432,0.0018596734,6.3131415e-06,6.1788105e-06,4.5959333e-06,3.0698661e-06,3,3,3,3,0.0079739423,5.8227907e-05,0.14173934
1939,0.00021838877,0.00021240987,0.00015497724,0.0018564942,6.2915005e-06,6.1701477e-06,4.6033723e-06,3.0010049e-06,3,3,3,3,0.0077946244,5.494584e-05,0.14179428
1940,0.0002178107,0.00021237253,0.00015495865,0.0018529103,6.2709619e-06,6.1700119e-06,4.6096547e-06,2.4939277e-06,3,3,3,3,0.0064772151,0.00010913371,0.14190342
1941,0.0002170676,0.00021238634,0.00015490468,0.0018476971,6.2486484e-06,6.1744713e-06,4.6157151e-06,2.4981099e-06,3,3,3,3,0.0064877791,0.00011331613,0.14201673
1942,0.00021641665,0.00021257348,0.00015481319,0.0018417261,6.2310964e-06,6.1893775e-06,4.6209886e-06,3.0540848e-06,3,3,3,3,0.0079313209,4.4844983e-05,0.14206158
1943,0.00021586993,0.00021283386,0.00015455885,0.00183574,6.2181675e-06,6.2093831e-06,4.6213903e-06,2.8267735e-06,3,3,3,3,0.0073405832,4.4136259e-05,0.14210571
1944,0.00021532645,0.00021326672,0.00015428794,0.0018289508,6.2072732e-06,6.2359071e-06,4.6228139e-06,2.412516e-06,3,3,3,3,0.0062644941,9.6613003e-05,0.14220233
1945,0.00021468417,0.00021354616,0.00015374318,0.0018212946,6.1928986e-06,6.2594247e-06,4.6147393e-06,2.5972394e-06,3,3,3,3,0.0067438429,6.8721447e-05,0.14227105
1946,0.00021413004,0.0002138291,0.00015305056,0.0018133828,6.1807941e-06,6.2845586e-06,4.6007238e-06,2.5660135e-06,3,3,3,3,0.0066624602,7.0447492e-05,0.1423415
1947,0.00021361916,0.00021424249,0.00015241315,0.0018053955,6.1722909e-06,6.3172199e-06,4.5904512e-06,2.3788157e-06,3,3,3,3,0.0061761397,0.0001049893,0.14244648
1948,0.00021308846,0.0002146259,0.0001516509,0.0017969128,6.1651072e-06,6.34744e-06,4.5740028e-06,2.3646937e-06,3,3,3,3,0.0061392117,0.00012977916,0.14257626
1949,0.00021257159,0.00021499164,0.0001508063,0.0017877806,6.1605947e-06,6.3746246e-06,4.5544116e-06,2.9222412e-06,3,3,3,3,0.0075864184,4.3090856e-05,0.14261935
1950,0.00021218442,0.00021529948,0.00014982626,0.0017789814,6.1579591e-06,6.3955433e-06,4.5298986e-06,2.3291018e-06,3,3,3,3,0.0060462753,0.00013093551,0.14275029
1951,0.00021171761,0.00021547401,0.00014885548,0.001769535,6.1537856e-06,6.4143643e-06,4.5054305e-06,2.3413007e-06,3,3,3,3,0.0060777309,0.00012904289,0.14287933
1952,0.00021138054,0.00021564486,0.00014790984,0.0017604983,6.153831e-06,6.4295296e-06,4.480857e-06,2.3616658e-06,3,3,3,3,0.0061304074,0.00013427176,0.1430136
1953,0.0002111557,0.00021574607,0.00014697868,0.0017526379,6.1555162e-06,6.4396286e-06,4.4545722e-06,2.3950145e-06,3,3,3,3,0.0062167887,0.00014322154,0.14315683
1954,0.0002110407,0.00021578197,0.00014606365,0.0017453137,6.1594336e-06,6.4441325e-06,4.4273573e-06,2.4239615e-06,3,3,3,3,0.0062917494,0.00015262562,0.14330945
1955,0.00021101728,0.00021575759,0.0001451913,0.0017380536,6.1666978e-06,6.4432699e-06,4.4000898e-06,2.6940424e-06,3,3,3,3,0.0069925924,9.253575e-05,0.14340199
1956,0.00021107529,0.00021562153,0.00014430588,0.0017319591,6.1754325e-06,6.4355479e-06,4.3712608e-06,2.4539151e-06,3,3,3,3,0.0063691595,0.00011747272,0.14351946
1957,0.00021114692,0.00021548663,0.00014351361,0.0017261561,6.1851742e-06,6.4278539e-06,4.344517e-06,2.4885056e-06,3,3,3,3,0.0064587983,8.3135138e-05,0.1436026
1958,0.00021131271,0.00021537683,0.00014283161,0.0017212629,6.1959294e-06,6.4198642e-06,4.3206061e-06,2.5220444e-06,3,3,3,3,0.0065457247,4.5235515e-05,0.14364783
1959,0.00021151144,0.00021526095,0.00014221943,0.0017169011,6.2083607e-06,6.4102987e-06,4.2986391e-06,2.5534462e-06,3,3,3,3,0.0066271211,5.0277096e-06,0.14365286
1960,0.00021178276,0.00021510677,0.00014167375,0.0017132046,6.2223932e-06,6.3999795e-06,4.2783991e-06,2.5917406e-06,3,3,3,3,0.0067264199,-3.9816913e-05,0.14361304
1961,0.00021210645,0.00021491935,0.00014120867,0.0017107757,6.237489e-06,6.3891407e-06,4.2599796e-06,3.4068795e-06,3,3,3,3,0.0088418783,-3.0133262e-05,0.14358291
1962,0.00021245419,0.00021452913,0.00014048262,0.0017091828,6.2496401e-06,6.3691564e-06,4.2305048e-06,3.2401009e-06,3,3,3,3,0.0084090615,-2.8310359e-05,0.1435546
1963,0.00021294333,0.0002144239,0.0001401935,0.0017081997,6.2688726e-06,6.3653412e-06,4.2183523e-06,2.5998589e-06,3,3,3,3,0.0067474719,-4.8749758e-05,0.14350585
1964,0.0002134531,0.00021398142,0.0001396626,0.0017063766,6.2902578e-06,6.3480305e-06,4.1963357e-06,2.6273209e-06,3,3,3,3,0.0068187352,-2.7969846e-05,0.14347788
1965,0.00021413271,0.0002136673,0.00013921262,0.001705822,6.317027e-06,6.3341356e-06,4.1755717e-06,2.6493416e-06,3,3,3,3,0.0068758871,-6.1202517e-06,0.14347176
1966,0.00021492594,0.00021345031,0.00013888506,0.001706575,6.3468654e-06,6.3257536e-06,4.1593569e-06,2.6602194e-06,3,3,3,3,0.0069041306,1.7728408e-05,0.14348949
1967,0.00021576398,0.00021336443,0.00013871396,0.0017080051,6.37823e-06,6.3222914e-06,4.1482961e-06,2.7834385e-06,3,3,3,3,0.0072239421,-1.6085365e-05,0.1434734
1968,0.00021659583,0.0002132878,0.00013845071,0.0017098314,6.4070284e-06,6.3180128e-06,4.1339707e-06,2.7589048e-06,3,3,3,3,0.0071602858,-3.2791921e-05,0.14344061
1969,0.00021736855,0.00021331001,0.00013824909,0.0017121783,6.4336718e-06,6.3181152e-06,4.1209003e-06,2.7737157e-06,3,3,3,3,0.0071987514,-6.3366385e-05,0.14337724
1970,0.00021804213,0.00021332968,0.00013808313,0.0017147523,6.458003e-06,6.3179559e-06,4.1093847e-06,2.6843872e-06,3,3,3,3,0.0069669703,-6.9588204e-05,0.14330766
1971,0.00021869804,0.00021348631,0.00013805471,0.0017171466,6.4810288e-06,6.3209653e-06,4.1045713e-06,3.2960981e-06,3,3,3,3,0.0085546678,-4.7520548e-05,0.14326013
1972,0.00021927443,0.00021358193,0.00013799456,0.001721072,6.5022077e-06,6.3219131e-06,4.0997419e-06,2.6748232e-06,3,3,3,3,0.0069423495,-5.7509624e-05,0.14320262
1973,0.00021971841,0.00021350588,0.0001379037,0.0017239481,6.519054e-06,6.3162996e-06,4.0971872e-06,2.8847139e-06,3,3,3,3,0.0074872024,-6.3293087e-05,0.14313933
1974,0.00022015163,0.0002134657,0.00013788026,0.0017283938,6.5348588e-06,6.3123865e-06,4.0971032e-06,2.8122726e-06,3,3,3,3,0.0072992765,-4.0900878e-05,0.14309843
1975,0.00022057637,0.00021350207,0.0001380539,0.0017321736,6.5508362e-06,6.3142408e-06,4.1067933e-06,2.8477992e-06,3,3,3,3,0.0073915697,-2.7260201e-05,0.14307117
1976,0.00022094155,0.00021348116,0.00013828027,0.0017360132,6.5641094e-06,6.3142674e-06,4.1174254e-06,2.8463195e-06,3,3,3,3,0.0073878147,-1.1266312e-05,0.1430599
1977,0.00022130127,0.00021348447,0.00013862768,0.0017404413,6.5745826e-06,6.3175169e-06,4.1341951e-06,2.8211959e-06,3,3,3,3,0.0073226957,3.5073986e-06,0.14306341
1978,0.0002216767,0.00021354821,0.00013915764,0.0017459851,6.5856687e-06,6.3239381e-06,4.1578122e-06,2.7266472e-06,3,3,3,3,0.0070773918,7.3039602e-05,0.14313645
1979,0.0002219891,0.00021363034,0.0001397595,0.0017515272,6.5947436e-06,6.3294978e-06,4.1834839e-06,2.9055835e-06,3,3,3,3,0.0075419956,4.9254246e-05,0.14318571
1980,0.00022231488,0.00021389765,0.00014049158,0.001757937,6.6041639e-06,6.3439367e-06,4.2156565e-06,2.8328335e-06,3,3,3,3,0.007353318,7.0471494e-05,0.14325618
1981,0.00022262882,0.00021434805,0.00014135307,0.0017638144,6.610192e-06,6.3678914e-06,4.2497961e-06,2.821444e-06,3,3,3,3,0.0073239144,7.9543795e-05,0.14333572
1982,0.00022282142,0.00021485348,0.00014220036,0.001769119,6.6102597e-06,6.3936809e-06,4.2815852e-06,2.7843772e-06,3,3,3,3,0.007227875,7.6817663e-05,0.14341254
1983,0.00022295029,0.00021548382,0.0001430402,0.0017746015,6.6059035e-06,6.4241673e-06,4.3122316e-06,3.1821251e-06,3,3,3,3,0.0082605872,1.3377731e-05,0.14342592
1984,0.00022308688,0.00021623815,0.00014387114,0.0017810858,6.5994756e-06,6.4613191e-06,4.3403075e-06,2.6950969e-06,3,3,3,3,0.0069964121,6.7836585e-05,0.14349375
1985,0.00022308868,0.00021709429,0.00014481788,0.0017881178,6.5918115e-06,6.5033601e-06,4.3713153e-06,2.6986146e-06,3,3,3,3,0.0070057286,5.3097896e-05,0.14354685
1986,0.00022309683,0.00021801754,0.00014574239,0.0017965048,6.5842333e-06,6.5457167e-06,4.4022169e-06,2.787027e-06,3,3,3,3,0.0072354696,1.0013757e-05,0.14355686
1987,0.00022313362,0.00021893136,0.00014659247,0.0018061683,6.5751056e-06,6.5829137e-06,4.4305567e-06,2.8053e-06,3,3,3,3,0.0072831179,-6.4202774e-06,0.14355044
1988,0.00022313863,0.00021980578,0.0001473604,0.0018153911,6.5630821e-06,6.6154309e-06,4.4558042e-06,2.7746238e-06,3,3,3,3,0.0072036752,-2.9717051e-05,0.14352073
1989,0.00022311632,0.00022056901,0.00014806998,0.0018249937,6.547693e-06,6.6433746e-06,4.4778994e-06,2.7628819e-06,3,3,3,3,0.0071733892,-6.5980547e-05,0.14345475
1990,0.00022307643,0.00022127129,0.00014871789,0.0018336991,6.5296275e-06,6.6659101e-06,4.4968565e-06,2.7768365e-06,3,3,3,3,0.0072098074,-0.00011515707,0.14333959
1991,0.00022298198,0.00022195011,0.00014933922,0.001840323,6.510403e-06,6.6843957e-06,4.5144144e-06,2.6544081e-06,3,3,3,3,0.0068920811,-0.00015903481,0.14318055
1992,0.00022281699,0.00022262208,0.00014998915,0.0018463742,6.489378e-06,6.7020341e-06,4.5342061e-06,3.4243818e-06,3,3,3,3,0.0088914397,-0.00011006517,0.14307049
1993,0.00022266445,0.00022333315,0.00015063416,0.0018526304,6.470048e-06,6.7212638e-06,4.5536762e-06,2.6529458e-06,3,3,3,3,0.0068885652,-0.00020695903,0.14286353
1994,0.00022231625,0.00022368921,0.00015110625,0.0018573117,6.4459784e-06,6.7279343e-06,4.5682874e-06,2.6659337e-06,3,3,3,3,0.006922357,-0.00021206165,0.14265147
1995,0.00022197501,0.00022402616,0.00015156718,0.0018623105,6.420521e-06,6.7315817e-06,4.582524e-06,2.8486465e-06,3,3,3,3,0.0073968469,-0.00016557688,0.14248589
1996,0.0002216288,0.00022441176,0.00015205765,0.0018680968,6.3964968e-06,6.7356915e-06,4.5991918e-06,2.6467968e-06,3,3,3,3,0.0068727689,-0.00019277607,0.14229312
1997,0.00022123368,0.00022469687,0.00015254147,0.0018741958,6.3717826e-06,6.7362581e-06,4.6146945e-06,2.646197e-06,3,3,3,3,0.0068712439,-0.00018451591,0.1421086
1998,0.00022083151,0.0002248912,0.00015298024,0.0018795766,6.3489848e-06,6.7321417e-06,4.6275097e-06,3.1415893e-06,3,3,3,3,0.0081576382,-0.00010601508,0.14200259
1999,0.00022046523,0.00022505613,0.00015330562,0.0018844548,6.3294878e-06,6.7240436e-06,4.6356091e-06,2.6548376e-06,3,3,3,3,0.006893793,-0.00014430083,0.14185828
2000,0.00021999555,0.00022507185,0.00015364288,0.0018895734,6.3081669e-06,6.7106796e-06,4.6435747e-06,2.6686841e-06,3,3,3,3,0.0069297658,-0.00013157662,0.14172671
