iteration,Ux_initial,Uy_initial,Uz_initial,p_initial,Ux_final,Uy_final,Uz_final,p_final,p_corrections,Ux_linear_iterations,Uy_linear_iterations,Uz_linear_iterations,continuity_local,continuity_global,continuity_cumulative
1,1.0,1.0,1.0,1.0,0.015538543,0.018523368,0.019262385,0.00056338336,3,2,3,3,76.755542,1.0294465,1.0294465
2,0.35805994,0.40742706,0.40436841,0.25781264,0.015725917,0.0091265915,0.013622954,0.00056644471,3,2,3,3,50.444469,0.78151253,1.810959
3,0.31297449,0.46468362,0.58205902,0.10499291,0.013828601,0.023209579,0.011145034,0.0025613142,3,3,3,4,32.692254,-0.13834255,1.6726165
4,0.16429586,0.29013487,0.31957687,0.10159648,0.0071423903,0.014349103,0.0060697057,0.00059760449,3,3,3,4,40.176349,-0.098033518,1.5745829
5,0.15191156,0.22447823,0.16612297,0.27111795,0.0026810036,0.005428847,0.0067653499,0.00070207561,3,3,3,3,30.261316,-0.50394917,1.0706338
6,0.22576519,0.33779957,0.37167901,0.19092238,0.0082535265,0.015562832,0.018468915,0.0021655872,3,3,3,3,28.925103,-0.02676053,1.0438733
7,0.15652249,0.23433102,0.24292809,0.23875796,0.0057728781,0.010699745,0.011998189,0.00060657852,3,3,3,3,23.698712,0.55827957,1.6021528
8,0.14701999,0.21329097,0.1615889,0.20164308,0.0030023942,0.0059803651,0.0070674777,0.0005642658,3,3,3,3,12.968302,0.048959991,1.6511128
9,0.14096582,0.23140697,0.23243216,0.14766861,0.0051035602,0.010634172,0.011592105,0.0017177199,3,3,3,3,15.69866,-0.12665813,1.5244547
10,0.066755355,0.10610684,0.09535066,0.18727793,0.0022212181,0.0044968631,0.0046446125,0.00066844131,3,3,3,3,14.35202,-0.40017957,1.1242751
11,0.069008918,0.1053687,0.082735813,0.1771528,0.0015892459,0.0033235697,0.0037757997,0.00053111512,3,3,3,3,6.0565104,-0.065741619,1.0585335
12,0.077540733,0.12683282,0.12798116,0.15471167,0.0028385384,0.0058329289,0.0063503117,0.0012480102,3,3,3,3,9.3259345,0.03861239,1.0971459
13,0.040742687,0.059930219,0.049257982,0.19354541,0.0012217124,0.0022387153,0.0022892588,0.00051651114,3,3,3,3,6.6718089,0.11659553,1.2137414
14,0.044995037,0.069226511,0.057416332,0.1219068,0.001165695,0.002457585,0.0027250566,0.00037844758,3,3,3,3,2.4771612,-0.011479331,1.2022621
15,0.04085399,0.069124096,0.069140369,0.11935981,0.0015331561,0.0032336233,0.0034541418,0.0011437579,3,3,3,3,5.6725353,-0.027052084,1.17521
16,0.019896474,0.02911916,0.022284986,0.12321526,0.00053844324,0.00096774808,0.0009667833,0.00048260492,3,3,3,3,3.5101481,-0.057362522,1.1178475
17,0.024242767,0.037716118,0.031861931,0.10647247,0.00065395392,0.0013671364,0.0014983683,0.00031787484,3,3,3,3,1.1398923,-0.0060792842,1.1117682
18,0.021702748,0.035941167,0.035490864,0.11194618,0.0008007003,0.0016395531,0.0017504968,0.00079534039,3,3,3,3,3.3406305,0.011120695,1.1228889
19,0.011874093,0.016615105,0.011278737,0.11303106,0.00028620547,0.00042586521,0.00038197162,0.00036664523,3,3,3,3,1.8544589,0.031957198,1.1548461
20,0.014482083,0.022922104,0.020496078,0.071761382,0.0004276859,0.0009016897,0.00098770999,0.00023496092,3,3,3,3,0.69917954,-0.0046840258,1.1501621
21,0.011580869,0.01965922,0.019529213,0.071153102,0.00044015741,0.00090943702,0.00097377073,0.00067291654,3,3,3,3,1.9449385,-0.0069989352,1.1431631
22,0.0070310106,0.010109955,0.007603011,0.0609847,0.00018437664,0.0003071023,0.00029789569,0.00048706788,3,3,3,3,1.5177867,-0.01032291,1.1328402
23,0.0083378378,0.012979603,0.011036131,0.063841445,0.00024777539,0.00048158093,0.00050026067,0.00026207531,3,3,3,3,0.54910154,0.0056943615,1.1385346
24,0.0065823164,0.010465849,0.009541183,0.064755789,0.00023797436,0.00043755206,0.00044474545,0.000390279,3,3,3,3,1.1240877,0.0046884041,1.143223
25,0.0049356758,0.0071510623,0.0058508654,0.048411876,0.00014565423,0.00023825755,0.00023252059,0.00027307597,3,3,3,3,0.79441128,0.0039548897,1.1471779
26,0.0053627048,0.0087115382,0.0081220557,0.041810065,0.00017701881,0.00035259344,0.00037223533,0.0001625399,3,3,3,3,0.3813748,-0.004707386,1.1424705
27,0.0042255822,0.0071118781,0.0068887428,0.039284835,0.00016055162,0.00030826957,0.00032103979,0.00029635128,3,3,3,3,0.63743266,-0.0018440994,1.1406264
28,0.0036128026,0.0055035622,0.0048919286,0.035051281,0.00012303047,0.00021271646,0.00020902877,0.00019594176,3,3,3,3,0.41624648,-0.0004048603,1.1402215
29,0.0037463512,0.0057564769,0.005044171,0.035860571,0.00013358444,0.00022613082,0.00021703286,0.00012212564,3,3,3,3,0.26947086,0.0043072335,1.1445288
30,0.0032209101,0.0049874223,0.0045627521,0.034043223,0.00012481337,0.00020716788,0.00019953105,0.00015148922,3,3,3,3,0.36894002,0.00032192375,1.1448507
31,0.0029860369,0.0047387875,0.0044804829,0.029550346,0.00011154602,0.00019696887,0.00019651649,0.00010557197,3,3,3,3,0.25295753,0.0047111837,1.1495619
32,0.0029186702,0.0048624165,0.0047170139,0.027657793,0.00011278965,0.00020883074,0.00021272942,8.3358451e-05,3,3,3,3,0.18643779,-0.002366499,1.1471954
33,0.0026357083,0.0044376788,0.004344805,0.026104391,0.00010711412,0.00019512945,0.00019730979,0.00011506438,3,3,3,3,0.24503091,-0.0049766203,1.1422187
34,0.0025549739,0.0041474957,0.003977702,0.024813508,0.0001024396,0.00017975295,0.00017772878,7.5982807e-05,3,3,3,3,0.1636367,-0.0013843226,1.1408344
35,0.0025145003,0.0040447384,0.0038498006,0.024421464,0.00010228349,0.00017593188,0.00017182492,5.9133605e-05,3,3,3,3,0.13225903,0.0020966613,1.1429311
36,0.0023830448,0.003889159,0.0037496032,0.023383726,9.9052978e-05,0.00017137372,0.00016839891,6.9933249e-05,3,3,3,3,0.16033172,0.0023936686,1.1453247
37,0.0023060322,0.0038283402,0.0037285542,0.022025054,9.5942832e-05,0.00016938477,0.00016861238,4.7826128e-05,3,3,3,3,0.10878837,0.00044588073,1.1457706
38,0.0022401126,0.0037646017,0.0036905685,0.02109927,9.4332064e-05,0.00016795123,0.00016826819,4.6502474e-05,3,3,3,3,0.10377525,-0.00097315624,1.1447975
39,0.0021649281,0.0036351748,0.0035638747,0.020280543,9.2247865e-05,0.00016304714,0.00016287697,5.1596713e-05,3,3,3,3,0.1137227,-0.0011532811,1.1436442
40,0.0021249598,0.0035287656,0.0034409694,0.019644048,9.0664369e-05,0.00015820127,0.00015702969,3.7672462e-05,3,3,3,3,0.083487255,-9.1086436e-05,1.1435531
41,0.0020849981,0.0034465285,0.003356661,0.019149657,8.9514129e-05,0.00015484307,0.00015335013,2.958809e-05,3,3,3,3,0.066267147,0.00058719234,1.1441403
42,0.0020355094,0.0033707436,0.0032927926,0.018564007,8.7994767e-05,0.00015196533,0.00015093022,3.4353241e-05,3,3,3,3,0.077459747,0.00035755463,1.1444979
43,0.0019934643,0.0033097028,0.0032435608,0.01794435,8.6522352e-05,0.00014969941,0.00014926808,2.6828505e-05,3,3,3,3,0.060345606,-2.1559169e-05,1.1444763
44,0.001954191,0.0032472431,0.0031879109,0.017405374,8.526675e-05,0.0001473618,0.00014721565,2.7851158e-05,3,3,3,3,0.062392122,-0.00012725209,1.144349
45,0.0019190378,0.0031785802,0.0031201342,0.016916712,8.4082135e-05,0.00014458579,0.00014434344,3.0166843e-05,3,3,3,3,0.067370997,-0.00020834375,1.1441407
46,0.0018908263,0.0031133831,0.0030535494,0.016508529,8.3085491e-05,0.00014184064,0.000141374,2.7101629e-05,3,3,3,3,0.060649408,8.5322361e-05,1.144226
47,0.0018638062,0.0030539201,0.0029952613,0.016140913,8.2190999e-05,0.00013941829,0.00013887733,2.0271653e-05,3,3,3,3,0.045469002,0.00012777584,1.1443538
48,0.0018370068,0.0029988148,0.002943593,0.015768034,8.1302816e-05,0.00013721761,0.00013676719,2.2184923e-05,3,3,3,3,0.049891607,0.0001425698,1.1444964
49,0.0018112671,0.0029477196,0.0028966182,0.015395561,8.0413748e-05,0.00013518547,0.00013490337,2.0355437e-05,3,3,3,3,0.045770113,-4.5104333e-05,1.1444513
50,0.0017870589,0.002898213,0.002850626,0.01505117,7.959351e-05,0.00013321365,0.00013304749,2.1117502e-05,3,3,3,3,0.047498987,-1.565869e-05,1.1444356
51,0.0017649432,0.0028494748,0.0028042283,0.014731632,7.8835739e-05,0.00013123058,0.00013110617,2.3250069e-05,3,3,3,3,0.052261345,-8.690637e-05,1.1443487
52,0.0017456256,0.002802496,0.0027584729,0.014447001,7.8160261e-05,0.00012926507,0.00012914252,2.0277947e-05,3,3,3,3,0.045606881,6.6879529e-05,1.1444156
53,0.0017277837,0.0027579608,0.002714922,0.014185226,7.7534111e-05,0.00012739229,0.0001272779,1.548438e-05,3,3,3,3,0.034874625,0.00031660788,1.1447322
54,0.0017104767,0.0027154139,0.0026740758,0.013931917,7.6922662e-05,0.00012560895,0.00012554886,1.5121135e-05,3,3,3,3,0.0340797,-0.00015422574,1.144578
55,0.0016940361,0.0026747187,0.0026354204,0.013686967,7.6336101e-05,0.0001238929,0.00012391251,1.6792032e-05,3,3,3,3,0.03787627,0.00011617878,1.1446941
56,0.0016781613,0.0026355607,0.0025987329,0.01344813,7.5770718e-05,0.00012223505,0.00012236817,1.7040799e-05,3,3,3,3,0.038470661,9.6096778e-05,1.1447902
57,0.0016630581,0.0025980922,0.0025633889,0.01322173,7.5230853e-05,0.00012061977,0.00012087565,2.7750044e-05,3,3,3,3,0.062693186,0.00064261439,1.1454328
58,0.0016491098,0.0025620238,0.0025289146,0.013012847,7.4708714e-05,0.00011904766,0.00011940643,2.8784762e-05,3,3,3,3,0.065066267,0.00088805373,1.1463209
59,0.0016366838,0.0025272934,0.0024951525,0.012819436,7.4224787e-05,0.000117522,0.00011795775,2.519307e-05,3,3,3,3,0.056970945,0.00047831824,1.1467992
60,0.0016248661,0.0024936808,0.0024626039,0.012633592,7.37691e-05,0.00011605008,0.00011656288,2.4161062e-05,3,3,3,3,0.054671641,0.00029735584,1.1470966
61,0.0016134897,0.002461148,0.0024314447,0.012451939,7.3329027e-05,0.0001146217,0.00011524617,2.1411019e-05,3,3,3,3,0.048483813,0.00072789286,1.1478245
62,0.0016024251,0.0024296593,0.0024015891,0.012274506,7.2894776e-05,0.00011324924,0.00011398727,2.3276183e-05,3,3,3,3,0.052750413,0.00025055046,1.148075
63,0.0015917479,0.0023993502,0.0023728139,0.012103473,7.2495498e-05,0.0001119419,0.0001127763,2.2755392e-05,3,3,3,3,0.051609144,0.00045068672,1.1485257
64,0.0015815534,0.0023700774,0.0023449228,0.011940323,7.2125284e-05,0.00011068931,0.00011159437,2.3198475e-05,3,3,3,3,0.052650918,0.00046928167,1.148995
65,0.0015718321,0.0023417741,0.0023179346,0.011785341,7.1780374e-05,0.00010948431,0.00011044395,2.2210778e-05,3,3,3,3,0.050444544,0.00045589291,1.1494509
66,0.0015625323,0.002314342,0.0022918249,0.0116376,7.1474849e-05,0.00010832412,0.00010933027,2.2728616e-05,3,3,3,3,0.051658244,0.00025214887,1.149703
67,0.0015536593,0.0022876447,0.0022666145,0.01149475,7.1192647e-05,0.00010720444,0.00010825207,2.008781e-05,3,3,3,3,0.045692154,0.00072103542,1.1504241
68,0.0015452041,0.0022617758,0.0022422793,0.01135627,7.0928052e-05,0.00010612905,0.00010721063,2.1471057e-05,3,3,3,3,0.048880645,0.00045938855,1.1508835
69,0.0015372655,0.0022367866,0.0022186238,0.011226064,7.067712e-05,0.00010509262,0.00010619122,2.121086e-05,3,3,3,3,0.048324579,0.00043829358,1.1513217
70,0.0015293888,0.0022126506,0.0021956622,0.011101038,7.0442442e-05,0.00010409267,0.00010520249,1.9797451e-05,3,3,3,3,0.045139052,0.00067333899,1.1519951
71,0.0015216007,0.0021893972,0.0021733802,0.010978114,7.0216149e-05,0.0001031304,0.00010424921,2.3634134e-05,3,3,3,3,0.05393411,0.00017145595,1.1521665
72,0.0015143557,0.0021668719,0.0021516427,0.010864168,7.0015997e-05,0.00010218902,0.00010331347,2.3078094e-05,3,3,3,3,0.052707417,0.00020662876,1.1523732
73,0.0015073488,0.0021449826,0.0021304896,0.010752715,6.9825978e-05,0.00010127382,0.00010239372,1.9767806e-05,3,3,3,3,0.045183873,0.00065736196,1.1530305
74,0.0015006343,0.0021237726,0.0021098633,0.010641991,6.9645819e-05,0.00010039504,0.00010150066,2.2785098e-05,3,3,3,3,0.052126923,0.0001738337,1.1532044
75,0.0014943355,0.0021033034,0.0020898325,0.010538116,6.9460365e-05,9.9544284e-05,0.00010062247,1.9479963e-05,3,3,3,3,0.044602021,0.00064722336,1.1538516
76,0.0014881685,0.0020833615,0.0020702428,0.010433911,6.9269073e-05,9.8715144e-05,9.9770936e-05,2.3309282e-05,3,3,3,3,0.053417533,0.00014241731,1.153994
77,0.0014825039,0.0020641646,0.0020511214,0.01034026,6.9083104e-05,9.7901833e-05,9.8933526e-05,1.9422528e-05,3,3,3,3,0.044546646,0.00061570254,1.1546097
78,0.0014771367,0.0020453858,0.0020325441,0.01025193,6.8882025e-05,9.71065e-05,9.8123606e-05,2.248888e-05,3,3,3,3,0.051625807,0.00010476552,1.1547145
79,0.0014721973,0.0020271421,0.0020143713,0.010174854,6.866892e-05,9.6325747e-05,9.7333951e-05,1.9623825e-05,3,3,3,3,0.045086351,0.00050293655,1.1552174
80,0.0014673254,0.00200932,0.0019966577,0.010099749,6.84481e-05,9.5559628e-05,9.6574649e-05,1.9576402e-05,3,3,3,3,0.04501822,0.00049193067,1.1557093
81,0.0014626429,0.0019920764,0.0019794837,0.01002518,6.822487e-05,9.4805539e-05,9.5839014e-05,1.9283145e-05,3,3,3,3,0.044384084,0.00053512148,1.1562445
82,0.0014580727,0.0019751768,0.0019627199,0.0099524943,6.7991247e-05,9.4071944e-05,9.5124573e-05,2.2214201e-05,3,3,3,3,0.051177229,6.1315501e-05,1.1563058
83,0.0014534547,0.0019586189,0.001946436,0.0098829974,6.7756372e-05,9.3353432e-05,9.4429057e-05,1.9361871e-05,3,3,3,3,0.044643295,0.0004814565,1.1567872
84,0.0014487437,0.0019422827,0.0019307567,0.0098132215,6.7519351e-05,9.2646598e-05,9.3758033e-05,1.9275479e-05,3,3,3,3,0.044484466,0.00043110687,1.1572183
85,0.0014440141,0.0019262009,0.0019154848,0.0097489035,6.7273705e-05,9.1949779e-05,9.3107877e-05,1.9235214e-05,3,3,3,3,0.044431947,0.00040340888,1.1576217
86,0.0014393965,0.0019104077,0.0019006191,0.0096897166,6.7023758e-05,9.127187e-05,9.2477113e-05,1.2074203e-05,3,3,3,3,0.027916317,0.00016663417,1.1577884
87,0.0014350705,0.0018949326,0.0018860868,0.0096335286,6.6792925e-05,9.0613375e-05,9.1856202e-05,1.8350496e-05,3,3,3,3,0.042466669,0.00035706956,1.1581455
88,0.0014300029,0.0018798224,0.0018721545,0.0095799145,6.6517907e-05,8.9976652e-05,9.1268351e-05,1.2027321e-05,3,3,3,3,0.02786042,0.00017887159,1.1583243
89,0.0014254578,0.0018648662,0.0018584709,0.009525216,6.6267277e-05,8.9342549e-05,9.0678494e-05,1.187363e-05,3,3,3,3,0.027530756,0.00013385516,1.1584582
90,0.0014205238,0.0018500658,0.0018452933,0.0094708553,6.6014083e-05,8.8724783e-05,9.0100132e-05,1.1748792e-05,3,3,3,3,0.027267723,5.6585466e-05,1.1585148
91,0.0014153005,0.0018355722,0.0018324797,0.0094219255,6.575174e-05,8.8122108e-05,8.9537647e-05,1.1747918e-05,3,3,3,3,0.027292296,-5.7088844e-05,1.1584577
92,0.0014099807,0.0018213835,0.0018198631,0.0093773682,6.5493491e-05,8.7533471e-05,8.8984654e-05,1.1736632e-05,3,3,3,3,0.027292878,-0.00021692073,1.1582408
93,0.0014048751,0.0018075213,0.0018075801,0.0093375971,6.524751e-05,8.695408e-05,8.8433093e-05,1.3295141e-05,3,3,3,3,0.030947839,-8.7520848e-05,1.1581532
94,0.0014001689,0.0017939664,0.0017955252,0.0092955193,6.5026418e-05,8.6376444e-05,8.7885557e-05,1.3107053e-05,3,3,3,3,0.030542077,-8.8464404e-05,1.1580648
95,0.001395425,0.001780844,0.0017836379,0.0092510421,6.4815816e-05,8.5807398e-05,8.7339587e-05,1.1709362e-05,3,3,3,3,0.027314131,-0.00028654552,1.1577782
96,0.0013905891,0.001768131,0.0017719083,0.0092088331,6.4608008e-05,8.5251733e-05,8.6798188e-05,1.1648858e-05,3,3,3,3,0.027200307,-0.00036714348,1.1574111
97,0.0013857648,0.0017556062,0.0017602189,0.0091705751,6.4419597e-05,8.4700917e-05,8.6252248e-05,1.2914594e-05,3,3,3,3,0.030186533,-8.7519e-05,1.1573236
98,0.0013812026,0.0017433927,0.0017486923,0.0091314424,6.4243338e-05,8.4161563e-05,8.5709196e-05,1.2646518e-05,3,3,3,3,0.029591128,-9.4638112e-05,1.1572289
99,0.0013770211,0.0017316191,0.0017373114,0.0090935709,6.4067342e-05,8.3631787e-05,8.5172323e-05,1.1801313e-05,3,3,3,3,0.027642676,-0.00027586326,1.1569531
100,0.0013730296,0.0017201619,0.0017261504,0.0090633795,6.3895047e-05,8.3106255e-05,8.4639286e-05,1.2856312e-05,3,3,3,3,0.030144339,-0.00010448755,1.1568486
101,0.0013692454,0.0017089375,0.0017151413,0.0090382953,6.3722823e-05,8.2586423e-05,8.4113707e-05,1.2902415e-05,3,3,3,3,0.030284775,8.008052e-06,1.1568566
102,0.0013656147,0.0016980552,0.0017043498,0.0090140254,6.3558718e-05,8.2079853e-05,8.3600622e-05,1.278808e-05,3,3,3,3,0.030048129,-4.8192443e-05,1.1568084
103,0.0013620044,0.0016875645,0.0016936128,0.0089878969,6.3416157e-05,8.1587564e-05,8.3096538e-05,1.1905364e-05,3,3,3,3,0.028003648,-0.00031030969,1.1564981
104,0.0013584061,0.0016774178,0.0016831514,0.0089616913,6.3287758e-05,8.1106836e-05,8.260623e-05,1.3805115e-05,3,3,3,3,0.032505262,6.1177878e-05,1.1565593
105,0.0013550156,0.0016676353,0.0016728784,0.0089331211,6.317791e-05,8.0636631e-05,8.2133237e-05,1.388864e-05,3,3,3,3,0.032737312,7.7438959e-05,1.1566367
106,0.0013516616,0.0016580903,0.0016627978,0.0089079746,6.3071668e-05,8.0183171e-05,8.1674123e-05,1.3315712e-05,3,3,3,3,0.031421081,7.0367778e-05,1.1567071
107,0.0013482981,0.0016487485,0.001652911,0.0088812214,6.2971581e-05,7.974762e-05,8.1225207e-05,1.2759766e-05,3,3,3,3,0.03014142,7.0597019e-05,1.1567777
108,0.0013450966,0.0016395988,0.0016432962,0.0088603406,6.2864088e-05,7.9334995e-05,8.0787431e-05,1.2035953e-05,3,3,3,3,0.028461459,-0.00017751855,1.1566001
109,0.0013418713,0.0016306225,0.0016338916,0.0088354405,6.2759938e-05,7.8944019e-05,8.0360807e-05,1.3427605e-05,3,3,3,3,0.031784461,0.0001400062,1.1567401
110,0.0013387586,0.0016219937,0.0016247926,0.0088117955,6.2669065e-05,7.857578e-05,7.9938809e-05,1.366593e-05,3,3,3,3,0.032382828,0.00015543476,1.1568956
111,0.0013355905,0.0016138704,0.0016158144,0.0087946391,6.2585139e-05,7.8228387e-05,7.9520129e-05,1.3469879e-05,3,3,3,3,0.031952182,0.00015488164,1.1570505
112,0.0013323814,0.0016062722,0.0016069711,0.0087790822,6.2499637e-05,7.7900756e-05,7.9108438e-05,1.3276708e-05,3,3,3,3,0.031527338,0.00016350933,1.157214
113,0.0013290853,0.0015991241,0.0015983948,0.0087645558,6.2424175e-05,7.7580832e-05,7.8695452e-05,1.2652331e-05,3,3,3,3,0.030075886,-0.000104932,1.157109
114,0.0013259313,0.0015921672,0.0015900186,0.0087500318,6.2346197e-05,7.7265585e-05,7.8281559e-05,1.4173766e-05,3,3,3,3,0.033725225,0.00022566153,1.1573347
115,0.0013229527,0.0015854868,0.0015819664,0.008738235,6.2274783e-05,7.6960039e-05,7.7886777e-05,1.4194537e-05,3,3,3,3,0.033808732,0.00022002806,1.1575547
116,0.0013201264,0.001579038,0.0015740012,0.0087310536,6.2207909e-05,7.6672177e-05,7.7503071e-05,1.3694396e-05,3,3,3,3,0.032650483,0.00017668746,1.1577314
117,0.0013173628,0.0015727461,0.0015661943,0.008727012,6.2140755e-05,7.6398719e-05,7.7126611e-05,1.2743976e-05,3,3,3,3,0.030414671,-3.5523812e-05,1.1576959
118,0.0013146772,0.001566701,0.0015584968,0.0087176824,6.2067989e-05,7.6130201e-05,7.6747403e-05,1.3702028e-05,3,3,3,3,0.032731619,0.00016382031,1.1578597
119,0.0013122821,0.0015609917,0.0015510217,0.0087029715,6.2003276e-05,7.5870207e-05,7.6374182e-05,1.2879616e-05,3,3,3,3,0.030796478,-6.6951835e-05,1.1577928
120,0.0013099452,0.0015553848,0.001543551,0.0086981014,6.1936653e-05,7.5618581e-05,7.6009346e-05,1.4116559e-05,3,3,3,3,0.03378457,8.8477762e-05,1.1578812
121,0.0013076771,0.0015502353,0.001536316,0.008693865,6.1869624e-05,7.5380322e-05,7.5657482e-05,1.3526301e-05,3,3,3,3,0.032402521,0.00018108218,1.1580623
122,0.0013052462,0.0015452954,0.0015292621,0.0086914709,6.1795245e-05,7.5156957e-05,7.5321613e-05,1.2568392e-05,3,3,3,3,0.03013533,8.6685584e-06,1.158071
123,0.0013027536,0.0015407415,0.0015224069,0.0086929011,6.1710294e-05,7.4946027e-05,7.4998653e-05,1.278557e-05,3,3,3,3,0.030682616,-9.4350415e-05,1.1579766
124,0.0013005623,0.0015364819,0.0015157504,0.0087032066,6.1628334e-05,7.475143e-05,7.4687566e-05,1.3176967e-05,3,3,3,3,0.031649243,-0.00018038069,1.1577963
125,0.0012986987,0.0015323271,0.0015096502,0.0087278691,6.1547908e-05,7.4572895e-05,7.4400973e-05,1.5086199e-05,3,3,3,3,0.03626641,0.00016586591,1.1579621
126,0.0012972827,0.0015287326,0.0015041241,0.0087778504,6.1484316e-05,7.4411383e-05,7.4146502e-05,1.3965105e-05,3,3,3,3,0.033601969,-0.00020500856,1.1577571
127,0.0012960372,0.0015254451,0.0014989579,0.0088254715,6.1423602e-05,7.4260084e-05,7.3907259e-05,1.403782e-05,3,3,3,3,0.033805586,-0.00022349525,1.1575336
128,0.0012947356,0.0015222881,0.0014941075,0.0088578772,6.1364798e-05,7.4117636e-05,7.3693245e-05,1.3862898e-05,3,3,3,3,0.033412591,-0.00038598174,1.1571476
129,0.0012931723,0.0015192228,0.0014894335,0.008890273,6.1310811e-05,7.3987845e-05,7.3517371e-05,1.4088534e-05,3,3,3,3,0.033986299,-0.00031816439,1.1568295
130,0.0012917801,0.0015161909,0.0014851786,0.0089124648,6.125253e-05,7.3868647e-05,7.3364136e-05,1.5274812e-05,3,3,3,3,0.036880956,0.00011697296,1.1569465
131,0.0012904022,0.0015133927,0.0014813414,0.0089161296,6.1204028e-05,7.3765291e-05,7.3219134e-05,1.3768861e-05,3,3,3,3,0.033276518,-7.0223032e-05,1.1568762
132,0.0012892141,0.0015108537,0.0014777644,0.0089155183,6.1154674e-05,7.3669555e-05,7.3072104e-05,1.3898045e-05,3,3,3,3,0.033618421,7.5013948e-05,1.1569512
133,0.0012880955,0.0015084937,0.0014744496,0.0089134719,6.1110275e-05,7.3573106e-05,7.2928186e-05,1.4148648e-05,3,3,3,3,0.034254457,0.00017828037,1.1571295
134,0.001286698,0.0015064715,0.0014716949,0.0089232578,6.1062445e-05,7.3479588e-05,7.279976e-05,1.3987217e-05,3,3,3,3,0.033892386,8.4634346e-05,1.1572142
135,0.0012854728,0.0015046567,0.0014695219,0.0089632365,6.1005274e-05,7.3384287e-05,7.2678423e-05,1.4558955e-05,3,3,3,3,0.03530936,0.00021852871,1.1574327
136,0.0012844171,0.0015032616,0.0014679512,0.0090051536,6.0935546e-05,7.3303735e-05,7.2573379e-05,1.4662515e-05,3,3,3,3,0.035590409,0.00020227015,1.157635
137,0.0012837278,0.0015023791,0.0014668331,0.0090532169,6.0865673e-05,7.3255758e-05,7.2486507e-05,1.4764921e-05,3,3,3,3,0.035868432,0.00017989853,1.1578149
138,0.0012830812,0.0015019054,0.0014659343,0.0091046604,6.0785854e-05,7.3230964e-05,7.2426691e-05,1.5186342e-05,3,3,3,3,0.036921842,0.00011746643,1.1579323
139,0.0012822811,0.001501659,0.0014652071,0.0091504645,6.0672135e-05,7.3212258e-05,7.2391707e-05,1.5703507e-05,3,3,3,3,0.038209629,2.4130107e-05,1.1579565
140,0.0012816104,0.0015018886,0.0014645966,0.0092017018,6.0527891e-05,7.3199548e-05,7.2368776e-05,1.6106052e-05,3,3,3,3,0.039221113,-0.0001008975,1.1578556
141,0.0012810322,0.0015023273,0.0014640729,0.0092466723,6.0373102e-05,7.3187286e-05,7.234722e-05,1.6250128e-05,3,3,3,3,0.039604476,-0.0002606678,1.1575949
142,0.0012807904,0.0015031902,0.0014636354,0.0092942052,6.0226345e-05,7.3175394e-05,7.2332984e-05,1.8165536e-05,3,3,3,3,0.044309423,6.0899301e-05,1.1576558
143,0.0012804006,0.0015039625,0.0014638204,0.0093555279,6.0096679e-05,7.3170546e-05,7.235095e-05,1.5991918e-05,3,3,3,3,0.039042803,-0.00034889035,1.1573069
144,0.0012798383,0.0015045286,0.0014639864,0.0094199068,5.9973943e-05,7.3144635e-05,7.2376778e-05,1.6034594e-05,3,3,3,3,0.03917951,-0.0002318973,1.157075
145,0.0012795554,0.0015056043,0.0014644551,0.0094766623,5.9858129e-05,7.3128193e-05,7.24044e-05,1.6308745e-05,3,3,3,3,0.039882138,-0.00018124899,1.1568937
146,0.0012794284,0.001507118,0.0014650679,0.0095267334,5.9754728e-05,7.3096994e-05,7.2412055e-05,1.6816453e-05,3,3,3,3,0.041158209,-0.00015942308,1.1567343
147,0.0012794745,0.0015086072,0.0014655914,0.0095760565,5.967857e-05,7.3042827e-05,7.240265e-05,1.7298227e-05,3,3,3,3,0.042373083,-0.00017276105,1.1565616
148,0.0012799678,0.001509885,0.0014661905,0.0096283641,5.9629813e-05,7.2975618e-05,7.2407638e-05,1.7628299e-05,3,3,3,3,0.04321773,-0.00023865316,1.1563229
149,0.0012804151,0.0015108235,0.0014671198,0.0096848285,5.96096e-05,7.2910108e-05,7.242226e-05,1.7725029e-05,3,3,3,3,0.0434909,-0.00035511435,1.1559678
150,0.0012810811,0.0015120591,0.0014685087,0.0097549988,5.9628283e-05,7.2857312e-05,7.2447146e-05,1.9354966e-05,3,3,3,3,0.047528524,8.4344858e-05,1.1560521
151,0.0012813382,0.0015134408,0.0014699531,0.0098188007,5.9652313e-05,7.2831489e-05,7.2480185e-05,1.745576e-05,3,3,3,3,0.042900397,-0.00020572197,1.1558464
152,0.0012813293,0.0015144755,0.0014711548,0.0098897971,5.9664561e-05,7.2785408e-05,7.2524163e-05,1.7519061e-05,3,3,3,3,0.043088491,-0.0001104206,1.155736
153,0.001281266,0.0015156985,0.0014723036,0.009973771,5.9660809e-05,7.2749558e-05,7.2567359e-05,1.778888e-05,3,3,3,3,0.043783679,-4.5675143e-05,1.1556903
154,0.0012816553,0.0015162926,0.0014733619,0.010047003,5.9640437e-05,7.2712073e-05,7.262047e-05,1.8092446e-05,3,3,3,3,0.044563702,-1.5965098e-05,1.1556744
155,0.0012821895,0.0015168669,0.0014745851,0.010100686,5.9624649e-05,7.2694548e-05,7.2698906e-05,1.8322273e-05,3,3,3,3,0.04516302,-3.881692e-05,1.1556355
156,0.001282603,0.0015175321,0.0014758037,0.010155648,5.9604217e-05,7.2658317e-05,7.2792571e-05,1.8447479e-05,3,3,3,3,0.045504975,-0.00010124605,1.1555343
157,0.0012830855,0.0015179934,0.001477214,0.010194996,5.9556492e-05,7.2625103e-05,7.2887918e-05,1.8507343e-05,3,3,3,3,0.045685136,-0.00020148816,1.1553328
158,0.0012837892,0.0015177914,0.0014789001,0.010240737,5.9506455e-05,7.2595775e-05,7.2984633e-05,1.8487335e-05,3,3,3,3,0.045665617,-0.00031975888,1.155013
159,0.0012844118,0.0015169495,0.0014806602,0.01028536,5.9469234e-05,7.2576523e-05,7.3067078e-05,2.0418519e-05,3,3,3,3,0.050467228,3.687736e-05,1.1550499
160,0.0012851621,0.0015168967,0.0014823108,0.010329476,5.9450508e-05,7.2601069e-05,7.3162036e-05,1.820434e-05,3,3,3,3,0.045025755,-0.00027157365,1.1547784
161,0.0012858383,0.0015167971,0.0014837363,0.010373999,5.9432254e-05,7.2654088e-05,7.3262992e-05,1.8256897e-05,3,3,3,3,0.045184349,-0.00018298757,1.1545954
162,0.0012860803,0.0015165707,0.0014849385,0.010392633,5.9429648e-05,7.2708155e-05,7.3367783e-05,1.8311987e-05,3,3,3,3,0.045349439,-9.9911843e-05,1.1544955
163,0.0012859211,0.0015167213,0.0014859132,0.010403735,5.9427448e-05,7.2737991e-05,7.3465475e-05,1.8387493e-05,3,3,3,3,0.045564912,-4.277078e-05,1.1544527
164,0.0012858438,0.0015166645,0.0014868065,0.010417122,5.9417063e-05,7.2749128e-05,7.3543801e-05,1.8329631e-05,3,3,3,3,0.045450114,-1.3008189e-05,1.1544397
165,0.0012851356,0.0015159127,0.0014878129,0.010426581,5.9390408e-05,7.2759481e-05,7.3620453e-05,1.8191077e-05,3,3,3,3,0.045135322,-1.0040108e-05,1.1544296
166,0.0012839876,0.0015152664,0.0014890588,0.010432353,5.9357462e-05,7.2791058e-05,7.371163e-05,1.8023528e-05,3,3,3,3,0.044748145,-1.8711873e-05,1.1544109
167,0.0012827145,0.0015149492,0.00149031,0.010434298,5.9329904e-05,7.2827635e-05,7.3805992e-05,1.7930739e-05,3,3,3,3,0.044545768,-3.3190021e-05,1.1543777
168,0.0012811584,0.0015149914,0.0014912452,0.010440268,5.9320541e-05,7.2829659e-05,7.3888626e-05,1.788386e-05,3,3,3,3,0.044456656,-4.7049969e-05,1.1543307
169,0.0012796253,0.0015143604,0.0014922089,0.010451535,5.9321325e-05,7.2809911e-05,7.395672e-05,1.7816342e-05,3,3,3,3,0.044315037,-5.405319e-05,1.1542766
170,0.0012781014,0.0015129909,0.0014929276,0.010468239,5.9296627e-05,7.2732443e-05,7.4000212e-05,1.7774679e-05,3,3,3,3,0.044235634,-3.9214714e-05,1.1542374
171,0.0012759832,0.0015110531,0.0014931794,0.010480998,5.921671e-05,7.2595196e-05,7.4002665e-05,1.7695297e-05,3,3,3,3,0.044059937,-1.3991808e-06,1.154236
172,0.0012726968,0.0015085137,0.0014927448,0.01047951,5.9075104e-05,7.2411725e-05,7.3978695e-05,1.7434677e-05,3,3,3,3,0.043431264,7.6365435e-05,1.1543124
173,0.0012690552,0.0015056356,0.0014916313,0.010460196,5.8867216e-05,7.2206943e-05,7.3920215e-05,1.7340398e-05,3,3,3,3,0.043216543,0.00019388225,1.1545063
174,0.0012652407,0.0015027098,0.0014901713,0.010419033,5.8612471e-05,7.1997254e-05,7.3829868e-05,1.7390112e-05,3,3,3,3,0.043360262,0.00031951615,1.1548258
175,0.0012619624,0.0014999675,0.001488316,0.010378167,5.8348129e-05,7.1783249e-05,7.3690681e-05,1.7307605e-05,3,3,3,3,0.043172846,0.00044995259,1.1552757
176,0.0012594463,0.0014972386,0.0014862357,0.010338772,5.8108017e-05,7.1585674e-05,7.3507081e-05,1.7178442e-05,3,3,3,3,0.042868586,0.00054898148,1.1558247
177,0.0012567999,0.0014945711,0.0014837429,0.010311135,5.7876492e-05,7.1377411e-05,7.3291385e-05,2.0254301e-05,3,3,3,3,0.050566958,0.00018885936,1.1560136
178,0.0012543653,0.0014918502,0.0014803483,0.010294749,5.7643184e-05,7.1156601e-05,7.304268e-05,1.6480552e-05,3,3,3,3,0.041162547,0.00049662735,1.1565102
179,0.0012518427,0.0014887509,0.0014765997,0.010290528,5.7431745e-05,7.0926338e-05,7.2790517e-05,1.6390792e-05,3,3,3,3,0.0409601,0.0004271146,1.1569373
180,0.001249911,0.0014851678,0.0014722045,0.010283214,5.7268985e-05,7.0698766e-05,7.2520809e-05,1.6514081e-05,3,3,3,3,0.041291251,0.00038268737,1.15732
181,0.0012489369,0.0014816464,0.0014672262,0.010266171,5.7177588e-05,7.0496699e-05,7.2222734e-05,1.6528481e-05,3,3,3,3,0.041350142,0.00038420356,1.1577042
182,0.0012486655,0.0014774761,0.00146191,0.010234055,5.7136031e-05,7.0286987e-05,7.190394e-05,1.6545809e-05,3,3,3,3,0.0414154,0.000405423,1.1581096
183,0.0012483962,0.0014724505,0.0014563544,0.010188662,5.7129749e-05,7.0057015e-05,7.1568584e-05,1.6401742e-05,3,3,3,3,0.041077287,0.00046089908,1.1585705
184,0.0012480893,0.0014673057,0.0014504998,0.010141553,5.7131288e-05,6.9805746e-05,7.1244219e-05,1.6242157e-05,3,3,3,3,0.0407001,0.00054220801,1.1591127
185,0.0012483152,0.0014625965,0.0014443412,0.010104909,5.7144922e-05,6.9563258e-05,7.0933222e-05,1.7890072e-05,3,3,3,3,0.044855396,0.00029367272,1.1594064
186,0.0012492711,0.0014587671,0.0014381618,0.010069237,5.7206949e-05,6.9351628e-05,7.0630956e-05,1.6271113e-05,3,3,3,3,0.040819253,0.00050694877,1.1599134
187,0.0012508917,0.0014557855,0.0014321484,0.010030814,5.7298537e-05,6.91796e-05,7.0335125e-05,1.6277175e-05,3,3,3,3,0.040861343,0.00051403272,1.1604274
188,0.0012530707,0.0014531623,0.0014263746,0.010007833,5.7401155e-05,6.9044955e-05,7.0028453e-05,1.6379905e-05,3,3,3,3,0.041147689,0.000543864,1.1609713
189,0.0012553326,0.0014506132,0.0014208624,0.009982613,5.7499818e-05,6.8933671e-05,6.9727864e-05,1.648852e-05,3,3,3,3,0.041451105,0.00057893946,1.1615502
190,0.0012576281,0.0014478089,0.0014157416,0.0099532425,5.7567848e-05,6.8815476e-05,6.9428274e-05,1.893116e-05,3,3,3,3,0.047627867,0.00030046616,1.1618507
191,0.0012600527,0.0014451355,0.001410586,0.0099316009,5.7628303e-05,6.8668634e-05,6.9119935e-05,1.6145377e-05,3,3,3,3,0.040649058,0.00051303866,1.1623637
192,0.0012626041,0.0014425003,0.0014054982,0.0099169474,5.7711182e-05,6.8492597e-05,6.88034e-05,1.5926155e-05,3,3,3,3,0.040129858,0.0004685236,1.1628322
193,0.0012660504,0.0014404606,0.0014005608,0.0099103957,5.7827214e-05,6.8331416e-05,6.8492897e-05,1.5985694e-05,3,3,3,3,0.04031308,0.00040607516,1.1632383
194,0.0012703322,0.0014392377,0.0013958243,0.0099030613,5.7983211e-05,6.8196717e-05,6.8180357e-05,1.5687676e-05,3,3,3,3,0.039594562,0.00055886493,1.1637972
195,0.0012753898,0.0014387859,0.0013916281,0.0099145097,5.8164332e-05,6.8116376e-05,6.7873583e-05,1.664803e-05,3,3,3,3,0.042054296,0.00031243953,1.1641096
196,0.0012807505,0.0014390466,0.0013875068,0.0099348861,5.8380314e-05,6.8065479e-05,6.7574817e-05,1.6310132e-05,3,3,3,3,0.041236523,0.00041347243,1.1645231
197,0.0012862034,0.0014394863,0.0013837068,0.0099732085,5.8596182e-05,6.8015423e-05,6.7285335e-05,1.7411075e-05,3,3,3,3,0.044058639,0.00010646053,1.1646295
198,0.0012921071,0.0014398824,0.0013801141,0.010011008,5.8801537e-05,6.7976044e-05,6.6993741e-05,1.6943936e-05,3,3,3,3,0.042914519,5.096051e-05,1.1646805
199,0.0012982507,0.0014402888,0.0013768618,0.010046178,5.9034717e-05,6.7940863e-05,6.6707063e-05,1.732068e-05,3,3,3,3,0.04390696,-0.0002717853,1.1644087
200,0.0013050822,0.00144089,0.0013735641,0.010080685,5.9295801e-05,6.7926988e-05,6.642383e-05,2.1134184e-05,3,3,3,3,0.053620933,-6.5885509e-05,1.1643428
201,0.0013129203,0.0014420002,0.0013705023,0.010124191,5.9582435e-05,6.7955489e-05,6.6136545e-05,2.0862677e-05,3,3,3,3,0.052983338,-8.8208065e-05,1.1642546
202,0.0013211274,0.0014437323,0.0013679104,0.010168268,5.9890106e-05,6.8012386e-05,6.5863963e-05,1.9254742e-05,3,3,3,3,0.048946974,-8.6816684e-05,1.1641678
203,0.0013298578,0.0014457184,0.0013658393,0.010211608,6.0193785e-05,6.8060832e-05,6.5596185e-05,1.9627564e-05,3,3,3,3,0.049942229,-0.00022256365,1.1639452
204,0.0013391257,0.0014479892,0.0013637417,0.010261822,6.0504263e-05,6.8097176e-05,6.5327281e-05,2.006046e-05,3,3,3,3,0.051091525,-0.00016606851,1.1637792
205,0.0013487472,0.0014506011,0.0013616941,0.01031509,6.0852791e-05,6.8111559e-05,6.5062858e-05,1.9442454e-05,3,3,3,3,0.049564417,-0.00049819378,1.163281
206,0.0013582632,0.0014533303,0.0013593823,0.010374044,6.1244038e-05,6.8094756e-05,6.4794661e-05,2.081401e-05,3,3,3,3,0.053110844,-0.00038552547,1.1628954
207,0.0013676514,0.0014563611,0.0013569311,0.010433107,6.1662216e-05,6.8090723e-05,6.4534202e-05,2.3400852e-05,3,3,3,3,0.059769056,-7.9645002e-05,1.1628158
208,0.0013775446,0.0014591207,0.0013541986,0.010480444,6.2057645e-05,6.8097621e-05,6.424577e-05,2.3504019e-05,3,3,3,3,0.06009528,-8.0799385e-05,1.162735
209,0.001387174,0.001461687,0.0013514787,0.010523824,6.2454403e-05,6.8112795e-05,6.3947176e-05,2.1779061e-05,3,3,3,3,0.055743446,-6.7060681e-05,1.1626679
210,0.0013963751,0.0014641286,0.0013486106,0.010555097,6.2823666e-05,6.8142663e-05,6.3652252e-05,1.9778755e-05,3,3,3,3,0.050676755,-0.00063889552,1.162029
211,0.0014050044,0.0014666653,0.0013454308,0.010583926,6.3159959e-05,6.8167745e-05,6.3331291e-05,2.1943426e-05,3,3,3,3,0.056277897,-0.0003630002,1.161666
212,0.0014135251,0.001469634,0.0013423188,0.010621802,6.3470379e-05,6.8201865e-05,6.3029014e-05,2.2339957e-05,3,3,3,3,0.057350676,-0.00049264314,1.1611734
213,0.0014220122,0.0014723663,0.0013392513,0.01066376,6.3750345e-05,6.8207127e-05,6.273055e-05,2.5053656e-05,3,3,3,3,0.064379232,-7.3218907e-05,1.1611002
214,0.0014297285,0.0014742628,0.0013359429,0.010702798,6.3990633e-05,6.8149007e-05,6.2424069e-05,2.4300636e-05,3,3,3,3,0.062510692,-0.0001011053,1.1609991
215,0.0014371489,0.0014758312,0.0013327031,0.010743813,6.4202189e-05,6.8083944e-05,6.2123534e-05,2.2039359e-05,3,3,3,3,0.056752023,-7.6455686e-05,1.1609226
216,0.0014441302,0.0014773401,0.0013293325,0.010771787,6.439211e-05,6.802441e-05,6.1842894e-05,2.0203611e-05,3,3,3,3,0.052075806,-0.00066461645,1.160258
217,0.0014510003,0.0014785726,0.0013253878,0.010792558,6.4582663e-05,6.7964431e-05,6.1572876e-05,2.2510269e-05,3,3,3,3,0.058073342,-0.00033729089,1.1599207
218,0.0014577996,0.0014794012,0.0013213296,0.010809045,6.4769298e-05,6.7920799e-05,6.1301102e-05,2.2583815e-05,3,3,3,3,0.058313709,-0.00047860658,1.1594421
219,0.001464009,0.0014792783,0.0013170762,0.010818922,6.4952422e-05,6.7844006e-05,6.1028422e-05,2.4378092e-05,3,3,3,3,0.062999733,-6.6037392e-05,1.1593761
220,0.0014694447,0.0014778979,0.0013121263,0.01081662,6.5102645e-05,6.7690784e-05,6.0724451e-05,2.375883e-05,3,3,3,3,0.06145626,-0.00010816048,1.1592679
221,0.0014739493,0.0014756482,0.001307152,0.01081033,6.5249398e-05,6.7490088e-05,6.0419383e-05,2.1456671e-05,3,3,3,3,0.055551747,-0.00011974708,1.1591482
222,0.0014775992,0.0014727627,0.0013016004,0.010796567,6.5349363e-05,6.7272205e-05,6.0090324e-05,2.0179761e-05,3,3,3,3,0.05229107,-0.00031125817,1.1588369
223,0.0014813362,0.0014703492,0.0012953652,0.010779647,6.5412006e-05,6.7052516e-05,5.9725004e-05,2.0208074e-05,3,3,3,3,0.052406578,-0.00028480862,1.1585521
224,0.0014847338,0.0014680041,0.0012889077,0.010761084,6.5458412e-05,6.6827107e-05,5.9322134e-05,2.0107488e-05,3,3,3,3,0.052186318,-0.00037143323,1.1581807
225,0.0014877091,0.0014652345,0.0012822114,0.010741276,6.547437e-05,6.6577853e-05,5.8892621e-05,2.2131693e-05,3,3,3,3,0.057483561,-5.1273776e-05,1.1581294
226,0.0014903418,0.0014615333,0.0012750521,0.010718819,6.546835e-05,6.6302357e-05,5.8432306e-05,2.129902e-05,3,3,3,3,0.055366,-9.2766268e-05,1.1580366
227,0.0014919071,0.0014574053,0.0012676438,0.01069757,6.5460923e-05,6.6014386e-05,5.7979154e-05,1.8917238e-05,3,3,3,3,0.04921335,-0.00044978484,1.1575868
228,0.0014926477,0.00145281,0.0012600588,0.010668249,6.5457281e-05,6.5749844e-05,5.7564318e-05,1.889432e-05,3,3,3,3,0.049187974,-0.00045504579,1.1571318
229,0.0014935089,0.0014484211,0.0012525768,0.010634688,6.54836e-05,6.5508905e-05,5.7172892e-05,1.989789e-05,3,3,3,3,0.051834313,-0.00015134966,1.1569804
230,0.001494794,0.0014441949,0.0012454538,0.01060143,6.5539427e-05,6.5254889e-05,5.6798702e-05,1.8540627e-05,3,3,3,3,0.048330812,-0.00042507555,1.1565554
231,0.0014961211,0.0014399446,0.0012383884,0.010567621,6.5616346e-05,6.4993044e-05,5.643135e-05,1.8325891e-05,3,3,3,3,0.047798187,-0.00039578728,1.1561596
232,0.0014975934,0.001435514,0.0012313646,0.01053595,6.5689193e-05,6.4736666e-05,5.6067718e-05,1.8230138e-05,3,3,3,3,0.047574164,-0.00036508328,1.1557945
233,0.0014995003,0.0014311146,0.0012242146,0.010513717,6.5809352e-05,6.4478689e-05,5.5685756e-05,1.9940002e-05,3,3,3,3,0.052063719,-0.00013523164,1.1556593
234,0.0015020909,0.0014268489,0.0012164817,0.01049811,6.5955458e-05,6.421142e-05,5.5289703e-05,1.8041794e-05,3,3,3,3,0.047134416,-0.00033957842,1.1553197
235,0.0015051303,0.0014226684,0.0012086743,0.010485596,6.6101195e-05,6.3962653e-05,5.487985e-05,1.7718025e-05,3,3,3,3,0.046312315,-0.00063525726,1.1546844
236,0.001508692,0.0014186266,0.0012008706,0.010478014,6.6282518e-05,6.3722965e-05,5.445361e-05,1.8282242e-05,3,3,3,3,0.047811202,-0.00050626483,1.1541782
237,0.0015125456,0.0014150031,0.0011929735,0.010474469,6.6478332e-05,6.3481573e-05,5.402618e-05,1.8395049e-05,3,3,3,3,0.048130134,-0.00058133945,1.1535968
238,0.0015166702,0.0014121002,0.0011849461,0.010478371,6.6664252e-05,6.3246144e-05,5.3579629e-05,1.9693057e-05,3,3,3,3,0.05155124,-0.00026127674,1.1533355
239,0.0015206361,0.0014095928,0.0011767857,0.010490006,6.6832609e-05,6.3040123e-05,5.3116897e-05,1.8136934e-05,3,3,3,3,0.047502496,-0.00052187576,1.1528137
240,0.0015245915,0.0014072661,0.0011688528,0.010510649,6.6997065e-05,6.2813108e-05,5.2645296e-05,1.813886e-05,3,3,3,3,0.04752889,-0.0004638104,1.1523499
241,0.0015285074,0.0014050659,0.0011609603,0.010538681,6.7154466e-05,6.2574144e-05,5.2156152e-05,1.8268564e-05,3,3,3,3,0.047889082,-0.00043601654,1.1519138
242,0.001532528,0.0014024153,0.0011530785,0.010578557,6.7281707e-05,6.2339153e-05,5.1680025e-05,2.0893897e-05,3,3,3,3,0.05479447,-0.00011738985,1.1517965
243,0.0015361422,0.0013994375,0.0011451803,0.010620984,6.7420783e-05,6.2101914e-05,5.1209324e-05,1.8451472e-05,3,3,3,3,0.048413046,-0.00041802054,1.1513784
244,0.001538839,0.001396404,0.0011372016,0.010659356,6.7540486e-05,6.1848821e-05,5.0747963e-05,1.8554335e-05,3,3,3,3,0.048703636,-0.00045793875,1.1509205
245,0.0015412814,0.0013930146,0.0011290443,0.01068795,6.7659988e-05,6.1581105e-05,5.0285388e-05,2.0797872e-05,3,3,3,3,0.054615812,-0.00014469062,1.1507758
246,0.0015436003,0.0013890694,0.001120351,0.010700441,6.7755013e-05,6.1300841e-05,4.9825459e-05,1.8625953e-05,3,3,3,3,0.048935668,-0.00050844363,1.1502674
247,0.0015458427,0.0013849354,0.0011114841,0.010700939,6.7846367e-05,6.1031767e-05,4.9365238e-05,1.875021e-05,3,3,3,3,0.049282054,-0.00055071528,1.1497166
248,0.0015481295,0.001380477,0.0011025572,0.010688874,6.7940672e-05,6.0782834e-05,4.8910572e-05,2.0319392e-05,3,3,3,3,0.053427962,-0.00017486109,1.1495418
249,0.0015497819,0.0013754705,0.0010938115,0.010661445,6.8041555e-05,6.0547824e-05,4.8481497e-05,1.8350499e-05,3,3,3,3,0.048273705,-0.00048584303,1.1490559
250,0.0015506275,0.001370518,0.0010852723,0.010624663,6.8146319e-05,6.032607e-05,4.8082287e-05,1.8248768e-05,3,3,3,3,0.048024398,-0.00047136816,1.1485846
251,0.0015514023,0.0013660929,0.0010771315,0.010581802,6.825866e-05,6.0126311e-05,4.7709075e-05,2.1224736e-05,3,3,3,3,0.055876648,-4.7206077e-05,1.1485374
252,0.0015522499,0.0013623082,0.0010692686,0.010537799,6.837781e-05,5.9949672e-05,4.7363078e-05,1.8209456e-05,3,3,3,3,0.047958469,-0.00041712886,1.1481202
253,0.0015533136,0.0013591943,0.0010617813,0.010491524,6.8495574e-05,5.983356e-05,4.703828e-05,1.8300593e-05,3,3,3,3,0.048213818,-0.00043260228,1.1476876
254,0.0015542349,0.001356952,0.0010547849,0.010443676,6.8615662e-05,5.9778628e-05,4.6738563e-05,2.0740719e-05,3,3,3,3,0.054658093,-4.9501903e-05,1.1476381
255,0.0015553501,0.0013556941,0.0010481834,0.01039126,6.8715604e-05,5.9754686e-05,4.6471365e-05,1.8338013e-05,3,3,3,3,0.048341936,-0.0004213352,1.1472168
256,0.0015565373,0.0013553942,0.0010422283,0.010339229,6.8812724e-05,5.9767188e-05,4.6227464e-05,1.842614e-05,3,3,3,3,0.04858562,-0.00044883791,1.146768
257,0.0015582041,0.0013560769,0.0010366096,0.010290952,6.8903157e-05,5.9824769e-05,4.5982465e-05,1.854281e-05,3,3,3,3,0.048903713,-0.00052743739,1.1462405
258,0.0015602894,0.0013578217,0.0010310843,0.010249357,6.8983005e-05,5.9916972e-05,4.5743535e-05,2.2253546e-05,3,3,3,3,0.058701412,-7.2051332e-08,1.1462405
259,0.0015622844,0.0013601748,0.0010255962,0.010216073,6.9047442e-05,6.0027883e-05,4.5512127e-05,1.8183055e-05,3,3,3,3,0.047977362,-0.00046715235,1.1457733
260,0.0015639108,0.0013626327,0.0010200483,0.010188379,6.9091017e-05,6.0159842e-05,4.5274613e-05,1.813724e-05,3,3,3,3,0.047864812,-0.00044806731,1.1453252
261,0.0015653716,0.001364838,0.0010148043,0.010163344,6.9121216e-05,6.0293146e-05,4.5028871e-05,2.2205202e-05,3,3,3,3,0.058610204,-3.678166e-05,1.1452885
262,0.001566456,0.0013669328,0.0010096992,0.010141554,6.9148256e-05,6.0411534e-05,4.4789714e-05,1.8052898e-05,3,3,3,3,0.047662007,-0.00036105626,1.1449274
263,0.001566876,0.0013688939,0.0010044971,0.010118103,6.9155801e-05,6.0518488e-05,4.4558345e-05,1.8094828e-05,3,3,3,3,0.047780181,-0.00035897316,1.1445684
264,0.0015669137,0.0013708716,0.00099939893,0.010091444,6.9160073e-05,6.0630001e-05,4.433975e-05,1.8133027e-05,3,3,3,3,0.047887813,-0.00040557235,1.1441629
265,0.0015666838,0.0013726632,0.00099436654,0.01006529,6.9148926e-05,6.0718606e-05,4.412689e-05,2.180605e-05,3,3,3,3,0.057595114,-1.5060043e-05,1.1441478
266,0.0015662719,0.0013739635,0.00098933764,0.010036061,6.9140447e-05,6.0809377e-05,4.3917221e-05,1.7733181e-05,3,3,3,3,0.046846381,-0.00042238834,1.1437254
267,0.0015657495,0.0013745747,0.0009844313,0.010002292,6.9126254e-05,6.0904505e-05,4.3701626e-05,1.7654167e-05,3,3,3,3,0.046641259,-0.0004422529,1.1432831
268,0.0015654465,0.0013747853,0.00097976377,0.0099695297,6.9116846e-05,6.0996802e-05,4.3483333e-05,2.0466485e-05,3,3,3,3,0.054075032,-0.00011132085,1.1431718
269,0.0015651985,0.0013750059,0.00097578463,0.0099313889,6.910598e-05,6.1075378e-05,4.3276607e-05,1.7234622e-05,3,3,3,3,0.045542993,-0.00036808751,1.1428037
270,0.0015642191,0.0013752407,0.0009720282,0.0098931881,6.9056372e-05,6.1135589e-05,4.3068995e-05,1.7129034e-05,3,3,3,3,0.045266662,-0.00035227041,1.1424515
271,0.0015628007,0.0013751827,0.00096864844,0.0098582343,6.9005468e-05,6.1186616e-05,4.2858847e-05,1.9203173e-05,3,3,3,3,0.050750452,-3.717251e-05,1.1424143
272,0.0015612406,0.0013753141,0.00096543384,0.0098220848,6.8967658e-05,6.1210423e-05,4.265663e-05,1.6851046e-05,3,3,3,3,0.044538876,-0.00035269663,1.1420616
273,0.0015592644,0.0013749759,0.00096253756,0.0097882371,6.8902785e-05,6.1178254e-05,4.2464121e-05,1.6851332e-05,3,3,3,3,0.044541633,-0.00041670916,1.1416449
274,0.0015571536,0.0013744697,0.00095996877,0.0097550199,6.8815274e-05,6.1107759e-05,4.2292539e-05,1.8799327e-05,3,3,3,3,0.049693023,-0.00019513589,1.1414498
275,0.0015552448,0.0013740019,0.00095764032,0.0097230214,6.8723964e-05,6.0980756e-05,4.2157218e-05,1.6610656e-05,3,3,3,3,0.043912718,-0.00045945507,1.1409903
276,0.0015528676,0.0013730112,0.00095534986,0.0096948043,6.8596644e-05,6.0828719e-05,4.2060298e-05,1.8286049e-05,3,3,3,3,0.048343496,-0.00016806507,1.1408222
277,0.0015504055,0.001371796,0.00095342738,0.009662082,6.8458248e-05,6.0661683e-05,4.1992958e-05,1.6399567e-05,3,3,3,3,0.043359508,-0.00040515917,1.1404171
278,0.0015478018,0.0013703923,0.00095170033,0.0096355647,6.8303237e-05,6.0491195e-05,4.1951569e-05,1.6450695e-05,3,3,3,3,0.043494882,-0.0004138472,1.1400032
279,0.0015453066,0.0013689916,0.0009502152,0.0096165107,6.8148434e-05,6.0318734e-05,4.1912598e-05,1.6691743e-05,3,3,3,3,0.044131914,-0.00046022961,1.139543
280,0.0015432373,0.0013677859,0.00094901747,0.009603926,6.7989304e-05,6.0163288e-05,4.1887562e-05,1.8349182e-05,3,3,3,3,0.048514207,-0.0001503387,1.1393927
281,0.0015413064,0.0013669802,0.0009480905,0.0095959386,6.782919e-05,6.0045996e-05,4.1884951e-05,1.6424891e-05,3,3,3,3,0.043428848,-0.00045949819,1.1389332
282,0.0015391331,0.0013659695,0.00094733585,0.0095896976,6.7648415e-05,5.9933711e-05,4.188399e-05,1.7718884e-05,3,3,3,3,0.046850463,-0.00015544063,1.1387777
283,0.0015369329,0.0013650938,0.00094649424,0.0095870779,6.7450026e-05,5.9846105e-05,4.1874244e-05,1.6445251e-05,3,3,3,3,0.043485433,-0.00035545709,1.1384223
284,0.0015345743,0.0013645799,0.00094568617,0.0095810805,6.7252398e-05,5.9794082e-05,4.1843418e-05,1.6408716e-05,3,3,3,3,0.043389623,-0.00030733752,1.1381149
285,0.0015320395,0.0013647583,0.00094480278,0.0095791236,6.7056159e-05,5.9762911e-05,4.1786347e-05,1.6328552e-05,3,3,3,3,0.043178275,-0.00028436314,1.1378306
286,0.0015291072,0.0013654399,0.00094385142,0.0095796961,6.6852968e-05,5.9723952e-05,4.1699342e-05,1.6117974e-05,3,3,3,3,0.042621959,-0.00047364169,1.1373569
287,0.0015258876,0.0013667978,0.00094271429,0.0095833783,6.6621526e-05,5.9715526e-05,4.1596102e-05,1.6273357e-05,3,3,3,3,0.043033539,-0.00035861341,1.1369983
288,0.0015220395,0.0013679441,0.00094149586,0.0095895679,6.6365598e-05,5.9743268e-05,4.147017e-05,1.6156134e-05,3,3,3,3,0.042724517,-0.00038079655,1.1366175
289,0.0015177048,0.00136933,0.00094009316,0.0095943521,6.6073748e-05,5.9798781e-05,4.1326746e-05,1.5966656e-05,3,3,3,3,0.042224759,-0.00036266954,1.1362548
290,0.0015134217,0.0013707573,0.00093842292,0.0096037536,6.5786683e-05,5.9846186e-05,4.1166667e-05,1.5756154e-05,3,3,3,3,0.041669286,-0.00047580152,1.135779
291,0.001509143,0.0013719638,0.00093645941,0.0096129195,6.5497688e-05,5.9853409e-05,4.0993314e-05,1.5754136e-05,3,3,3,3,0.041664222,-0.00041697205,1.1353621
292,0.0015043975,0.0013726791,0.0009342211,0.0096093198,6.5193375e-05,5.9837214e-05,4.0795864e-05,1.5793073e-05,3,3,3,3,0.04176688,-0.00032361488,1.1350385
293,0.0014991708,0.0013730054,0.00093183416,0.0096027089,6.4871531e-05,5.9814474e-05,4.05726e-05,1.5807371e-05,3,3,3,3,0.041803956,-0.00016528014,1.1348732
294,0.0014936275,0.0013728037,0.00092896731,0.0095940409,6.4548434e-05,5.978307e-05,4.0325908e-05,1.5848518e-05,3,3,3,3,0.041911125,0.00014926642,1.1350224
295,0.001487196,0.0013720712,0.00092553266,0.0095842165,6.4223367e-05,5.9734264e-05,4.0071683e-05,1.600003e-05,3,3,3,3,0.042309411,0.00067669898,1.1356991
296,0.0014803278,0.0013712112,0.00092165939,0.0095694026,6.3862755e-05,5.9683996e-05,3.9817488e-05,2.0221612e-05,3,3,3,3,0.053468911,0.00026401848,1.1359632
297,0.0014742873,0.0013699063,0.00091735201,0.0095541889,6.3494021e-05,5.9622997e-05,3.9540658e-05,1.9352649e-05,3,3,3,3,0.051160029,0.00027692868,1.1362401
298,0.0014678127,0.0013680356,0.00091294448,0.0095407034,6.31173e-05,5.9543167e-05,3.926961e-05,1.7592598e-05,3,3,3,3,0.046496597,0.00021920546,1.1364593
299,0.0014602967,0.0013647884,0.0009082836,0.0095188718,6.2735903e-05,5.9399227e-05,3.9011695e-05,1.6266352e-05,3,3,3,3,0.042983993,0.00043778411,1.1368971
300,0.0014520932,0.0013600968,0.00090325111,0.0094818443,6.2340855e-05,5.9182069e-05,3.8759306e-05,1.6723726e-05,3,3,3,3,0.044187513,0.00039823767,1.1372953
301,0.0014432491,0.001354343,0.00089795443,0.0094407916,6.1934097e-05,5.8916129e-05,3.8498843e-05,1.6937949e-05,3,3,3,3,0.044749054,0.00046321852,1.1377585
302,0.0014339523,0.0013478472,0.00089254971,0.0093925129,6.1554092e-05,5.8609371e-05,3.8239948e-05,1.8414707e-05,3,3,3,3,0.048645861,0.00016989141,1.1379284
303,0.0014242132,0.0013407557,0.00088675477,0.0093378417,6.1158533e-05,5.825576e-05,3.7952589e-05,1.7558386e-05,3,3,3,3,0.046374348,0.00018878754,1.1381172
304,0.0014135941,0.0013328638,0.000880835,0.0092757421,6.0734539e-05,5.7867997e-05,3.7649365e-05,1.663374e-05,3,3,3,3,0.043923823,0.00023043552,1.1383476
305,0.0014021925,0.0013241691,0.00087451687,0.0092024415,6.0279392e-05,5.7437168e-05,3.7350443e-05,1.500626e-05,3,3,3,3,0.039620268,0.00047997625,1.1388276
306,0.0013899793,0.0013148965,0.00086811895,0.0091199148,5.9773673e-05,5.6994637e-05,3.7061221e-05,1.6264074e-05,3,3,3,3,0.042937147,0.00016940406,1.138997
307,0.0013779289,0.0013051649,0.00086165172,0.009034015,5.9250533e-05,5.6520622e-05,3.677605e-05,1.6373621e-05,3,3,3,3,0.043219708,0.00012676115,1.1391238
308,0.0013656968,0.0012949862,0.0008551134,0.0089412395,5.8708405e-05,5.6005766e-05,3.6484175e-05,1.5720159e-05,3,3,3,3,0.041488402,0.00012855137,1.1392523
309,0.0013530457,0.0012847124,0.00084849204,0.0088382878,5.8121337e-05,5.5471976e-05,3.6173878e-05,1.4859261e-05,3,3,3,3,0.039210798,0.00011764848,1.13937
310,0.0013401013,0.0012742098,0.00084148104,0.0087334662,5.751728e-05,5.4921441e-05,3.5851708e-05,1.4268795e-05,3,3,3,3,0.037648003,2.610881e-05,1.1393961
311,0.0013268986,0.0012634839,0.00083411386,0.0086269073,5.6894544e-05,5.4351327e-05,3.5522522e-05,1.3825014e-05,3,3,3,3,0.036472834,2.7629529e-06,1.1393989
312,0.0013135083,0.001252373,0.00082647573,0.0085180379,5.6267665e-05,5.3779377e-05,3.5189539e-05,1.3494033e-05,3,3,3,3,0.035595475,1.4304542e-05,1.1394132
313,0.0013000042,0.001240905,0.00081899452,0.0084071376,5.5636135e-05,5.3209298e-05,3.4854106e-05,1.324356e-05,3,3,3,3,0.034930572,-3.323502e-05,1.1393799
314,0.0012864,0.0012288899,0.00081141848,0.0082944575,5.5009652e-05,5.2632682e-05,3.4516879e-05,1.284929e-05,3,3,3,3,0.033886957,-3.1569212e-05,1.1393484
315,0.0012727024,0.0012166862,0.00080358759,0.0081831211,5.43983e-05,5.2069601e-05,3.4182718e-05,1.2724737e-05,3,3,3,3,0.033555008,0.00016345748,1.1395118
316,0.0012592102,0.0012041627,0.00079561789,0.008077451,5.3779717e-05,5.1520864e-05,3.3862922e-05,1.3888308e-05,3,3,3,3,0.036620869,-4.6900494e-05,1.1394649
317,0.0012460611,0.001191501,0.00078778203,0.0079720591,5.3212851e-05,5.097167e-05,3.3541877e-05,1.3640552e-05,3,3,3,3,0.035963627,-4.646739e-05,1.1394185
318,0.0012331753,0.0011786955,0.00078012659,0.0078671412,5.2657357e-05,5.0421223e-05,3.3224683e-05,1.1125616e-05,3,3,3,3,0.029330027,0.00036471115,1.1397832
319,0.0012203166,0.0011660321,0.00077238035,0.007764493,5.2107117e-05,4.9893121e-05,3.2909819e-05,1.2976182e-05,3,3,3,3,0.034207019,-4.0639615e-05,1.1397425
320,0.0012081672,0.0011534385,0.00076470252,0.007665105,5.1589337e-05,4.9392572e-05,3.2587435e-05,1.0764458e-05,3,3,3,3,0.0283741,0.00034312614,1.1400856
321,0.0011961021,0.0011410407,0.00075723354,0.007563277,5.1078135e-05,4.888561e-05,3.2262213e-05,1.0599168e-05,3,3,3,3,0.027937319,0.00039744757,1.1404831
322,0.0011844744,0.0011287614,0.00074983075,0.0074663853,5.0579068e-05,4.8385803e-05,3.1942987e-05,1.3021068e-05,3,3,3,3,0.034319635,3.5809995e-05,1.1405189
323,0.001173268,0.0011166476,0.00074263057,0.0073733577,5.0113007e-05,4.7898431e-05,3.1624508e-05,1.0046516e-05,3,3,3,3,0.026477127,0.00029927078,1.1408182
324,0.0011619431,0.0011049985,0.00073555491,0.0072831809,4.9640503e-05,4.7418966e-05,3.1312188e-05,9.8025626e-06,3,3,3,3,0.025832925,0.00022138057,1.1410396
325,0.0011510119,0.0010936974,0.00072851688,0.0071979434,4.9185519e-05,4.6930698e-05,3.1001454e-05,1.2157856e-05,3,3,3,3,0.032037956,-4.0136219e-05,1.1409994
326,0.0011406085,0.0010827794,0.00072138859,0.0071161864,4.8762446e-05,4.6449292e-05,3.0697527e-05,9.9696415e-06,3,3,3,3,0.026268724,5.8251312e-05,1.1410577
327,0.0011303012,0.0010721701,0.00071455388,0.0070368952,4.834085e-05,4.5979623e-05,3.0404252e-05,9.7028641e-06,3,3,3,3,0.025563687,-8.7100632e-05,1.1409706
328,0.0011203519,0.001062072,0.00070781847,0.0069607535,4.7927515e-05,4.5531236e-05,3.0110894e-05,9.505815e-06,3,3,3,3,0.025042425,-0.0002055425,1.140765
329,0.0011106997,0.0010525883,0.0007012028,0.006888098,4.7532434e-05,4.5106937e-05,2.9831402e-05,9.463545e-06,3,3,3,3,0.024928895,-0.00031741259,1.1404476
330,0.0011013339,0.0010436189,0.0006948387,0.0068190748,4.715338e-05,4.4706551e-05,2.9571039e-05,1.0807228e-05,3,3,3,3,0.02846594,-9.8806381e-05,1.1403488
331,0.0010922631,0.0010351272,0.00068867043,0.0067523793,4.6778834e-05,4.434566e-05,2.9329866e-05,1.073562e-05,3,3,3,3,0.02827579,-0.00015692054,1.1401919
332,0.0010834864,0.0010270794,0.00068274415,0.0066876734,4.6415728e-05,4.4011333e-05,2.9104554e-05,9.3711753e-06,3,3,3,3,0.024680386,-0.00032770759,1.1398642
333,0.0010751415,0.0010193146,0.00067711107,0.006622467,4.6071839e-05,4.3701944e-05,2.8892918e-05,9.2008192e-06,3,3,3,3,0.024229004,-0.00038143409,1.1394827
334,0.0010672276,0.0010120938,0.00067170882,0.0065577541,4.5737496e-05,4.341952e-05,2.8697234e-05,9.848952e-06,3,3,3,3,0.025932759,-0.00013164835,1.1393511
335,0.0010595148,0.001005322,0.00066636224,0.0064942208,4.5407211e-05,4.3169199e-05,2.8511003e-05,9.0624701e-06,3,3,3,3,0.023859786,-0.00035179191,1.1389993
336,0.0010521397,0.00099915725,0.00066114758,0.0064308737,4.5097905e-05,4.2949503e-05,2.8325757e-05,1.0019483e-05,3,3,3,3,0.02637609,-0.00014696574,1.1388523
337,0.0010449649,0.00099343971,0.00065618013,0.0063697265,4.4796829e-05,4.2749233e-05,2.814447e-05,8.9177292e-06,3,3,3,3,0.023473446,-0.0003706529,1.1384817
338,0.0010382079,0.00098811976,0.00065137083,0.0063153898,4.4516194e-05,4.2563474e-05,2.7973098e-05,1.0435812e-05,3,3,3,3,0.027465559,-0.000100186,1.1383815
339,0.0010315636,0.00098315419,0.00064698216,0.0062659038,4.4227968e-05,4.2391906e-05,2.7818508e-05,9.9014754e-06,3,3,3,3,0.026056691,-9.6676465e-05,1.1382848
340,0.0010253439,0.00097858223,0.00064277522,0.0062199282,4.3937783e-05,4.2238285e-05,2.7679247e-05,8.612399e-06,3,3,3,3,0.022661868,-0.00034021161,1.1379446
341,0.0010195593,0.00097436094,0.00063877281,0.0061778344,4.3649928e-05,4.2117611e-05,2.7549747e-05,9.3354187e-06,3,3,3,3,0.024560607,-0.0001053525,1.1378393
342,0.0010138199,0.00097049417,0.00063509694,0.0061398738,4.3359518e-05,4.2009361e-05,2.7430124e-05,8.6061754e-06,3,3,3,3,0.022639211,-0.00036015084,1.1374791
343,0.0010081632,0.00096699511,0.00063153431,0.0061056614,4.3091058e-05,4.190918e-05,2.7310333e-05,1.0256285e-05,3,3,3,3,0.026975802,-8.4492186e-05,1.1373946
344,0.0010022718,0.00096391078,0.00062830913,0.0060780906,4.2815777e-05,4.1821793e-05,2.7202979e-05,9.9728403e-06,3,3,3,3,0.026227518,-9.897009e-05,1.1372956
345,0.00099648689,0.00096094266,0.00062505027,0.0060529793,4.2557911e-05,4.1745507e-05,2.7092933e-05,8.9543927e-06,3,3,3,3,0.023546629,-0.0001100585,1.1371856
346,0.00099085538,0.0009581016,0.00062202119,0.0060313572,4.2315654e-05,4.1690071e-05,2.6997713e-05,7.976145e-06,3,3,3,3,0.020971818,-0.00027530675,1.1369103
347,0.00098547972,0.00095523728,0.00061912826,0.0060111985,4.2090792e-05,4.1649357e-05,2.6903714e-05,8.1332885e-06,3,3,3,3,0.021382017,-0.00032141798,1.1365889
348,0.00098028367,0.00095245909,0.00061639336,0.005990527,4.1865299e-05,4.1606231e-05,2.6812004e-05,1.012248e-05,3,3,3,3,0.026607989,-9.1293429e-05,1.1364976
349,0.00097509736,0.0009497064,0.00061395679,0.0059693149,4.164283e-05,4.1546518e-05,2.6726561e-05,1.000842e-05,3,3,3,3,0.026305975,-9.5003757e-05,1.1364026
350,0.00096980731,0.00094691774,0.00061159123,0.0059480726,4.1434921e-05,4.1469443e-05,2.6645183e-05,8.8179949e-06,3,3,3,3,0.023175171,-0.00011067187,1.1362919
351,0.00096470214,0.00094393024,0.00060941937,0.0059260832,4.1242692e-05,4.1376219e-05,2.6567457e-05,7.6077817e-06,3,3,3,3,0.019992722,-0.00027454229,1.1360174
352,0.00095987544,0.0009407115,0.00060735132,0.0059049773,4.1052678e-05,4.1269877e-05,2.6490846e-05,8.3050928e-06,3,3,3,3,0.021822715,-0.00010781363,1.1359095
353,0.0009550854,0.00093718086,0.00060549274,0.0058854679,4.0858973e-05,4.1143697e-05,2.6421734e-05,8.1640861e-06,3,3,3,3,0.021450556,-9.3952565e-05,1.1358156
354,0.00095018302,0.00093369913,0.00060356282,0.0058685414,4.0669153e-05,4.100265e-05,2.6341386e-05,8.002815e-06,3,3,3,3,0.021025383,-9.4522147e-05,1.1357211
355,0.00094535749,0.00093012093,0.00060149269,0.0058524034,4.0482249e-05,4.0855039e-05,2.6251589e-05,7.7548934e-06,3,3,3,3,0.020372759,-0.00023846759,1.1354826
356,0.00094076812,0.00092629061,0.00059940355,0.0058351775,4.0300552e-05,4.0696512e-05,2.6147156e-05,8.7687496e-06,3,3,3,3,0.023034365,-0.00011319469,1.1353694
357,0.00093596921,0.00092237678,0.0005973296,0.0058190017,4.0123743e-05,4.0530526e-05,2.6038736e-05,8.9898801e-06,3,3,3,3,0.023614251,-5.5751812e-05,1.1353137
358,0.00093118466,0.00091850189,0.00059515534,0.0058050636,3.9943228e-05,4.0367731e-05,2.5921785e-05,8.2792337e-06,3,3,3,3,0.021746825,-6.2467173e-05,1.1352512
359,0.00092617307,0.0009146258,0.00059271557,0.0057918407,3.975837e-05,4.019683e-05,2.5794336e-05,7.7559201e-06,3,3,3,3,0.020371643,-0.00021064375,1.1350405
360,0.00092103455,0.00091062286,0.00059007798,0.0057786957,3.9571187e-05,4.0023528e-05,2.566402e-05,7.7107764e-06,3,3,3,3,0.020252105,-0.00021641048,1.1348241
361,0.00091577405,0.00090652536,0.00058726305,0.0057657465,3.937094e-05,3.984041e-05,2.5527458e-05,8.7323772e-06,3,3,3,3,0.022934317,-4.8316627e-05,1.1347758
362,0.00091019071,0.00090241958,0.00058421722,0.0057518069,3.9146813e-05,3.9636713e-05,2.5385915e-05,8.4257072e-06,3,3,3,3,0.022128533,-4.3706847e-05,1.1347321
363,0.00090450456,0.00089824995,0.00058103081,0.005738291,3.891689e-05,3.9425145e-05,2.5244735e-05,6.8323232e-06,3,3,3,3,0.017943477,-0.00031188289,1.1344202
364,0.00089875838,0.00089402546,0.00057768167,0.0057224374,3.868721e-05,3.9203912e-05,2.5098689e-05,6.8448281e-06,3,3,3,3,0.017975552,-0.00033930536,1.1340809
365,0.00089283282,0.00088976446,0.0005742826,0.0057040317,3.8451382e-05,3.8973565e-05,2.494877e-05,8.2234479e-06,3,3,3,3,0.021595098,-2.5226309e-05,1.1340557
366,0.00088666374,0.00088541603,0.00057089652,0.0056847673,3.821207e-05,3.8745667e-05,2.4793733e-05,6.8534645e-06,3,3,3,3,0.017997127,-0.00032689467,1.1337288
367,0.00088050123,0.00088116372,0.00056733357,0.0056632078,3.7955496e-05,3.8528747e-05,2.4627995e-05,6.8414486e-06,3,3,3,3,0.017964763,-0.00031437201,1.1334144
368,0.00087434437,0.00087688399,0.00056364408,0.0056397179,3.7688009e-05,3.8314657e-05,2.4454175e-05,6.8299016e-06,3,3,3,3,0.017933573,-0.00031331061,1.1331011
369,0.00086822702,0.00087260235,0.00055978073,0.0056148722,3.7408258e-05,3.8106948e-05,2.4272726e-05,6.8466112e-06,3,3,3,3,0.017976579,-0.00027533512,1.1328258
370,0.00086213476,0.00086838757,0.00055591152,0.0055910955,3.7121054e-05,3.7914871e-05,2.4083905e-05,9.2724411e-06,3,3,3,3,0.024344683,-1.7431022e-06,1.132824
371,0.00085610416,0.00086424749,0.00055210177,0.0055679615,3.683785e-05,3.7724544e-05,2.3900263e-05,6.7507341e-06,3,3,3,3,0.017723572,-0.00010953956,1.1327145
372,0.00085027662,0.00086002828,0.00054822553,0.0055454678,3.6578501e-05,3.754628e-05,2.3711764e-05,6.7236201e-06,3,3,3,3,0.017651392,3.6677471e-05,1.1327512
373,0.00084463747,0.00085601073,0.00054437711,0.0055244056,3.6324417e-05,3.7378441e-05,2.3527773e-05,7.2636122e-06,3,3,3,3,0.019067902,2.2125753e-05,1.1327733
374,0.00083914558,0.00085210651,0.00054051827,0.0055040045,3.6076047e-05,3.722232e-05,2.3347864e-05,7.1666262e-06,3,3,3,3,0.018812031,9.0618157e-05,1.1328639
375,0.0008338284,0.00084843256,0.00053672654,0.0054843503,3.5839252e-05,3.7076099e-05,2.3170919e-05,6.7967585e-06,3,3,3,3,0.017839861,0.0002375373,1.1331015
376,0.00082863786,0.00084492792,0.0005331085,0.0054659233,3.5616447e-05,3.693374e-05,2.2999412e-05,6.7864684e-06,3,3,3,3,0.017811507,0.00029248024,1.1333939
377,0.0008235412,0.0008415616,0.00052964781,0.0054477595,3.5403144e-05,3.6788684e-05,2.2831106e-05,6.7948525e-06,3,3,3,3,0.017832137,0.00038575333,1.1337797
378,0.00081876247,0.00083819254,0.00052629406,0.0054303254,3.5198988e-05,3.664511e-05,2.2668746e-05,8.9621936e-06,3,3,3,3,0.023518147,3.4088391e-05,1.1338138
379,0.00081412931,0.00083478823,0.00052300231,0.0054127768,3.5004451e-05,3.6497685e-05,2.2510105e-05,6.7787924e-06,3,3,3,3,0.01778641,0.0003135823,1.1341274
380,0.00080945681,0.00083128406,0.00051990172,0.0053928258,3.4804199e-05,3.6343029e-05,2.2365455e-05,6.7804177e-06,3,3,3,3,0.017789087,0.00024814375,1.1343755
381,0.00080475004,0.00082766678,0.00051690278,0.0053699942,3.4596915e-05,3.6176511e-05,2.2227578e-05,6.8125074e-06,3,3,3,3,0.017871642,0.00019291121,1.1345684
382,0.00080002695,0.00082389496,0.00051394534,0.005346662,3.4385249e-05,3.5996796e-05,2.2098806e-05,7.4073792e-06,3,3,3,3,0.0194304,-4.4362723e-06,1.134564
383,0.0007953682,0.00081984023,0.00051106419,0.0053251821,3.416771e-05,3.5805037e-05,2.1974444e-05,6.8223314e-06,3,3,3,3,0.017894084,2.1654485e-05,1.1345856
384,0.00079079353,0.00081567379,0.00050828043,0.0053034027,3.3949117e-05,3.5613972e-05,2.1858072e-05,6.8091978e-06,3,3,3,3,0.017858,-8.6660706e-05,1.134499
385,0.00078613215,0.00081134761,0.00050562657,0.0052814951,3.3729641e-05,3.5426121e-05,2.1747647e-05,6.8186093e-06,3,3,3,3,0.017881048,-0.00020073438,1.1342982
386,0.00078133657,0.00080695259,0.00050301935,0.005258776,3.3508091e-05,3.5244729e-05,2.1642381e-05,9.5812959e-06,3,3,3,3,0.025123721,-6.9573193e-05,1.1342287
387,0.00077658032,0.00080257665,0.00050053034,0.0052392556,3.328513e-05,3.5062948e-05,2.1541783e-05,6.7946263e-06,3,3,3,3,0.017815911,-0.0003176759,1.133911
388,0.00077173769,0.00079822618,0.0004979585,0.0052206994,3.3066537e-05,3.4876501e-05,2.1434145e-05,6.8054812e-06,3,3,3,3,0.01784308,-0.00036182739,1.1335492
389,0.00076696286,0.00079419406,0.00049537856,0.0052029806,3.2842405e-05,3.469787e-05,2.132555e-05,7.6936181e-06,3,3,3,3,0.020170299,-0.00027123006,1.1332779
390,0.00076221789,0.00079040501,0.0004927011,0.0051840666,3.2619082e-05,3.4542107e-05,2.121792e-05,8.3048131e-06,3,3,3,3,0.021771446,-0.00011145687,1.1331665
391,0.00075741611,0.00078668739,0.00049006157,0.0051618868,3.2396637e-05,3.4395157e-05,2.1113622e-05,6.807789e-06,3,3,3,3,0.017846489,-0.00034085849,1.1328256
392,0.00075260213,0.00078307193,0.00048731439,0.0051396429,3.2177083e-05,3.4248069e-05,2.1000373e-05,7.3550271e-06,3,3,3,3,0.019280167,-0.00022026564,1.1326054
393,0.00074798845,0.00077962852,0.00048451746,0.0051164415,3.1958312e-05,3.4115083e-05,2.0882513e-05,8.0939169e-06,3,3,3,3,0.021216266,-8.9483032e-05,1.1325159
394,0.00074354458,0.00077638875,0.0004817125,0.005091731,3.1742222e-05,3.3996158e-05,2.0766493e-05,6.85502e-06,3,3,3,3,0.017968655,-0.00031511787,1.1322008
395,0.00073916023,0.00077323151,0.00047898993,0.0050647691,3.1532386e-05,3.388807e-05,2.0649398e-05,8.0968532e-06,3,3,3,3,0.021223228,-8.9670738e-05,1.1321111
396,0.00073499691,0.00077027072,0.00047623778,0.0050378606,3.1337285e-05,3.3779686e-05,2.0536975e-05,7.3845755e-06,3,3,3,3,0.019356325,-0.00022012993,1.131891
397,0.00073105815,0.00076737737,0.00047349273,0.0050109582,3.1159551e-05,3.3667854e-05,2.0427782e-05,8.112492e-06,3,3,3,3,0.021264095,-8.9113566e-05,1.1318018
398,0.0007273982,0.0007646527,0.00047093202,0.0049860926,3.0993636e-05,3.3549457e-05,2.03238e-05,7.2946298e-06,3,3,3,3,0.01912077,-0.00017554455,1.1316263
399,0.00072387609,0.00076189523,0.00046839448,0.0049627728,3.0824739e-05,3.3423753e-05,2.0218459e-05,8.0624982e-06,3,3,3,3,0.021133479,-2.7700181e-05,1.1315986
400,0.0007204337,0.00075923075,0.00046606083,0.0049417517,3.0652773e-05,3.3294791e-05,2.0114195e-05,7.2326615e-06,3,3,3,3,0.018958764,-0.00012137721,1.1314772
401,0.00071707067,0.00075653528,0.00046380439,0.0049215226,3.0476225e-05,3.3167966e-05,2.0007489e-05,8.1502972e-06,3,3,3,3,0.021364135,-5.365951e-06,1.1314718
402,0.00071383827,0.0007537745,0.00046173032,0.0049025415,3.030213e-05,3.3033447e-05,1.9908147e-05,7.3081462e-06,3,3,3,3,0.019157118,-9.7834182e-05,1.131374
403,0.00071058521,0.00075110839,0.00045960822,0.0048869352,3.0125825e-05,3.2894183e-05,1.9810433e-05,7.4150781e-06,3,3,3,3,0.019437445,-0.00012795259,1.1312461
404,0.00070723132,0.00074851239,0.00045759316,0.0048733239,2.9954121e-05,3.2753867e-05,1.971706e-05,9.1169221e-06,3,3,3,3,0.023898634,-9.0578419e-06,1.131237
405,0.00070388154,0.00074583628,0.00045560506,0.0048602199,2.9789912e-05,3.2596615e-05,1.9620102e-05,8.2586474e-06,3,3,3,3,0.021649819,2.2809154e-05,1.1312598
406,0.00070040441,0.0007430517,0.0004537908,0.0048481838,2.9617881e-05,3.2429e-05,1.9525788e-05,7.1629816e-06,3,3,3,3,0.018778264,-2.1763618e-05,1.131238
407,0.00069679223,0.00074017627,0.00045176272,0.0048316902,2.9436924e-05,3.2240942e-05,1.9414626e-05,7.156526e-06,3,3,3,3,0.018761475,1.2933531e-05,1.131251
408,0.00069309603,0.00073724371,0.00044973578,0.0048175556,2.9257696e-05,3.2049746e-05,1.9301916e-05,7.1884081e-06,3,3,3,3,0.018845283,-1.4895092e-05,1.1312361
409,0.00068926884,0.00073421651,0.00044770102,0.0048017055,2.9078566e-05,3.1851934e-05,1.9182098e-05,7.1747055e-06,3,3,3,3,0.018809639,-7.8879465e-05,1.1311572
410,0.00068536174,0.00073109069,0.00044562807,0.0047858522,2.8901165e-05,3.1653991e-05,1.9061809e-05,8.5685468e-06,3,3,3,3,0.022464145,2.4474096e-05,1.1311817
411,0.00068131404,0.00072779712,0.00044340879,0.0047696412,2.8716393e-05,3.1447772e-05,1.8938994e-05,7.8221213e-06,3,3,3,3,0.020508372,-7.7246664e-06,1.131174
412,0.00067705803,0.00072442782,0.00044119764,0.0047540127,2.8531615e-05,3.1242223e-05,1.8819601e-05,6.7791799e-06,3,3,3,3,0.017774789,-7.3722533e-05,1.1311002
413,0.00067267585,0.00072093321,0.00043882555,0.0047337225,2.8332216e-05,3.1039116e-05,1.8697794e-05,6.8454792e-06,3,3,3,3,0.017948947,-7.9631634e-05,1.1310206
414,0.00066799825,0.00071747227,0.00043633616,0.0047082743,2.8127127e-05,3.083961e-05,1.8572057e-05,7.1113738e-06,3,3,3,3,0.018646696,-0.00013450045,1.1308861
415,0.0006631121,0.00071376592,0.00043374053,0.0046795791,2.7909526e-05,3.0627254e-05,1.8439566e-05,7.3642827e-06,3,3,3,3,0.01931071,-3.7505904e-05,1.1308486
416,0.00065793771,0.00070985355,0.00043109504,0.0046507143,2.7676564e-05,3.0402207e-05,1.8314959e-05,7.0410004e-06,3,3,3,3,0.018464511,-0.00017855382,1.13067
417,0.00065245711,0.00070569975,0.00042831725,0.0046193625,2.7432843e-05,3.016825e-05,1.8187157e-05,7.6613047e-06,3,3,3,3,0.020092449,-6.4829326e-05,1.1306052
418,0.00064686363,0.00070099476,0.00042535416,0.0045849857,2.7174326e-05,2.9910603e-05,1.8052036e-05,6.8168657e-06,3,3,3,3,0.017879481,-0.00019638598,1.1304088
419,0.00064100694,0.00069604178,0.00042221336,0.0045484884,2.6910514e-05,2.9647534e-05,1.7914509e-05,7.5658574e-06,3,3,3,3,0.019845453,-8.7800898e-05,1.130321
420,0.00063521337,0.00069079403,0.00041901911,0.0045123128,2.6640783e-05,2.9378824e-05,1.7772035e-05,6.9458727e-06,3,3,3,3,0.018221269,-0.00022986521,1.1300912
421,0.00062934132,0.00068534134,0.00041562251,0.0044737589,2.6366868e-05,2.9112792e-05,1.7618142e-05,7.1032709e-06,3,3,3,3,0.01863597,-0.00026015032,1.129831
422,0.00062347506,0.00067983721,0.00041224162,0.0044333887,2.6095238e-05,2.8839199e-05,1.7463818e-05,8.2856495e-06,3,3,3,3,0.021740466,-0.00014059946,1.1296904
423,0.00061758431,0.00067401898,0.00040876131,0.0043909235,2.5837641e-05,2.8555464e-05,1.7305981e-05,7.5554791e-06,3,3,3,3,0.019827824,-0.00011994917,1.1295705
424,0.00061166289,0.00066806999,0.00040521292,0.0043499746,2.5579707e-05,2.8265771e-05,1.7146062e-05,7.0767478e-06,3,3,3,3,0.018574528,-0.00029638673,1.1292741
425,0.00060586097,0.00066194216,0.0004013765,0.0043082178,2.5318708e-05,2.7971278e-05,1.6970189e-05,6.9975948e-06,3,3,3,3,0.018369459,-0.00032802801,1.128946
426,0.00060028599,0.00065574785,0.00039760609,0.0042720336,2.507224e-05,2.7673859e-05,1.6798983e-05,7.7151908e-06,3,3,3,3,0.020256386,-0.0001529927,1.1287931
427,0.00059462834,0.00064934335,0.00039360505,0.0042343872,2.48345e-05,2.7358205e-05,1.6623788e-05,7.496569e-06,3,3,3,3,0.01968625,-0.00015504985,1.128638
428,0.00058901666,0.00064266675,0.00038951321,0.0041966348,2.4597989e-05,2.704185e-05,1.6445112e-05,6.7624254e-06,3,3,3,3,0.017761974,-0.00032193975,1.1283161
429,0.0005833372,0.0006358181,0.00038521162,0.0041565327,2.4367199e-05,2.6722914e-05,1.625681e-05,7.5277526e-06,3,3,3,3,0.019775728,-0.00014116513,1.1281749
430,0.00057775834,0.00062880518,0.00038090813,0.004116463,2.4139157e-05,2.6394331e-05,1.6076216e-05,7.0222821e-06,3,3,3,3,0.018451613,-0.00014151428,1.1280334
431,0.00057220552,0.00062139904,0.00037640262,0.0040734701,2.391364e-05,2.6058246e-05,1.5889408e-05,6.7930142e-06,3,3,3,3,0.017852917,-0.00029112529,1.1277423
432,0.00056678764,0.00061410725,0.00037187001,0.0040304355,2.3702626e-05,2.5727528e-05,1.5706653e-05,7.1285653e-06,3,3,3,3,0.018738301,-0.00010927451,1.127633
433,0.0005615478,0.00060666274,0.00036733292,0.0039842876,2.3509994e-05,2.5377958e-05,1.5528843e-05,7.1480179e-06,3,3,3,3,0.018793472,-9.0753695e-05,1.1275422
434,0.00055632259,0.00059907158,0.00036277514,0.0039364722,2.3324682e-05,2.5025843e-05,1.5358519e-05,6.3171432e-06,3,3,3,3,0.016612477,-0.00024930045,1.1272929
435,0.00055105181,0.00059137256,0.00035819878,0.0038848627,2.3132484e-05,2.4680388e-05,1.519043e-05,6.8965656e-06,3,3,3,3,0.018139692,-6.2853697e-05,1.1272301
436,0.00054588557,0.00058376685,0.00035377453,0.0038313747,2.2937892e-05,2.4335783e-05,1.5027827e-05,6.5883804e-06,3,3,3,3,0.017332831,-5.352989e-05,1.1271765
437,0.00054070266,0.00057616675,0.0003495237,0.0037773261,2.2726686e-05,2.4002862e-05,1.4868639e-05,6.0171785e-06,3,3,3,3,0.0158334,-4.8826012e-05,1.1271277
438,0.00053533561,0.00056853415,0.00034539331,0.0037225675,2.2495927e-05,2.3680474e-05,1.4715252e-05,5.7528e-06,3,3,3,3,0.015140707,-0.00013443183,1.1269933
439,0.00052987505,0.00056096743,0.00034137188,0.0036667447,2.2244925e-05,2.3364825e-05,1.4561676e-05,5.6689565e-06,3,3,3,3,0.014922541,-2.977481e-05,1.1269635
440,0.00052440477,0.0005532936,0.00033751523,0.0036117,2.1978828e-05,2.3051177e-05,1.4413864e-05,5.5547162e-06,3,3,3,3,0.014624406,-2.3154826e-05,1.1269404
441,0.00051872613,0.00054582792,0.00033374948,0.0035582653,2.170295e-05,2.2740648e-05,1.4267724e-05,5.3376992e-06,3,3,3,3,0.014055416,-1.8363323e-05,1.126922
442,0.00051280795,0.00053839559,0.00032997733,0.0035052956,2.1425428e-05,2.2435477e-05,1.4125643e-05,5.2512904e-06,3,3,3,3,0.013830082,-0.00010765354,1.1268143
443,0.00050659554,0.00053104159,0.00032622926,0.0034526108,2.1140351e-05,2.2136306e-05,1.3985528e-05,5.5966163e-06,3,3,3,3,0.014741561,-1.4893547e-05,1.1267995
444,0.00050013844,0.00052371784,0.0003225793,0.0034000531,2.0849063e-05,2.1846582e-05,1.3847821e-05,5.4879296e-06,3,3,3,3,0.014457414,-1.8271098e-05,1.1267812
445,0.00049348414,0.00051650694,0.00031906177,0.0033489378,2.0547602e-05,2.1569202e-05,1.3711069e-05,5.0715271e-06,3,3,3,3,0.013362323,-1.1860162e-05,1.1267693
446,0.00048660649,0.00050939674,0.00031558329,0.0032989923,2.0232479e-05,2.1298492e-05,1.3573943e-05,4.7531085e-06,3,3,3,3,0.012524965,-9.7743499e-05,1.1266716
447,0.00047959071,0.00050250502,0.00031202819,0.0032488303,1.9907909e-05,2.1031029e-05,1.3426148e-05,4.746554e-06,3,3,3,3,0.01250898,-2.3654528e-05,1.1266479
448,0.00047257334,0.00049573151,0.00030854714,0.0031995645,1.9582407e-05,2.0764694e-05,1.3278733e-05,4.7041278e-06,3,3,3,3,0.012398498,-0.00012946574,1.1265185
449,0.00046543677,0.00048905295,0.00030505865,0.003149467,1.9257583e-05,2.0507406e-05,1.3129254e-05,5.0748747e-06,3,3,3,3,0.013376833,-3.993347e-05,1.1264785
450,0.00045828444,0.00048239526,0.00030166794,0.0030992995,1.8938234e-05,2.0250019e-05,1.298173e-05,4.845121e-06,3,3,3,3,0.012772521,-4.9958777e-05,1.1264286
451,0.00045118311,0.0004759013,0.00029836347,0.003050011,1.8629752e-05,1.999548e-05,1.2837722e-05,4.3042225e-06,3,3,3,3,0.011347708,-0.00014038988,1.1262882
452,0.00044409336,0.00046954732,0.00029500151,0.0030008436,1.8329126e-05,1.974553e-05,1.2691508e-05,4.5429216e-06,3,3,3,3,0.011977888,-6.3951737e-05,1.1262242
453,0.000437137,0.0004632863,0.00029175549,0.0029526115,1.8043788e-05,1.9496138e-05,1.255152e-05,4.1115614e-06,3,3,3,3,0.010841452,-0.00014294664,1.1260813
454,0.00043040483,0.00045698201,0.00028851839,0.0029046911,1.776831e-05,1.9250333e-05,1.2412344e-05,4.4985303e-06,3,3,3,3,0.011862598,-7.1165639e-05,1.1260101
455,0.0004238775,0.00045067904,0.00028529978,0.0028568557,1.750508e-05,1.9004389e-05,1.2274573e-05,4.1661544e-06,3,3,3,3,0.010986984,-7.6810955e-05,1.1259333
456,0.00041763382,0.00044448663,0.00028212272,0.0028104494,1.7256703e-05,1.8767263e-05,1.2138652e-05,3.8326472e-06,3,3,3,3,0.010108206,-0.00014688043,1.1257864
457,0.00041167831,0.00043838615,0.00027886202,0.0027651921,1.7023977e-05,1.8530422e-05,1.1998135e-05,3.7968014e-06,3,3,3,3,0.010014258,-0.00016353932,1.1256229
458,0.00040598857,0.00043242803,0.00027570639,0.0027224253,1.6810443e-05,1.8302981e-05,1.1859125e-05,4.1666295e-06,3,3,3,3,0.010990309,-8.1631357e-05,1.1255412
459,0.00040055349,0.00042659383,0.00027258793,0.0026812844,1.6619006e-05,1.8076812e-05,1.1718758e-05,3.9706125e-06,3,3,3,3,0.010474,-9.084886e-05,1.1254504
460,0.00039541524,0.00042117939,0.00026952853,0.0026428817,1.6441213e-05,1.7865057e-05,1.1584826e-05,3.5191495e-06,3,3,3,3,0.0092837155,-0.00016678811,1.1252836
461,0.00039042205,0.00041587474,0.00026639838,0.0026052547,1.6270648e-05,1.7663381e-05,1.1451556e-05,3.4434538e-06,3,3,3,3,0.009084478,-0.0001651595,1.1251185
462,0.00038562906,0.00041081175,0.00026338743,0.0025700898,1.6106564e-05,1.7476169e-05,1.1324245e-05,3.9311742e-06,3,3,3,3,0.010371669,-7.075189e-05,1.1250477
463,0.00038102778,0.00040595329,0.000260487,0.0025364866,1.5948471e-05,1.7289938e-05,1.1199896e-05,3.3134783e-06,3,3,3,3,0.0087425051,-0.00014845753,1.1248992
464,0.00037654633,0.00040144482,0.00025766242,0.0025051279,1.5797168e-05,1.7117027e-05,1.107976e-05,3.771038e-06,3,3,3,3,0.0099501836,-6.009805e-05,1.1248391
465,0.00037224754,0.00039713281,0.00025497489,0.0024762767,1.565061e-05,1.6954813e-05,1.0966583e-05,2.9261458e-06,3,3,3,3,0.0077212688,-0.00020506691,1.1246341
466,0.00036802697,0.00039300794,0.00025233136,0.0024486504,1.5508751e-05,1.6800259e-05,1.0853291e-05,3.2755586e-06,3,3,3,3,0.0086435796,-0.00012985957,1.1245042
467,0.00036397598,0.00038918674,0.00024979974,0.0024221321,1.5376723e-05,1.6654539e-05,1.0745082e-05,3.2701589e-06,3,3,3,3,0.0086296207,-0.00012605921,1.1243782
468,0.00036008183,0.00038561292,0.00024744149,0.0023975865,1.5248625e-05,1.6519906e-05,1.0646522e-05,3.7661175e-06,3,3,3,3,0.0099387126,-2.0304559e-05,1.1243579
469,0.00035632843,0.0003820795,0.00024519543,0.0023737439,1.5119827e-05,1.6386477e-05,1.0552721e-05,2.7954927e-06,3,3,3,3,0.0073775601,-0.00016668767,1.1241912
470,0.0003526762,0.00037876732,0.00024297245,0.0023520234,1.4989328e-05,1.6262188e-05,1.0461844e-05,2.774267e-06,3,3,3,3,0.0073217012,-0.00014744373,1.1240437
471,0.00034919193,0.00037570443,0.00024082325,0.0023313754,1.4857883e-05,1.6145423e-05,1.0375386e-05,2.7556625e-06,3,3,3,3,0.0072727272,-0.00014597802,1.1238977
472,0.00034583379,0.00037281404,0.00023874384,0.002311674,1.4726629e-05,1.6034252e-05,1.0292736e-05,3.0227378e-06,3,3,3,3,0.0079776998,-6.5948144e-05,1.1238318
473,0.0003426095,0.00037007559,0.00023673347,0.0022933762,1.4599621e-05,1.5939258e-05,1.0212879e-05,2.7027574e-06,3,3,3,3,0.007133279,-0.00012814333,1.1237037
474,0.00033939926,0.0003673434,0.0002347459,0.0022759557,1.4474593e-05,1.5844587e-05,1.0135421e-05,2.6891395e-06,3,3,3,3,0.0070973839,-0.00010613227,1.1235975
475,0.00033623351,0.00036474414,0.00023283502,0.0022589033,1.435101e-05,1.5751882e-05,1.0060269e-05,2.6873065e-06,3,3,3,3,0.0070925679,-6.9530512e-05,1.123528
476,0.00033314173,0.00036229925,0.00023100064,0.0022424566,1.4230644e-05,1.5662421e-05,9.9898515e-06,2.6738279e-06,3,3,3,3,0.0070569888,-3.8768916e-05,1.1234892
477,0.00033013643,0.0003599268,0.000229227,0.0022270835,1.4114074e-05,1.557621e-05,9.9228118e-06,2.6691453e-06,3,3,3,3,0.007044608,3.7093729e-06,1.1234929
478,0.00032721027,0.00035755882,0.00022755538,0.0022125179,1.4003683e-05,1.5490802e-05,9.859578e-06,2.6721514e-06,3,3,3,3,0.0070525004,6.0366956e-05,1.1235533
479,0.00032437624,0.00035516146,0.00022601703,0.0021985763,1.3898744e-05,1.5402426e-05,9.8010464e-06,2.929209e-06,3,3,3,3,0.0077308734,7.20617e-05,1.1236254
480,0.00032162527,0.00035277823,0.00022463412,0.0021853662,1.3793559e-05,1.5312239e-05,9.7472649e-06,3.002328e-06,3,3,3,3,0.0079237607,0.00011215639,1.1237375
481,0.00031893566,0.00035032763,0.00022332337,0.0021715194,1.3686554e-05,1.5220194e-05,9.6985898e-06,3.8897975e-06,3,3,3,3,0.010265834,4.2330401e-05,1.1237798
482,0.00031625614,0.00034780342,0.00022178838,0.0021566143,1.3580406e-05,1.5121304e-05,9.6385034e-06,3.7639116e-06,3,3,3,3,0.0099332909,4.9558162e-05,1.1238294
483,0.0003136794,0.00034528411,0.00022043132,0.0021431198,1.3476979e-05,1.5021888e-05,9.585995e-06,2.710771e-06,3,3,3,3,0.0071537674,0.00017073365,1.1240001
484,0.00031119458,0.00034275736,0.00021921402,0.0021293323,1.3375352e-05,1.4919081e-05,9.5404441e-06,2.7302198e-06,3,3,3,3,0.0072050317,0.00017723651,1.1241774
485,0.0003088544,0.00034021111,0.00021806749,0.0021159361,1.327923e-05,1.4812883e-05,9.4972145e-06,3.361777e-06,3,3,3,3,0.0088716544,6.0011157e-05,1.1242374
486,0.00030659404,0.00033765559,0.00021696902,0.0021031375,1.3185163e-05,1.4706402e-05,9.454669e-06,2.938043e-06,3,3,3,3,0.0077533166,0.00013484552,1.1243722
487,0.00030437939,0.00033502131,0.00021592752,0.0020899352,1.308626e-05,1.4594452e-05,9.4146975e-06,2.9511197e-06,3,3,3,3,0.007787824,0.00013833239,1.1245106
488,0.00030222742,0.00033246273,0.00021494201,0.0020773966,1.2990139e-05,1.4481235e-05,9.3787481e-06,2.7571473e-06,3,3,3,3,0.0072759778,0.00020682925,1.1247174
489,0.00030023105,0.0003299231,0.00021400555,0.0020652807,1.2896676e-05,1.4367656e-05,9.3463153e-06,3.7029843e-06,3,3,3,3,0.0097720984,4.8517096e-05,1.1247659
490,0.00029838251,0.00032733802,0.00021302964,0.0020538543,1.2810433e-05,1.4258568e-05,9.3115362e-06,3.3557791e-06,3,3,3,3,0.0088558268,6.2792486e-05,1.1248287
491,0.00029657762,0.00032479941,0.00021215921,0.0020437454,1.2732302e-05,1.4153595e-05,9.2812181e-06,2.6795259e-06,3,3,3,3,0.0070712629,0.00012613494,1.1249548
492,0.00029477234,0.00032215334,0.00021130223,0.0020329797,1.2654395e-05,1.4045444e-05,9.2506216e-06,2.6753412e-06,3,3,3,3,0.0070603833,7.9586993e-05,1.1250344
493,0.00029303748,0.00031951894,0.00021048088,0.0020232595,1.2576532e-05,1.3934001e-05,9.2159741e-06,2.6826442e-06,3,3,3,3,0.0070798531,3.5059681e-05,1.1250695
494,0.00029143352,0.00031686714,0.00020964339,0.0020143227,1.2498963e-05,1.3820212e-05,9.1796139e-06,2.7553265e-06,3,3,3,3,0.0072719045,1.8080541e-05,1.1250876
495,0.00028987708,0.00031425541,0.00020877978,0.0020057789,1.2421459e-05,1.3707903e-05,9.142399e-06,2.6934657e-06,3,3,3,3,0.0071088974,-1.6861336e-06,1.1250859
496,0.00028831472,0.00031165517,0.00020788534,0.0019974695,1.2342592e-05,1.3594625e-05,9.1055315e-06,2.6903112e-06,3,3,3,3,0.0071008562,-8.2843475e-06,1.1250776
497,0.0002867039,0.00030898452,0.00020693126,0.0019895153,1.2264787e-05,1.3477794e-05,9.0661397e-06,2.7094022e-06,3,3,3,3,0.0071515562,-1.0563764e-05,1.125067
498,0.00028505433,0.00030631855,0.0002059503,0.0019812702,1.2188093e-05,1.3358888e-05,9.0219413e-06,2.7153527e-06,3,3,3,3,0.007167599,-1.0865203e-05,1.1250562
499,0.00028335223,0.00030369779,0.00020498706,0.0019730622,1.2112474e-05,1.3238028e-05,8.9772165e-06,2.7045989e-06,3,3,3,3,0.0071395656,-1.4459703e-05,1.1250417
500,0.00028161844,0.00030105957,0.00020399614,0.0019644542,1.2038447e-05,1.3120438e-05,8.9300452e-06,2.7068763e-06,3,3,3,3,0.0071459416,-2.4023816e-05,1.1250177
501,0.00027985698,0.00029838073,0.00020294463,0.0019555208,1.1962769e-05,1.300368e-05,8.8800008e-06,2.7188921e-06,3,3,3,3,0.0071780411,-4.0304882e-05,1.1249774
502,0.00027804802,0.00029569586,0.00020182653,0.0019461565,1.1887618e-05,1.2885195e-05,8.8290439e-06,2.7362996e-06,3,3,3,3,0.0072243857,-6.0930806e-05,1.1249164
503,0.00027623053,0.00029297535,0.00020068422,0.0019361709,1.1815433e-05,1.2765372e-05,8.7751767e-06,2.6805897e-06,3,3,3,3,0.0070776916,-9.1207097e-05,1.1248252
504,0.00027438325,0.00029031235,0.00019952795,0.0019259966,1.1745409e-05,1.2646772e-05,8.7208951e-06,3.1500523e-06,3,3,3,3,0.0083177087,-2.7548936e-05,1.1247977
505,0.00027253565,0.00028751755,0.00019830539,0.0019152235,1.1676014e-05,1.2520415e-05,8.6626302e-06,3.0073177e-06,3,3,3,3,0.007941371,-9.3034374e-06,1.1247884
506,0.00027069295,0.00028477798,0.000197148,0.001904284,1.1603374e-05,1.2393248e-05,8.6097087e-06,2.6739994e-06,3,3,3,3,0.0070616523,-4.2963282e-05,1.1247454
507,0.00026881005,0.00028198899,0.00019586898,0.0018923008,1.1525205e-05,1.2264168e-05,8.551505e-06,2.7045703e-06,3,3,3,3,0.0071427807,-2.3357405e-05,1.1247221
508,0.00026687698,0.00027918426,0.00019458526,0.0018799126,1.1446307e-05,1.2134429e-05,8.4943934e-06,2.6548988e-06,3,3,3,3,0.0070119779,-2.9648626e-05,1.1246924
509,0.00026491159,0.00027636322,0.00019328914,0.001867265,1.136554e-05,1.2006895e-05,8.4378637e-06,2.7280745e-06,3,3,3,3,0.0072056418,-1.9882384e-05,1.1246725
510,0.00026291961,0.00027364772,0.00019199106,0.0018539827,1.128556e-05,1.1881e-05,8.3847286e-06,2.7171316e-06,3,3,3,3,0.0071771282,-3.5887796e-05,1.1246366
511,0.00026087903,0.00027101562,0.00019073623,0.0018401192,1.1203542e-05,1.1759048e-05,8.3336797e-06,2.8986466e-06,3,3,3,3,0.0076569991,-2.9847188e-06,1.1246337
512,0.00025879578,0.00026825154,0.00018944142,0.0018249701,1.1117794e-05,1.1632571e-05,8.2802996e-06,2.6081457e-06,3,3,3,3,0.0068900554,-4.8966567e-05,1.1245847
513,0.00025666038,0.00026555221,0.00018818511,0.001809606,1.1027001e-05,1.1509333e-05,8.2267431e-06,2.999885e-06,3,3,3,3,0.0079253484,-7.8555634e-07,1.1245839
514,0.00025451782,0.00026281554,0.00018694849,0.0017939486,1.0933845e-05,1.1382004e-05,8.1744797e-06,2.5474563e-06,3,3,3,3,0.0067305117,-3.8014853e-05,1.1245459
515,0.00025225886,0.00026013788,0.00018564854,0.0017775469,1.0838909e-05,1.1261388e-05,8.1216257e-06,2.5349153e-06,3,3,3,3,0.0066977217,-3.8124348e-05,1.1245078
516,0.00024998972,0.00025745093,0.00018429698,0.0017607605,1.0741527e-05,1.1142765e-05,8.069249e-06,2.7394494e-06,3,3,3,3,0.0072385057,-3.439094e-06,1.1245043
517,0.00024770682,0.00025474322,0.00018299265,0.0017440964,1.0640715e-05,1.1023576e-05,8.0215043e-06,2.5223181e-06,3,3,3,3,0.0066651751,-3.6491299e-05,1.1244678
518,0.00024539597,0.00025205588,0.00018162963,0.0017269817,1.0538054e-05,1.0909491e-05,7.970247e-06,2.4125438e-06,3,3,3,3,0.0063754156,-5.5120306e-05,1.1244127
519,0.00024307909,0.00024947256,0.00018031614,0.0017101312,1.0437351e-05,1.0803921e-05,7.9227176e-06,2.7493152e-06,3,3,3,3,0.0072657319,1.1160148e-05,1.1244239
520,0.00024074178,0.00024685683,0.00017895404,0.0016925212,1.0336387e-05,1.069571e-05,7.8740294e-06,2.3979883e-06,3,3,3,3,0.0063376324,-4.4600621e-05,1.1243793
521,0.00023844633,0.00024436344,0.00017758224,0.0016753576,1.0239028e-05,1.0596544e-05,7.8213462e-06,2.6439939e-06,3,3,3,3,0.0069881252,-5.248573e-06,1.124374
522,0.00023621501,0.00024192285,0.00017629239,0.0016582326,1.0143966e-05,1.0501103e-05,7.7714417e-06,2.3272222e-06,3,3,3,3,0.0061512328,-3.7938398e-05,1.1243361
523,0.00023400164,0.00023951222,0.00017493048,0.0016410015,1.004809e-05,1.0410628e-05,7.7160668e-06,2.3296766e-06,3,3,3,3,0.0061579918,-4.6115976e-05,1.12429
524,0.00023187521,0.00023722659,0.00017361161,0.0016246457,9.9552931e-06,1.0323622e-05,7.6608888e-06,2.6684346e-06,3,3,3,3,0.0070537192,-4.6158097e-06,1.1242854
525,0.00022982879,0.00023495556,0.00017226227,0.001608493,9.8658709e-06,1.0235865e-05,7.6052186e-06,2.4551764e-06,3,3,3,3,0.0064903232,9.4863153e-06,1.1242948
526,0.00022788716,0.00023281495,0.00017093071,0.0015933752,9.7789001e-06,1.0153108e-05,7.5517772e-06,2.2365874e-06,3,3,3,3,0.0059127469,-2.6208904e-05,1.1242686
527,0.00022596809,0.00023071909,0.00016946929,0.0015784668,9.695425e-06,1.0070968e-05,7.4883283e-06,2.1711766e-06,3,3,3,3,0.0057400242,-3.561558e-05,1.124233
528,0.00022413146,0.0002287115,0.000168091,0.0015645158,9.6174827e-06,9.9930727e-06,7.4262672e-06,2.239424e-06,3,3,3,3,0.0059206512,-3.8305369e-05,1.1241947
529,0.00022235765,0.00022678402,0.00016675938,0.0015513661,9.5423457e-06,9.9210697e-06,7.3659878e-06,2.3707155e-06,3,3,3,3,0.0062679646,-1.6687338e-05,1.124178
530,0.00022059176,0.000224802,0.00016538199,0.0015385979,9.4690393e-06,9.8454526e-06,7.303753e-06,2.4145867e-06,3,3,3,3,0.0063842405,1.3708034e-05,1.1241917
531,0.00021888887,0.00022299731,0.00016411323,0.0015273907,9.4001372e-06,9.7805801e-06,7.2473335e-06,2.1291867e-06,3,3,3,3,0.005629839,-2.0254971e-05,1.1241715
532,0.00021719743,0.00022129185,0.00016270015,0.0015160695,9.3351443e-06,9.715047e-06,7.1825632e-06,2.1514889e-06,3,3,3,3,0.00568896,-1.920466e-05,1.1241523
533,0.00021555904,0.00021970395,0.00016137147,0.0015057189,9.2747498e-06,9.650626e-06,7.1192442e-06,2.1290958e-06,3,3,3,3,0.0056298891,-3.5558672e-05,1.1241167
534,0.00021393299,0.00021818656,0.00016008066,0.0014962882,9.2168376e-06,9.5880406e-06,7.0574779e-06,2.5156418e-06,3,3,3,3,0.0066521824,1.6858194e-05,1.1241336
535,0.00021227973,0.00021661075,0.00015873593,0.0014865644,9.1569116e-06,9.5220359e-06,6.9930211e-06,2.3832019e-06,3,3,3,3,0.0063021714,1.6105777e-05,1.1241497
536,0.00021067298,0.00021513635,0.00015745944,0.0014774431,9.0959382e-06,9.4607994e-06,6.9318393e-06,2.1263757e-06,3,3,3,3,0.0056231809,-1.7237477e-05,1.1241324
537,0.00020904965,0.00021366458,0.00015607875,0.0014675666,9.032309e-06,9.4002817e-06,6.8645955e-06,2.0874711e-06,3,3,3,3,0.0055204113,-1.5384275e-05,1.1241171
538,0.00020745176,0.00021226028,0.0001547193,0.0014580148,8.9694703e-06,9.3400841e-06,6.8005952e-06,2.0691769e-06,3,3,3,3,0.0054721339,-2.0525803e-05,1.1240965
539,0.00020588083,0.00021088495,0.000153338,0.0014484216,8.9074134e-06,9.2788811e-06,6.7387213e-06,2.4109904e-06,3,3,3,3,0.006376205,9.2742259e-06,1.1241058
540,0.00020431412,0.0002094327,0.00015192149,0.0014380413,8.8437212e-06,9.2115345e-06,6.6761249e-06,2.2431045e-06,3,3,3,3,0.0059323509,8.7298017e-06,1.1241145
541,0.00020275196,0.00020807028,0.00015054995,0.0014279078,8.7775063e-06,9.1463499e-06,6.6171355e-06,1.9071147e-06,3,3,3,3,0.0050438659,-4.1489358e-05,1.1240731
542,0.00020114861,0.00020664454,0.00014905963,0.0014165616,8.7072517e-06,9.0809411e-06,6.5515135e-06,2.0397817e-06,3,3,3,3,0.0053948123,-6.7093726e-06,1.1240663
543,0.00019959781,0.00020519443,0.00014751813,0.0014048568,8.6369644e-06,9.0169371e-06,6.4818232e-06,2.0296242e-06,3,3,3,3,0.0053680228,-8.5648827e-06,1.1240578
544,0.00019805602,0.0002038296,0.00014599145,0.0013933096,8.5661612e-06,8.9592857e-06,6.4141233e-06,1.8672231e-06,3,3,3,3,0.0049385639,-4.8763012e-05,1.124009
545,0.00019649882,0.00020245666,0.00014446117,0.0013808803,8.4930392e-06,8.9010099e-06,6.3468433e-06,1.8409285e-06,3,3,3,3,0.0048690767,-6.4490182e-05,1.1239445
546,0.00019496961,0.00020113039,0.00014292632,0.0013682556,8.4180438e-06,8.8428215e-06,6.2796307e-06,2.2047e-06,3,3,3,3,0.0058312858,-3.2284845e-06,1.1239413
547,0.00019346684,0.00019978064,0.00014136928,0.0013554138,8.3415793e-06,8.7833672e-06,6.210922e-06,1.7854613e-06,3,3,3,3,0.0047225148,-6.6910814e-05,1.1238744
548,0.00019194666,0.00019843277,0.00013979445,0.0013420255,8.2664061e-06,8.7260872e-06,6.1419383e-06,1.7607547e-06,3,3,3,3,0.0046572184,-6.5403616e-05,1.123809
549,0.00019043612,0.00019712662,0.00013824727,0.0013285626,8.1931012e-06,8.6718109e-06,6.0728615e-06,1.7293317e-06,3,3,3,3,0.004574153,-6.8713882e-05,1.1237403
550,0.00018894271,0.00019582458,0.00013671826,0.001315081,8.121881e-06,8.6184141e-06,6.0028379e-06,1.6994753e-06,3,3,3,3,0.0044952287,-7.3239226e-05,1.123667
551,0.00018746882,0.00019451434,0.00013520425,0.0013016152,8.0503578e-06,8.5628971e-06,5.9331535e-06,1.6768243e-06,3,3,3,3,0.0044353612,-7.7739103e-05,1.1235893
552,0.00018599287,0.00019320371,0.00013369512,0.0012879381,7.9794943e-06,8.5057417e-06,5.8642487e-06,1.6525589e-06,3,3,3,3,0.0043712212,-8.0980261e-05,1.1235083
553,0.00018452016,0.00019187464,0.00013220494,0.0012741099,7.9087401e-06,8.4479898e-06,5.7946412e-06,1.6264424e-06,3,3,3,3,0.0043021828,-8.2349722e-05,1.123426
554,0.00018305476,0.00019051832,0.00013072306,0.0012602131,7.8380193e-06,8.390022e-06,5.7257021e-06,1.6059376e-06,3,3,3,3,0.004247986,-8.1510231e-05,1.1233444
555,0.00018160889,0.00018917755,0.00012923724,0.0012464759,7.768187e-06,8.3304544e-06,5.6564412e-06,1.5890122e-06,3,3,3,3,0.0042032555,-7.8423646e-05,1.123266
556,0.00018016653,0.00018783907,0.00012776591,0.0012326926,7.6986153e-06,8.2692361e-06,5.5884078e-06,2.0146246e-06,3,3,3,3,0.0053291369,-2.431946e-05,1.1232417
557,0.00017873534,0.00018654622,0.00012645562,0.0012194427,7.6292473e-06,8.2087525e-06,5.5283344e-06,1.5384727e-06,3,3,3,3,0.0040696733,-3.8177828e-05,1.1232035
558,0.00017724534,0.00018513822,0.00012503028,0.0012056174,7.556884e-06,8.1425336e-06,5.4624438e-06,1.5245438e-06,3,3,3,3,0.0040328682,-9.4782938e-06,1.123194
559,0.0001757185,0.00018368406,0.00012361155,0.0011920436,7.4811436e-06,8.0718115e-06,5.3973875e-06,1.5052014e-06,3,3,3,3,0.0039817419,2.2666686e-05,1.1232167
560,0.00017414041,0.00018218249,0.00012220104,0.001178816,7.4035767e-06,7.9980202e-06,5.3337067e-06,2.1661464e-06,3,3,3,3,0.0057302129,-3.1019388e-05,1.1231857
561,0.0001725451,0.00018057499,0.00012062464,0.0011661051,7.3238175e-06,7.9146855e-06,5.2619595e-06,1.9873474e-06,3,3,3,3,0.0052572285,-2.970896e-05,1.123156
562,0.00017088305,0.00017906056,0.00011926464,0.0011540848,7.2423121e-06,7.8372344e-06,5.2023261e-06,1.455673e-06,3,3,3,3,0.0038507735,-6.4556415e-06,1.1231495
563,0.00016908223,0.00017741388,0.00011786943,0.0011413472,7.155023e-06,7.7512982e-06,5.1398934e-06,1.4366429e-06,3,3,3,3,0.003800473,-3.8184123e-05,1.1231113
564,0.00016725565,0.00017573151,0.00011648638,0.001128889,7.0661056e-06,7.6629567e-06,5.0778936e-06,1.4276208e-06,3,3,3,3,0.0037766474,-6.8806055e-05,1.1230425
565,0.00016536329,0.0001739674,0.00011511258,0.0011166499,6.9747906e-06,7.5716778e-06,5.016495e-06,1.4234083e-06,3,3,3,3,0.0037655457,-9.9805675e-05,1.1229427
566,0.00016338535,0.00017213471,0.00011376176,0.001104634,6.8830965e-06,7.4784831e-06,4.9555052e-06,1.9788386e-06,3,3,3,3,0.0052349649,-4.6028917e-05,1.1228967
567,0.00016133768,0.00017024862,0.00011246296,0.0010934781,6.789327e-06,7.3829024e-06,4.8967185e-06,1.3888274e-06,3,3,3,3,0.0036741809,-0.00011766071,1.122779
568,0.00015921497,0.00016832529,0.00011117124,0.001081947,6.6943181e-06,7.2889027e-06,4.8400389e-06,1.4956856e-06,3,3,3,3,0.0039569261,-8.0001687e-05,1.122699
569,0.00015706208,0.0001663564,0.00010984605,0.0010702086,6.5969339e-06,7.1949683e-06,4.7814942e-06,1.3594597e-06,3,3,3,3,0.0035965806,-0.00010750779,1.1225915
570,0.0001548798,0.00016433859,0.00010855475,0.0010584408,6.4977777e-06,7.0983366e-06,4.7241006e-06,1.4993355e-06,3,3,3,3,0.0039666869,-6.66888e-05,1.1225248
571,0.00015266572,0.00016229017,0.0001072174,0.0010468084,6.3973326e-06,7.0004419e-06,4.6641856e-06,1.3376873e-06,3,3,3,3,0.0035390734,-9.9869993e-05,1.122425
572,0.00015042795,0.00016021777,0.00010592132,0.0010352183,6.2966793e-06,6.9016023e-06,4.6062018e-06,1.4673587e-06,3,3,3,3,0.0038821923,-6.6344692e-05,1.1223586
573,0.00014817864,0.00015815625,0.00010463124,0.0010236983,6.1967699e-06,6.8038228e-06,4.5488202e-06,1.4345014e-06,3,3,3,3,0.0037953161,-7.3000298e-05,1.1222856
574,0.00014592838,0.00015610286,0.00010335884,0.0010119545,6.0960899e-06,6.7061687e-06,4.4925168e-06,1.5782156e-06,3,3,3,3,0.0041756084,-3.7077698e-05,1.1222486
575,0.00014365823,0.00015395413,0.00010203484,0.00099994969,5.9927905e-06,6.6044306e-06,4.4332096e-06,1.3803588e-06,3,3,3,3,0.0036521966,-7.6456294e-05,1.1221721
576,0.00014141166,0.00015183613,0.00010073733,0.00098806359,5.8907993e-06,6.5065854e-06,4.3764104e-06,1.5492217e-06,3,3,3,3,0.004099044,-3.2341148e-05,1.1221398
577,0.00013920546,0.00014970828,9.9461232e-05,0.00097639556,5.7906547e-06,6.4096713e-06,4.3207206e-06,1.3687327e-06,3,3,3,3,0.0036215699,-6.9942352e-05,1.1220698
578,0.00013702519,0.00014756163,9.8138751e-05,0.00096429667,5.6925779e-06,6.314781e-06,4.2615132e-06,1.4105424e-06,3,3,3,3,0.003732257,-4.2008656e-05,1.1220278
579,0.00013490059,0.00014546601,9.6876307e-05,0.00095245146,5.5963037e-06,6.2243641e-06,4.2049359e-06,1.3002186e-06,3,3,3,3,0.0034404162,-7.4478987e-05,1.1219533
580,0.00013283304,0.00014339315,9.5571092e-05,0.00094061702,5.5013295e-06,6.134976e-06,4.145214e-06,1.3672989e-06,3,3,3,3,0.0036179758,-3.7528403e-05,1.1219158
581,0.00013078338,0.00014132797,9.428315e-05,0.00092884096,5.4083817e-06,6.0466485e-06,4.0866987e-06,1.2794237e-06,3,3,3,3,0.0033855268,-7.437653e-05,1.1218414
582,0.00012884009,0.00013935449,9.3056062e-05,0.00091730843,5.3202528e-06,5.96362e-06,4.031419e-06,1.448354e-06,3,3,3,3,0.0038326067,-2.9389513e-05,1.121812
583,0.0001269535,0.00013735821,9.1799178e-05,0.00090544791,5.2362043e-06,5.8779607e-06,3.9739187e-06,1.3917139e-06,3,3,3,3,0.0036828135,-2.8782019e-05,1.1217833
584,0.00012517787,0.00013543272,9.0614996e-05,0.00089408756,5.1557195e-06,5.7949613e-06,3.9198687e-06,1.2620906e-06,3,3,3,3,0.0033398749,-3.1030388e-05,1.1217522
585,0.0001234837,0.00013354075,8.9452308e-05,0.00088286983,5.0798345e-06,5.7148291e-06,3.866825e-06,1.1884029e-06,3,3,3,3,0.0031449415,-6.4861646e-05,1.1216874
586,0.00012190678,0.0001316681,8.8266987e-05,0.00087169603,5.0070718e-06,5.6346759e-06,3.8120023e-06,1.2213764e-06,3,3,3,3,0.0032322555,-6.5404428e-05,1.121622
587,0.00012043358,0.00012989159,8.7168266e-05,0.00086126325,4.938604e-06,5.5592317e-06,3.7616594e-06,1.2512377e-06,3,3,3,3,0.0033113368,-2.7235483e-05,1.1215947
588,0.00011899239,0.00012806582,8.6036027e-05,0.00085057753,4.8728969e-06,5.479442e-06,3.7090005e-06,1.3448525e-06,3,3,3,3,0.0035591754,-9.537953e-06,1.1215852
589,0.00011763254,0.00012633801,8.5012658e-05,0.00084048517,4.8134233e-06,5.4039929e-06,3.6620417e-06,1.207373e-06,3,3,3,3,0.0031954058,-1.384586e-05,1.1215713
590,0.00011631618,0.00012463129,8.4008226e-05,0.00083053708,4.7588053e-06,5.3282274e-06,3.6165093e-06,1.1127374e-06,3,3,3,3,0.0029450058,-4.4631599e-05,1.1215267
591,0.00011508819,0.00012294391,8.2990454e-05,0.00082066062,4.708821e-06,5.2535224e-06,3.5697346e-06,1.1796186e-06,3,3,3,3,0.003122066,-4.7549301e-06,1.1215219
592,0.00011392104,0.00012129399,8.203586e-05,0.00081143199,4.6640292e-06,5.181539e-06,3.52588e-06,1.1881859e-06,3,3,3,3,0.0031448034,9.0800192e-07,1.1215229
593,0.00011279914,0.00011968045,8.1088745e-05,0.00080239663,4.6209567e-06,5.1116816e-06,3.4826973e-06,1.1648326e-06,3,3,3,3,0.0030830558,3.6820369e-06,1.1215265
594,0.00011172144,0.00011809201,8.0152263e-05,0.00079364427,4.5799176e-06,5.0426128e-06,3.4409234e-06,1.1259463e-06,3,3,3,3,0.0029801908,7.3425527e-06,1.1215339
595,0.00011068338,0.00011652667,7.9217057e-05,0.00078502099,4.541074e-06,4.9749361e-06,3.3998522e-06,1.0878949e-06,3,3,3,3,0.0028795305,-1.1863991e-05,1.121522
596,0.00010970174,0.00011503864,7.8323874e-05,0.00077660451,4.503759e-06,4.910577e-06,3.36144e-06,1.270968e-06,3,3,3,3,0.0033641545,1.1497959e-05,1.1215335
597,0.00010872277,0.00011350785,7.7368842e-05,0.00076798374,4.4670476e-06,4.8438107e-06,3.320842e-06,1.2414758e-06,3,3,3,3,0.0032861577,2.0842194e-05,1.1215544
598,0.00010779554,0.0001120704,7.6468884e-05,0.00075972224,4.4326079e-06,4.7802642e-06,3.2828445e-06,1.1247641e-06,3,3,3,3,0.0029772834,2.3682262e-05,1.121578
599,0.0001068788,0.00011064925,7.5573921e-05,0.00075135634,4.3989435e-06,4.7195272e-06,3.2454486e-06,1.0936478e-06,3,3,3,3,0.0028949706,-5.8768247e-07,1.1215775
600,0.00010596847,0.00010923049,7.4625845e-05,0.0007428144,4.3664022e-06,4.659632e-06,3.2055865e-06,1.0568666e-06,3,3,3,3,0.0027976478,-2.500687e-06,1.121575
601,0.00010507522,0.0001079228,7.3758795e-05,0.00073481598,4.3354708e-06,4.605446e-06,3.1691191e-06,1.2493534e-06,3,3,3,3,0.0033072302,1.4215059e-05,1.1215892
602,0.00010416947,0.00010651631,7.2799286e-05,0.00072618186,4.3040562e-06,4.5446558e-06,3.1279487e-06,1.195076e-06,3,3,3,3,0.0031636127,2.2019702e-05,1.1216112
603,0.00010329939,0.00010519456,7.1917356e-05,0.00071810251,4.2738494e-06,4.4881364e-06,3.0914313e-06,1.0030114e-06,3,3,3,3,0.0026552288,8.2830603e-06,1.1216195
604,0.00010238785,0.00010383271,7.0976395e-05,0.00070956829,4.2424259e-06,4.4304571e-06,3.0517783e-06,1.0584228e-06,3,3,3,3,0.0028019572,2.1021494e-05,1.1216405
605,0.00010149239,0.00010253553,7.0110303e-05,0.00070130199,4.2118296e-06,4.3751576e-06,3.0151646e-06,8.9008673e-07,3,3,3,3,0.002356363,-6.1796713e-06,1.1216343
606,0.00010057859,0.00010123607,6.9204104e-05,0.00069283142,4.1811355e-06,4.3194429e-06,2.9765544e-06,1.016934e-06,3,3,3,3,0.0026922094,4.6868271e-06,1.121639
607,9.9686789e-05,9.9986971e-05,6.8329155e-05,0.0006847121,4.1512666e-06,4.267213e-06,2.9390287e-06,1.0587633e-06,3,3,3,3,0.0028029887,1.5764783e-05,1.1216548
608,9.8813003e-05,9.8689374e-05,6.7424711e-05,0.00067635697,4.1217643e-06,4.2130996e-06,2.9002891e-06,9.4604607e-07,3,3,3,3,0.0025046259,5.8918101e-06,1.1216607
609,9.7971182e-05,9.7452887e-05,6.6573092e-05,0.00066841217,4.0939587e-06,4.1613702e-06,2.8643931e-06,8.4059714e-07,3,3,3,3,0.0022254868,-9.8813972e-06,1.1216508
610,9.7141104e-05,9.6202339e-05,6.5719447e-05,0.00066055447,4.0670084e-06,4.1080601e-06,2.8278484e-06,1.1030061e-06,3,3,3,3,0.0029202588,1.727518e-05,1.121668
611,9.6358131e-05,9.4948746e-05,6.4878296e-05,0.00065305961,4.042094e-06,4.0530987e-06,2.7916374e-06,8.1776724e-07,3,3,3,3,0.0021651171,1.8147069e-07,1.1216682
612,9.5582556e-05,9.3699098e-05,6.4051164e-05,0.00064545245,4.0168907e-06,3.9993934e-06,2.7559933e-06,8.0612955e-07,3,3,3,3,0.0021343368,3.9812149e-06,1.1216722
613,9.4861351e-05,9.2464892e-05,6.3250047e-05,0.00063803999,3.9923383e-06,3.9456354e-06,2.7218559e-06,7.9749868e-07,3,3,3,3,0.002111517,5.1931704e-06,1.1216774
614,9.4183378e-05,9.1238871e-05,6.2477166e-05,0.00063102276,3.9677713e-06,3.8924729e-06,2.6892052e-06,7.8943205e-07,3,3,3,3,0.0020901905,5.7324386e-06,1.1216831
615,9.3539988e-05,9.0037541e-05,6.1743076e-05,0.0006242453,3.9431792e-06,3.8400779e-06,2.6573219e-06,7.8022034e-07,3,3,3,3,0.0020658318,6.8179964e-06,1.12169
616,9.2931106e-05,8.8875696e-05,6.1050243e-05,0.00061764097,3.9178811e-06,3.7882583e-06,2.627147e-06,7.7100285e-07,3,3,3,3,0.0020414573,9.234373e-06,1.1216992
617,9.2353833e-05,8.7735651e-05,6.0383927e-05,0.00061124568,3.8923207e-06,3.738143e-06,2.5975713e-06,7.6468876e-07,3,3,3,3,0.0020247699,1.3413524e-05,1.1217126
618,9.1786307e-05,8.6623434e-05,5.9742533e-05,0.00060509996,3.8652533e-06,3.6888788e-06,2.5690027e-06,7.6097344e-07,3,3,3,3,0.0020149636,1.9651934e-05,1.1217323
619,9.1208796e-05,8.5547369e-05,5.913148e-05,0.00059922464,3.8371466e-06,3.640173e-06,2.5406821e-06,8.3062147e-07,3,3,3,3,0.0021994171,8.1002302e-06,1.1217404
620,9.0615122e-05,8.4499693e-05,5.8555587e-05,0.00059368964,3.8077373e-06,3.5917585e-06,2.5132154e-06,8.2145697e-07,3,3,3,3,0.0021751841,1.2324617e-05,1.1217527
621,9.0017684e-05,8.350747e-05,5.8024633e-05,0.00058842213,3.7773176e-06,3.5450373e-06,2.4876653e-06,7.4915902e-07,3,3,3,3,0.0019837734,3.2164905e-05,1.1217848
622,8.9392949e-05,8.252117e-05,5.7485034e-05,0.00058316976,3.7456237e-06,3.4974299e-06,2.4620841e-06,7.4528167e-07,3,3,3,3,0.0019735377,3.8801036e-05,1.1218236
623,8.8745407e-05,8.1556934e-05,5.6964151e-05,0.0005780641,3.7120578e-06,3.4500034e-06,2.4375985e-06,8.0358718e-07,3,3,3,3,0.0021279674,2.7771755e-05,1.1218514
624,8.8077982e-05,8.0626142e-05,5.6481873e-05,0.00057317006,3.6766047e-06,3.4034446e-06,2.4151656e-06,9.2593828e-07,3,3,3,3,0.0024520024,1.5368917e-06,1.121853
625,8.7370179e-05,7.9637556e-05,5.5946062e-05,0.00056828536,3.6385892e-06,3.3541773e-06,2.3896088e-06,8.9748055e-07,3,3,3,3,0.002376673,-4.644589e-07,1.1218525
626,8.6644932e-05,7.8678888e-05,5.5458111e-05,0.00056373438,3.6004181e-06,3.3067448e-06,2.3662831e-06,7.2867249e-07,3,3,3,3,0.001929668,1.7964457e-05,1.1218705
627,8.586826e-05,7.7696247e-05,5.498087e-05,0.0005590011,3.5608848e-06,3.2591586e-06,2.3435314e-06,7.2665807e-07,3,3,3,3,0.001924365,5.9634244e-06,1.1218764
628,8.5070893e-05,7.6707533e-05,5.4518675e-05,0.0005542604,3.5212929e-06,3.2118534e-06,2.3210668e-06,7.2268775e-07,3,3,3,3,0.0019138822,-1.334082e-06,1.1218751
629,8.4248653e-05,7.5708311e-05,5.4063937e-05,0.00054962379,3.4815263e-06,3.1641299e-06,2.2987695e-06,7.1232845e-07,3,3,3,3,0.0018864788,-4.8157346e-06,1.1218703
630,8.3403221e-05,7.4710621e-05,5.3612276e-05,0.00054496929,3.441687e-06,3.1165204e-06,2.2768056e-06,7.0535697e-07,3,3,3,3,0.0018680459,-6.705533e-06,1.1218636
631,8.252778e-05,7.3705415e-05,5.3161752e-05,0.00054029759,3.4008187e-06,3.0694229e-06,2.2549093e-06,6.9930219e-07,3,3,3,3,0.0018520401,-8.7443434e-06,1.1218548
632,8.1606163e-05,7.2690072e-05,5.2707856e-05,0.00053555605,3.3589926e-06,3.0222247e-06,2.2333623e-06,6.9569218e-07,3,3,3,3,0.0018425084,-1.1541214e-05,1.1218433
633,8.0651861e-05,7.1666286e-05,5.225712e-05,0.00053065974,3.3165758e-06,2.9751257e-06,2.212034e-06,6.916937e-07,3,3,3,3,0.0018319472,-1.4912811e-05,1.1218284
634,7.967307e-05,7.0646629e-05,5.1823116e-05,0.00052567875,3.2746611e-06,2.929296e-06,2.1916614e-06,6.8420287e-07,3,3,3,3,0.0018121357,-1.9396667e-05,1.121809
635,7.8677145e-05,6.9636678e-05,5.1384051e-05,0.00052062762,3.232795e-06,2.8843607e-06,2.1716668e-06,6.7313923e-07,3,3,3,3,0.0017828606,-2.6578448e-05,1.1217824
636,7.7667565e-05,6.8640366e-05,5.0931636e-05,0.00051549955,3.1909872e-06,2.840126e-06,2.1516383e-06,6.6485208e-07,3,3,3,3,0.0017609381,-3.6885023e-05,1.1217455
637,7.6659023e-05,6.7653325e-05,5.0471672e-05,0.00051031318,3.1497273e-06,2.7969141e-06,2.1314068e-06,6.5860505e-07,3,3,3,3,0.0017444181,-5.0402727e-05,1.1216951
638,7.5653535e-05,6.668507e-05,5.0006571e-05,0.00050509495,3.1089098e-06,2.7546051e-06,2.1108605e-06,7.1095835e-07,3,3,3,3,0.0018831115,-4.4807568e-05,1.1216503
639,7.4663784e-05,6.5722922e-05,4.9509339e-05,0.00049984633,3.0688075e-06,2.7127169e-06,2.08837e-06,7.2175692e-07,3,3,3,3,0.0019117415,-5.0096385e-05,1.1216002
640,7.3687456e-05,6.4826926e-05,4.905672e-05,0.00049468924,3.0299468e-06,2.6748125e-06,2.068336e-06,7.2535053e-07,3,3,3,3,0.0019212877,-5.5205147e-05,1.121545
641,7.2710462e-05,6.3957338e-05,4.8595434e-05,0.00048946504,2.9914158e-06,2.6387155e-06,2.0479667e-06,6.966974e-07,3,3,3,3,0.0018454181,-6.2270314e-05,1.1214827
642,7.1755016e-05,6.3105404e-05,4.8120703e-05,0.00048418427,2.9539097e-06,2.6037765e-06,2.0271051e-06,8.8431303e-07,3,3,3,3,0.0023424087,-2.2084135e-05,1.1214606
643,7.0831947e-05,6.2190455e-05,4.7545713e-05,0.00047864515,2.916962e-06,2.5652344e-06,2.0010003e-06,8.4797528e-07,3,3,3,3,0.0022461949,-2.6831543e-05,1.1214338
644,6.995546e-05,6.1383877e-05,4.7051014e-05,0.00047362249,2.8829301e-06,2.5332363e-06,1.979934e-06,7.0683911e-07,3,3,3,3,0.0018723712,-3.8115277e-05,1.1213957
645,6.9098593e-05,6.0637721e-05,4.6570589e-05,0.0004683536,2.8492715e-06,2.5049552e-06,1.9596044e-06,6.5286852e-07,3,3,3,3,0.0017294309,-4.3191049e-05,1.1213525
646,6.8278013e-05,5.9913464e-05,4.6050293e-05,0.00046298016,2.8173644e-06,2.4775548e-06,1.9373403e-06,6.4485216e-07,3,3,3,3,0.0017082161,-3.4078805e-05,1.1213184
647,6.7506883e-05,5.923388e-05,4.5501937e-05,0.00045773954,2.7876617e-06,2.4517789e-06,1.9138975e-06,6.7005959e-07,3,3,3,3,0.0017750107,-2.8593276e-05,1.1212898
648,6.6781141e-05,5.8614398e-05,4.4949697e-05,0.00045274482,2.7599241e-06,2.4284796e-06,1.890577e-06,6.5868428e-07,3,3,3,3,0.0017448957,-2.9480089e-05,1.1212603
649,6.6099806e-05,5.8078802e-05,4.4447448e-05,0.00044800119,2.7349811e-06,2.4102279e-06,1.8705576e-06,6.2589404e-07,3,3,3,3,0.0016580491,-3.4248507e-05,1.1212261
650,6.5456235e-05,5.7614501e-05,4.3963615e-05,0.00044332262,2.7123938e-06,2.3946826e-06,1.8514854e-06,6.1261147e-07,3,3,3,3,0.0016228778,-3.705055e-05,1.121189
651,6.4849178e-05,5.7194712e-05,4.3467588e-05,0.00043876991,2.6914395e-06,2.3805473e-06,1.8321605e-06,6.9282624e-07,3,3,3,3,0.0018353923,-1.8510637e-05,1.1211705
652,6.4278142e-05,5.6748939e-05,4.2898996e-05,0.00043424112,2.6715814e-06,2.3638575e-06,1.8085645e-06,7.4974756e-07,3,3,3,3,0.0019862096,-7.8153201e-06,1.1211627
653,6.3751812e-05,5.641564e-05,4.2423926e-05,0.00043034788,2.6545892e-06,2.3537715e-06,1.7903161e-06,5.9684185e-07,3,3,3,3,0.0015811531,-2.8418772e-05,1.1211343
654,6.3230756e-05,5.608743e-05,4.1929205e-05,0.00042624392,2.6387091e-06,2.3440687e-06,1.7711118e-06,6.1041299e-07,3,3,3,3,0.0016171173,-2.4635298e-05,1.1211097
655,6.2759166e-05,5.5810601e-05,4.144852e-05,0.00042237466,2.6248399e-06,2.3359665e-06,1.7525156e-06,6.1206992e-07,3,3,3,3,0.0016215173,-2.3571011e-05,1.1210861
656,6.2324502e-05,5.5572203e-05,4.0999002e-05,0.00041886069,2.6123826e-06,2.3298466e-06,1.7354247e-06,6.8021973e-07,3,3,3,3,0.001802073,-1.7249249e-06,1.1210844
657,6.1914541e-05,5.5328134e-05,4.0550819e-05,0.00041544039,2.600811e-06,2.3233383e-06,1.7180741e-06,6.0053173e-07,3,3,3,3,0.0015909716,-1.6821377e-05,1.1210676
658,6.1519503e-05,5.5106231e-05,4.0127127e-05,0.000412282,2.5899502e-06,2.3181415e-06,1.7022939e-06,6.4987822e-07,3,3,3,3,0.0017217114,9.1066482e-08,1.1210676
659,6.1150182e-05,5.4905729e-05,3.9730487e-05,0.00040924169,2.5799033e-06,2.3136638e-06,1.6877985e-06,5.4368068e-07,3,3,3,3,0.001440372,-2.0015927e-05,1.1210476
660,6.0776676e-05,5.4712747e-05,3.9343841e-05,0.00040627891,2.5696088e-06,2.3092385e-06,1.6735112e-06,5.9265773e-07,3,3,3,3,0.0015701314,-6.2352719e-06,1.1210414
661,6.0419601e-05,5.4522486e-05,3.8957914e-05,0.00040343752,2.5595973e-06,2.3044589e-06,1.6591338e-06,5.9591937e-07,3,3,3,3,0.0015787765,-6.4698369e-06,1.1210349
662,6.0069948e-05,5.4355016e-05,3.8605965e-05,0.00040084166,2.5494878e-06,2.3003206e-06,1.6464042e-06,5.8976876e-07,3,3,3,3,0.001562485,-7.4995939e-06,1.1210274
663,5.9711222e-05,5.4187176e-05,3.8271985e-05,0.00039829355,2.5389961e-06,2.2957225e-06,1.6345677e-06,6.6534415e-07,3,3,3,3,0.0017627116,6.7030166e-06,1.1210341
664,5.9344728e-05,5.3982383e-05,3.7913938e-05,0.00039572237,2.5277104e-06,2.2884745e-06,1.6211723e-06,5.4433728e-07,3,3,3,3,0.0014421305,-1.0586512e-05,1.1210235
665,5.8955069e-05,5.3777845e-05,3.7584824e-05,0.00039327868,2.5156155e-06,2.2818361e-06,1.6093372e-06,5.4530786e-07,3,3,3,3,0.0014447032,-8.1647507e-06,1.1210154
666,5.8564827e-05,5.3559979e-05,3.726125e-05,0.00039074606,2.5035324e-06,2.2744204e-06,1.5974689e-06,5.4772389e-07,3,3,3,3,0.0014511049,-8.9029798e-06,1.1210065
667,5.8172162e-05,5.3330405e-05,3.6942455e-05,0.00038823051,2.4910493e-06,2.2667376e-06,1.585519e-06,5.4684054e-07,3,3,3,3,0.0014487652,-1.1729037e-05,1.1209947
668,5.7772703e-05,5.3084995e-05,3.6623747e-05,0.00038576727,2.4776954e-06,2.2586594e-06,1.5734971e-06,5.8704111e-07,3,3,3,3,0.0015552705,-2.2298831e-06,1.1209925
669,5.7374735e-05,5.2838034e-05,3.6315991e-05,0.00038340122,2.4642333e-06,2.2507347e-06,1.5621737e-06,5.4383624e-07,3,3,3,3,0.0014408068,-1.0905621e-05,1.1209816
670,5.6955294e-05,5.2561514e-05,3.5991031e-05,0.00038087574,2.449579e-06,2.2407757e-06,1.5496605e-06,5.4344874e-07,3,3,3,3,0.0014397802,-8.8875704e-06,1.1209727
671,5.6538925e-05,5.2269932e-05,3.5663173e-05,0.00037828239,2.4345819e-06,2.2301863e-06,1.5366519e-06,5.408992e-07,3,3,3,3,0.0014330253,-6.4500164e-06,1.1209663
672,5.6117452e-05,5.1964076e-05,3.5333262e-05,0.0003756645,2.4191425e-06,2.2189219e-06,1.5232527e-06,6.5481583e-07,3,3,3,3,0.0017348286,1.1918446e-05,1.1209782
673,5.5717568e-05,5.1673771e-05,3.5030561e-05,0.0003731634,2.4038853e-06,2.2081212e-06,1.5110822e-06,5.2947103e-07,3,3,3,3,0.0014027504,1.0562184e-05,1.1209887
674,5.5288933e-05,5.1346991e-05,3.4693075e-05,0.00037036653,2.3874891e-06,2.1954689e-06,1.4973103e-06,5.2334711e-07,3,3,3,3,0.0013865256,2.3129384e-05,1.1210119
675,5.4865513e-05,5.1015237e-05,3.4350999e-05,0.00036748412,2.3710703e-06,2.1823202e-06,1.4831937e-06,5.5104772e-07,3,3,3,3,0.0014599136,2.8291491e-05,1.1210402
676,5.4455949e-05,5.0681873e-05,3.4016153e-05,0.00036458554,2.3548843e-06,2.1694433e-06,1.4692348e-06,6.561608e-07,3,3,3,3,0.0017383932,1.8937783e-05,1.1210591
677,5.4042831e-05,5.0310624e-05,3.3632475e-05,0.00036158099,2.33791e-06,2.1548167e-06,1.4526735e-06,6.5760828e-07,3,3,3,3,0.0017422238,1.873285e-05,1.1210778
678,5.3640077e-05,4.9957693e-05,3.3273023e-05,0.00035869124,2.321286e-06,2.141702e-06,1.4370886e-06,5.3103823e-07,3,3,3,3,0.001406894,2.8865427e-05,1.1211067
679,5.3227638e-05,4.9587784e-05,3.2920793e-05,0.00035549471,2.3046459e-06,2.1283433e-06,1.421686e-06,4.9807444e-07,3,3,3,3,0.0013195615,3.459372e-05,1.1211413
680,5.2840501e-05,4.9230493e-05,3.2574935e-05,0.00035232248,2.288902e-06,2.1153752e-06,1.4064581e-06,4.9530964e-07,3,3,3,3,0.0013122367,3.4894501e-05,1.1211762
681,5.2474501e-05,4.8886762e-05,3.2235041e-05,0.00034913955,2.2737588e-06,2.1025547e-06,1.3912579e-06,5.8954126e-07,3,3,3,3,0.0015618871,1.692209e-05,1.1211931
682,5.2137477e-05,4.8570946e-05,3.191806e-05,0.00034604998,2.2595929e-06,2.091167e-06,1.3770683e-06,5.1337396e-07,3,3,3,3,0.0013600931,2.6084699e-05,1.1212192
683,5.1791156e-05,4.822332e-05,3.1583515e-05,0.00034282678,2.2449402e-06,2.0783566e-06,1.3619081e-06,5.0922417e-07,3,3,3,3,0.001349099,2.5890494e-05,1.1212451
684,5.1470301e-05,4.788875e-05,3.1266553e-05,0.00033976596,2.231425e-06,2.0662371e-06,1.3474851e-06,5.143304e-07,3,3,3,3,0.0013626271,2.5506528e-05,1.1212706
685,5.1176747e-05,4.7577672e-05,3.0977142e-05,0.00033685702,2.2195651e-06,2.0553413e-06,1.3342647e-06,5.8508321e-07,3,3,3,3,0.0015500743,1.0037241e-05,1.1212806
686,5.090252e-05,4.7268483e-05,3.0666963e-05,0.00033395541,2.20862e-06,2.043792e-06,1.3198589e-06,4.9555954e-07,3,3,3,3,0.001312895,2.1159679e-05,1.1213018
687,5.0638624e-05,4.6977298e-05,3.0385343e-05,0.00033114012,2.1984754e-06,2.0327001e-06,1.3070729e-06,5.6691529e-07,3,3,3,3,0.0015019396,9.0436184e-06,1.1213108
688,5.0406329e-05,4.6713819e-05,3.01139e-05,0.00032854337,2.1892941e-06,2.0218897e-06,1.294466e-06,4.5134043e-07,3,3,3,3,0.0011957435,2.5740935e-05,1.1213366
689,5.0170337e-05,4.6452981e-05,2.9845679e-05,0.0003259261,2.1797738e-06,2.0107954e-06,1.2821369e-06,4.8613165e-07,3,3,3,3,0.0012879174,1.7971016e-05,1.1213546
690,4.9951329e-05,4.6199877e-05,2.9586374e-05,0.0003234398,2.1707504e-06,1.9998021e-06,1.2699792e-06,4.8120573e-07,3,3,3,3,0.001274868,1.8922658e-05,1.1213735
691,4.9748092e-05,4.5969075e-05,2.9362526e-05,0.00032115542,2.1627666e-06,1.9902486e-06,1.2596038e-06,5.6178921e-07,3,3,3,3,0.0014883603,4.0362571e-06,1.1213775
692,4.9543821e-05,4.5723896e-05,2.9111396e-05,0.00031881106,2.1546833e-06,1.9799241e-06,1.2477071e-06,5.267515e-07,3,3,3,3,0.0013955326,4.7831941e-06,1.1213823
693,4.9350636e-05,4.5515524e-05,2.890184e-05,0.0003167092,2.1470081e-06,1.9718165e-06,1.2382365e-06,4.3481335e-07,3,3,3,3,0.0011519585,1.8017368e-05,1.1214003
694,4.9140066e-05,4.5287474e-05,2.8672777e-05,0.00031457582,2.1385585e-06,1.9626295e-06,1.2277196e-06,4.7196754e-07,3,3,3,3,0.0012503934,1.0445309e-05,1.1214108
695,4.8935777e-05,4.5068193e-05,2.8441885e-05,0.00031258939,2.1300852e-06,1.953545e-06,1.2170687e-06,4.6874533e-07,3,3,3,3,0.0012418584,1.0486293e-05,1.1214212
696,4.8727671e-05,4.4868603e-05,2.8238097e-05,0.0003107897,2.1214899e-06,1.9463288e-06,1.2079651e-06,4.5909754e-07,3,3,3,3,0.0012163,1.1389132e-05,1.1214326
697,4.8509335e-05,4.4675371e-05,2.8042757e-05,0.00030905658,2.1125614e-06,1.9395657e-06,1.1990966e-06,5.1032786e-07,3,3,3,3,0.0013520279,2.6130897e-06,1.1214352
698,4.8284976e-05,4.4455394e-05,2.7812769e-05,0.00030723327,2.1028859e-06,1.9310336e-06,1.1883986e-06,4.1673873e-07,3,3,3,3,0.0011040791,1.8871923e-05,1.1214541
699,4.8042377e-05,4.4243507e-05,2.7605511e-05,0.00030550667,2.092611e-06,1.9231076e-06,1.1790103e-06,5.0068679e-07,3,3,3,3,0.0013264878,1.2184509e-06,1.1214553
700,4.781238e-05,4.4053385e-05,2.7419241e-05,0.00030390038,2.0827539e-06,1.9160026e-06,1.170698e-06,4.1600071e-07,3,3,3,3,0.0011021262,1.625069e-05,1.1214716
701,4.755541e-05,4.3841226e-05,2.7218874e-05,0.00030215151,2.0718437e-06,1.9074731e-06,1.1618262e-06,4.4111031e-07,3,3,3,3,0.0011686524,9.0876687e-06,1.1214807
702,4.729313e-05,4.3622368e-05,2.7020343e-05,0.00030041165,2.060607e-06,1.8984109e-06,1.152971e-06,4.3134996e-07,3,3,3,3,0.0011427963,8.7977871e-06,1.1214895
703,4.7018899e-05,4.340159e-05,2.6836405e-05,0.00029874152,2.0490631e-06,1.8894333e-06,1.1450374e-06,4.052789e-07,3,3,3,3,0.0010737274,1.3973323e-05,1.1215034
704,4.6736416e-05,4.3170255e-05,2.6644305e-05,0.00029699788,2.0368699e-06,1.8799455e-06,1.1367372e-06,4.0003403e-07,3,3,3,3,0.0010598345,1.4451802e-05,1.1215179
705,4.6450574e-05,4.294078e-05,2.6461373e-05,0.00029525424,2.0244297e-06,1.870617e-06,1.1289407e-06,3.9273268e-07,3,3,3,3,0.0010404933,1.6174207e-05,1.1215341
706,4.6159641e-05,4.2708185e-05,2.6285434e-05,0.00029350895,2.0118961e-06,1.8611865e-06,1.1214111e-06,3.8776465e-07,3,3,3,3,0.0010273338,1.8255865e-05,1.1215523
707,4.5866146e-05,4.2472396e-05,2.6113392e-05,0.00029174652,1.9992028e-06,1.8514029e-06,1.1140949e-06,4.9710557e-07,3,3,3,3,0.0013170224,3.1242619e-07,1.1215526
708,4.5590407e-05,4.224775e-05,2.595915e-05,0.00029014488,1.9869614e-06,1.8420547e-06,1.1078012e-06,3.8052963e-07,3,3,3,3,0.0010081691,1.1288908e-05,1.1215639
709,4.5285444e-05,4.2004923e-05,2.580407e-05,0.00028837978,1.9737122e-06,1.8318793e-06,1.1015563e-06,3.7782763e-07,3,3,3,3,0.0010010132,3.9081889e-06,1.1215678
710,4.4983782e-05,4.1760435e-05,2.5656399e-05,0.00028662484,1.9605744e-06,1.8217042e-06,1.0956713e-06,3.7526463e-07,3,3,3,3,0.00099422571,-4.4514073e-06,1.1215634
711,4.4688701e-05,4.1516463e-05,2.5516699e-05,0.00028487844,1.9477174e-06,1.8115708e-06,1.0901468e-06,3.7493543e-07,3,3,3,3,0.00099335647,-1.4377423e-05,1.121549
712,4.4397949e-05,4.1275281e-05,2.5385098e-05,0.00028315823,1.9351747e-06,1.8016351e-06,1.0851008e-06,3.7536353e-07,3,3,3,3,0.00099449363,-2.632133e-05,1.1215227
713,4.4110392e-05,4.1042796e-05,2.5261796e-05,0.00028148277,1.9226592e-06,1.7921333e-06,1.080542e-06,5.081252e-07,3,3,3,3,0.0013462384,-9.0940593e-06,1.1215136
714,4.3822742e-05,4.0814811e-05,2.5131338e-05,0.00028002956,1.90936e-06,1.7822366e-06,1.0753557e-06,4.7919238e-07,3,3,3,3,0.0012695921,-6.0223045e-06,1.1215076
715,4.3537856e-05,4.0623598e-05,2.5046804e-05,0.00027851611,1.8972145e-06,1.7751548e-06,1.0727851e-06,3.6486747e-07,3,3,3,3,0.00096669982,-1.825896e-05,1.1214893
716,4.3259273e-05,4.041716e-05,2.4944557e-05,0.00027688515,1.8856218e-06,1.7671145e-06,1.069314e-06,4.0631276e-07,3,3,3,3,0.0010765105,-6.0649045e-06,1.1214832
717,4.299819e-05,4.0213124e-05,2.4834265e-05,0.00027532367,1.874615e-06,1.7588497e-06,1.0653407e-06,4.1485547e-07,3,3,3,3,0.0010991475,-1.7122456e-06,1.1214815
718,4.275139e-05,4.0025341e-05,2.4731286e-05,0.00027397722,1.8642806e-06,1.7510875e-06,1.0615538e-06,4.1003635e-07,3,3,3,3,0.0010863828,4.4757503e-07,1.121482
719,4.2514449e-05,3.9862592e-05,2.4651292e-05,0.00027271161,1.8545254e-06,1.7447864e-06,1.0591345e-06,3.7502971e-07,3,3,3,3,0.00099363648,-7.1911123e-06,1.1214748
720,4.2286087e-05,3.9705351e-05,2.4580394e-05,0.00027142983,1.8451581e-06,1.7386234e-06,1.0570625e-06,4.0385519e-07,3,3,3,3,0.0010700125,-5.6413411e-06,1.1214691
721,4.2074821e-05,3.9571407e-05,2.4527804e-05,0.00027025891,1.8364084e-06,1.7334656e-06,1.0558086e-06,4.0942376e-07,3,3,3,3,0.0010847698,-1.082331e-05,1.1214583
722,4.1879945e-05,3.9450034e-05,2.4480061e-05,0.00026915296,1.8282331e-06,1.7286424e-06,1.0548956e-06,4.5724616e-07,3,3,3,3,0.0012114793,-4.4037159e-06,1.1214539
723,4.1674374e-05,3.9280967e-05,2.437081e-05,0.00026792148,1.8189994e-06,1.7209144e-06,1.0507847e-06,4.9763633e-07,3,3,3,3,0.0013185014,-2.4336099e-07,1.1214537
724,4.1488875e-05,3.915582e-05,2.4308419e-05,0.00026697032,1.8108435e-06,1.715334e-06,1.0491906e-06,4.3469646e-07,3,3,3,3,0.0011517464,-5.216569e-07,1.1214532
725,4.1305953e-05,3.9037737e-05,2.4261063e-05,0.00026592651,1.8030936e-06,1.7104801e-06,1.0483632e-06,3.6800768e-07,3,3,3,3,0.00097505591,-1.1082163e-05,1.1214421
726,4.1128654e-05,3.8902365e-05,2.4194033e-05,0.00026476959,1.7954431e-06,1.7043137e-06,1.0464424e-06,4.1456225e-07,3,3,3,3,0.0010984078,-3.2892486e-06,1.1214388
727,4.0959995e-05,3.8761958e-05,2.411838e-05,0.0002636798,1.7878684e-06,1.6976401e-06,1.0438323e-06,4.2200556e-07,3,3,3,3,0.0011181325,-4.4740691e-06,1.1214343
728,4.079389e-05,3.8637444e-05,2.4071313e-05,0.00026272301,1.7805348e-06,1.6922348e-06,1.0429628e-06,4.160963e-07,3,3,3,3,0.0011024788,-7.6993255e-06,1.1214266
729,4.0622163e-05,3.8518301e-05,2.4040783e-05,0.00026172636,1.7731052e-06,1.6869744e-06,1.0427863e-06,4.4303457e-07,3,3,3,3,0.0011738572,-2.3418705e-06,1.1214243
730,4.0429147e-05,3.8339998e-05,2.3947242e-05,0.00026046159,1.7642454e-06,1.6782281e-06,1.0390585e-06,4.5332815e-07,3,3,3,3,0.0012011378,1.2467089e-06,1.1214255
731,4.0241231e-05,3.8186195e-05,2.3900596e-05,0.00025940971,1.7559248e-06,1.671404e-06,1.0380817e-06,3.5392649e-07,3,3,3,3,0.00093776753,-9.4887445e-06,1.121416
732,4.0041771e-05,3.8004258e-05,2.3838702e-05,0.00025813144,1.7472187e-06,1.6632588e-06,1.0362144e-06,3.5810693e-07,3,3,3,3,0.00094884668,-1.1966634e-05,1.1214041
733,3.9849024e-05,3.7819967e-05,2.3776153e-05,0.00025682064,1.73861e-06,1.6546694e-06,1.0341582e-06,4.1704978e-07,3,3,3,3,0.0011050258,-7.0149083e-06,1.121397
734,3.9657561e-05,3.7642093e-05,2.3725228e-05,0.00025561798,1.7295451e-06,1.6464568e-06,1.0326857e-06,4.508436e-07,3,3,3,3,0.0011945705,9.435968e-07,1.121398
735,3.9438829e-05,3.7429504e-05,2.3650211e-05,0.00025422824,1.719027e-06,1.6362971e-06,1.0297997e-06,4.1627904e-07,3,3,3,3,0.0011029928,2.3932644e-06,1.1214004
736,3.922421e-05,3.721953e-05,2.3592883e-05,0.0002528592,1.7084724e-06,1.6264359e-06,1.0278527e-06,3.3990536e-07,3,3,3,3,0.00090063361,-8.8747478e-06,1.1213915
737,3.8993101e-05,3.6984663e-05,2.3525038e-05,0.00025135102,1.6972725e-06,1.6155942e-06,1.0253911e-06,3.3996627e-07,3,3,3,3,0.00090079767,-9.7727926e-06,1.1213817
738,3.8764101e-05,3.6744298e-05,2.3455618e-05,0.00024981568,1.6860747e-06,1.604354e-06,1.022699e-06,3.8392599e-07,3,3,3,3,0.0010172794,-5.1428733e-06,1.1213766
739,3.8532714e-05,3.6503972e-05,2.3394955e-05,0.00024832579,1.6747223e-06,1.5932935e-06,1.0204463e-06,4.1610886e-07,3,3,3,3,0.0011025573,2.4529809e-06,1.121379
740,3.8273662e-05,3.6228335e-05,2.3308169e-05,0.00024666436,1.6619424e-06,1.5803232e-06,1.0167414e-06,3.8624023e-07,3,3,3,3,0.0010234199,6.3288991e-07,1.1213797
741,3.8012572e-05,3.5957316e-05,2.3237906e-05,0.00024507807,1.6489491e-06,1.5678128e-06,1.0139107e-06,3.2460307e-07,3,3,3,3,0.00086010411,-9.0567661e-06,1.1213706
742,3.7738923e-05,3.5660892e-05,2.3154542e-05,0.00024333013,1.6353427e-06,1.554083e-06,1.0104824e-06,3.5304013e-07,3,3,3,3,0.00093545724,-3.3020526e-06,1.1213673
743,3.7465512e-05,3.5366623e-05,2.3073617e-05,0.00024162179,1.6216329e-06,1.5404332e-06,1.0071159e-06,3.4962706e-07,3,3,3,3,0.0009264169,-4.4862183e-06,1.1213628
744,3.7189068e-05,3.5071339e-05,2.3002697e-05,0.00023995202,1.6079295e-06,1.5270241e-06,1.0042529e-06,3.9633861e-07,3,3,3,3,0.0010501937,6.8752464e-07,1.1213635
745,3.6894894e-05,3.4738651e-05,2.2895559e-05,0.0002381229,1.5933348e-06,1.5114675e-06,9.9941346e-07,3.3272461e-07,3,3,3,3,0.00088163781,-4.3705025e-06,1.1213591
746,3.6592994e-05,3.4416218e-05,2.2808287e-05,0.00023636247,1.5789007e-06,1.4970227e-06,9.9576087e-07,3.7935289e-07,3,3,3,3,0.0010051953,-4.9399882e-07,1.1213587
747,3.6290666e-05,3.4090673e-05,2.2717135e-05,0.000234702,1.5641123e-06,1.4821009e-06,9.917691e-07,3.0263304e-07,3,3,3,3,0.00080191012,-7.9443305e-06,1.1213507
748,3.5981751e-05,3.3754077e-05,2.2617442e-05,0.00023292418,1.5492343e-06,1.4666087e-06,9.873986e-07,3.2833219e-07,3,3,3,3,0.00087001073,-5.8267545e-06,1.1213449
749,3.5679569e-05,3.3417506e-05,2.2507915e-05,0.00023117178,1.5344425e-06,1.4510223e-06,9.8248468e-07,3.3134974e-07,3,3,3,3,0.00087801047,-8.0181856e-06,1.1213369
750,3.5378734e-05,3.3095224e-05,2.2412728e-05,0.00022955112,1.5197928e-06,1.4364693e-06,9.7836866e-07,3.7431105e-07,3,3,3,3,0.00099185381,-3.2006169e-06,1.1213337
751,3.5069246e-05,3.2757824e-05,2.2298232e-05,0.00022783831,1.5048401e-06,1.4210185e-06,9.7316257e-07,3.4168202e-07,3,3,3,3,0.00090539845,-3.742098e-06,1.1213299
752,3.4762627e-05,3.2440481e-05,2.2201882e-05,0.00022628748,1.4901584e-06,1.4069417e-06,9.6892674e-07,2.89592e-07,3,3,3,3,0.00076737328,-1.0435102e-05,1.1213195
753,3.4452171e-05,3.2111276e-05,2.2092063e-05,0.00022466852,1.4752675e-06,1.3922045e-06,9.6395885e-07,3.1677294e-07,3,3,3,3,0.00083940246,-6.5207357e-06,1.121313
754,3.4147561e-05,3.1786272e-05,2.1973182e-05,0.00022310037,1.4603877e-06,1.3773007e-06,9.5850589e-07,3.2023288e-07,3,3,3,3,0.00084857502,-7.3519571e-06,1.1213056
755,3.384653e-05,3.1482016e-05,2.1866387e-05,0.00022169098,1.445787e-06,1.3634606e-06,9.5374728e-07,3.1688198e-07,3,3,3,3,0.00083969983,-9.1778909e-06,1.1212964
756,3.3545064e-05,3.1191916e-05,2.1773696e-05,0.00022032906,1.4314058e-06,1.3503223e-06,9.4965888e-07,3.1179257e-07,3,3,3,3,0.00082621781,-1.1652692e-05,1.1212848
757,3.3243764e-05,3.090824e-05,2.168321e-05,0.0002190254,1.4171783e-06,1.3373547e-06,9.4559197e-07,3.7152447e-07,3,3,3,3,0.0009845064,-5.3407631e-06,1.1212794
758,3.2939901e-05,3.060122e-05,2.1561327e-05,0.00021772795,1.4025147e-06,1.322818e-06,9.3987224e-07,3.5387713e-07,3,3,3,3,0.00093774898,-5.8631672e-06,1.1212736
759,3.2640097e-05,3.0325944e-05,2.1474529e-05,0.00021666768,1.3883422e-06,1.3102708e-06,9.3617122e-07,2.9899222e-07,3,3,3,3,0.00079231321,-1.1143802e-05,1.1212624
760,3.2335875e-05,3.0039801e-05,2.137413e-05,0.00021548381,1.3741847e-06,1.297139e-06,9.3158463e-07,3.0309781e-07,3,3,3,3,0.00080319733,-1.2523447e-05,1.1212499
761,3.2042487e-05,2.9769639e-05,2.1280552e-05,0.00021441771,1.3604211e-06,1.2846173e-06,9.2722322e-07,3.0768758e-07,3,3,3,3,0.00081536473,-1.3445494e-05,1.1212365
762,3.1754366e-05,2.951213e-05,2.1194271e-05,0.00021347223,1.3468313e-06,1.2726677e-06,9.2331965e-07,3.4132369e-07,3,3,3,3,0.00090450497,-7.8008079e-06,1.1212287
763,3.1467826e-05,2.9259783e-05,2.1108351e-05,0.00021253417,1.3332878e-06,1.2608333e-06,9.1939379e-07,3.1116177e-07,3,3,3,3,0.00082458187,-1.534658e-05,1.1212133
764,3.1181573e-05,2.9005674e-05,2.101938e-05,0.00021167779,1.319712e-06,1.2489612e-06,9.1532368e-07,3.3674288e-07,3,3,3,3,0.00089237753,-9.0650332e-06,1.1212043
765,3.0898214e-05,2.8759731e-05,2.0934811e-05,0.00021089156,1.3061648e-06,1.237369e-06,9.1152804e-07,3.0659691e-07,3,3,3,3,0.0008124958,-1.6019125e-05,1.1211882
766,3.062157e-05,2.8517033e-05,2.0851134e-05,0.00021012913,1.2928712e-06,1.2259591e-06,9.0765061e-07,3.3313102e-07,3,3,3,3,0.00088281805,-8.9466656e-06,1.1211793
767,3.0345745e-05,2.8270394e-05,2.0761517e-05,0.00020937633,1.2795854e-06,1.2143282e-06,9.0346824e-07,3.102613e-07,3,3,3,3,0.00082221792,-1.5870385e-05,1.1211634
768,3.0075545e-05,2.8030783e-05,2.0675706e-05,0.00020866856,1.266711e-06,1.2033463e-06,8.9950633e-07,3.4679132e-07,3,3,3,3,0.0009190314,-8.1909125e-06,1.1211552
769,2.9808281e-05,2.7795321e-05,2.0588246e-05,0.00020801356,1.2539929e-06,1.1923902e-06,8.9544945e-07,3.1386264e-07,3,3,3,3,0.00083177336,-1.6042004e-05,1.1211392
770,2.9539932e-05,2.7556544e-05,2.0490865e-05,0.00020730891,1.2414491e-06,1.1812102e-06,8.9090951e-07,3.3807357e-07,3,3,3,3,0.00089594103,-8.390836e-06,1.1211308
771,2.9274085e-05,2.7327213e-05,2.0395335e-05,0.00020666001,1.2291227e-06,1.1704204e-06,8.8651189e-07,3.1611108e-07,3,3,3,3,0.00083774385,-1.5823529e-05,1.121115
772,2.9014018e-05,2.7103248e-05,2.0297615e-05,0.00020599627,1.217135e-06,1.1599239e-06,8.819035e-07,3.4828979e-07,3,3,3,3,0.00092302847,-7.2267203e-06,1.1211077
773,2.8752774e-05,2.6875918e-05,2.0191552e-05,0.0002053148,1.2051928e-06,1.1492322e-06,8.7686971e-07,3.3097707e-07,3,3,3,3,0.00087715352,-6.3850789e-06,1.1211014
774,2.8498999e-05,2.6660449e-05,2.0092056e-05,0.00020466992,1.1936642e-06,1.1392241e-06,8.7222278e-07,3.182181e-07,3,3,3,3,0.00084334605,-1.4185198e-05,1.1210872
775,2.8244314e-05,2.6430323e-05,1.9969038e-05,0.00020389286,1.1821099e-06,1.1283549e-06,8.6629662e-07,3.2286869e-07,3,3,3,3,0.00085567662,-1.4219205e-05,1.121073
776,2.8001198e-05,2.622624e-05,1.9864627e-05,0.00020323667,1.1712462e-06,1.1189816e-06,8.6148392e-07,3.6123319e-07,3,3,3,3,0.00095735759,-5.0510438e-06,1.1210679
777,2.7750018e-05,2.5999776e-05,1.9729422e-05,0.00020239377,1.1601744e-06,1.1081761e-06,8.5500027e-07,3.5196512e-07,3,3,3,3,0.00093280225,-3.999902e-06,1.1210639
778,2.7508731e-05,2.5790652e-05,1.9610288e-05,0.00020167548,1.1497138e-06,1.0984424e-06,8.4950134e-07,3.1510626e-07,3,3,3,3,0.00083512275,-1.3307036e-05,1.1210506
779,2.7262538e-05,2.5566159e-05,1.9470051e-05,0.0002007646,1.1392459e-06,1.0878453e-06,8.4290886e-07,3.3408485e-07,3,3,3,3,0.00088542707,-5.4448532e-06,1.1210452
780,2.7025379e-05,2.5353178e-05,1.9338135e-05,0.00019991558,1.1292777e-06,1.0780656e-06,8.3686292e-07,3.228586e-07,3,3,3,3,0.00085568036,-1.2425231e-05,1.1210327
781,2.6800686e-05,2.5143119e-05,1.920019e-05,0.00019901327,1.119904e-06,1.0682486e-06,8.3052558e-07,3.4875923e-07,3,3,3,3,0.00092433117,-5.0253633e-06,1.1210277
782,2.6574847e-05,2.4926322e-05,1.9050365e-05,0.00019806889,1.1106662e-06,1.058029e-06,8.2356549e-07,3.3510956e-07,3,3,3,3,0.00088816152,-4.0546863e-06,1.1210236
783,2.6362437e-05,2.4724904e-05,1.8911816e-05,0.00019716867,1.1023006e-06,1.0486967e-06,8.1734011e-07,3.1642234e-07,3,3,3,3,0.00083863966,-1.0904806e-05,1.1210127
784,2.6153399e-05,2.4514014e-05,1.8755716e-05,0.00019615409,1.0942249e-06,1.0388382e-06,8.1023071e-07,3.268547e-07,3,3,3,3,0.00086629454,-3.3321753e-06,1.1210094
785,2.5950962e-05,2.4306996e-05,1.8601993e-05,0.00019517924,1.0866728e-06,1.029528e-06,8.0326914e-07,3.2324881e-07,3,3,3,3,0.00085674345,-1.1084319e-05,1.1209983
786,2.5764514e-05,2.4114937e-05,1.8455538e-05,0.00019423728,1.0798606e-06,1.0210677e-06,7.9677922e-07,3.5389471e-07,3,3,3,3,0.00093797327,-3.3822184e-06,1.1209949
787,2.5575481e-05,2.3904091e-05,1.8287924e-05,0.00019320104,1.0729762e-06,1.0116191e-06,7.8917693e-07,3.4134049e-07,3,3,3,3,0.00090470573,-2.1507954e-06,1.1209928
788,2.5401595e-05,2.371097e-05,1.8138591e-05,0.0001922618,1.0667625e-06,1.0032983e-06,7.8272357e-07,3.1572811e-07,3,3,3,3,0.0008368272,-1.0118258e-05,1.1209827
789,2.5229125e-05,2.3506346e-05,1.7973797e-05,0.00019117922,1.0606792e-06,9.9429083e-07,7.7552183e-07,3.2030094e-07,3,3,3,3,0.00084895206,-1.0962885e-05,1.1209717
790,2.507282e-05,2.3329837e-05,1.7831712e-05,0.00019026047,1.0552913e-06,9.8673915e-07,7.6962347e-07,3.8289966e-07,3,3,3,3,0.0010148744,-7.3525449e-07,1.120971
791,2.4911268e-05,2.3128377e-05,1.7659528e-05,0.00018921524,1.0495841e-06,9.7764268e-07,7.6208437e-07,3.5840521e-07,3,3,3,3,0.00094995872,-1.6709044e-06,1.1209693
792,2.4762153e-05,2.2956771e-05,1.7519697e-05,0.00018833868,1.0446825e-06,9.7054508e-07,7.5637473e-07,3.1805558e-07,3,3,3,3,0.00084301708,-9.8803278e-06,1.1209594
793,2.4604942e-05,2.2759611e-05,1.7350095e-05,0.00018726155,1.039417e-06,9.6184938e-07,7.4901112e-07,3.2091771e-07,3,3,3,3,0.00085060772,-1.0102626e-05,1.1209493
794,2.4465411e-05,2.2593073e-05,1.7207761e-05,0.00018639068,1.034978e-06,9.5500241e-07,7.4310905e-07,3.5437795e-07,3,3,3,3,0.00093930047,-8.0229949e-07,1.1209485
795,2.4319805e-05,2.2411085e-05,1.704852e-05,0.00018540053,1.0302181e-06,9.4717096e-07,7.3623705e-07,3.3727304e-07,3,3,3,3,0.00089396869,-1.1668377e-06,1.1209474
796,2.4185814e-05,2.2251976e-05,1.6911509e-05,0.00018457342,1.0260307e-06,9.407158e-07,7.3066178e-07,3.1447588e-07,3,3,3,3,0.00083354818,-8.6033825e-06,1.1209388
797,2.4046086e-05,2.2076432e-05,1.6756817e-05,0.0001836601,1.0215598e-06,9.3340045e-07,7.241364e-07,3.1518912e-07,3,3,3,3,0.0008354428,-9.2040864e-06,1.1209295
798,2.3918564e-05,2.1930145e-05,1.6628108e-05,0.00018291317,1.0177599e-06,9.2768104e-07,7.1907409e-07,3.5489522e-07,3,3,3,3,0.00094069266,-8.5991754e-07,1.1209287
799,2.3785339e-05,2.1763245e-05,1.6475744e-05,0.00018204289,1.0136829e-06,9.2053763e-07,7.1265496e-07,3.3998607e-07,3,3,3,3,0.00090117971,-1.2893955e-06,1.1209274
800,2.3663578e-05,2.162387e-05,1.6351433e-05,0.00018134697,1.0101194e-06,9.1512337e-07,7.0782677e-07,3.1089625e-07,3,3,3,3,0.00082407802,-8.6877114e-06,1.1209187
801,2.3537462e-05,2.1466848e-05,1.6209468e-05,0.00018051325,1.0061608e-06,9.0879013e-07,7.0192117e-07,3.1265645e-07,3,3,3,3,0.00082874754,-9.1656179e-06,1.1209095
802,2.3424998e-05,2.1337566e-05,1.6092721e-05,0.0001798509,1.0028343e-06,9.0414272e-07,6.973943e-07,3.4540278e-07,3,3,3,3,0.00091555128,-1.9631461e-06,1.1209076
803,2.3308781e-05,2.1193108e-05,1.5961472e-05,0.00017907643,9.9924481e-07,8.9856512e-07,6.9211054e-07,3.1092976e-07,3,3,3,3,0.00082417912,-1.0348492e-05,1.1208972
804,2.3196879e-05,2.1069318e-05,1.5851202e-05,0.00017841337,9.9601072e-07,8.942343e-07,6.8798833e-07,3.4861934e-07,3,3,3,3,0.00092408675,-2.6147349e-06,1.1208946
805,2.3089148e-05,2.094151e-05,1.5737238e-05,0.00017774881,9.9271634e-07,8.8950812e-07,6.8353015e-07,3.0387179e-07,3,3,3,3,0.00080547878,-1.0026324e-05,1.1208846
806,2.2978207e-05,2.0815432e-05,1.5626516e-05,0.00017703839,9.8919526e-07,8.8501604e-07,6.7924373e-07,3.0405857e-07,3,3,3,3,0.00080597745,-1.03607e-05,1.1208742
807,2.2878493e-05,2.0710656e-05,1.553456e-05,0.00017640956,9.8599248e-07,8.8158452e-07,6.7585661e-07,3.5905853e-07,3,3,3,3,0.0009517717,-1.8974587e-06,1.1208723
808,2.2780154e-05,2.0597065e-05,1.5434071e-05,0.00017572918,9.8264723e-07,8.7748594e-07,6.7197384e-07,3.0149584e-07,3,3,3,3,0.00079919224,-9.6962988e-06,1.1208626
809,2.2676197e-05,2.0483031e-05,1.5334009e-05,0.00017500245,9.7902854e-07,8.7349049e-07,6.6805361e-07,3.0121107e-07,3,3,3,3,0.00079844079,-9.7416126e-06,1.1208529
810,2.258205e-05,2.0391147e-05,1.525295e-05,0.00017435555,9.757261e-07,8.7062928e-07,6.650772e-07,3.485965e-07,3,3,3,3,0.00092405245,-2.8248139e-06,1.1208501
811,2.2490697e-05,2.0301298e-05,1.5173497e-05,0.00017369154,9.7247797e-07,8.6756441e-07,6.6207298e-07,2.9766173e-07,3,3,3,3,0.00078903978,-9.0722627e-06,1.120841
812,2.2392348e-05,2.0204404e-05,1.5085607e-05,0.00017295749,9.6908683e-07,8.641405e-07,6.5863353e-07,2.9741128e-07,3,3,3,3,0.00078837912,-9.0624055e-06,1.1208319
813,2.2303748e-05,2.0123195e-05,1.5007883e-05,0.00017229352,9.660397e-07,8.6142125e-07,6.5565561e-07,2.9809306e-07,3,3,3,3,0.00079018956,-9.6880223e-06,1.1208222
814,2.2220205e-05,2.0051045e-05,1.4939919e-05,0.00017165024,9.6320392e-07,8.5932179e-07,6.5308398e-07,3.4468974e-07,3,3,3,3,0.00091371242,-3.3185962e-06,1.1208189
815,2.2140104e-05,1.9978455e-05,1.4870054e-05,0.00017095959,9.6041022e-07,8.5702244e-07,6.5034267e-07,2.9621812e-07,3,3,3,3,0.00078522649,-9.0796588e-06,1.1208098
816,2.2052881e-05,1.9900959e-05,1.4795215e-05,0.0001702229,9.5732063e-07,8.5463077e-07,6.4729321e-07,2.9543407e-07,3,3,3,3,0.00078315118,-8.2775319e-06,1.1208016
817,2.1974139e-05,1.9838879e-05,1.4729682e-05,0.00016954498,9.5456974e-07,8.5290294e-07,6.4465075e-07,2.9320803e-07,3,3,3,3,0.0007772533,-8.6373758e-06,1.1207929
818,2.189933e-05,1.978509e-05,1.4669541e-05,0.00016888129,9.5207667e-07,8.5160281e-07,6.4227095e-07,2.9182303e-07,3,3,3,3,0.00077358484,-8.3903329e-06,1.1207845
819,2.1827317e-05,1.9733485e-05,1.4609319e-05,0.0001682082,9.4964296e-07,8.5033765e-07,6.3988648e-07,2.8184191e-07,3,3,3,3,0.00074712909,-1.5481328e-05,1.1207691
820,2.1755571e-05,1.9678464e-05,1.4546579e-05,0.00016749818,9.4714298e-07,8.48879e-07,6.3738137e-07,3.5982606e-07,3,3,3,3,0.00095385916,-3.5662202e-06,1.1207655
821,2.1693465e-05,1.9637512e-05,1.4493574e-05,0.00016688336,9.4491996e-07,8.4784632e-07,6.3537377e-07,2.8904817e-07,3,3,3,3,0.00076623863,-9.7091261e-06,1.1207558
822,2.1618217e-05,1.9584434e-05,1.4431208e-05,0.00016614661,9.4227708e-07,8.4640519e-07,6.3292366e-07,2.7863471e-07,3,3,3,3,0.00073863631,-1.4265376e-05,1.1207415
823,2.1549014e-05,1.9540526e-05,1.4375967e-05,0.00016542716,9.3978338e-07,8.4533408e-07,6.3086247e-07,2.975115e-07,3,3,3,3,0.00078867979,-7.9248257e-06,1.1207336
824,2.1485796e-05,1.9495003e-05,1.4312181e-05,0.00016470488,9.3742423e-07,8.4393199e-07,6.2831513e-07,2.9942324e-07,3,3,3,3,0.0007937505,-7.3296652e-06,1.1207263
825,2.1423872e-05,1.9456666e-05,1.4252392e-05,0.00016400856,9.351422e-07,8.4276385e-07,6.2591096e-07,2.7798008e-07,3,3,3,3,0.00073690873,-1.3306968e-05,1.120713
826,2.1358039e-05,1.9418945e-05,1.4196452e-05,0.00016325672,9.3272055e-07,8.4167621e-07,6.2375175e-07,2.9522366e-07,3,3,3,3,0.00078262312,-8.1859545e-06,1.1207048
827,2.1293826e-05,1.9389661e-05,1.4146526e-05,0.00016252582,9.3039921e-07,8.4099586e-07,6.2193757e-07,2.7459093e-07,3,3,3,3,0.0007279293,-1.451973e-05,1.1206903
828,2.1226352e-05,1.9353685e-05,1.4090089e-05,0.00016173315,9.2787958e-07,8.3992369e-07,6.1980555e-07,2.9075553e-07,3,3,3,3,0.00077078359,-9.1793238e-06,1.1206811
829,2.1161009e-05,1.9323818e-05,1.4037343e-05,0.00016095988,9.2552936e-07,8.3910593e-07,6.178492e-07,3.3346772e-07,3,3,3,3,0.00088401536,-2.71547e-06,1.1206784
830,2.1093409e-05,1.9280393e-05,1.3973764e-05,0.00016015043,9.2286636e-07,8.3742592e-07,6.1533403e-07,2.7444253e-07,3,3,3,3,0.0007275442,-1.1247241e-05,1.1206671
831,2.1019293e-05,1.9239753e-05,1.3914958e-05,0.00015931724,9.2021112e-07,8.3614303e-07,6.1314535e-07,2.740069e-07,3,3,3,3,0.00072639176,-9.9552509e-06,1.1206572
832,2.0946408e-05,1.9202159e-05,1.3857882e-05,0.00015845287,9.1762374e-07,8.3493831e-07,6.1097939e-07,2.7224299e-07,3,3,3,3,0.00072171797,-1.0445858e-05,1.1206467
833,2.0873147e-05,1.9163104e-05,1.3797261e-05,0.00015756141,9.1491884e-07,8.3359938e-07,6.0855859e-07,2.6934755e-07,3,3,3,3,0.00071404446,-1.2079836e-05,1.1206346
834,2.0796797e-05,1.9119397e-05,1.3732005e-05,0.00015663489,9.1204769e-07,8.3209302e-07,6.0585596e-07,3.0119093e-07,3,3,3,3,0.00079846434,-6.1493444e-06,1.1206285
835,2.071792e-05,1.9068421e-05,1.3655173e-05,0.00015571495,9.0890228e-07,8.3008143e-07,6.0246888e-07,2.9397265e-07,3,3,3,3,0.00077933107,-6.2992512e-06,1.1206222
836,2.0635528e-05,1.9029161e-05,1.3594676e-05,0.00015479695,9.0574187e-07,8.290472e-07,6.0007774e-07,2.6237813e-07,3,3,3,3,0.0006955752,-1.204425e-05,1.1206101
837,2.0546819e-05,1.8978674e-05,1.3525593e-05,0.00015377769,9.0226485e-07,8.2734081e-07,5.9717363e-07,2.6145453e-07,3,3,3,3,0.00069312884,-1.2571318e-05,1.1205976
838,2.0458631e-05,1.8925734e-05,1.3452912e-05,0.00015273336,8.9878431e-07,8.2549609e-07,5.940891e-07,2.6185057e-07,3,3,3,3,0.00069418087,-1.4559977e-05,1.120583
839,2.0368192e-05,1.8870951e-05,1.3377136e-05,0.00015167576,8.9523559e-07,8.2361625e-07,5.9083358e-07,3.3482306e-07,3,3,3,3,0.00088763777,-1.6630298e-06,1.1205813
840,2.0274752e-05,1.8811394e-05,1.3295725e-05,0.00015065083,8.9137153e-07,8.2138842e-07,5.8724125e-07,2.5734336e-07,3,3,3,3,0.000682237,-1.327543e-05,1.1205681
841,2.0172891e-05,1.8751712e-05,1.3216627e-05,0.00014954221,8.8740172e-07,8.1952941e-07,5.8390529e-07,2.5477449e-07,3,3,3,3,0.00067542872,-1.2543333e-05,1.1205555
842,2.0071496e-05,1.8693937e-05,1.3134952e-05,0.00014840736,8.8343573e-07,8.1761882e-07,5.8043077e-07,2.7316084e-07,3,3,3,3,0.00072417459,-6.3325629e-06,1.1205492
843,1.9969721e-05,1.863194e-05,1.3042069e-05,0.00014725639,8.7938956e-07,8.1537304e-07,5.7632131e-07,2.5191301e-07,3,3,3,3,0.00066784661,-1.1732361e-05,1.1205375
844,1.9865114e-05,1.8572684e-05,1.2953093e-05,0.00014611495,8.7530328e-07,8.1351066e-07,5.7248494e-07,2.7284353e-07,3,3,3,3,0.00072333755,-6.032035e-06,1.1205314
845,1.9760973e-05,1.8521587e-05,1.2868568e-05,0.00014501384,8.7121049e-07,8.1208693e-07,5.6891831e-07,2.47162e-07,3,3,3,3,0.00065525494,-1.1792605e-05,1.1205196
846,1.9652366e-05,1.8467152e-05,1.2779495e-05,0.00014386966,8.6690167e-07,8.1040882e-07,5.6509353e-07,3.0170044e-07,3,3,3,3,0.0007998448,-3.4462128e-07,1.1205193
847,1.9541377e-05,1.8408747e-05,1.2682442e-05,0.00014274476,8.6226729e-07,8.0845119e-07,5.6080363e-07,2.4156776e-07,3,3,3,3,0.00064042806,-9.7475091e-06,1.1205095
848,1.9426951e-05,1.835225e-05,1.2587942e-05,0.00014161563,8.576145e-07,8.0686522e-07,5.5668412e-07,2.4071761e-07,3,3,3,3,0.00063817589,-9.7917562e-06,1.1204998
849,1.9315812e-05,1.8301718e-05,1.2493357e-05,0.00014050024,8.5305767e-07,8.055053e-07,5.5251057e-07,2.5993571e-07,3,3,3,3,0.00068912754,-5.2953823e-06,1.1204945
850,1.9206567e-05,1.8258439e-05,1.2398673e-05,0.000139446,8.4852261e-07,8.04484e-07,5.4828839e-07,2.7753288e-07,3,3,3,3,0.00073578216,-4.296871e-08,1.1204944
851,1.9090789e-05,1.8213193e-05,1.2304306e-05,0.00013837695,8.4369487e-07,8.0336207e-07,5.4405495e-07,2.349303e-07,3,3,3,3,0.00062283829,-8.382851e-06,1.120486
852,1.8976074e-05,1.8168715e-05,1.2208713e-05,0.00013731617,8.3889865e-07,8.0225946e-07,5.3975135e-07,2.3406223e-07,3,3,3,3,0.00062053848,-8.6028892e-06,1.1204774
853,1.8863877e-05,1.8125792e-05,1.2112815e-05,0.00013628166,8.3419168e-07,8.0114535e-07,5.3542486e-07,2.5501554e-07,3,3,3,3,0.00067609094,-4.7278733e-06,1.1204727
854,1.875778e-05,1.8092715e-05,1.2023843e-05,0.00013532719,8.2984043e-07,8.0048344e-07,5.3139379e-07,2.5093523e-07,3,3,3,3,0.00066527505,-5.2563657e-06,1.1204674
855,1.8653414e-05,1.8062268e-05,1.1939551e-05,0.0001344033,8.2570105e-07,7.9991969e-07,5.2751831e-07,2.9021561e-07,3,3,3,3,0.00076941649,4.001343e-07,1.1204678
856,1.8545962e-05,1.8010582e-05,1.1836148e-05,0.00013342144,8.2126901e-07,7.97957e-07,5.2250219e-07,2.2637392e-07,3,3,3,3,0.00060016219,-8.2440213e-06,1.1204596
857,1.8442295e-05,1.7967032e-05,1.1747371e-05,0.00013251893,8.1724425e-07,7.9675853e-07,5.1834495e-07,2.2565014e-07,3,3,3,3,0.00059824478,-8.843256e-06,1.1204508
858,1.8345112e-05,1.792685e-05,1.1661454e-05,0.000131636,8.1337634e-07,7.9559441e-07,5.1429386e-07,2.7294681e-07,3,3,3,3,0.0007236397,-1.3705841e-07,1.1204506
859,1.8251173e-05,1.7895824e-05,1.1585585e-05,0.00013085825,8.0952002e-07,7.9481092e-07,5.1073715e-07,2.4199662e-07,3,3,3,3,0.0006415864,-4.236848e-06,1.1204464
860,1.8154293e-05,1.7848165e-05,1.1494258e-05,0.00013000963,8.0549328e-07,7.9309677e-07,5.0638876e-07,2.2136245e-07,3,3,3,3,0.00058688215,-8.750709e-06,1.1204376
861,1.806031e-05,1.7803811e-05,1.1410781e-05,0.00012923381,8.0156036e-07,7.9154127e-07,5.0243152e-07,2.3982273e-07,3,3,3,3,0.00063582607,-4.6605354e-06,1.120433
862,1.7968791e-05,1.7765947e-05,1.1333959e-05,0.00012853413,7.9772369e-07,7.9032663e-07,4.9885045e-07,2.5902464e-07,3,3,3,3,0.00068673651,-2.3614481e-07,1.1204327
863,1.7871774e-05,1.7715154e-05,1.1249738e-05,0.00012779482,7.9358639e-07,7.8837777e-07,4.9487562e-07,2.1635254e-07,3,3,3,3,0.00057360438,-8.5521189e-06,1.1204242
864,1.7777449e-05,1.7665395e-05,1.1172163e-05,0.00012709759,7.8958499e-07,7.8658124e-07,4.9129581e-07,2.3457615e-07,3,3,3,3,0.00062192116,-4.247994e-06,1.1204199
865,1.7685978e-05,1.7621274e-05,1.1101289e-05,0.00012644874,7.85655e-07,7.8505144e-07,4.880764e-07,2.5628073e-07,3,3,3,3,0.00067946719,-1.4435062e-07,1.1204198
866,1.7586961e-05,1.7563497e-05,1.1022919e-05,0.00012578014,7.81289e-07,7.8275511e-07,4.8441768e-07,2.1146355e-07,3,3,3,3,0.00056064694,-7.7138618e-06,1.1204121
867,1.7489476e-05,1.750594e-05,1.0949808e-05,0.00012512938,7.7709104e-07,7.8056904e-07,4.8103859e-07,2.3869968e-07,3,3,3,3,0.00063285877,-1.9121946e-07,1.1204119
868,1.7391685e-05,1.7454542e-05,1.0886085e-05,0.00012454446,7.7282758e-07,7.7866263e-07,4.7808813e-07,2.0853837e-07,3,3,3,3,0.00055289449,-7.5689336e-06,1.1204043
869,1.729142e-05,1.7391274e-05,1.0815125e-05,0.00012391457,7.6848433e-07,7.7614599e-07,4.7480429e-07,2.2997181e-07,3,3,3,3,0.00060972208,-4.0095975e-06,1.1204003
870,1.7192487e-05,1.7328633e-05,1.0743426e-05,0.00012333195,7.641122e-07,7.7355333e-07,4.7147495e-07,2.2775806e-07,3,3,3,3,0.00060385426,-4.8354515e-06,1.1203955
871,1.709148e-05,1.7273012e-05,1.0685757e-05,0.00012278943,7.5979136e-07,7.7147802e-07,4.688759e-07,2.5010465e-07,3,3,3,3,0.00066310338,-5.5651999e-07,1.1203949
872,1.6979567e-05,1.7193579e-05,1.0608845e-05,0.00012213821,7.549047e-07,7.6797749e-07,4.6524471e-07,2.3683751e-07,3,3,3,3,0.00062793026,-4.0365484e-07,1.1203945
873,1.687111e-05,1.7125208e-05,1.0548581e-05,0.00012160029,7.5014776e-07,7.6517808e-07,4.62645e-07,1.9823278e-07,3,3,3,3,0.00052557872,-5.5544865e-06,1.120389
874,1.6760239e-05,1.7048519e-05,1.048619e-05,0.00012099574,7.4531264e-07,7.6195593e-07,4.5996084e-07,1.9800554e-07,3,3,3,3,0.00052497752,-6.2270345e-06,1.1203827
875,1.6651488e-05,1.6971889e-05,1.0424621e-05,0.00012040866,7.4055949e-07,7.5863926e-07,4.5728762e-07,2.1790689e-07,3,3,3,3,0.00057774395,-4.2667709e-06,1.1203785
876,1.6543362e-05,1.6898538e-05,1.0367138e-05,0.00011988268,7.3574823e-07,7.5551846e-07,4.5483147e-07,2.2976891e-07,3,3,3,3,0.00060919569,-5.4004248e-07,1.1203779
877,1.6424526e-05,1.6812568e-05,1.0304492e-05,0.00011931211,7.304441e-07,7.517935e-07,4.5210545e-07,2.1206274e-07,3,3,3,3,0.00056225245,-5.1358935e-06,1.1203728
878,1.630941e-05,1.6736192e-05,1.0254996e-05,0.00011878345,7.2533564e-07,7.4863773e-07,4.5010292e-07,2.3358563e-07,3,3,3,3,0.0006193188,-6.515869e-07,1.1203721
879,1.6189059e-05,1.6645741e-05,1.0194009e-05,0.00011823096,7.1986319e-07,7.4456644e-07,4.4745256e-07,1.8844297e-07,3,3,3,3,0.0004996312,-8.0669978e-06,1.1203641
880,1.6071139e-05,1.6559769e-05,1.0141679e-05,0.00011767879,7.1459726e-07,7.4084506e-07,4.4531999e-07,2.2128916e-07,3,3,3,3,0.00058671998,-1.0415089e-06,1.120363
881,1.5953541e-05,1.6479633e-05,1.00949e-05,0.00011717439,7.0928732e-07,7.3736603e-07,4.4343442e-07,2.0285061e-07,3,3,3,3,0.00053783433,-4.4730631e-06,1.1203586
882,1.5835167e-05,1.6390897e-05,1.0037597e-05,0.0001166078,7.0392132e-07,7.3334061e-07,4.4096596e-07,1.8451337e-07,3,3,3,3,0.00048921668,-9.0988983e-06,1.1203495
883,1.5717757e-05,1.6307848e-05,9.9900355e-06,0.00011609808,6.9861429e-07,7.2968199e-07,4.3904106e-07,2.2065292e-07,3,3,3,3,0.00058503826,-1.9799157e-06,1.1203475
884,1.5594851e-05,1.6220874e-05,9.9394639e-06,0.00011559148,6.9300089e-07,7.2581904e-07,4.3690083e-07,2.0144157e-07,3,3,3,3,0.00053410326,-6.0515956e-06,1.1203414
885,1.5474505e-05,1.6137144e-05,9.8926638e-06,0.0001150864,6.8748801e-07,7.2217864e-07,4.3497241e-07,2.1776875e-07,3,3,3,3,0.00057739491,-2.1841824e-06,1.1203392
886,1.5351339e-05,1.6046721e-05,9.8400031e-06,0.00011458599,6.817788e-07,7.181253e-07,4.3273736e-07,1.7632667e-07,3,3,3,3,0.00046751651,-9.1177888e-06,1.1203301
887,1.523272e-05,1.5959406e-05,9.7919967e-06,0.00011407707,6.7630543e-07,7.1425913e-07,4.3078084e-07,2.0940319e-07,3,3,3,3,0.00055521794,-1.7734303e-06,1.1203283
888,1.5114091e-05,1.5877572e-05,9.748929e-06,0.00011362972,6.7076401e-07,7.1059711e-07,4.2901247e-07,1.9366872e-07,3,3,3,3,0.00051350094,-5.2803747e-06,1.1203231
889,1.4997457e-05,1.5791719e-05,9.7005592e-06,0.00011314894,6.6530607e-07,7.0662765e-07,4.2695518e-07,2.0207368e-07,3,3,3,3,0.00053578783,-1.9789949e-06,1.1203211
890,1.4876889e-05,1.5705924e-05,9.6545164e-06,0.00011270483,6.5970475e-07,7.0267967e-07,4.249917e-07,1.7205237e-07,3,3,3,3,0.00045618954,-8.9937628e-06,1.1203121
891,1.4762306e-05,1.562308e-05,9.6116825e-06,0.00011225956,6.5429693e-07,6.9884946e-07,4.2318698e-07,2.0129954e-07,3,3,3,3,0.00053373877,-2.3847765e-06,1.1203097
892,1.4647837e-05,1.5544069e-05,9.5720733e-06,0.00011186706,6.4885492e-07,6.9519737e-07,4.2147485e-07,1.9197463e-07,3,3,3,3,0.00050901598,-6.2560745e-06,1.1203035
893,1.4540226e-05,1.5469269e-05,9.5361655e-06,0.00011148369,6.4368178e-07,6.9177252e-07,4.1990291e-07,2.0759081e-07,3,3,3,3,0.00055042365,-2.4626839e-06,1.120301
894,1.4428614e-05,1.5386789e-05,9.4948427e-06,0.00011109649,6.3834689e-07,6.8799395e-07,4.1800121e-07,1.9792119e-07,3,3,3,3,0.00052478686,-2.4553741e-06,1.1202985
895,1.4323607e-05,1.531654e-05,9.4663982e-06,0.00011077417,6.332834e-07,6.8494757e-07,4.1676781e-07,1.6608062e-07,3,3,3,3,0.00044036345,-8.7764461e-06,1.1202898
896,1.4221523e-05,1.5244579e-05,9.4367173e-06,0.0001104222,6.2835669e-07,6.8182052e-07,4.1550371e-07,1.8905239e-07,3,3,3,3,0.0005012748,-6.3425573e-06,1.1202834
897,1.4126847e-05,1.5187024e-05,9.4184912e-06,0.00011015361,6.2365818e-07,6.794767e-07,4.1484533e-07,2.1393599e-07,3,3,3,3,0.00056725585,-2.3942016e-06,1.120281
898,1.4025737e-05,1.5119878e-05,9.3908481e-06,0.00010986883,6.186161e-07,6.7649931e-07,4.1361501e-07,2.0681568e-07,3,3,3,3,0.00054837848,-2.586891e-06,1.1202784
899,1.3933179e-05,1.5066246e-05,9.3772676e-06,0.00010966545,6.1392887e-07,6.7420467e-07,4.1319796e-07,1.8222074e-07,3,3,3,3,0.00048316619,-6.4194348e-06,1.120272
900,1.3844416e-05,1.5010783e-05,9.3636011e-06,0.00010942339,6.0941305e-07,6.7178875e-07,4.127552e-07,1.972183e-07,3,3,3,3,0.00052293469,-2.7259387e-06,1.1202693
901,1.3757566e-05,1.4959369e-05,9.3541996e-06,0.00010925497,6.0496892e-07,6.6947178e-07,4.1246053e-07,1.8100789e-07,3,3,3,3,0.00047995387,-6.1199011e-06,1.1202632
902,1.3681021e-05,1.4919273e-05,9.3533246e-06,0.00010911639,6.009019e-07,6.6762214e-07,4.1255187e-07,2.06853e-07,3,3,3,3,0.00054848579,-2.4954351e-06,1.1202607
903,1.3601994e-05,1.4873014e-05,9.3466129e-06,0.00010900121,5.9663584e-07,6.6533773e-07,4.1225703e-07,1.9886357e-07,3,3,3,3,0.00052730345,-2.6685008e-06,1.120258
904,1.3529048e-05,1.4837853e-05,9.3514107e-06,0.00010893904,5.9264565e-07,6.6356231e-07,4.125651e-07,1.81916e-07,3,3,3,3,0.00048236756,-6.5057631e-06,1.1202515
905,1.3459122e-05,1.4795266e-05,9.3486928e-06,0.00010882401,5.8873774e-07,6.6125048e-07,4.1243869e-07,1.9611094e-07,3,3,3,3,0.00052000869,-2.9606819e-06,1.1202485
906,1.3388897e-05,1.4754735e-05,9.3485563e-06,0.00010877583,5.8483898e-07,6.5905108e-07,4.1241667e-07,1.929634e-07,3,3,3,3,0.00051166483,-2.7449802e-06,1.1202458
907,1.3326117e-05,1.4720052e-05,9.3542368e-06,0.00010875845,5.8117524e-07,6.5712722e-07,4.126762e-07,1.8174626e-07,3,3,3,3,0.00048192332,-6.4476963e-06,1.1202393
908,1.326938e-05,1.4685725e-05,9.3598743e-06,0.00010873845,5.7772004e-07,6.5520587e-07,4.1292118e-07,1.9979479e-07,3,3,3,3,0.00052978324,-3.5697176e-06,1.1202358
909,1.3208751e-05,1.4644432e-05,9.3584756e-06,0.00010870772,5.7410288e-07,6.5291213e-07,4.1277202e-07,1.9787403e-07,3,3,3,3,0.00052469239,-3.0940702e-06,1.1202327
910,1.315574e-05,1.4609396e-05,9.3638763e-06,0.0001087211,5.7079553e-07,6.50904e-07,4.129836e-07,1.8750069e-07,3,3,3,3,0.00049718809,-3.1269413e-06,1.1202296
911,1.3105221e-05,1.457499e-05,9.3708029e-06,0.00010872148,5.6765607e-07,6.4892685e-07,4.1324143e-07,1.8139291e-07,3,3,3,3,0.00048099437,-6.2431503e-06,1.1202233
912,1.3059668e-05,1.4535703e-05,9.3717181e-06,0.00010868425,5.6473796e-07,6.4661535e-07,4.1315366e-07,1.9114483e-07,3,3,3,3,0.00050685516,-2.9765436e-06,1.1202203
913,1.3010659e-05,1.4495559e-05,9.3726309e-06,0.00010868027,5.6176689e-07,6.443317e-07,4.1307861e-07,1.9165069e-07,3,3,3,3,0.00050819876,-2.7269291e-06,1.1202176
914,1.2965237e-05,1.4456828e-05,9.3738091e-06,0.00010867501,5.589716e-07,6.4203553e-07,4.1299794e-07,1.86804e-07,3,3,3,3,0.00049534901,-2.0814689e-06,1.1202155
915,1.2923068e-05,1.4418591e-05,9.3771235e-06,0.00010867044,5.5635808e-07,6.398121e-07,4.1303916e-07,1.7874093e-07,3,3,3,3,0.00047397018,-5.263135e-06,1.1202103
916,1.288527e-05,1.4381393e-05,9.3824191e-06,0.00010864346,5.5395002e-07,6.3764335e-07,4.1319625e-07,1.9793458e-07,3,3,3,3,0.00052486828,-1.7497612e-06,1.1202085
917,1.2842592e-05,1.4334873e-05,9.377496e-06,0.00010860096,5.5133006e-07,6.3494477e-07,4.128119e-07,1.9552685e-07,3,3,3,3,0.00051848596,-2.3782079e-06,1.1202061
918,1.2803915e-05,1.4293639e-05,9.3781437e-06,0.0001085823,5.4890489e-07,6.3259222e-07,4.1274567e-07,1.858712e-07,3,3,3,3,0.00049288396,-1.8841346e-06,1.1202043
919,1.276605e-05,1.4252457e-05,9.3801318e-06,0.00010853938,5.466088e-07,6.3026331e-07,4.1274183e-07,1.802434e-07,3,3,3,3,0.00047796256,-5.1071767e-06,1.1201991
920,1.27312e-05,1.420635e-05,9.3770667e-06,0.00010845006,5.444812e-07,6.2764758e-07,4.1247684e-07,1.8955914e-07,3,3,3,3,0.00050266761,-2.0754041e-06,1.1201971
921,1.2690383e-05,1.4156634e-05,9.3715914e-06,0.00010836582,5.4222092e-07,6.2494257e-07,4.1209458e-07,1.8949621e-07,3,3,3,3,0.00050250301,-1.3621217e-06,1.1201957
922,1.2653752e-05,1.4109065e-05,9.3685283e-06,0.00010828282,5.4019064e-07,6.2231075e-07,4.1184976e-07,1.8033006e-07,3,3,3,3,0.00047819852,-1.5971407e-06,1.1201941
923,1.2617986e-05,1.4061205e-05,9.3677935e-06,0.00010819107,5.3825929e-07,6.1975323e-07,4.1173872e-07,1.783838e-07,3,3,3,3,0.00047303955,-4.7286672e-06,1.1201894
924,1.2585715e-05,1.4009866e-05,9.365078e-06,0.00010805805,5.3648919e-07,6.1701071e-07,4.1152271e-07,1.8754836e-07,3,3,3,3,0.00049734416,-1.3805675e-06,1.120188
925,1.2548744e-05,1.3950847e-05,9.3554412e-06,0.00010792021,5.3459086e-07,6.1391957e-07,4.1094093e-07,1.860606e-07,3,3,3,3,0.00049340116,-1.3982847e-06,1.1201866
926,1.2517958e-05,1.3897854e-05,9.3522835e-06,0.00010780349,5.3296462e-07,6.1112383e-07,4.107266e-07,1.7811471e-07,3,3,3,3,0.00047233215,-1.496556e-06,1.1201851
927,1.2487222e-05,1.3842867e-05,9.3489264e-06,0.00010766347,5.3142038e-07,6.082411e-07,4.1049981e-07,1.7803922e-07,3,3,3,3,0.0004721341,-4.6801524e-06,1.1201804
928,1.2461537e-05,1.3786216e-05,9.3445912e-06,0.00010749379,5.3009715e-07,6.0523613e-07,4.1024312e-07,1.8317863e-07,3,3,3,3,0.00048576499,-1.0418094e-06,1.1201794
929,1.2431766e-05,1.3722635e-05,9.3338749e-06,0.00010731306,5.2867866e-07,6.0192745e-07,4.0967318e-07,1.8219737e-07,3,3,3,3,0.00048316504,-9.7681296e-07,1.1201784
930,1.2407727e-05,1.3663942e-05,9.3283381e-06,0.00010715189,5.2756153e-07,5.9885728e-07,4.0937597e-07,1.7568822e-07,3,3,3,3,0.00046590571,-4.6330227e-06,1.1201738
931,1.2387423e-05,1.360842e-05,9.3283169e-06,0.00010697337,5.2670884e-07,5.9597993e-07,4.0936427e-07,1.9176778e-07,3,3,3,3,0.00050854894,-8.2077195e-07,1.120173
932,1.2365185e-05,1.3541546e-05,9.3151723e-06,0.00010679255,5.2572486e-07,5.9243399e-07,4.086244e-07,1.8549031e-07,3,3,3,3,0.00049190401,-9.4276626e-07,1.120172
933,1.2350484e-05,1.3486405e-05,9.3146283e-06,0.00010665651,5.2507549e-07,5.8959078e-07,4.0860849e-07,1.7343465e-07,3,3,3,3,0.00045993558,-4.5285347e-06,1.1201675
934,1.2337562e-05,1.3423615e-05,9.3059666e-06,0.00010644189,5.2450659e-07,5.862753e-07,4.0813852e-07,1.8300734e-07,3,3,3,3,0.00048532354,-1.0887774e-06,1.1201664
935,1.2325908e-05,1.336275e-05,9.2993047e-06,0.00010628619,5.2403298e-07,5.8311538e-07,4.0775813e-07,1.7607233e-07,3,3,3,3,0.00046693447,-1.1401083e-06,1.1201653
936,1.2321516e-05,1.3308609e-05,9.2979381e-06,0.00010614475,5.2388596e-07,5.8029809e-07,4.0763818e-07,1.7387218e-07,3,3,3,3,0.0004611019,-4.2372991e-06,1.120161
937,1.2321179e-05,1.3249737e-05,9.2914467e-06,0.00010597674,5.2392126e-07,5.7721154e-07,4.0724412e-07,1.7660528e-07,3,3,3,3,0.0004683518,-1.2748229e-06,1.1201597
938,1.2321186e-05,1.3189596e-05,9.2832759e-06,0.00010583035,5.2405735e-07,5.7408146e-07,4.0673417e-07,1.7333025e-07,3,3,3,3,0.00045966859,-4.7235668e-06,1.120155
939,1.2330899e-05,1.3143413e-05,9.2888153e-06,0.00010573317,5.2462998e-07,5.7170883e-07,4.0695459e-07,1.9328042e-07,3,3,3,3,0.0005125781,-1.2993309e-06,1.1201537
940,1.2338431e-05,1.3081679e-05,9.2768557e-06,0.00010559547,5.2505884e-07,5.6845615e-07,4.0621555e-07,1.854055e-07,3,3,3,3,0.00049169615,-1.550277e-06,1.1201522
941,1.2352441e-05,1.303213e-05,9.279429e-06,0.00010552615,5.2583125e-07,5.6604939e-07,4.0630606e-07,1.7032727e-07,3,3,3,3,0.00045171069,-4.5586148e-06,1.1201476
942,1.2365863e-05,1.297378e-05,9.2712556e-06,0.00010537763,5.2657807e-07,5.6309922e-07,4.057849e-07,1.7171449e-07,3,3,3,3,0.00045539139,-4.983705e-06,1.1201426
943,1.2387411e-05,1.2929402e-05,9.2775154e-06,0.0001053358,5.2767695e-07,5.6101037e-07,4.0607893e-07,1.9624893e-07,3,3,3,3,0.00052045942,-1.3990847e-06,1.1201412
944,1.240639e-05,1.28729e-05,9.2695272e-06,0.00010524921,5.2862391e-07,5.5812993e-07,4.0560159e-07,1.8601323e-07,3,3,3,3,0.00049331623,-1.6698505e-06,1.1201396
945,1.2432527e-05,1.2830457e-05,9.276662e-06,0.00010524536,5.2994393e-07,5.5613524e-07,4.0601131e-07,1.7013367e-07,3,3,3,3,0.00045120488,-4.6091349e-06,1.120135
946,1.2455769e-05,1.2775398e-05,9.2698292e-06,0.00010515548,5.3111978e-07,5.534245e-07,4.0564301e-07,1.7144948e-07,3,3,3,3,0.00045469626,-4.8416147e-06,1.1201301
947,1.248712e-05,1.2734555e-05,9.2758268e-06,0.00010516465,5.327066e-07,5.5154048e-07,4.0600305e-07,1.8588913e-07,3,3,3,3,0.00049299312,-1.7766619e-06,1.1201283
948,1.2516165e-05,1.2685813e-05,9.2737007e-06,0.00010513854,5.3422048e-07,5.4913376e-07,4.0589136e-07,1.7273199e-07,3,3,3,3,0.00045810132,-5.4243656e-06,1.1201229
949,1.255066e-05,1.2648434e-05,9.2822842e-06,0.00010515661,5.3604386e-07,5.4742319e-07,4.0639021e-07,1.9276209e-07,3,3,3,3,0.00051122496,-1.8775995e-06,1.120121
950,1.2586702e-05,1.2604411e-05,9.283378e-06,0.00010518081,5.3782756e-07,5.4525179e-07,4.064864e-07,1.7168022e-07,3,3,3,3,0.00045531568,-5.3944313e-06,1.1201156
951,1.2622861e-05,1.2564429e-05,9.2880256e-06,0.00010518538,5.3972363e-07,5.4341736e-07,4.0679936e-07,1.889832e-07,3,3,3,3,0.00050120705,-2.036041e-06,1.1201136
952,1.2662611e-05,1.2528121e-05,9.2959204e-06,0.00010525213,5.4179237e-07,5.4171604e-07,4.0726413e-07,1.7141139e-07,3,3,3,3,0.00045460637,-4.9850959e-06,1.1201086
953,1.2701297e-05,1.2488881e-05,9.2976492e-06,0.00010527896,5.438951e-07,5.3986993e-07,4.0741013e-07,1.7277161e-07,3,3,3,3,0.00045821555,-5.1596903e-06,1.1201035
954,1.2744373e-05,1.2461198e-05,9.3091136e-06,0.00010537524,5.4622752e-07,5.3870242e-07,4.080996e-07,1.9541613e-07,3,3,3,3,0.00051827401,-1.8603803e-06,1.1201016
955,1.2785913e-05,1.2427399e-05,9.3132786e-06,0.00010544711,5.4848207e-07,5.3715894e-07,4.0839373e-07,1.7292806e-07,3,3,3,3,0.00045863409,-5.3417343e-06,1.1200963
956,1.2825534e-05,1.2396134e-05,9.3180728e-06,0.00010551193,5.5073143e-07,5.3588929e-07,4.0875356e-07,1.7420518e-07,3,3,3,3,0.00046202291,-5.5859679e-06,1.1200907
957,1.2870553e-05,1.2375521e-05,9.3305145e-06,0.00010562956,5.5316616e-07,5.3514558e-07,4.0949402e-07,2.0302809e-07,3,3,3,3,0.0005384683,-1.8787301e-06,1.1200888
958,1.2915505e-05,1.2348899e-05,9.3358896e-06,0.00010572506,5.5553767e-07,5.3400784e-07,4.0987516e-07,1.6289861e-07,3,3,3,3,0.00043203925,-9.0525919e-06,1.1200797
959,1.2957642e-05,1.2323895e-05,9.3423723e-06,0.00010580274,5.5793246e-07,5.3306048e-07,4.103515e-07,1.8055815e-07,3,3,3,3,0.00047887749,-6.6334957e-06,1.1200731
960,1.3003953e-05,1.2303716e-05,9.3484838e-06,0.00010589155,5.6049199e-07,5.3227353e-07,4.1080069e-07,2.0162604e-07,3,3,3,3,0.00053475576,-2.1217908e-06,1.120071
961,1.3049787e-05,1.2287188e-05,9.3594726e-06,0.00010599682,5.6310505e-07,5.3174564e-07,4.1151178e-07,1.7918525e-07,3,3,3,3,0.00047523989,-6.1734964e-06,1.1200648
962,1.309233e-05,1.2264324e-05,9.3617771e-06,0.00010605853,5.6555701e-07,5.3084961e-07,4.1177417e-07,1.7716406e-07,3,3,3,3,0.00046988085,-5.6798738e-06,1.1200591
963,1.3138394e-05,1.2252073e-05,9.3727282e-06,0.00010616153,5.6819712e-07,5.3054833e-07,4.1253691e-07,1.6711486e-07,3,3,3,3,0.0004432295,-9.3506201e-06,1.1200498
964,1.3182693e-05,1.2237516e-05,9.3800852e-06,0.00010622337,5.7077958e-07,5.3007975e-07,4.1309532e-07,2.0845454e-07,3,3,3,3,0.00055287422,-1.9386002e-06,1.1200478
965,1.3230522e-05,1.2225763e-05,9.3870813e-06,0.00010631352,5.7346355e-07,5.2964785e-07,4.136294e-07,1.7945098e-07,3,3,3,3,0.00047595131,-5.8418848e-06,1.120042
966,1.3269817e-05,1.2208348e-05,9.3876589e-06,0.00010633642,5.7589685e-07,5.2898405e-07,4.1382527e-07,1.674003e-07,3,3,3,3,0.00044399117,-9.4145466e-06,1.1200326
967,1.3311169e-05,1.2197556e-05,9.3932629e-06,0.00010637541,5.7841388e-07,5.2864481e-07,4.1430298e-07,1.8348755e-07,3,3,3,3,0.00048666043,-6.5238767e-06,1.1200261
968,1.335515e-05,1.2194318e-05,9.4024057e-06,0.00010644311,5.8104194e-07,5.286859e-07,4.1493652e-07,2.0921266e-07,3,3,3,3,0.00055489235,-2.3196013e-06,1.1200237
969,1.3397364e-05,1.2186682e-05,9.4060936e-06,0.00010646173,5.8358154e-07,5.284637e-07,4.1527821e-07,1.6847512e-07,3,3,3,3,0.00044684631,-9.592075e-06,1.1200141
970,1.3433998e-05,1.2177877e-05,9.4082856e-06,0.00010645359,5.8594639e-07,5.282904e-07,4.1557142e-07,1.8190234e-07,3,3,3,3,0.00048246073,-5.9283159e-06,1.1200082
971,1.347231e-05,1.217103e-05,9.4072551e-06,0.00010643394,5.8830375e-07,5.2811588e-07,4.156704e-07,1.820503e-07,3,3,3,3,0.00048285459,-5.8789862e-06,1.1200023
972,1.3511588e-05,1.2172485e-05,9.4129113e-06,0.00010644012,5.907614e-07,5.2847921e-07,4.1615968e-07,1.7093798e-07,3,3,3,3,0.00045338255,-9.9643121e-06,1.1199924
973,1.3547674e-05,1.2170092e-05,9.4138662e-06,0.00010639094,5.9303485e-07,5.286053e-07,4.1637482e-07,2.1350672e-07,3,3,3,3,0.00056629014,-1.959028e-06,1.1199904
974,1.3585856e-05,1.2169863e-05,9.4143503e-06,0.00010636004,5.9528436e-07,5.2877111e-07,4.1656976e-07,1.6950382e-07,3,3,3,3,0.00044958154,-9.5480252e-06,1.1199809
975,1.3614939e-05,1.2166024e-05,9.4121507e-06,0.00010627645,5.9721094e-07,5.2893336e-07,4.1664602e-07,1.8282716e-07,3,3,3,3,0.00048492087,-5.6998195e-06,1.1199752
976,1.3645675e-05,1.2163068e-05,9.4048587e-06,0.00010616322,5.9910193e-07,5.2899985e-07,4.1643215e-07,1.8224828e-07,3,3,3,3,0.00048338677,-5.5091019e-06,1.1199697
977,1.3676903e-05,1.2167163e-05,9.403003e-06,0.00010608138,6.0104409e-07,5.2953825e-07,4.165643e-07,1.710278e-07,3,3,3,3,0.00045362731,-9.1316145e-06,1.1199605
978,1.3704513e-05,1.216865e-05,9.3978112e-06,0.00010594315,6.0281936e-07,5.298985e-07,4.1649329e-07,2.0562844e-07,3,3,3,3,0.00054540199,-1.5220548e-06,1.119959
979,1.3733322e-05,1.2172838e-05,9.392612e-06,0.00010581183,6.0456466e-07,5.3026918e-07,4.1641793e-07,1.6938566e-07,3,3,3,3,0.00044927427,-7.9067134e-06,1.1199511
980,1.3753485e-05,1.217296e-05,9.3841046e-06,0.00010564501,6.0595859e-07,5.3055158e-07,4.1618005e-07,1.6920825e-07,3,3,3,3,0.00044880478,-8.1789107e-06,1.1199429
981,1.377281e-05,1.2174277e-05,9.3738918e-06,0.00010545632,6.0723716e-07,5.3081222e-07,4.1583779e-07,1.8464801e-07,3,3,3,3,0.00048975802,-4.8725407e-06,1.119938
982,1.379321e-05,1.217667e-05,9.3597056e-06,0.00010527759,6.0853422e-07,5.3102363e-07,4.1524516e-07,1.8347039e-07,3,3,3,3,0.00048663564,-4.814898e-06,1.1199332
983,1.3810916e-05,1.2185024e-05,9.3517924e-06,0.00010510201,6.0977676e-07,5.3167101e-07,4.1503064e-07,1.6976834e-07,3,3,3,3,0.00045029344,-8.6855585e-06,1.1199245
984,1.3823326e-05,1.2187845e-05,9.3387252e-06,0.00010486232,6.1077107e-07,5.3198361e-07,4.1452462e-07,2.0528098e-07,3,3,3,3,0.0005444883,-8.1281207e-07,1.1199237
985,1.3834846e-05,1.2188821e-05,9.321641e-06,0.00010462403,6.116219e-07,5.3207187e-07,4.1382187e-07,1.6770613e-07,3,3,3,3,0.00044482582,-6.7677706e-06,1.119917
986,1.3838633e-05,1.2188294e-05,9.30494e-06,0.0001043607,6.1218549e-07,5.3229966e-07,4.1320063e-07,1.676301e-07,3,3,3,3,0.00044462507,-6.3422234e-06,1.1199106
987,1.3842309e-05,1.2189647e-05,9.2872563e-06,0.00010407441,6.1269805e-07,5.3257049e-07,4.1252619e-07,1.6806901e-07,3,3,3,3,0.00044579012,-6.9107259e-06,1.1199037
988,1.384493e-05,1.2191056e-05,9.2679029e-06,0.00010378387,6.1317043e-07,5.328394e-07,4.1174241e-07,1.8253948e-07,3,3,3,3,0.00048417283,-4.0653757e-06,1.1198996
989,1.3846908e-05,1.2194925e-05,9.2484557e-06,0.0001035081,6.1357477e-07,5.3325655e-07,4.1096138e-07,1.7913167e-07,3,3,3,3,0.00047513479,-4.1279672e-06,1.1198955
990,1.3845372e-05,1.2200925e-05,9.2324462e-06,0.00010321553,6.137841e-07,5.3381724e-07,4.1037834e-07,1.6706798e-07,3,3,3,3,0.0004431375,-7.1153423e-06,1.1198884
991,1.38392e-05,1.2200398e-05,9.2105293e-06,0.00010286551,6.1371232e-07,5.3400696e-07,4.0950377e-07,1.6710341e-07,3,3,3,3,0.00044323226,-7.7614359e-06,1.1198806
992,1.3831388e-05,1.2199679e-05,9.1877556e-06,0.00010251073,6.1354759e-07,5.3418971e-07,4.0856643e-07,2.203978e-07,3,3,3,3,0.00058459361,-1.8149556e-07,1.1198805
993,1.382451e-05,1.2202177e-05,9.1679798e-06,0.00010221254,6.1329206e-07,5.3443944e-07,4.0777364e-07,1.6458461e-07,3,3,3,3,0.00043655318,-5.8390196e-06,1.1198746
994,1.3807703e-05,1.2198613e-05,9.1444382e-06,0.00010182324,6.1275469e-07,5.3448452e-07,4.0679282e-07,1.6407853e-07,3,3,3,3,0.00043521154,-4.8503833e-06,1.1198698
995,1.3790976e-05,1.2195271e-05,9.1192764e-06,0.00010142006,6.1213576e-07,5.3445435e-07,4.0569692e-07,1.6424694e-07,3,3,3,3,0.00043565893,-4.6211418e-06,1.1198652
996,1.3772881e-05,1.2190406e-05,9.0915247e-06,0.00010102189,6.1141793e-07,5.3433745e-07,4.0446947e-07,1.6455761e-07,3,3,3,3,0.00043648367,-4.9889805e-06,1.1198602
997,1.3752619e-05,1.2183611e-05,9.06174e-06,0.00010062063,6.1055494e-07,5.341182e-07,4.0314258e-07,1.7980681e-07,3,3,3,3,0.0004769324,-1.7589895e-06,1.1198584
998,1.3729109e-05,1.2174687e-05,9.0286502e-06,0.00010023867,6.0941406e-07,5.3369642e-07,4.0157793e-07,1.7273206e-07,3,3,3,3,0.00045816755,-1.4234527e-06,1.119857
999,1.3701761e-05,1.2169119e-05,9.0019273e-06,9.9836794e-05,6.0821431e-07,5.3365654e-07,4.004309e-07,1.6141809e-07,3,3,3,3,0.00042815817,-2.8207907e-06,1.1198542
1000,1.3670677e-05,1.2157087e-05,8.968842e-06,9.938722e-05,6.0681215e-07,5.3318559e-07,3.9892948e-07,1.611876e-07,3,3,3,3,0.00042754743,-2.1774056e-06,1.119852
1001,1.3638393e-05,1.2143953e-05,8.9338297e-06,9.8934906e-05,6.0531046e-07,5.3265249e-07,3.973111e-07,1.6036515e-07,3,3,3,3,0.00042536653,-2.1681944e-06,1.1198498
1002,1.3604311e-05,1.2129608e-05,8.897317e-06,9.847965e-05,6.0370888e-07,5.3207738e-07,3.9563226e-07,1.5918519e-07,3,3,3,3,0.00042223733,-2.9326896e-06,1.1198469
1003,1.3567221e-05,1.2113726e-05,8.8596335e-06,9.8016143e-05,6.0195995e-07,5.314397e-07,3.9390341e-07,1.5847373e-07,3,3,3,3,0.00042035079,-4.1090131e-06,1.1198428
1004,1.3526503e-05,1.2095529e-05,8.8205816e-06,9.7542666e-05,6.0004523e-07,5.3072804e-07,3.9210978e-07,1.5802976e-07,3,3,3,3,0.00041917376,-5.9418347e-06,1.1198368
1005,1.3482915e-05,1.2075195e-05,8.7800222e-06,9.7059559e-05,5.9795673e-07,5.2990476e-07,3.9023634e-07,2.0688455e-07,3,3,3,3,0.00054876184,4.3715746e-07,1.1198373
1006,1.3437969e-05,1.2054269e-05,8.7398987e-06,9.6608804e-05,5.956957e-07,5.2899432e-07,3.8836698e-07,1.5480746e-07,3,3,3,3,0.00041062816,-5.3582175e-06,1.1198319
1007,1.3384896e-05,1.2026763e-05,8.6943644e-06,9.6077387e-05,5.9323699e-07,5.2790378e-07,3.8626114e-07,1.546963e-07,3,3,3,3,0.00041033389,-4.6955609e-06,1.1198272
1008,1.3331926e-05,1.1998758e-05,8.6468725e-06,9.5535561e-05,5.9069619e-07,5.267684e-07,3.8405717e-07,1.5457301e-07,3,3,3,3,0.00041000744,-4.4711329e-06,1.1198227
1009,1.327778e-05,1.1969161e-05,8.5971055e-06,9.4997985e-05,5.8809992e-07,5.2560087e-07,3.8172267e-07,1.64868e-07,3,3,3,3,0.00043731567,-1.000381e-06,1.1198217
1010,1.3220057e-05,1.1933688e-05,8.540245e-06,9.4452919e-05,5.8527466e-07,5.2407723e-07,3.7900082e-07,1.5203237e-07,3,3,3,3,0.00040326947,-2.9173276e-06,1.1198188
1011,1.3158666e-05,1.1899287e-05,8.4868464e-06,9.3890759e-05,5.8235642e-07,5.227444e-07,3.7650652e-07,1.5032868e-07,3,3,3,3,0.00039875093,-2.1285183e-06,1.1198167
1012,1.3094621e-05,1.1862892e-05,8.4320431e-06,9.3310538e-05,5.793063e-07,5.213351e-07,3.7395575e-07,1.4952957e-07,3,3,3,3,0.0003966318,-1.7055545e-06,1.119815
1013,1.3028445e-05,1.1824813e-05,8.3758816e-06,9.2715603e-05,5.761656e-07,5.1984945e-07,3.713473e-07,1.4879269e-07,3,3,3,3,0.00039467774,-1.6119839e-06,1.1198134
1014,1.2961053e-05,1.1786297e-05,8.3189682e-06,9.2111682e-05,5.7299915e-07,5.183552e-07,3.6870305e-07,1.4772733e-07,3,3,3,3,0.00039185237,-1.9038744e-06,1.1198115
1015,1.2892149e-05,1.1747111e-05,8.2611637e-06,9.1496973e-05,5.6976929e-07,5.1684928e-07,3.6600651e-07,1.4626713e-07,3,3,3,3,0.00038797967,-2.599745e-06,1.1198089
1016,1.2820733e-05,1.1706045e-05,8.2018516e-06,9.0867689e-05,5.6643414e-07,5.1527047e-07,3.6322616e-07,1.4474241e-07,3,3,3,3,0.00038393581,-3.708675e-06,1.1198052
1017,1.2746846e-05,1.1663224e-05,8.1411945e-06,9.022496e-05,5.6300781e-07,5.1359268e-07,3.6038681e-07,1.4385874e-07,3,3,3,3,0.00038159235,-5.2374913e-06,1.1197999
1018,1.2670894e-05,1.1618659e-05,8.0793686e-06,8.9572439e-05,5.5949681e-07,5.1182676e-07,3.5749146e-07,1.7520768e-07,3,3,3,3,0.0004647476,7.8990631e-08,1.1198
1019,1.2591389e-05,1.1568143e-05,8.0122164e-06,8.8929231e-05,5.5574264e-07,5.0970636e-07,3.5431217e-07,1.4061374e-07,3,3,3,3,0.00037298608,-4.9720496e-06,1.119795
1020,1.2509499e-05,1.1517365e-05,7.9468447e-06,8.8243308e-05,5.5201724e-07,5.0774469e-07,3.5130578e-07,1.3967047e-07,3,3,3,3,0.00037048454,-4.5704139e-06,1.1197905
1021,1.242833e-05,1.1467413e-05,7.881006e-06,8.7543463e-05,5.4831013e-07,5.0577847e-07,3.4828216e-07,1.3915833e-07,3,3,3,3,0.00036912657,-4.7067771e-06,1.1197858
1022,1.2346741e-05,1.1417426e-05,7.8143766e-06,8.684729e-05,5.4458846e-07,5.0384304e-07,3.4522618e-07,1.3848275e-07,3,3,3,3,0.00036733507,-5.2945762e-06,1.1197805
1023,1.2263986e-05,1.1367697e-05,7.7484608e-06,8.6151545e-05,5.408525e-07,5.0197983e-07,3.4221715e-07,1.5947432e-07,3,3,3,3,0.00042301726,1.9071228e-07,1.1197807
1024,1.2178732e-05,1.1319395e-05,7.6857119e-06,8.5470826e-05,5.3704867e-07,5.0017064e-07,3.393664e-07,1.3450972e-07,3,3,3,3,0.00035679754,-4.002892e-06,1.1197767
1025,1.2090974e-05,1.1265596e-05,7.6185171e-06,8.4755165e-05,5.3321133e-07,4.9811922e-07,3.363108e-07,1.3317685e-07,3,3,3,3,0.00035326253,-3.3617688e-06,1.1197733
1026,1.2004282e-05,1.1211923e-05,7.551671e-06,8.4041973e-05,5.2942085e-07,4.9606776e-07,3.3327502e-07,1.3238589e-07,3,3,3,3,0.00035116495,-3.3618758e-06,1.1197699
1027,1.1918796e-05,1.1159218e-05,7.4849161e-06,8.3338986e-05,5.2571748e-07,4.9405306e-07,3.3023473e-07,1.318047e-07,3,3,3,3,0.00034962384,-3.9714856e-06,1.119766
1028,1.1833588e-05,1.1107755e-05,7.4194852e-06,8.2639195e-05,5.2206326e-07,4.9212672e-07,3.2726887e-07,1.3093945e-07,3,3,3,3,0.00034732918,-5.049453e-06,1.1197609
1029,1.174907e-05,1.1057515e-05,7.3565124e-06,8.1945076e-05,5.1843669e-07,4.902453e-07,3.2441709e-07,1.4631297e-07,3,3,3,3,0.00038810949,5.8864795e-08,1.119761
1030,1.1661611e-05,1.1002866e-05,7.2905728e-06,8.1248269e-05,5.146678e-07,4.8809312e-07,3.2139059e-07,1.2737231e-07,3,3,3,3,0.00033786821,-4.9648174e-06,1.119756
1031,1.1576263e-05,1.0949579e-05,7.2276561e-06,8.0558787e-05,5.1105069e-07,4.8604931e-07,3.1853164e-07,1.2631516e-07,3,3,3,3,0.00033506452,-5.0672321e-06,1.1197509
1032,1.1493659e-05,1.0899465e-05,7.1675599e-06,7.98898e-05,5.0755789e-07,4.8411149e-07,3.1577466e-07,1.4565426e-07,3,3,3,3,0.00038636418,1.5209481e-07,1.1197511
1033,1.1409537e-05,1.0846397e-05,7.1061767e-06,7.924572e-05,5.0393246e-07,4.819978e-07,3.1292497e-07,1.2391827e-07,3,3,3,3,0.00032870772,-4.0992429e-06,1.119747
1034,1.1326712e-05,1.0793328e-05,7.0459378e-06,7.8597947e-05,5.0039452e-07,4.7989904e-07,3.1015702e-07,1.2280076e-07,3,3,3,3,0.00032574393,-4.0982838e-06,1.1197429
1035,1.1245211e-05,1.0742592e-05,6.9891734e-06,7.7973687e-05,4.9690373e-07,4.7788657e-07,3.0758955e-07,1.2202647e-07,3,3,3,3,0.00032369054,-4.9696567e-06,1.1197379
1036,1.1163762e-05,1.0692745e-05,6.9350648e-06,7.7380009e-05,4.934031e-07,4.759131e-07,3.0515442e-07,1.459884e-07,3,3,3,3,0.00038725322,7.4844941e-08,1.119738
1037,1.1079773e-05,1.0639657e-05,6.8798298e-06,7.6816056e-05,4.8973681e-07,4.7378174e-07,3.0265424e-07,1.3331743e-07,3,3,3,3,0.0003536426,8.1134743e-08,1.1197381
1038,1.0996506e-05,1.0589825e-05,6.8299366e-06,7.6271277e-05,4.8613912e-07,4.7186e-07,3.004359e-07,1.1736224e-07,3,3,3,3,0.00031131994,-2.8462169e-06,1.1197352
1039,1.0913714e-05,1.05355e-05,6.77672e-06,7.5710801e-05,4.8253341e-07,4.6968974e-07,2.9806334e-07,1.1700024e-07,3,3,3,3,0.00031036023,-2.4925995e-06,1.1197327
1040,1.0833392e-05,1.0482096e-05,6.7245483e-06,7.5185322e-05,4.7902093e-07,4.6753399e-07,2.95728e-07,1.1710662e-07,3,3,3,3,0.00031064296,-3.2380141e-06,1.1197295
1041,1.0753491e-05,1.0430162e-05,6.6740622e-06,7.4694151e-05,4.755047e-07,4.6540339e-07,2.9344686e-07,1.2874146e-07,3,3,3,3,0.00034150672,-2.0067383e-06,1.1197275
1042,1.0674553e-05,1.038592e-05,6.6317098e-06,7.4253849e-05,4.7201367e-07,4.636722e-07,2.9160066e-07,1.2763291e-07,3,3,3,3,0.00033856674,-3.7615413e-07,1.1197271
1043,1.059027e-05,1.033228e-05,6.5823744e-06,7.3777149e-05,4.6824526e-07,4.613745e-07,2.893837e-07,1.2800223e-07,3,3,3,3,0.00033954719,-3.7918709e-07,1.1197267
1044,1.0507776e-05,1.0279356e-05,6.5345142e-06,7.3334652e-05,4.644778e-07,4.590198e-07,2.8721805e-07,1.1110867e-07,3,3,3,3,0.00029473485,-3.2882209e-06,1.1197234
1045,1.0426869e-05,1.0228906e-05,6.4907868e-06,7.2906e-05,4.6082229e-07,4.5683181e-07,2.8531468e-07,1.111009e-07,3,3,3,3,0.00029471478,-3.9787214e-06,1.1197195
1046,1.0348684e-05,1.0182298e-05,6.4498261e-06,7.2498412e-05,4.5724657e-07,4.5477084e-07,2.8348872e-07,1.3926111e-07,3,3,3,3,0.00036941542,-1.1756058e-07,1.1197194
1047,1.0267373e-05,1.0133031e-05,6.4065282e-06,7.2134551e-05,4.5344797e-07,4.5253332e-07,2.8152743e-07,1.2873606e-07,3,3,3,3,0.00034149663,-2.6432662e-07,1.1197191
1048,1.0187103e-05,1.0088396e-05,6.3698778e-06,7.1778699e-05,4.4975559e-07,4.5057387e-07,2.7992e-07,1.0810172e-07,3,3,3,3,0.00028676085,-3.9844394e-06,1.1197151
1049,1.0106555e-05,1.0037279e-05,6.3285674e-06,7.1389621e-05,4.4600589e-07,4.4825553e-07,2.7808495e-07,1.1977016e-07,3,3,3,3,0.00031771427,-2.1076607e-06,1.119713
1050,1.0028557e-05,9.9889218e-06,6.2882532e-06,7.1037431e-05,4.4230346e-07,4.4598348e-07,2.7624723e-07,1.1790613e-07,3,3,3,3,0.00031277017,-3.2705459e-07,1.1197127
1051,9.9474269e-06,9.9390892e-06,6.2489183e-06,7.0689513e-05,4.3854765e-07,4.4373518e-07,2.7448514e-07,1.1596797e-07,3,3,3,3,0.00030762953,-2.2581131e-07,1.1197124
1052,9.8686072e-06,9.8912764e-06,6.212609e-06,7.0353953e-05,4.3486851e-07,4.4155071e-07,2.7286258e-07,1.0525316e-07,3,3,3,3,0.00027920687,-3.4412399e-06,1.119709
1053,9.7922353e-06,9.8447133e-06,6.1791117e-06,7.0022305e-05,4.3128536e-07,4.3940102e-07,2.7139718e-07,1.1762777e-07,3,3,3,3,0.00031203384,-1.2628603e-07,1.1197089
1054,9.7139727e-06,9.7957595e-06,6.1433432e-06,6.9699731e-05,4.2759118e-07,4.3707661e-07,2.6978524e-07,1.1561489e-07,3,3,3,3,0.00030669497,-1.9545089e-07,1.1197087
1055,9.6368157e-06,9.7485134e-06,6.1113391e-06,6.938959e-05,4.2396004e-07,4.3487053e-07,2.683836e-07,1.0921869e-07,3,3,3,3,0.00028972827,-1.6475517e-06,1.119707
1056,9.5616271e-06,9.7026229e-06,6.0810291e-06,6.9072013e-05,4.2045056e-07,4.3273787e-07,2.6707603e-07,1.1750632e-07,3,3,3,3,0.00031171382,-2.3379195e-07,1.1197068
1057,9.4837492e-06,9.6521666e-06,6.0477411e-06,6.8765764e-05,4.1680867e-07,4.3034852e-07,2.6562007e-07,1.1552637e-07,3,3,3,3,0.00030646227,-1.8712554e-07,1.1197066
1058,9.4089675e-06,9.6053882e-06,6.0196104e-06,6.8477442e-05,4.132922e-07,4.2817818e-07,2.6444845e-07,1.0734052e-07,3,3,3,3,0.00028474798,-1.5450868e-06,1.1197051
1059,9.3349342e-06,9.5569459e-06,5.9907202e-06,6.8168705e-05,4.0981188e-07,4.2591762e-07,2.632448e-07,1.1653748e-07,3,3,3,3,0.0003091459,-1.2117688e-07,1.1197049
1060,9.2595884e-06,9.5058341e-06,5.9615065e-06,6.7879864e-05,4.0628241e-07,4.2354249e-07,2.6201544e-07,1.138314e-07,3,3,3,3,0.0003019681,1.1931978e-07,1.1197051
1061,9.1865894e-06,9.4582024e-06,5.936634e-06,6.7600211e-05,4.0284464e-07,4.2135867e-07,2.6100309e-07,1.1016288e-07,3,3,3,3,0.00029223708,-1.9890412e-06,1.1197031
1062,9.1155871e-06,9.409892e-06,5.9110972e-06,6.7306542e-05,3.9945144e-07,4.1910756e-07,2.5996149e-07,1.1737902e-07,3,3,3,3,0.00031138055,-3.7977605e-07,1.1197027
1063,9.0422869e-06,9.3574013e-06,5.8828073e-06,6.7013184e-05,3.9597144e-07,4.1664846e-07,2.5875003e-07,1.1495305e-07,3,3,3,3,0.00030494576,-4.4727452e-07,1.1197022
1064,8.9722933e-06,9.3091645e-06,5.8596013e-06,6.6742035e-05,3.9261245e-07,4.1443384e-07,2.5780848e-07,1.0787468e-07,3,3,3,3,0.00028616911,-2.2870646e-06,1.1197
1065,8.9042943e-06,9.2601075e-06,5.8361414e-06,6.6445058e-05,3.8933785e-07,4.1217408e-07,2.5684873e-07,1.1668484e-07,3,3,3,3,0.00030954134,-9.4478815e-07,1.119699
1066,8.8344519e-06,9.2069706e-06,5.8096936e-06,6.6157681e-05,3.8597626e-07,4.0969065e-07,2.5571967e-07,1.1371003e-07,3,3,3,3,0.00030165057,-7.6356929e-07,1.1196983
1067,8.768252e-06,9.158023e-06,5.7882172e-06,6.5891476e-05,3.8276729e-07,4.0741275e-07,2.548472e-07,1.0653871e-07,3,3,3,3,0.00028262718,-5.8849707e-07,1.1196977
1068,8.7021131e-06,9.1083517e-06,5.7669871e-06,6.561218e-05,3.7960638e-07,4.0512052e-07,2.5399031e-07,1.0493903e-07,3,3,3,3,0.00027838425,-1.8781379e-06,1.1196958
1069,8.6384427e-06,9.0561793e-06,5.7427652e-06,6.5313903e-05,3.7649971e-07,4.0262127e-07,2.5295738e-07,1.0700631e-07,3,3,3,3,0.00028386901,-4.6914443e-07,1.1196953
1070,8.5730354e-06,9.0032384e-06,5.7197487e-06,6.5033331e-05,3.7336626e-07,4.0015247e-07,2.5200108e-07,1.0736195e-07,3,3,3,3,0.00028481322,-4.6433973e-07,1.1196949
1071,8.5099959e-06,8.9521332e-06,5.6986471e-06,6.4754227e-05,3.7033341e-07,3.9773796e-07,2.5111596e-07,1.0428719e-07,3,3,3,3,0.00027665713,-7.3626024e-07,1.1196941
1072,8.4472623e-06,8.9003582e-06,5.6779864e-06,6.4473165e-05,3.6730413e-07,3.9530214e-07,2.5023586e-07,1.0198014e-07,3,3,3,3,0.00027053762,-2.2621112e-06,1.1196919
1073,8.3887217e-06,8.853472e-06,5.6630445e-06,6.4197769e-05,3.6444914e-07,3.9314193e-07,2.4963488e-07,1.0180073e-07,3,3,3,3,0.0002700623,-1.0247446e-06,1.1196908
1074,8.3265534e-06,8.7977111e-06,5.6398638e-06,6.3905251e-05,3.6141769e-07,3.9048577e-07,2.4857516e-07,1.0666548e-07,3,3,3,3,0.00028296859,-5.468094e-07,1.1196903
1075,8.2681479e-06,8.7476166e-06,5.6235093e-06,6.3639227e-05,3.5858617e-07,3.8817694e-07,2.4789361e-07,1.0028523e-07,3,3,3,3,0.0002660434,-5.3657464e-07,1.1196897
1076,8.2100203e-06,8.696659e-06,5.6072993e-06,6.3361674e-05,3.5578608e-07,3.8580777e-07,2.4715995e-07,9.8636605e-08,3,3,3,3,0.00026167052,-2.1939111e-06,1.1196876
1077,8.1544078e-06,8.6435083e-06,5.5888942e-06,6.306721e-05,3.5302526e-07,3.8327024e-07,2.4628882e-07,1.0194155e-07,3,3,3,3,0.00027043877,-8.5777854e-07,1.1196867
1078,8.0971822e-06,8.5901048e-06,5.5721347e-06,6.2797617e-05,3.502183e-07,3.8077747e-07,2.4550852e-07,1.0252164e-07,3,3,3,3,0.00027197844,-8.9047309e-07,1.1196858
1079,8.0417978e-06,8.5366566e-06,5.5559782e-06,6.2531524e-05,3.4747241e-07,3.7823445e-07,2.4475579e-07,1.0059048e-07,3,3,3,3,0.00026685604,-6.865441e-07,1.1196851
1080,7.9886476e-06,8.483864e-06,5.5415042e-06,6.2270732e-05,3.4481461e-07,3.7572167e-07,2.4410726e-07,9.6597036e-08,3,3,3,3,0.00025626255,-6.9026029e-07,1.1196844
1081,7.9366468e-06,8.4310312e-06,5.5278159e-06,6.2013503e-05,3.4221969e-07,3.7321485e-07,2.435052e-07,9.4631411e-08,3,3,3,3,0.00025104862,-2.528754e-06,1.1196819
1082,7.8877284e-06,8.3781948e-06,5.5141699e-06,6.1753487e-05,3.3972216e-07,3.7067407e-07,2.4288935e-07,1.0136693e-07,3,3,3,3,0.00026891802,-1.018374e-06,1.1196809
1083,7.8371126e-06,8.3225052e-06,5.4985706e-06,6.1504614e-05,3.3717146e-07,3.6801641e-07,2.4215212e-07,1.0153877e-07,3,3,3,3,0.00026937466,-1.0368794e-06,1.1196798
1084,7.7892089e-06,8.2674001e-06,5.4837459e-06,6.126771e-05,3.3471555e-07,3.6532765e-07,2.4143305e-07,9.8114574e-08,3,3,3,3,0.00026029127,-8.2515182e-07,1.119679
1085,7.7427834e-06,8.213579e-06,5.4719135e-06,6.103569e-05,3.3234327e-07,3.6272326e-07,2.4087455e-07,9.0810341e-08,3,3,3,3,0.00024091431,-2.7055277e-06,1.1196763
1086,7.6976761e-06,8.1584648e-06,5.4594582e-06,6.0783857e-05,3.3002753e-07,3.6001021e-07,2.4024647e-07,1.0045583e-07,3,3,3,3,0.00026650387,-8.8893075e-07,1.1196754
1087,7.6521244e-06,8.1011168e-06,5.4443611e-06,6.0551386e-05,3.277337e-07,3.571517e-07,2.3944771e-07,9.9522436e-08,3,3,3,3,0.00026402839,-9.6957198e-07,1.1196745
1088,7.6101302e-06,8.0477562e-06,5.4334091e-06,6.0334225e-05,3.255893e-07,3.5449797e-07,2.388627e-07,9.433019e-08,3,3,3,3,0.00025025432,-1.4142953e-06,1.119673
1089,7.5681551e-06,7.9920556e-06,5.4207091e-06,6.0103592e-05,3.2347695e-07,3.5170092e-07,2.381744e-07,9.2254415e-08,3,3,3,3,0.00024474806,-2.5901744e-06,1.1196704
1090,7.5292498e-06,7.9371915e-06,5.4089861e-06,5.9873736e-05,3.2146619e-07,3.4891881e-07,2.3752834e-07,9.7949509e-08,3,3,3,3,0.00025985762,-8.7542857e-07,1.1196696
1091,7.4893884e-06,7.8787248e-06,5.3937848e-06,5.9637834e-05,3.1947381e-07,3.4595922e-07,2.3667741e-07,9.7191252e-08,3,3,3,3,0.00025784672,-9.4948383e-07,1.1196686
1092,7.4531846e-06,7.8234225e-06,5.3812444e-06,5.9423394e-05,3.1760243e-07,3.4313338e-07,2.3596542e-07,9.2648593e-08,3,3,3,3,0.00024579583,-9.112296e-07,1.1196677
1093,7.4179788e-06,7.7687247e-06,5.3693387e-06,5.9207377e-05,3.1579447e-07,3.4035459e-07,2.352968e-07,9.1821039e-08,3,3,3,3,0.00024360103,-2.7502291e-06,1.119665
1094,7.3850446e-06,7.7137485e-06,5.3565683e-06,5.8978365e-05,3.1407635e-07,3.3752601e-07,2.345927e-07,9.6534165e-08,3,3,3,3,0.00025610559,-9.8842839e-07,1.119664
1095,7.3512227e-06,7.655682e-06,5.340455e-06,5.8756024e-05,3.1237144e-07,3.3455392e-07,2.3371526e-07,9.6051466e-08,3,3,3,3,0.00025482572,-1.0323896e-06,1.1196629
1096,7.3207861e-06,7.601452e-06,5.3273996e-06,5.8549742e-05,3.1082663e-07,3.3177387e-07,2.3299752e-07,9.1113998e-08,3,3,3,3,0.00024172725,-1.1556612e-06,1.1196618
1097,7.2907883e-06,7.5471604e-06,5.314639e-06,5.8339182e-05,3.0933047e-07,3.2901546e-07,2.3231019e-07,8.9982843e-08,3,3,3,3,0.00023872694,-2.8516757e-06,1.1196589
1098,7.2624082e-06,7.4919169e-06,5.3008693e-06,5.811601e-05,3.0788766e-07,3.262092e-07,2.31589e-07,9.4086278e-08,3,3,3,3,0.0002496141,-1.1325384e-06,1.1196578
1099,7.2333817e-06,7.4351782e-06,5.2850762e-06,5.790412e-05,3.0646044e-07,3.2336028e-07,2.3077408e-07,9.3107309e-08,3,3,3,3,0.00024701756,-1.1766942e-06,1.1196566
1100,7.2063736e-06,7.3809605e-06,5.2704776e-06,5.770145e-05,3.0512199e-07,3.2063031e-07,2.3003106e-07,8.9026065e-08,3,3,3,3,0.00023619051,-9.0975892e-07,1.1196557
1101,7.1796749e-06,7.3279145e-06,5.2568097e-06,5.75003e-05,3.0382749e-07,3.180022e-07,2.2935562e-07,8.8553411e-08,3,3,3,3,0.00023493719,-2.7055297e-06,1.119653
1102,7.1535211e-06,7.2750048e-06,5.242816e-06,5.728657e-05,3.0254715e-07,3.15396e-07,2.2868072e-07,9.2857823e-08,3,3,3,3,0.00024635764,-8.149659e-07,1.1196522
1103,7.1265671e-06,7.2196955e-06,5.2255585e-06,5.7076236e-05,3.0127735e-07,3.1267792e-07,2.2782935e-07,9.2501297e-08,3,3,3,3,0.00024541243,-8.6242669e-07,1.1196513
1104,7.1021017e-06,7.1691721e-06,5.2116401e-06,5.6884202e-05,3.0010843e-07,3.1022628e-07,2.2716066e-07,8.9192097e-08,3,3,3,3,0.00023663354,-3.0121341e-06,1.1196483
1105,7.0774377e-06,7.1191323e-06,5.1981585e-06,5.6679966e-05,2.9892783e-07,3.0780891e-07,2.265234e-07,9.7226691e-08,3,3,3,3,0.00025795057,-1.1862788e-06,1.1196471
1106,7.0523787e-06,7.0657458e-06,5.1796746e-06,5.648291e-05,2.9775209e-07,3.0520415e-07,2.2562813e-07,9.4237553e-08,3,3,3,3,0.00025002083,-8.7415689e-07,1.1196463
1107,7.029686e-06,7.0177408e-06,5.165899e-06,5.6306534e-05,2.9669125e-07,3.029044e-07,2.2499243e-07,8.6630832e-08,3,3,3,3,0.00022984013,-9.8062018e-07,1.1196453
1108,7.0062454e-06,6.9698632e-06,5.1517239e-06,5.6117015e-05,2.9564567e-07,3.0062039e-07,2.2433534e-07,8.7334538e-08,3,3,3,3,0.00023170773,-2.5021538e-06,1.1196428
1109,6.9831886e-06,6.9187196e-06,5.1328553e-06,5.5906448e-05,2.9455999e-07,2.9812413e-07,2.234246e-07,8.8453713e-08,3,3,3,3,0.00023467757,-2.7184775e-06,1.1196401
1110,6.9624794e-06,6.8751344e-06,5.1214428e-06,5.574526e-05,2.9362975e-07,2.9610664e-07,2.2293384e-07,9.6934992e-08,3,3,3,3,0.00025717994,-1.129251e-06,1.1196389
1111,6.940203e-06,6.8249717e-06,5.1016992e-06,5.5540802e-05,2.926648e-07,2.9369364e-07,2.2197727e-07,9.6294375e-08,3,3,3,3,0.00025548099,-9.0215857e-07,1.119638
1112,6.9208968e-06,6.7797844e-06,5.0854149e-06,5.5377396e-05,2.9184586e-07,2.9154257e-07,2.2121779e-07,8.8517122e-08,3,3,3,3,0.00023484758,-1.1360633e-06,1.1196369
1113,6.9011582e-06,6.7367571e-06,5.0712236e-06,5.5209832e-05,2.910608e-07,2.8955789e-07,2.2057127e-07,8.5982083e-08,3,3,3,3,0.00022812235,-2.6630877e-06,1.1196342
1114,6.8816959e-06,6.6906721e-06,5.0508954e-06,5.5008033e-05,2.902817e-07,2.8730748e-07,2.1959108e-07,8.7763436e-08,3,3,3,3,0.00023284904,-2.7534405e-06,1.1196315
1115,6.8654881e-06,6.6523222e-06,5.0373979e-06,5.486021e-05,2.8969582e-07,2.855358e-07,2.1901715e-07,9.4332233e-08,3,3,3,3,0.00025027755,-8.3496168e-07,1.1196306
1116,6.8481857e-06,6.6086235e-06,5.0168228e-06,5.4675667e-05,2.8911292e-07,2.8344588e-07,2.1804727e-07,9.2332183e-08,3,3,3,3,0.00024497173,-9.5346161e-07,1.1196297
1117,6.8345077e-06,6.5708429e-06,5.0006797e-06,5.4527888e-05,2.887574e-07,2.8169051e-07,2.1735269e-07,8.5996697e-08,3,3,3,3,0.00022816325,-2.9015635e-06,1.1196268
1118,6.8191632e-06,6.5316602e-06,4.98213e-06,5.4357747e-05,2.8836042e-07,2.7989209e-07,2.1653771e-07,9.0163013e-08,3,3,3,3,0.00023921767,-1.1040976e-06,1.1196257
1119,6.8064233e-06,6.4943354e-06,4.9639025e-06,5.4214631e-05,2.8811691e-07,2.7820091e-07,2.1574904e-07,8.644322e-08,3,3,3,3,0.00022934896,-1.1467865e-06,1.1196245
1120,6.7964606e-06,6.4609901e-06,4.9482389e-06,5.4083723e-05,2.8798129e-07,2.7673163e-07,2.1510693e-07,8.6080378e-08,3,3,3,3,0.0002283868,-2.5934765e-06,1.1196219
1121,6.7872549e-06,6.4255735e-06,4.9284297e-06,5.3936701e-05,2.8786368e-07,2.7513524e-07,2.1424802e-07,8.6560494e-08,3,3,3,3,0.00022966109,-2.6529165e-06,1.1196193
1122,6.7809598e-06,6.3972325e-06,4.9148464e-06,5.3829909e-05,2.8791251e-07,2.7396785e-07,2.1373329e-07,9.416767e-08,3,3,3,3,0.00024984483,-8.5982275e-07,1.1196184
1123,6.7743717e-06,6.3627877e-06,4.8933597e-06,5.3690175e-05,2.8795334e-07,2.7243594e-07,2.1278386e-07,9.1769912e-08,3,3,3,3,0.00024348367,-8.8891145e-07,1.1196175
1124,6.7712256e-06,6.3349552e-06,4.8778016e-06,5.3598405e-05,2.8815191e-07,2.7132646e-07,2.1218815e-07,8.505181e-08,3,3,3,3,0.00022565971,-2.8816561e-06,1.1196147
1125,6.766666e-06,6.3045913e-06,4.8579596e-06,5.3471047e-05,2.8831213e-07,2.7003794e-07,2.1134396e-07,8.7869104e-08,3,3,3,3,0.000233135,-8.5471367e-07,1.1196138
1126,6.7652517e-06,6.2787616e-06,4.8419805e-06,5.3374203e-05,2.8863393e-07,2.6901344e-07,2.1071441e-07,8.6109367e-08,3,3,3,3,0.00022846652,-2.6828672e-06,1.1196111
1127,6.7656879e-06,6.2550227e-06,4.8245742e-06,5.327935e-05,2.8900648e-07,2.6806367e-07,2.0999691e-07,8.8237259e-08,3,3,3,3,0.00023411269,-1.038547e-06,1.1196101
1128,6.7667348e-06,6.2314168e-06,4.8074076e-06,5.3187465e-05,2.8945226e-07,2.6712025e-07,2.0930457e-07,8.5762563e-08,3,3,3,3,0.00022754724,-2.6777753e-06,1.1196074
1129,6.7691927e-06,6.2108842e-06,4.7920502e-06,5.3112779e-05,2.8995086e-07,2.6635805e-07,2.0871817e-07,8.9832575e-08,3,3,3,3,0.0002383463,-1.2254432e-06,1.1196062
1130,6.7725515e-06,6.1890197e-06,4.7747225e-06,5.3033162e-05,2.9048758e-07,2.6551812e-07,2.0802069e-07,8.5202824e-08,3,3,3,3,0.00022606295,-2.6981825e-06,1.1196035
1131,6.7765217e-06,6.1701905e-06,4.7598365e-06,5.2960758e-05,2.9104708e-07,2.6488237e-07,2.0745898e-07,9.1071894e-08,3,3,3,3,0.00024163536,-1.4427851e-06,1.119602
1132,6.78189e-06,6.1520581e-06,4.7445495e-06,5.2896573e-05,2.9164142e-07,2.6426455e-07,2.0687199e-07,8.5291486e-08,3,3,3,3,0.00022629898,-2.6284563e-06,1.1195994
1133,6.7870936e-06,6.1355024e-06,4.7289944e-06,5.2821533e-05,2.9227437e-07,2.6373129e-07,2.0627886e-07,8.577253e-08,3,3,3,3,0.00022757567,-2.7183863e-06,1.1195967
1134,6.7941772e-06,6.1236923e-06,4.7171965e-06,5.2771396e-05,2.9298457e-07,2.6345708e-07,2.0588396e-07,9.6152784e-08,3,3,3,3,0.00025511744,-1.1908781e-06,1.1195955
1135,6.8011807e-06,6.1083767e-06,4.7011703e-06,5.2705339e-05,2.9365353e-07,2.629451e-07,2.0526062e-07,7.9979295e-08,3,3,3,3,0.0002122055,-4.3377649e-06,1.1195912
1136,6.8065784e-06,6.0951172e-06,4.6868692e-06,5.2639407e-05,2.9429203e-07,2.6260173e-07,2.0474244e-07,8.7744199e-08,3,3,3,3,0.00023280811,-3.140624e-06,1.119588
1137,6.814485e-06,6.0860438e-06,4.6743016e-06,5.2578296e-05,2.9502981e-07,2.6242305e-07,2.0428039e-07,9.8037627e-08,3,3,3,3,0.00026011963,-1.2357777e-06,1.1195868
1138,6.8228055e-06,6.0770655e-06,4.6621587e-06,5.2523965e-05,2.957831e-07,2.6223638e-07,2.0382078e-07,8.6930804e-08,3,3,3,3,0.0002306507,-2.8647799e-06,1.1195839
1139,6.8294544e-06,6.0673728e-06,4.6470689e-06,5.2451159e-05,2.9646675e-07,2.6201324e-07,2.032066e-07,8.106461e-08,3,3,3,3,0.00021508642,-4.3702508e-06,1.1195795
1140,6.8365187e-06,6.0607091e-06,4.6343498e-06,5.2389755e-05,2.971693e-07,2.6195514e-07,2.0273651e-07,8.767031e-08,3,3,3,3,0.00023261344,-2.7800965e-06,1.1195768
1141,6.845404e-06,6.0588299e-06,4.6242708e-06,5.2341497e-05,2.9795974e-07,2.6210117e-07,2.0240727e-07,9.753381e-08,3,3,3,3,0.00025878435,-8.5400538e-07,1.1195759
1142,6.8538436e-06,6.0544434e-06,4.6114463e-06,5.2272211e-05,2.9871078e-07,2.6207658e-07,2.0193989e-07,8.1363136e-08,3,3,3,3,0.00021587939,-3.9148299e-06,1.119572
1143,6.8593353e-06,6.0506698e-06,4.5990184e-06,5.2198581e-05,2.9935864e-07,2.6214069e-07,2.0150849e-07,8.1547392e-08,3,3,3,3,0.00021636854,-4.1425986e-06,1.1195679
1144,6.86513e-06,6.0480366e-06,4.5865002e-06,5.2119391e-05,3.0000761e-07,2.6225625e-07,2.0107092e-07,8.9545921e-08,3,3,3,3,0.0002375912,-2.6619057e-06,1.1195652
1145,6.8727142e-06,6.0477207e-06,4.5741096e-06,5.2050325e-05,3.0072802e-07,2.6248046e-07,2.0063831e-07,8.9552347e-08,3,3,3,3,0.00023760852,-2.8442009e-06,1.1195624
1146,6.8796987e-06,6.0500533e-06,4.5646638e-06,5.198262e-05,3.0143654e-07,2.6288278e-07,2.0035431e-07,9.8929679e-08,3,3,3,3,0.00026248963,-8.1267438e-07,1.1195615
1147,6.8847751e-06,6.0469569e-06,4.549803e-06,5.1878194e-05,3.020205e-07,2.629312e-07,1.9977582e-07,8.1921054e-08,3,3,3,3,0.00021736104,-3.5937519e-06,1.1195579
1148,6.8869073e-06,6.0456958e-06,4.5373218e-06,5.1787139e-05,3.0248649e-07,2.6317438e-07,1.9936096e-07,8.2137352e-08,3,3,3,3,0.00021793517,-3.3253219e-06,1.1195546
1149,6.8893139e-06,6.0457209e-06,4.5251699e-06,5.1687444e-05,3.0294201e-07,2.6344755e-07,1.9894017e-07,8.2530036e-08,3,3,3,3,0.00021897731,-3.6294015e-06,1.119551
1150,6.8918704e-06,6.0463615e-06,4.512737e-06,5.1582825e-05,3.034029e-07,2.6373222e-07,1.9849216e-07,8.9195812e-08,3,3,3,3,0.00023666388,-2.2806751e-06,1.1195487
1151,6.8946155e-06,6.0480573e-06,4.5004463e-06,5.1482445e-05,3.0384254e-07,2.6404902e-07,1.9803871e-07,8.8434901e-08,3,3,3,3,0.00023464518,-2.4456613e-06,1.1195463
1152,6.8954596e-06,6.0510115e-06,4.4901273e-06,5.1379411e-05,3.0419792e-07,2.6443932e-07,1.976917e-07,8.2558599e-08,3,3,3,3,0.00021905375,-4.3045476e-06,1.119542
1153,6.8932051e-06,6.0508528e-06,4.4774835e-06,5.1251001e-05,3.0439274e-07,2.6465854e-07,1.9721613e-07,1.0219266e-07,3,3,3,3,0.00027114928,-5.7580637e-07,1.1195414
1154,6.8921883e-06,6.0510435e-06,4.4654079e-06,5.1134659e-05,3.0458943e-07,2.6485296e-07,1.9676507e-07,8.203689e-08,3,3,3,3,0.00021766996,-3.4109575e-06,1.119538
1155,6.8864138e-06,6.0500503e-06,4.4530405e-06,5.0996195e-05,3.0461763e-07,2.6506716e-07,1.9632322e-07,8.2109868e-08,3,3,3,3,0.00021786378,-3.0935714e-06,1.1195349
1156,6.8810321e-06,6.0497104e-06,4.4405593e-06,5.0847956e-05,3.0462645e-07,2.6526599e-07,1.95878e-07,8.2242195e-08,3,3,3,3,0.00021821507,-3.1683113e-06,1.1195317
1157,6.8754713e-06,6.0492079e-06,4.4276899e-06,5.069944e-05,3.0458615e-07,2.6543727e-07,1.9542601e-07,8.9114739e-08,3,3,3,3,0.00023645034,-1.5258137e-06,1.1195302
1158,6.8692027e-06,6.0470462e-06,4.412682e-06,5.0553197e-05,3.044627e-07,2.6548081e-07,1.9484433e-07,8.1820008e-08,3,3,3,3,0.00021709523,-3.2047654e-06,1.119527
1159,6.8602545e-06,6.0451413e-06,4.3995244e-06,5.0394e-05,3.0424691e-07,2.6557807e-07,1.9436963e-07,8.7486374e-08,3,3,3,3,0.00023213012,-1.4998792e-06,1.1195255
1160,6.8506409e-06,6.0448647e-06,4.3880675e-06,5.0238551e-05,3.0396498e-07,2.657479e-07,1.9400157e-07,8.1189063e-08,3,3,3,3,0.00021542145,-2.8841244e-06,1.1195226
1161,6.8390808e-06,6.0423507e-06,4.3751963e-06,5.0061978e-05,3.035766e-07,2.6578899e-07,1.935435e-07,8.1185707e-08,3,3,3,3,0.00021541269,-2.9422325e-06,1.1195197
1162,6.8269763e-06,6.039646e-06,4.3621695e-06,4.9881132e-05,3.0313398e-07,2.6579945e-07,1.9306038e-07,8.1182676e-08,3,3,3,3,0.0002154048,-3.2799049e-06,1.1195164
1163,6.813843e-06,6.0363601e-06,4.3489971e-06,4.96978e-05,3.026337e-07,2.6577068e-07,1.9255518e-07,8.1018509e-08,3,3,3,3,0.00021496935,-3.8396835e-06,1.1195125
1164,6.7992657e-06,6.0325386e-06,4.3356679e-06,4.9509209e-05,3.0205792e-07,2.6570911e-07,1.9203685e-07,9.6662147e-08,3,3,3,3,0.00025647735,-3.5156805e-07,1.1195122
1165,6.7839645e-06,6.0288104e-06,4.3232859e-06,4.9328235e-05,3.0141696e-07,2.6562302e-07,1.9155881e-07,7.971383e-08,3,3,3,3,0.00021150793,-3.1006415e-06,1.1195091
1166,6.7650558e-06,6.0227183e-06,4.3088331e-06,4.9120484e-05,3.0064397e-07,2.6543009e-07,1.9097447e-07,7.9454442e-08,3,3,3,3,0.00021081982,-2.4348054e-06,1.1195066
1167,6.7460907e-06,6.0166493e-06,4.2938098e-06,4.8908996e-05,2.998377e-07,2.6520462e-07,1.9035321e-07,7.9350124e-08,3,3,3,3,0.00021054315,-2.1004367e-06,1.1195045
1168,6.7270008e-06,6.0103334e-06,4.2779553e-06,4.8699164e-05,2.9901201e-07,2.6495573e-07,1.8968645e-07,7.9266882e-08,3,3,3,3,0.00021032239,-2.0509965e-06,1.1195025
1169,6.7070893e-06,6.0033768e-06,4.2613191e-06,4.8487613e-05,2.9813321e-07,2.6468717e-07,1.8898168e-07,7.9020464e-08,3,3,3,3,0.00020966868,-2.0888743e-06,1.1195004
1170,6.6857465e-06,5.9953139e-06,4.2440462e-06,4.827213e-05,2.9716524e-07,2.6437501e-07,1.8825152e-07,8.4684151e-08,3,3,3,3,0.00022469652,-5.4017224e-07,1.1194999
1171,6.6629995e-06,5.9865925e-06,4.2258491e-06,4.8060097e-05,2.961051e-07,2.6400142e-07,1.874636e-07,7.7880703e-08,3,3,3,3,0.00020664471,-1.5998593e-06,1.1194983
1172,6.6382834e-06,5.9766613e-06,4.207683e-06,4.7829069e-05,2.9497842e-07,2.6358688e-07,1.866759e-07,7.7373194e-08,3,3,3,3,0.00020529822,-1.3039402e-06,1.119497
1173,6.6132623e-06,5.9663942e-06,4.1887812e-06,4.7592919e-05,2.9382042e-07,2.6311774e-07,1.8583892e-07,7.6975024e-08,3,3,3,3,0.00020424183,-1.266919e-06,1.1194957
1174,6.5876375e-06,5.9555523e-06,4.1691603e-06,4.7355769e-05,2.9261762e-07,2.626267e-07,1.8496813e-07,7.6630995e-08,3,3,3,3,0.0002033291,-1.4093239e-06,1.1194943
1175,6.5608989e-06,5.9441082e-06,4.1489831e-06,4.7115733e-05,2.913551e-07,2.6210499e-07,1.8406399e-07,7.6268502e-08,3,3,3,3,0.00020236737,-1.7892171e-06,1.1194925
1176,6.5328877e-06,5.9320188e-06,4.128335e-06,4.687143e-05,2.9002986e-07,2.615524e-07,1.8312973e-07,7.579294e-08,3,3,3,3,0.00020110562,-2.2582926e-06,1.1194902
1177,6.5037202e-06,5.9190748e-06,4.1070004e-06,4.6624153e-05,2.8863755e-07,2.6095587e-07,1.8215763e-07,7.5318052e-08,3,3,3,3,0.00019984566,-2.8466861e-06,1.1194874
1178,6.4735223e-06,5.9052967e-06,4.0850586e-06,4.6373129e-05,2.8719872e-07,2.6032083e-07,1.811408e-07,8.6225802e-08,3,3,3,3,0.00022878791,-4.3988012e-08,1.1194873
1179,6.4421707e-06,5.8894587e-06,4.0613976e-06,4.612263e-05,2.8568416e-07,2.5956825e-07,1.8002088e-07,7.398698e-08,3,3,3,3,0.00019631407,-2.3169272e-06,1.119485
1180,6.4094429e-06,5.8729317e-06,4.0373567e-06,4.5857882e-05,2.841515e-07,2.5883352e-07,1.7888716e-07,7.356439e-08,3,3,3,3,0.00019519287,-1.8304344e-06,1.1194832
1181,6.3765404e-06,5.8563925e-06,4.0127646e-06,4.5588451e-05,2.8259496e-07,2.5809574e-07,1.7771192e-07,7.3101641e-08,3,3,3,3,0.00019396511,-1.5713318e-06,1.1194816
1182,6.3432173e-06,5.8394757e-06,3.9874223e-06,4.5317431e-05,2.8100376e-07,2.5735091e-07,1.76493e-07,7.2548428e-08,3,3,3,3,0.00019249731,-1.49019e-06,1.1194801
1183,6.3091419e-06,5.8219853e-06,3.9613674e-06,4.5042714e-05,2.7936894e-07,2.5658086e-07,1.7523754e-07,7.1882721e-08,3,3,3,3,0.00019073102,-1.5734268e-06,1.1194786
1184,6.2742178e-06,5.8037131e-06,3.9346888e-06,4.4761192e-05,2.7769681e-07,2.5576892e-07,1.7394219e-07,7.1296279e-08,3,3,3,3,0.00018917505,-1.7874999e-06,1.1194768
1185,6.2384526e-06,5.7849187e-06,3.9077786e-06,4.4474789e-05,2.7599362e-07,2.549482e-07,1.7263662e-07,7.0859233e-08,3,3,3,3,0.00018801548,-2.1747925e-06,1.1194746
1186,6.2023996e-06,5.7660303e-06,3.8809665e-06,4.4184423e-05,2.7427654e-07,2.5414173e-07,1.7132814e-07,7.6256008e-08,3,3,3,3,0.00020233518,-1.0817728e-06,1.1194735
1187,6.1666905e-06,5.7493698e-06,3.8558246e-06,4.390253e-05,2.7256545e-07,2.5346932e-07,1.7010409e-07,6.9651003e-08,3,3,3,3,0.00018480975,-2.4145192e-06,1.1194711
1188,6.1296602e-06,5.7292997e-06,3.8278658e-06,4.3598199e-05,2.7080153e-07,2.5262752e-07,1.6874761e-07,6.9232713e-08,3,3,3,3,0.00018369994,-2.6535434e-06,1.1194685
1189,6.0922547e-06,5.7086988e-06,3.7994041e-06,4.3290765e-05,2.6901934e-07,2.5176331e-07,1.6737702e-07,8.8228363e-08,3,3,3,3,0.00023410251,2.1409104e-07,1.1194687
1190,6.054183e-06,5.6873172e-06,3.7705782e-06,4.3002247e-05,2.6714627e-07,2.5084232e-07,1.6599213e-07,6.7425254e-08,3,3,3,3,0.00017890429,-1.7448031e-06,1.1194669
1191,6.0138089e-06,5.6647866e-06,3.7417171e-06,4.2689934e-05,2.6525626e-07,2.4993579e-07,1.646261e-07,6.6714536e-08,3,3,3,3,0.00017701856,-1.2704916e-06,1.1194657
1192,5.9741863e-06,5.6426666e-06,3.7125631e-06,4.2372547e-05,2.633849e-07,2.490386e-07,1.6324828e-07,6.6348673e-08,3,3,3,3,0.00017604786,-1.1128271e-06,1.1194645
1193,5.9349231e-06,5.6204031e-06,3.68295e-06,4.2058493e-05,2.6153381e-07,2.4814073e-07,1.618508e-07,6.6057873e-08,3,3,3,3,0.00017527633,-1.2011888e-06,1.1194633
1194,5.8957606e-06,5.5980268e-06,3.6532853e-06,4.1745602e-05,2.5968172e-07,2.4724285e-07,1.6044423e-07,6.5466789e-08,3,3,3,3,0.00017370803,-1.5213234e-06,1.1194618
1195,5.8563011e-06,5.5755687e-06,3.6240195e-06,4.1432265e-05,2.5783001e-07,2.4633393e-07,1.5905327e-07,6.4756958e-08,3,3,3,3,0.00017182465,-2.0631234e-06,1.1194598
1196,5.8164743e-06,5.5531715e-06,3.5956166e-06,4.1118813e-05,2.5597223e-07,2.454591e-07,1.5771448e-07,7.0475144e-08,3,3,3,3,0.00018699724,-1.0850982e-06,1.1194587
1197,5.7775123e-06,5.5337987e-06,3.5700862e-06,4.0818065e-05,2.541517e-07,2.4476582e-07,1.5652975e-07,7.3133469e-08,3,3,3,3,0.00019405087,1.5811029e-07,1.1194588
1198,5.7362555e-06,5.5086665e-06,3.5396753e-06,4.0488673e-05,2.5222449e-07,2.4374949e-07,1.5509243e-07,6.2578294e-08,3,3,3,3,0.00016604409,-1.5228404e-06,1.1194573
1199,5.6965187e-06,5.485923e-06,3.5120224e-06,4.0174649e-05,2.5041943e-07,2.4291722e-07,1.5382209e-07,6.197017e-08,3,3,3,3,0.00016443058,-1.2037717e-06,1.1194561
1200,5.6575176e-06,5.4644878e-06,3.4853575e-06,3.9862164e-05,2.4867721e-07,2.4215405e-07,1.5260521e-07,6.1554753e-08,3,3,3,3,0.00016332839,-1.3108057e-06,1.1194548
1201,5.619011e-06,5.4438793e-06,3.4591618e-06,3.9550961e-05,2.4699758e-07,2.4142991e-07,1.5142258e-07,6.1150801e-08,3,3,3,3,0.00016225662,-1.7719808e-06,1.119453
1202,5.5811486e-06,5.424001e-06,3.4336127e-06,3.9244282e-05,2.4538719e-07,2.4071448e-07,1.5027344e-07,7.757149e-08,3,3,3,3,0.00020582713,2.4224506e-07,1.1194533
1203,5.5436649e-06,5.4046697e-06,3.4094154e-06,3.8956996e-05,2.4380891e-07,2.3998151e-07,1.491978e-07,5.9334145e-08,3,3,3,3,0.00015743653,-1.9062721e-06,1.1194514
1204,5.5056633e-06,5.3828213e-06,3.38396e-06,3.8647051e-05,2.4227773e-07,2.3914696e-07,1.4806711e-07,5.8903653e-08,3,3,3,3,0.00015629435,-2.1325372e-06,1.1194492
1205,5.469979e-06,5.3616377e-06,3.3594588e-06,3.8346586e-05,2.408313e-07,2.3831695e-07,1.4697219e-07,6.4896357e-08,3,3,3,3,0.00017219541,-1.0944879e-06,1.1194481
1206,5.4364593e-06,5.3420256e-06,3.3363385e-06,3.8072779e-05,2.3948195e-07,2.3755043e-07,1.4593248e-07,6.8660005e-08,3,3,3,3,0.00018218194,1.7252097e-07,1.1194483
1207,5.402367e-06,5.3205838e-06,3.31453e-06,3.7796143e-05,2.3814581e-07,2.3672952e-07,1.4496808e-07,5.7333962e-08,3,3,3,3,0.00015212962,-1.5796278e-06,1.1194467
1208,5.3704042e-06,5.2990622e-06,3.2937683e-06,3.7535339e-05,2.368872e-07,2.3587381e-07,1.4405257e-07,5.6682054e-08,3,3,3,3,0.00015039994,-1.3638458e-06,1.1194454
1209,5.3400506e-06,5.2782213e-06,3.2746918e-06,3.7288296e-05,2.3566302e-07,2.3503181e-07,1.4322765e-07,5.6523438e-08,3,3,3,3,0.00014997915,-1.6354136e-06,1.1194437
1210,5.3111429e-06,5.2579553e-06,3.2570055e-06,3.7052302e-05,2.3447335e-07,2.3422071e-07,1.4247428e-07,6.5726741e-08,3,3,3,3,0.00017439927,1.8713744e-07,1.1194439
1211,5.2816217e-06,5.2362103e-06,3.2389944e-06,3.6829435e-05,2.3323692e-07,2.3332783e-07,1.41705e-07,5.5444155e-08,3,3,3,3,0.00014711558,-1.8313118e-06,1.1194421
1212,5.2531489e-06,5.2139847e-06,3.2219137e-06,3.6608861e-05,2.3204106e-07,2.3242634e-07,1.4098916e-07,6.2755055e-08,3,3,3,3,0.00016651443,1.5720732e-07,1.1194422
1213,5.2252052e-06,5.1934873e-06,3.2076025e-06,3.641226e-05,2.3085126e-07,2.3159973e-07,1.4041184e-07,5.4233351e-08,3,3,3,3,0.00014390303,-1.6230649e-06,1.1194406
1214,5.1977302e-06,5.1708939e-06,3.1918825e-06,3.6215264e-05,2.2965628e-07,2.3063061e-07,1.3975458e-07,5.8843817e-08,3,3,3,3,0.00015613657,-7.4557287e-07,1.1194399
1215,5.1716645e-06,5.1510116e-06,3.1789045e-06,3.6045565e-05,2.2851231e-07,2.2978606e-07,1.3923221e-07,6.1959958e-08,3,3,3,3,0.00016440506,1.6463742e-07,1.11944
1216,5.1438941e-06,5.1274321e-06,3.1641335e-06,3.5872047e-05,2.2729026e-07,2.2872395e-07,1.3860886e-07,5.2828167e-08,3,3,3,3,0.00014017482,-1.5050871e-06,1.1194385
1217,5.1176656e-06,5.1058237e-06,3.1525653e-06,3.5710341e-05,2.261386e-07,2.2778204e-07,1.3816814e-07,5.25271e-08,3,3,3,3,0.00013937606,-1.8997578e-06,1.1194366
1218,5.0918723e-06,5.0847339e-06,3.1420439e-06,3.5555935e-05,2.2499147e-07,2.2684233e-07,1.3776298e-07,6.7075802e-08,3,3,3,3,0.00017797988,1.5564967e-07,1.1194368
1219,5.0647638e-06,5.0615022e-06,3.1301112e-06,3.541269e-05,2.2375534e-07,2.2577454e-07,1.3726889e-07,6.1552454e-08,3,3,3,3,0.00016332431,1.2110066e-07,1.1194369
1220,5.0382317e-06,5.0405511e-06,3.1215861e-06,3.5275562e-05,2.2256411e-07,2.2485264e-07,1.3696012e-07,5.0888503e-08,3,3,3,3,0.00013502853,-1.448493e-06,1.1194355
1221,5.0114059e-06,5.0163902e-06,3.1104911e-06,3.5119128e-05,2.2135787e-07,2.2375523e-07,1.365338e-07,5.5882362e-08,3,3,3,3,0.00014827945,-5.7126216e-07,1.1194349
1222,4.9854317e-06,4.9932469e-06,3.099632e-06,3.4977808e-05,2.2016423e-07,2.2266874e-07,1.3610158e-07,5.5293126e-08,3,3,3,3,0.00014671607,-7.4957087e-07,1.1194341
1223,4.9594267e-06,4.9723091e-06,3.0921721e-06,3.4848932e-05,2.1900089e-07,2.2174478e-07,1.3586304e-07,6.1016796e-08,3,3,3,3,0.00016190351,-5.9575616e-08,1.1194341
1224,4.9312572e-06,4.9468468e-06,3.0807895e-06,3.4696526e-05,2.1772805e-07,2.205381e-07,1.3539629e-07,5.9297334e-08,3,3,3,3,0.00015734121,-7.3764483e-08,1.119434
1225,4.9039999e-06,4.9231196e-06,3.0722093e-06,3.4569128e-05,2.1647935e-07,2.1942701e-07,1.3508838e-07,4.8852639e-08,3,3,3,3,0.00012962709,-1.3997974e-06,1.1194326
1226,4.8763554e-06,4.8978901e-06,3.0630497e-06,3.4425026e-05,2.152181e-07,2.1826632e-07,1.347459e-07,5.6632788e-08,3,3,3,3,0.0001502713,-7.0719868e-08,1.1194325
1227,4.8488706e-06,4.8739966e-06,3.0551685e-06,3.4291748e-05,2.1395258e-07,2.171823e-07,1.3446367e-07,5.2330867e-08,3,3,3,3,0.00013885658,-8.2807112e-07,1.1194317
1228,4.8221344e-06,4.8496037e-06,3.0459331e-06,3.414925e-05,2.1269592e-07,2.1603226e-07,1.3409766e-07,5.7055491e-08,3,3,3,3,0.0001513932,-1.0285941e-07,1.1194316
1229,4.7935944e-06,4.8242664e-06,3.0368773e-06,3.4013222e-05,2.1135902e-07,2.1485659e-07,1.3374341e-07,5.4725971e-08,3,3,3,3,0.00014521211,-1.2484049e-07,1.1194315
1230,4.7656398e-06,4.8001708e-06,3.0294042e-06,3.3876675e-05,2.1004324e-07,2.1374025e-07,1.33468e-07,5.1698059e-08,3,3,3,3,0.00013717787,-8.0557295e-07,1.1194307
1231,4.7372793e-06,4.7749124e-06,3.0205279e-06,3.3728848e-05,2.0868298e-07,2.1254781e-07,1.3312571e-07,5.1264188e-08,3,3,3,3,0.00013602675,-9.1401516e-07,1.1194298
1232,4.7097209e-06,4.7520857e-06,3.0141865e-06,3.3592324e-05,2.0736314e-07,2.1148536e-07,1.3291303e-07,6.188363e-08,3,3,3,3,0.00016420501,-1.6306496e-07,1.1194296
1233,4.6801853e-06,4.7242534e-06,3.0024179e-06,3.3440075e-05,2.0591845e-07,2.10106e-07,1.3240362e-07,5.9374583e-08,3,3,3,3,0.00015754757,-1.6530373e-07,1.1194294
1234,4.6518185e-06,4.7000931e-06,2.9952097e-06,3.3306999e-05,2.0453939e-07,2.0895991e-07,1.321574e-07,5.305373e-08,3,3,3,3,0.00014077565,-7.9545501e-08,1.1194293
1235,4.6225963e-06,4.6748872e-06,2.9872719e-06,3.3155115e-05,2.0314157e-07,2.0774663e-07,1.318597e-07,5.1003638e-08,3,3,3,3,0.00013533598,-8.0230254e-07,1.1194285
1236,4.5933908e-06,4.6464379e-06,2.9752894e-06,3.2980795e-05,2.016943e-07,2.06316e-07,1.3134199e-07,5.1890799e-08,3,3,3,3,0.00013769016,-9.9731678e-07,1.1194275
1237,4.5649564e-06,4.6213969e-06,2.9668507e-06,3.283302e-05,2.0027956e-07,2.0511617e-07,1.3103241e-07,5.5427467e-08,3,3,3,3,0.00014707471,-4.221167e-07,1.1194271
1238,4.5346797e-06,4.593788e-06,2.9558567e-06,3.2666635e-05,1.9877818e-07,2.0377639e-07,1.3057541e-07,5.6261497e-08,3,3,3,3,0.00014928796,-3.1128496e-07,1.1194268
1239,4.5054375e-06,4.5661206e-06,2.9446543e-06,3.2502454e-05,1.9729862e-07,2.0240397e-07,1.3010308e-07,5.3336509e-08,3,3,3,3,0.00014152677,-4.1219146e-07,1.1194264
1240,4.4758722e-06,4.5389161e-06,2.9351672e-06,3.2342421e-05,1.9581617e-07,2.0110893e-07,1.2973148e-07,4.8908829e-08,3,3,3,3,0.00012977822,-1.0716187e-06,1.1194253
1241,4.4462329e-06,4.5103583e-06,2.9239232e-06,3.2160797e-05,1.9434489e-07,1.9971316e-07,1.2925258e-07,5.2909753e-08,3,3,3,3,0.0001403947,-3.7675678e-07,1.119425
1242,4.4166194e-06,4.4819291e-06,2.9129757e-06,3.1994197e-05,1.9289575e-07,1.9835625e-07,1.288011e-07,5.2001108e-08,3,3,3,3,0.00013798381,-3.0559361e-07,1.1194246
1243,4.3879865e-06,4.4547705e-06,2.9028749e-06,3.182954e-05,1.9148274e-07,1.9706794e-07,1.2838432e-07,4.9322313e-08,3,3,3,3,0.00013087584,-1.3746957e-06,1.1194233
1244,4.3597437e-06,4.4271325e-06,2.8924224e-06,3.165848e-05,1.9008476e-07,1.9574957e-07,1.2794816e-07,5.3853602e-08,3,3,3,3,0.00014289969,-4.9694296e-07,1.1194228
1245,4.3306977e-06,4.3978522e-06,2.8806289e-06,3.1488435e-05,1.8868138e-07,1.9437316e-07,1.2743627e-07,5.253064e-08,3,3,3,3,0.00013938941,-5.3597313e-07,1.1194222
1246,4.3026723e-06,4.3697379e-06,2.8701598e-06,3.1323046e-05,1.8732451e-07,1.9304053e-07,1.2699323e-07,4.9919577e-08,3,3,3,3,0.00013246116,-4.4148329e-07,1.1194218
1247,4.2750032e-06,4.3419997e-06,2.8607651e-06,3.1155869e-05,1.8600306e-07,1.9173821e-07,1.2660605e-07,4.6447047e-08,3,3,3,3,0.00012324699,-1.1184853e-06,1.1194207
1248,4.2477072e-06,4.3126017e-06,2.8496607e-06,3.0977594e-05,1.8469529e-07,1.9031217e-07,1.2611798e-07,5.040511e-08,3,3,3,3,0.00013374984,-4.0290709e-07,1.1194203
1249,4.2208948e-06,4.2835633e-06,2.8387858e-06,3.0810756e-05,1.8342807e-07,1.8893123e-07,1.2564275e-07,5.0372497e-08,3,3,3,3,0.00013366347,-4.8820776e-07,1.1194198
1250,4.1949826e-06,4.255213e-06,2.8285867e-06,3.0646539e-05,1.8218609e-07,1.8757069e-07,1.2519042e-07,4.8964699e-08,3,3,3,3,0.00012992804,-5.0434879e-07,1.1194193
1251,4.1690419e-06,4.2262985e-06,2.8183522e-06,3.0482418e-05,1.809212e-07,1.8615871e-07,1.2472282e-07,4.7553227e-08,3,3,3,3,0.00012618286,-1.3142632e-06,1.119418
1252,4.1439459e-06,4.1987094e-06,2.8104234e-06,3.032525e-05,1.7966859e-07,1.8480489e-07,1.2437358e-07,4.7913275e-08,3,3,3,3,0.00012713839,-7.1735819e-07,1.1194173
1253,4.1180141e-06,4.1678366e-06,2.7983733e-06,3.0157847e-05,1.7838321e-07,1.8327018e-07,1.2378463e-07,5.0744361e-08,3,3,3,3,0.0001346509,-4.1878445e-07,1.1194168
1254,4.0931325e-06,4.1395496e-06,2.7894267e-06,3.0004585e-05,1.7715371e-07,1.8190498e-07,1.2337952e-07,4.7389742e-08,3,3,3,3,0.00012574953,-4.391551e-07,1.1194164
1255,4.0677585e-06,4.1102959e-06,2.7799683e-06,2.9845987e-05,1.7591001e-07,1.8048053e-07,1.2293531e-07,4.6954482e-08,3,3,3,3,0.00012459472,-1.3061343e-06,1.1194151
1256,4.0426773e-06,4.0798009e-06,2.7695718e-06,2.9682638e-05,1.7465678e-07,1.7897335e-07,1.22442e-07,4.9023783e-08,3,3,3,3,0.0001300858,-5.1753992e-07,1.1194146
1257,4.0171387e-06,4.0494225e-06,2.7592146e-06,2.9527261e-05,1.7341134e-07,1.7749148e-07,1.2193281e-07,4.9517935e-08,3,3,3,3,0.00013139722,-5.4478399e-07,1.119414
1258,3.9922914e-06,4.0190547e-06,2.7487065e-06,2.9373999e-05,1.72184e-07,1.7598468e-07,1.2139589e-07,4.81044e-08,3,3,3,3,0.00012764654,-4.5467702e-07,1.1194136
1259,3.9678013e-06,3.9892141e-06,2.7391574e-06,2.9226708e-05,1.7097062e-07,1.7453057e-07,1.2090755e-07,4.5638056e-08,3,3,3,3,0.00012110218,-5.4269851e-07,1.119413
1260,3.9433462e-06,3.9592108e-06,2.7295398e-06,2.9076397e-05,1.6975714e-07,1.7306642e-07,1.2040243e-07,4.5529893e-08,3,3,3,3,0.00012081532,-1.3361826e-06,1.1194117
1261,3.9198151e-06,3.9288026e-06,2.7194463e-06,2.8921668e-05,1.6856048e-07,1.7156878e-07,1.1986772e-07,4.856402e-08,3,3,3,3,0.00012886664,-6.966047e-07,1.119411
1262,3.8961707e-06,3.8977294e-06,2.7082718e-06,2.877061e-05,1.6737294e-07,1.7006662e-07,1.192667e-07,4.8555888e-08,3,3,3,3,0.00012884523,-5.9226489e-07,1.1194104
1263,3.8734868e-06,3.8673953e-06,2.6974028e-06,2.8625396e-05,1.6622958e-07,1.6857837e-07,1.1867618e-07,4.6939306e-08,3,3,3,3,0.00012455572,-5.3408744e-07,1.1194099
1264,3.8509902e-06,3.8375767e-06,2.6871613e-06,2.8482702e-05,1.6510576e-07,1.6713508e-07,1.1812906e-07,4.3730354e-08,3,3,3,3,0.00011604076,-1.2771406e-06,1.1194086
1265,3.8284547e-06,3.8066891e-06,2.6765649e-06,2.8328327e-05,1.6396878e-07,1.6563452e-07,1.1756772e-07,4.7725911e-08,3,3,3,3,0.00012664333,-5.7013996e-07,1.119408
1266,3.8061504e-06,3.7750302e-06,2.6642782e-06,2.8181099e-05,1.6285354e-07,1.6409712e-07,1.1691374e-07,4.7075525e-08,3,3,3,3,0.00012491766,-3.8030528e-07,1.1194076
1267,3.7852881e-06,3.7455552e-06,2.6538212e-06,2.804281e-05,1.6180418e-07,1.6266807e-07,1.1636251e-07,4.3967301e-08,3,3,3,3,0.00011666995,-4.1425601e-07,1.1194072
1268,3.7642622e-06,3.7154309e-06,2.6431747e-06,2.7898268e-05,1.6075411e-07,1.6121478e-07,1.157982e-07,4.1931027e-08,3,3,3,3,0.00011126672,-1.3512084e-06,1.1194059
1269,3.7433643e-06,3.6840529e-06,2.6315941e-06,2.7744796e-05,1.5969529e-07,1.5968698e-07,1.1518764e-07,4.4544437e-08,3,3,3,3,0.0001182017,-5.4565903e-07,1.1194053
1270,3.7221887e-06,3.6522457e-06,2.6193127e-06,2.7595644e-05,1.5866329e-07,1.5816108e-07,1.1454445e-07,4.4684142e-08,3,3,3,3,0.00011857257,-3.7459398e-07,1.119405
1271,3.7018808e-06,3.6211782e-06,2.6074205e-06,2.7449234e-05,1.5766412e-07,1.566553e-07,1.1392261e-07,4.2808857e-08,3,3,3,3,0.00011359651,-3.9810586e-07,1.1194046
1272,3.6815571e-06,3.5908391e-06,2.5965098e-06,2.7305226e-05,1.5667751e-07,1.5519725e-07,1.1336115e-07,4.1853212e-08,3,3,3,3,0.00011106077,-1.2535141e-06,1.1194033
1273,3.6608552e-06,3.5598002e-06,2.5850035e-06,2.7152417e-05,1.5566469e-07,1.5368778e-07,1.1277859e-07,4.4513573e-08,3,3,3,3,0.00011812038,-5.3198183e-07,1.1194028
1274,3.6401767e-06,3.5282696e-06,2.5723218e-06,2.7005366e-05,1.5467443e-07,1.5216434e-07,1.1213438e-07,4.3985539e-08,3,3,3,3,0.00011671934,-5.3490916e-07,1.1194022
1275,3.6202808e-06,3.4980731e-06,2.5603219e-06,2.6863514e-05,1.5371525e-07,1.5071947e-07,1.1153365e-07,4.1566166e-08,3,3,3,3,0.00011029947,-4.0737026e-07,1.1194018
1276,3.5999767e-06,3.4686266e-06,2.5489383e-06,2.6720588e-05,1.5275213e-07,1.4933452e-07,1.1097125e-07,4.0354923e-08,3,3,3,3,0.00010708546,-1.170123e-06,1.1194007
1277,3.5790975e-06,3.4381396e-06,2.5361275e-06,2.6567256e-05,1.5175786e-07,1.4788105e-07,1.103366e-07,4.1763791e-08,3,3,3,3,0.00011082413,-3.8199754e-07,1.1194003
1278,3.5581494e-06,3.4079147e-06,2.5226732e-06,2.6421175e-05,1.5079962e-07,1.4645806e-07,1.096645e-07,4.1365113e-08,3,3,3,3,0.00010976633,-5.3602376e-07,1.1193997
1279,3.538046e-06,3.3795513e-06,2.5101014e-06,2.627914e-05,1.4988765e-07,1.4511869e-07,1.0904593e-07,4.0176378e-08,3,3,3,3,0.00010661203,-1.1969759e-06,1.1193985
1280,3.5177605e-06,3.3524489e-06,2.4984873e-06,2.613848e-05,1.489623e-07,1.438418e-07,1.0848121e-07,4.3805801e-08,3,3,3,3,0.00011624319,-3.4847896e-07,1.1193982
1281,3.4973141e-06,3.3236583e-06,2.4836442e-06,2.5994569e-05,1.4803984e-07,1.424724e-07,1.0774469e-07,4.2510334e-08,3,3,3,3,0.00011280566,-3.7496285e-07,1.1193978
1282,3.4778907e-06,3.2981074e-06,2.4712157e-06,2.5862499e-05,1.4719338e-07,1.412988e-07,1.0714869e-07,3.9562211e-08,3,3,3,3,0.00010498263,-1.1983116e-06,1.1193966
1283,3.4574561e-06,3.2710587e-06,2.4570073e-06,2.5717352e-05,1.4631195e-07,1.4003753e-07,1.0646523e-07,4.1643257e-08,3,3,3,3,0.00011050501,-3.6529443e-07,1.1193963
1284,3.4377866e-06,3.2453941e-06,2.442767e-06,2.5587877e-05,1.4549985e-07,1.388832e-07,1.0578419e-07,3.9691915e-08,3,3,3,3,0.00010532703,-3.9953888e-07,1.1193959
1285,3.4191428e-06,3.2215408e-06,2.4293971e-06,2.5463225e-05,1.447353e-07,1.378207e-07,1.0515248e-07,3.8931524e-08,3,3,3,3,0.00010330935,-1.1445092e-06,1.1193947
1286,3.40025e-06,3.1969617e-06,2.4148718e-06,2.5333055e-05,1.439525e-07,1.3670611e-07,1.0446269e-07,3.9187067e-08,3,3,3,3,0.00010398756,-4.5222645e-07,1.1193943
1287,3.3816909e-06,3.1731828e-06,2.3999354e-06,2.5210854e-05,1.4322708e-07,1.3563628e-07,1.0374693e-07,3.8813985e-08,3,3,3,3,0.00010299765,-1.1859747e-06,1.1193931
1288,3.364293e-06,3.1523799e-06,2.3874961e-06,2.509868e-05,1.4255959e-07,1.3473138e-07,1.0317986e-07,4.2445907e-08,3,3,3,3,0.0001126355,-3.9384653e-07,1.1193927
1289,3.3475536e-06,3.1294606e-06,2.3716275e-06,2.4980223e-05,1.4191687e-07,1.3370966e-07,1.0243637e-07,4.0793087e-08,3,3,3,3,0.00010824965,-4.4280805e-07,1.1193922
1290,3.3322885e-06,3.1094675e-06,2.3582297e-06,2.4875956e-05,1.413483e-07,1.328919e-07,1.0184254e-07,3.783422e-08,3,3,3,3,0.00010039802,-1.2228769e-06,1.119391
1291,3.3164926e-06,3.0879632e-06,2.342841e-06,2.4757757e-05,1.4075384e-07,1.3197812e-07,1.0114263e-07,3.8467073e-08,3,3,3,3,0.00010207746,-1.2186791e-06,1.1193898
1292,3.3025081e-06,3.0694906e-06,2.3297005e-06,2.4659969e-05,1.4025086e-07,1.3123765e-07,1.0057607e-07,4.2821307e-08,3,3,3,3,0.00011363209,-3.1323039e-07,1.1193895
1293,3.2891587e-06,3.0493932e-06,2.3138463e-06,2.4555515e-05,1.3977875e-07,1.3039411e-07,9.9855216e-08,4.0589423e-08,3,3,3,3,0.00010770959,-3.2417483e-07,1.1193892
1294,3.2774818e-06,3.0325651e-06,2.3010022e-06,2.4469083e-05,1.3940194e-07,1.2974671e-07,9.9310452e-08,3.7542236e-08,3,3,3,3,9.9623551e-05,-1.1962036e-06,1.119388
1295,3.2650175e-06,3.013408e-06,2.2853425e-06,2.4368346e-05,1.3898979e-07,1.2895461e-07,9.8612092e-08,3.7763338e-08,3,3,3,3,0.00010021035,-1.2185053e-06,1.1193867
1296,3.2546944e-06,2.9973818e-06,2.2722194e-06,2.4290267e-05,1.3868569e-07,1.2834141e-07,9.8063307e-08,4.009192e-08,3,3,3,3,0.00010638965,-4.0278059e-07,1.1193863
1297,3.2447933e-06,2.9806784e-06,2.2576228e-06,2.4208996e-05,1.3841263e-07,1.2768589e-07,9.7432061e-08,3.7950475e-08,3,3,3,3,0.00010070711,-1.2982337e-06,1.119385
1298,3.2359978e-06,2.9665107e-06,2.2452515e-06,2.4139679e-05,1.3818362e-07,1.2717481e-07,9.6925857e-08,4.1038852e-08,3,3,3,3,0.00010890264,-4.7015731e-07,1.1193846
1299,3.2288986e-06,2.9521795e-06,2.2317223e-06,2.4074616e-05,1.3799483e-07,1.2662557e-07,9.634899e-08,3.739449e-08,3,3,3,3,9.923187e-05,-1.3245577e-06,1.1193832
1300,3.221839e-06,2.9390746e-06,2.2190332e-06,2.4010812e-05,1.3781542e-07,1.2614474e-07,9.5820782e-08,4.0352163e-08,3,3,3,3,0.00010708057,-5.4523692e-07,1.1193827
1301,3.2166087e-06,2.9276569e-06,2.2073573e-06,2.3959856e-05,1.377222e-07,1.25735e-07,9.5340219e-08,3.7262314e-08,3,3,3,3,9.8881263e-05,-1.2698254e-06,1.1193814
1302,3.211405e-06,2.9156767e-06,2.1946428e-06,2.3902878e-05,1.376439e-07,1.2528863e-07,9.4802591e-08,3.7531953e-08,3,3,3,3,9.9596856e-05,-1.297665e-06,1.1193801
1303,3.2078479e-06,2.9062374e-06,2.1840196e-06,2.3859628e-05,1.37645e-07,1.2497973e-07,9.4379088e-08,4.2136395e-08,3,3,3,3,0.00011181552,-5.3719728e-07,1.1193796
1304,3.2050098e-06,2.8966728e-06,2.1727257e-06,2.3815791e-05,1.3767381e-07,1.2465011e-07,9.3923172e-08,3.8125866e-08,3,3,3,3,0.00010117303,-1.3225504e-06,1.1193783
1305,3.2017595e-06,2.8870957e-06,2.1612592e-06,2.3767611e-05,1.3770265e-07,1.2432708e-07,9.3457456e-08,3.8148163e-08,3,3,3,3,0.00010123225,-1.3435408e-06,1.1193769
1306,3.1998123e-06,2.8801491e-06,2.1519069e-06,2.3735444e-05,1.3779453e-07,1.2413062e-07,9.3105689e-08,4.2290429e-08,3,3,3,3,0.00011222448,-5.5021913e-07,1.1193764
1307,3.1982837e-06,2.872144e-06,2.1411365e-06,2.3697373e-05,1.3790758e-07,1.2386141e-07,9.2685894e-08,3.5552774e-08,3,3,3,3,9.4345085e-05,-1.9213265e-06,1.1193745
1308,3.1959899e-06,2.8651195e-06,2.1312181e-06,2.3660366e-05,1.380035e-07,1.2365267e-07,9.2313762e-08,3.8307862e-08,3,3,3,3,0.00010165621,-1.4423051e-06,1.119373
1309,3.1947466e-06,2.8589095e-06,2.1212345e-06,2.3624038e-05,1.3813332e-07,1.2346419e-07,9.1928925e-08,3.8794403e-08,3,3,3,3,0.00010294738,-1.5171925e-06,1.1193715
1310,3.1941788e-06,2.8547054e-06,2.1129514e-06,2.359545e-05,1.3829662e-07,1.2339324e-07,9.1639073e-08,4.4265824e-08,3,3,3,3,0.00011746676,-5.7361039e-07,1.1193709
1311,3.1939159e-06,2.84988e-06,2.1038395e-06,2.3564545e-05,1.384519e-07,1.2326991e-07,9.1304139e-08,3.6059721e-08,3,3,3,3,9.5690547e-05,-2.0955026e-06,1.1193688
1312,3.1924203e-06,2.8453221e-06,2.0950416e-06,2.3529303e-05,1.3857746e-07,1.2318458e-07,9.098537e-08,3.6430228e-08,3,3,3,3,9.6673792e-05,-2.192881e-06,1.1193666
1313,3.1915549e-06,2.841657e-06,2.0864807e-06,2.3493072e-05,1.3871301e-07,1.2312873e-07,9.0672242e-08,4.0076067e-08,3,3,3,3,0.00010634869,-1.4976088e-06,1.1193651
1314,3.191576e-06,2.8394535e-06,2.0785387e-06,2.3464839e-05,1.388877e-07,1.2314336e-07,9.0388103e-08,3.9523341e-08,3,3,3,3,0.00010488198,-1.5363907e-06,1.1193636
1315,3.1913533e-06,2.8382585e-06,2.0718997e-06,2.3435627e-05,1.3906531e-07,1.2322332e-07,9.0174077e-08,4.2677806e-08,3,3,3,3,0.00011325293,-4.6268228e-07,1.1193631
1316,3.1905411e-06,2.8349679e-06,2.0633551e-06,2.3391924e-05,1.3920497e-07,1.2316965e-07,8.9851155e-08,3.6783052e-08,3,3,3,3,9.7610229e-05,-1.7256738e-06,1.1193614
1317,3.1884232e-06,2.8326787e-06,2.0556996e-06,2.3354232e-05,1.3929573e-07,1.2320318e-07,8.9582528e-08,3.7006882e-08,3,3,3,3,9.8204232e-05,-1.5583136e-06,1.1193599
1318,3.1865839e-06,2.8310045e-06,2.0485705e-06,2.3314893e-05,1.3939487e-07,1.2326166e-07,8.9334448e-08,3.7123682e-08,3,3,3,3,9.851421e-05,-1.6239061e-06,1.1193582
1319,3.1850968e-06,2.8296742e-06,2.0416819e-06,2.3274451e-05,1.3950226e-07,1.2333111e-07,8.9083601e-08,3.7034051e-08,3,3,3,3,9.8276387e-05,-1.8768239e-06,1.1193564
1320,3.1834276e-06,2.8282659e-06,2.0346945e-06,2.3230784e-05,1.3960471e-07,1.2338697e-07,8.882435e-08,4.0465368e-08,3,3,3,3,0.00010738202,-1.1926188e-06,1.1193552
1321,3.1818246e-06,2.8263809e-06,2.0269627e-06,2.3187111e-05,1.3969479e-07,1.2340345e-07,8.8527822e-08,4.00406e-08,3,3,3,3,0.00010625485,-1.2177172e-06,1.1193539
1322,3.1796571e-06,2.8256954e-06,2.0208809e-06,2.3144307e-05,1.3976327e-07,1.2350593e-07,8.8326155e-08,3.6907279e-08,3,3,3,3,9.7940048e-05,-2.0272538e-06,1.1193519
1323,3.1763815e-06,2.8236367e-06,2.0139632e-06,2.3088618e-05,1.397742e-07,1.2352615e-07,8.807686e-08,3.701448e-08,3,3,3,3,9.8224546e-05,-2.0761266e-06,1.1193498
1324,3.1731415e-06,2.8215286e-06,2.0070263e-06,2.3030228e-05,1.3977738e-07,1.2352986e-07,8.7824314e-08,3.7223129e-08,3,3,3,3,9.8778253e-05,-2.2473622e-06,1.1193476
1325,3.1697862e-06,2.8193299e-06,2.0001711e-06,2.2969323e-05,1.3976174e-07,1.2352407e-07,8.7570302e-08,3.9315686e-08,3,3,3,3,0.00010433125,-1.4056484e-06,1.1193462
1326,3.1664871e-06,2.8181978e-06,1.9942834e-06,2.2909227e-05,1.39748e-07,1.235623e-07,8.7368879e-08,3.7106883e-08,3,3,3,3,9.8469807e-05,-2.2236027e-06,1.119344
1327,3.1616952e-06,2.8156869e-06,1.987586e-06,2.2842552e-05,1.3965401e-07,1.2351973e-07,8.713792e-08,3.7021976e-08,3,3,3,3,9.8244507e-05,-2.2048937e-06,1.1193418
1328,3.1562601e-06,2.8130048e-06,1.9811617e-06,2.2773486e-05,1.3953024e-07,1.2347103e-07,8.6923231e-08,4.9269587e-08,3,3,3,3,0.00013074577,-1.6928629e-07,1.1193416
1329,3.1524867e-06,2.8130365e-06,1.9778241e-06,2.2722371e-05,1.3944578e-07,1.2355322e-07,8.6865452e-08,3.6544879e-08,3,3,3,3,9.6978485e-05,-1.2109563e-06,1.1193404
1330,3.1453082e-06,2.8098697e-06,1.9718036e-06,2.264148e-05,1.392335e-07,1.2349732e-07,8.6670198e-08,3.6589692e-08,3,3,3,3,9.7097415e-05,-5.6519201e-07,1.1193398
1331,3.1383529e-06,2.8068288e-06,1.9658378e-06,2.2559589e-05,1.3900969e-07,1.2344476e-07,8.6481194e-08,3.6647046e-08,3,3,3,3,9.7249622e-05,-8.8275332e-08,1.1193397
1332,3.1312992e-06,2.8040003e-06,1.9600915e-06,2.2479392e-05,1.3877563e-07,1.2340308e-07,8.6291479e-08,3.6730007e-08,3,3,3,3,9.7469782e-05,1.9816496e-07,1.1193399
1333,3.1238676e-06,2.8011934e-06,1.954473e-06,2.2397489e-05,1.3851277e-07,1.2336024e-07,8.610089e-08,4.0082796e-08,3,3,3,3,0.00010636703,1.2968816e-06,1.1193412
1334,3.1155657e-06,2.7970084e-06,1.9474066e-06,2.2314502e-05,1.38192e-07,1.2323006e-07,8.5839849e-08,4.9235606e-08,3,3,3,3,0.00013065568,4.4400786e-07,1.1193417
1335,3.1078463e-06,2.7953044e-06,1.9416542e-06,2.2247805e-05,1.3785918e-07,1.2319928e-07,8.5638163e-08,3.6363326e-08,3,3,3,3,9.6496725e-05,1.29122e-06,1.119343
1336,3.0971973e-06,2.7913233e-06,1.93547e-06,2.2149793e-05,1.3741847e-07,1.2308454e-07,8.5421447e-08,3.6274302e-08,3,3,3,3,9.6260486e-05,1.5950475e-06,1.1193446
1337,3.0871789e-06,2.7881505e-06,1.9293698e-06,2.2052939e-05,1.369757e-07,1.2297529e-07,8.5197107e-08,3.6157262e-08,3,3,3,3,9.59499e-05,1.7401977e-06,1.1193463
1338,3.0772245e-06,2.7851402e-06,1.9232026e-06,2.195985e-05,1.3652555e-07,1.2287935e-07,8.496211e-08,3.5930852e-08,3,3,3,3,9.5349082e-05,1.8848754e-06,1.1193482
1339,3.0669499e-06,2.7821456e-06,1.9168114e-06,2.1866509e-05,1.3605143e-07,1.2276911e-07,8.4706171e-08,3.5598428e-08,3,3,3,3,9.4466931e-05,1.9086327e-06,1.1193501
1340,3.0559272e-06,2.7791326e-06,1.9103693e-06,2.177359e-05,1.3554032e-07,1.2265098e-07,8.4445909e-08,3.5248598e-08,3,3,3,3,9.3538593e-05,1.9041646e-06,1.119352
1341,3.0441286e-06,2.7759752e-06,1.9038036e-06,2.1681233e-05,1.3499161e-07,1.2252017e-07,8.4176144e-08,3.5038921e-08,3,3,3,3,9.2982174e-05,1.8587719e-06,1.1193539
1342,3.0320536e-06,2.7727644e-06,1.8971248e-06,2.1588704e-05,1.3442476e-07,1.2238423e-07,8.3898639e-08,3.4994356e-08,3,3,3,3,9.286391e-05,1.7974018e-06,1.1193556
1343,3.0198111e-06,2.7695576e-06,1.8902834e-06,2.1495702e-05,1.338491e-07,1.2223796e-07,8.3602965e-08,3.4967449e-08,3,3,3,3,9.2792502e-05,1.7361827e-06,1.1193574
1344,3.007374e-06,2.7663003e-06,1.8832079e-06,2.1401945e-05,1.332477e-07,1.2207913e-07,8.3291072e-08,3.4927602e-08,3,3,3,3,9.2686757e-05,1.6874114e-06,1.1193591
1345,2.9945187e-06,2.7628486e-06,1.8758942e-06,2.1307793e-05,1.3262888e-07,1.2190185e-07,8.2963318e-08,4.5243128e-08,3,3,3,3,0.00012006088,5.3385187e-07,1.1193596
1346,2.9826144e-06,2.7600878e-06,1.8682475e-06,2.1226109e-05,1.3201804e-07,1.2175011e-07,8.2607837e-08,3.412578e-08,3,3,3,3,9.0558955e-05,1.031089e-06,1.1193606
1347,2.9680402e-06,2.7550998e-06,1.8599978e-06,2.1125443e-05,1.3130821e-07,1.2150845e-07,8.2223808e-08,3.3816216e-08,3,3,3,3,8.9737465e-05,6.6123915e-07,1.1193613
1348,2.9536428e-06,2.7500888e-06,1.8516253e-06,2.102528e-05,1.3059326e-07,1.2125683e-07,8.1824577e-08,3.3627195e-08,3,3,3,3,8.9235858e-05,3.262556e-07,1.1193616
1349,2.9394307e-06,2.7450737e-06,1.8430512e-06,2.0927404e-05,1.2988764e-07,1.2099835e-07,8.1406612e-08,3.3445526e-08,3,3,3,3,8.8753759e-05,4.3749788e-08,1.1193617
1350,2.9251931e-06,2.7398541e-06,1.8342587e-06,2.0828772e-05,1.2917821e-07,1.2072436e-07,8.0972464e-08,3.3113235e-08,3,3,3,3,8.787196e-05,-1.9011849e-07,1.1193615
1351,2.910544e-06,2.7342411e-06,1.8251982e-06,2.0728882e-05,1.2844625e-07,1.2043185e-07,8.0524578e-08,3.285216e-08,3,3,3,3,8.7179143e-05,-3.6439529e-07,1.1193611
1352,2.8952194e-06,2.7281066e-06,1.8158561e-06,2.0626978e-05,1.2768672e-07,1.2011441e-07,8.0060878e-08,3.2669701e-08,3,3,3,3,8.669495e-05,-5.0407185e-07,1.1193606
1353,2.8794914e-06,2.7215274e-06,1.8062313e-06,2.0522621e-05,1.2691328e-07,1.1978098e-07,7.9577686e-08,3.253684e-08,3,3,3,3,8.6342373e-05,-5.6141325e-07,1.11936
1354,2.8635078e-06,2.714642e-06,1.7963031e-06,2.041606e-05,1.2613297e-07,1.1943994e-07,7.907692e-08,3.238642e-08,3,3,3,3,8.5943202e-05,-5.6057515e-07,1.1193595
1355,2.847384e-06,2.7074317e-06,1.7860596e-06,2.0307497e-05,1.2534767e-07,1.1908537e-07,7.8563997e-08,3.2177293e-08,3,3,3,3,8.5388238e-05,-5.3907093e-07,1.1193589
1356,2.8310974e-06,2.6999318e-06,1.7756167e-06,2.0196858e-05,1.245612e-07,1.1871509e-07,7.8040005e-08,3.1872204e-08,3,3,3,3,8.4578625e-05,-4.790303e-07,1.1193585
1357,2.8147513e-06,2.692159e-06,1.7649824e-06,2.0084186e-05,1.2377721e-07,1.1834065e-07,7.7513219e-08,3.1574127e-08,3,3,3,3,8.3787619e-05,-3.96271e-07,1.1193581
1358,2.7982956e-06,2.6841375e-06,1.7542308e-06,1.9970039e-05,1.2298936e-07,1.1796634e-07,7.6982401e-08,3.1270981e-08,3,3,3,3,8.2983159e-05,-3.0085324e-07,1.1193578
1359,2.7818292e-06,2.6759392e-06,1.7434443e-06,1.9854305e-05,1.2219984e-07,1.1759753e-07,7.6451037e-08,3.0984786e-08,3,3,3,3,8.2223686e-05,-2.0551085e-07,1.1193576
1360,2.7655284e-06,2.6675686e-06,1.7326761e-06,1.9736676e-05,1.2141383e-07,1.172285e-07,7.5914635e-08,3.0700377e-08,3,3,3,3,8.1468949e-05,-1.0971058e-07,1.1193575
1361,2.7492183e-06,2.658922e-06,1.7217984e-06,1.9617415e-05,1.2063312e-07,1.1685176e-07,7.5371642e-08,3.0405883e-08,3,3,3,3,8.0687452e-05,-1.8399226e-08,1.1193574
1362,2.7329025e-06,2.6499054e-06,1.7108105e-06,1.9496563e-05,1.1984786e-07,1.1646167e-07,7.4822094e-08,3.0077464e-08,3,3,3,3,7.9815929e-05,7.3892997e-08,1.1193575
1363,2.7165559e-06,2.6404832e-06,1.6997545e-06,1.9374e-05,1.1906672e-07,1.1605813e-07,7.4270198e-08,2.9733351e-08,3,3,3,3,7.8902758e-05,1.725835e-07,1.1193577
1364,2.7003551e-06,2.6306673e-06,1.6885183e-06,1.9249779e-05,1.1830228e-07,1.1563952e-07,7.3712191e-08,2.9360111e-08,3,3,3,3,7.7912295e-05,2.5357829e-07,1.1193579
1365,2.6841647e-06,2.6205073e-06,1.6772066e-06,1.9123682e-05,1.1754727e-07,1.1520482e-07,7.3152594e-08,2.8999531e-08,3,3,3,3,7.6955427e-05,3.2785562e-07,1.1193583
1366,2.6680331e-06,2.6102181e-06,1.6658026e-06,1.8996187e-05,1.1679906e-07,1.1476282e-07,7.2590382e-08,2.8768883e-08,3,3,3,3,7.6343359e-05,3.9542242e-07,1.1193587
1367,2.6519908e-06,2.5997176e-06,1.6543602e-06,1.8867965e-05,1.1606711e-07,1.1431508e-07,7.2024812e-08,2.85517e-08,3,3,3,3,7.5767023e-05,4.565423e-07,1.1193591
1368,2.6359953e-06,2.5890849e-06,1.6428673e-06,1.8738828e-05,1.1535111e-07,1.1386499e-07,7.1466794e-08,2.8315438e-08,3,3,3,3,7.5140057e-05,5.1068533e-07,1.1193596
1369,2.6201673e-06,2.5783095e-06,1.6313765e-06,1.8608834e-05,1.1464439e-07,1.1341762e-07,7.0915792e-08,2.8055712e-08,3,3,3,3,7.4450824e-05,5.5909304e-07,1.1193602
1370,2.6043709e-06,2.5673786e-06,1.6198578e-06,1.847848e-05,1.1394098e-07,1.1296796e-07,7.037132e-08,2.7810394e-08,3,3,3,3,7.3799827e-05,5.8588414e-07,1.1193608
1371,2.5887693e-06,2.5563652e-06,1.6084483e-06,1.8347965e-05,1.1324056e-07,1.1252785e-07,6.9835839e-08,2.7532119e-08,3,3,3,3,7.3061375e-05,6.0049477e-07,1.1193614
1372,2.5734423e-06,2.5455531e-06,1.5971998e-06,1.8217798e-05,1.125551e-07,1.1211675e-07,6.9320361e-08,2.7241123e-08,3,3,3,3,7.2289164e-05,5.8909296e-07,1.119362
1373,2.5583194e-06,2.5351662e-06,1.5864766e-06,1.8088377e-05,1.1189302e-07,1.1173974e-07,6.8831673e-08,2.6938709e-08,3,3,3,3,7.1486655e-05,5.4698029e-07,1.1193625
1374,2.5436382e-06,2.5252387e-06,1.5762197e-06,1.7960516e-05,1.112636e-07,1.1138313e-07,6.8361706e-08,2.6625331e-08,3,3,3,3,7.0655052e-05,4.5653017e-07,1.119363
1375,2.5292784e-06,2.5157213e-06,1.5662993e-06,1.783417e-05,1.1065964e-07,1.1103416e-07,6.7918702e-08,2.6316542e-08,3,3,3,3,6.9835626e-05,3.1193468e-07,1.1193633
1376,2.5153283e-06,2.5064105e-06,1.5567766e-06,1.7709666e-05,1.1008273e-07,1.1069131e-07,6.7505486e-08,2.6087403e-08,3,3,3,3,6.9227567e-05,1.1421319e-07,1.1193634
1377,2.5018989e-06,2.4973496e-06,1.5477137e-06,1.7589541e-05,1.0953983e-07,1.1034515e-07,6.7116586e-08,2.5831797e-08,3,3,3,3,6.8549272e-05,-1.4723598e-07,1.1193632
1378,2.4891579e-06,2.4883754e-06,1.5391534e-06,1.7474013e-05,1.0903747e-07,1.099966e-07,6.6751587e-08,2.5632507e-08,3,3,3,3,6.8020423e-05,-4.8054713e-07,1.1193628
1379,2.4772421e-06,2.4794309e-06,1.5311576e-06,1.7361976e-05,1.0858747e-07,1.0964691e-07,6.6416104e-08,3.1309955e-08,3,3,3,3,8.3086548e-05,1.3667519e-07,1.1193629
1380,2.4656701e-06,2.4690048e-06,1.5223366e-06,1.7257713e-05,1.0815288e-07,1.0918971e-07,6.6024151e-08,2.5086138e-08,3,3,3,3,6.6570551e-05,-7.2382289e-07,1.1193622
1381,2.4550079e-06,2.4593624e-06,1.5149484e-06,1.7155121e-05,1.0779335e-07,1.0880183e-07,6.5720744e-08,2.4932978e-08,3,3,3,3,6.6164117e-05,-8.4487447e-07,1.1193613
1382,2.4457525e-06,2.4503423e-06,1.5084745e-06,1.705775e-05,1.0748496e-07,1.0843407e-07,6.5456875e-08,3.1442166e-08,3,3,3,3,8.3437418e-05,1.0399064e-07,1.1193614
1383,2.4373275e-06,2.441879e-06,1.5034452e-06,1.6977806e-05,1.0718666e-07,1.080949e-07,6.5269782e-08,2.4442152e-08,3,3,3,3,6.4861642e-05,-6.5273585e-07,1.1193608
1384,2.4293201e-06,2.4321091e-06,1.4975413e-06,1.6893394e-05,1.0690079e-07,1.0768166e-07,6.5042847e-08,2.4300353e-08,3,3,3,3,6.4485358e-05,-5.6067677e-07,1.1193602
1385,2.42213e-06,2.4224922e-06,1.4920075e-06,1.6818018e-05,1.0662464e-07,1.0726254e-07,6.4839885e-08,2.4255347e-08,3,3,3,3,6.4365934e-05,-5.9959391e-07,1.1193596
1386,2.4153611e-06,2.4131256e-06,1.4869939e-06,1.6750672e-05,1.0635547e-07,1.0684688e-07,6.465822e-08,2.4219904e-08,3,3,3,3,6.4271888e-05,-7.4760059e-07,1.1193589
1387,2.4089158e-06,2.4041868e-06,1.4831606e-06,1.6690814e-05,1.0609889e-07,1.0646299e-07,6.4533908e-08,2.7237044e-08,3,3,3,3,7.2278421e-05,6.7845834e-08,1.1193589
1388,2.4021994e-06,2.3948549e-06,1.4794966e-06,1.6634952e-05,1.0581701e-07,1.0604756e-07,6.4405272e-08,2.3627119e-08,3,3,3,3,6.2698847e-05,-7.0897054e-07,1.1193582
1389,2.3959796e-06,2.385821e-06,1.4765917e-06,1.658321e-05,1.0555434e-07,1.0565699e-07,6.4320345e-08,2.6572718e-08,3,3,3,3,7.0515537e-05,1.0256964e-07,1.1193583
1390,2.3898029e-06,2.3766558e-06,1.4737441e-06,1.653757e-05,1.052835e-07,1.0524569e-07,6.4237589e-08,2.324636e-08,3,3,3,3,6.1688458e-05,-4.5358158e-07,1.1193579
1391,2.3839864e-06,2.367743e-06,1.4711621e-06,1.6493846e-05,1.0502912e-07,1.0484657e-07,6.4168077e-08,2.3280255e-08,3,3,3,3,6.1778414e-05,-5.1211e-07,1.1193574
1392,2.378488e-06,2.359533e-06,1.4694076e-06,1.6455208e-05,1.0479044e-07,1.0448276e-07,6.4138969e-08,2.3384158e-08,3,3,3,3,6.2054149e-05,-7.6909599e-07,1.1193566
1393,2.3730017e-06,2.3516257e-06,1.4680301e-06,1.6419663e-05,1.0455091e-07,1.0412414e-07,6.4130209e-08,3.0192147e-08,3,3,3,3,8.0120411e-05,5.3317239e-08,1.1193567
1394,2.3667707e-06,2.3424851e-06,1.4657219e-06,1.6388291e-05,1.0426683e-07,1.0369026e-07,6.4066668e-08,2.7638392e-08,3,3,3,3,7.3343576e-05,1.2773608e-08,1.1193567
1395,2.360569e-06,2.3346728e-06,1.4652551e-06,1.6359867e-05,1.0400014e-07,1.0334541e-07,6.4098607e-08,2.2628662e-08,3,3,3,3,6.0049352e-05,-4.9963187e-07,1.1193562
1396,2.3538617e-06,2.3255875e-06,1.4634852e-06,1.6321163e-05,1.0370883e-07,1.0292243e-07,6.4064056e-08,2.2851899e-08,3,3,3,3,6.0641766e-05,-4.8527234e-07,1.1193557
1397,2.3474576e-06,2.3167309e-06,1.4616895e-06,1.6285645e-05,1.0341968e-07,1.0250302e-07,6.402528e-08,2.5307869e-08,3,3,3,3,6.7159152e-05,-2.9289043e-07,1.1193554
1398,2.3412687e-06,2.3089298e-06,1.4607385e-06,1.6257757e-05,1.0313156e-07,1.0215073e-07,6.4037229e-08,2.6322457e-08,3,3,3,3,6.9851569e-05,-6.5130702e-10,1.1193554
1399,2.3339923e-06,2.2999091e-06,1.4588986e-06,1.6221636e-05,1.0280155e-07,1.017351e-07,6.3999667e-08,2.5848462e-08,3,3,3,3,6.8593757e-05,-2.1014888e-08,1.1193554
1400,2.3266856e-06,2.2911739e-06,1.4575536e-06,1.6188416e-05,1.0246813e-07,1.0133053e-07,6.3981633e-08,2.2272629e-08,3,3,3,3,5.9104631e-05,-6.0020819e-07,1.1193548
1401,2.319081e-06,2.2823534e-06,1.4565388e-06,1.6151217e-05,1.0212522e-07,1.0093798e-07,6.3984949e-08,2.5550103e-08,3,3,3,3,6.7802044e-05,-4.7635974e-08,1.1193547
1402,2.3114297e-06,2.2734812e-06,1.4551998e-06,1.611586e-05,1.017623e-07,1.0052478e-07,6.3966948e-08,2.5001778e-08,3,3,3,3,6.6346982e-05,2.0467358e-08,1.1193547
1403,2.303856e-06,2.2650696e-06,1.4542351e-06,1.6078677e-05,1.0139787e-07,1.0013466e-07,6.3971574e-08,2.2500331e-08,3,3,3,3,5.9708937e-05,-6.3487394e-07,1.1193541
1404,2.2960386e-06,2.2558043e-06,1.4524265e-06,1.6034522e-05,1.0101798e-07,9.96971e-08,6.3936042e-08,2.4880909e-08,3,3,3,3,6.6026276e-05,-3.4319303e-08,1.1193541
1405,2.2879403e-06,2.2467931e-06,1.4510222e-06,1.5992528e-05,1.0062475e-07,9.9283248e-08,6.3922866e-08,2.4960665e-08,3,3,3,3,6.623795e-05,-4.8362673e-07,1.1193536
1406,2.2800921e-06,2.2385166e-06,1.4504923e-06,1.594952e-05,1.0023739e-07,9.8906946e-08,6.3952668e-08,2.7032898e-08,3,3,3,3,7.1737042e-05,-1.0766904e-07,1.1193535
1407,2.2712329e-06,2.2281115e-06,1.448004e-06,1.589752e-05,9.981429e-08,9.8425128e-08,6.388306e-08,2.6521405e-08,3,3,3,3,7.0379727e-05,-1.5049711e-07,1.1193533
1408,2.2625727e-06,2.2184992e-06,1.446268e-06,1.5850045e-05,9.9397579e-08,9.7977288e-08,6.3857165e-08,2.225637e-08,3,3,3,3,5.9061648e-05,-8.0170065e-07,1.1193525
1409,2.2533182e-06,2.2080665e-06,1.4441422e-06,1.5793378e-05,9.896375e-08,9.7491894e-08,6.3813723e-08,2.6039003e-08,3,3,3,3,6.9099629e-05,-1.8256589e-07,1.1193523
1410,2.2444908e-06,2.1982784e-06,1.442299e-06,1.574073e-05,9.8553529e-08,9.7040415e-08,6.3780511e-08,2.5091335e-08,3,3,3,3,6.6584834e-05,-1.7823328e-07,1.1193522
1411,2.2356422e-06,2.1883067e-06,1.4401699e-06,1.568441e-05,9.8135898e-08,9.6565807e-08,6.3725836e-08,2.4057884e-08,3,3,3,3,6.3842395e-05,-4.8491973e-07,1.1193517
1412,2.2266534e-06,2.1775377e-06,1.4373654e-06,1.5622605e-05,9.769993e-08,9.6036767e-08,6.3636418e-08,2.3899814e-08,3,3,3,3,6.3422947e-05,-5.7003133e-07,1.1193511
1413,2.2179312e-06,2.1679435e-06,1.4358613e-06,1.556481e-05,9.7292003e-08,9.5577019e-08,6.3611812e-08,2.5225327e-08,3,3,3,3,6.6940487e-05,-2.833865e-07,1.1193508
1414,2.2087697e-06,2.1562763e-06,1.4314961e-06,1.5496943e-05,9.6846098e-08,9.4984638e-08,6.3429355e-08,2.6349656e-08,3,3,3,3,6.9924155e-05,-2.1486428e-07,1.1193506
1415,2.1996686e-06,2.1458407e-06,1.4287311e-06,1.5433812e-05,9.6410345e-08,9.4490759e-08,6.3348788e-08,2.2942579e-08,3,3,3,3,6.0882816e-05,-4.1210089e-07,1.1193502
1416,2.1894897e-06,2.1337198e-06,1.4246516e-06,1.5357667e-05,9.592264e-08,9.3898401e-08,6.3190661e-08,2.4904155e-08,3,3,3,3,6.6088283e-05,-1.9726135e-07,1.11935
1417,2.1797773e-06,2.1226627e-06,1.4213943e-06,1.5287527e-05,9.5459582e-08,9.3380974e-08,6.3074057e-08,2.3460805e-08,3,3,3,3,6.2258087e-05,-4.9289555e-07,1.1193495
1418,2.1700705e-06,2.111128e-06,1.4176083e-06,1.5212782e-05,9.4987688e-08,9.2822511e-08,6.2917968e-08,2.5760326e-08,3,3,3,3,6.8360368e-05,-3.0197645e-07,1.1193492
1419,2.1599414e-06,2.0993605e-06,1.4133555e-06,1.5138492e-05,9.451018e-08,9.2259542e-08,6.2732583e-08,2.5362294e-08,3,3,3,3,6.7304141e-05,-2.38618e-07,1.119349
1420,2.1498097e-06,2.0881097e-06,1.4096761e-06,1.5065374e-05,9.4035765e-08,9.173258e-08,6.2582561e-08,2.3349682e-08,3,3,3,3,6.1963286e-05,-5.7797201e-07,1.1193484
1421,2.1391782e-06,2.0761103e-06,1.4057931e-06,1.4986692e-05,9.353496e-08,9.1169769e-08,6.2419628e-08,2.5874186e-08,3,3,3,3,6.8662618e-05,-2.2933359e-07,1.1193482
1422,2.1285108e-06,2.063892e-06,1.4009884e-06,1.490872e-05,9.3037251e-08,9.0588638e-08,6.2196228e-08,2.5219749e-08,3,3,3,3,6.6925965e-05,-2.2928294e-07,1.1193479
1423,2.1180723e-06,2.0525885e-06,1.3970059e-06,1.4833328e-05,9.2544401e-08,9.0057649e-08,6.2015508e-08,2.3441959e-08,3,3,3,3,6.2208253e-05,-6.3598914e-07,1.1193473
1424,2.107151e-06,2.0401695e-06,1.3923208e-06,1.4750489e-05,9.2017874e-08,8.9460495e-08,6.1794505e-08,2.5441277e-08,3,3,3,3,6.7513902e-05,-2.9644224e-07,1.119347
1425,2.0961277e-06,2.0276218e-06,1.387102e-06,1.4670127e-05,9.1483613e-08,8.8858793e-08,6.1544436e-08,2.4920999e-08,3,3,3,3,6.6133266e-05,-2.5128792e-07,1.1193468
1426,2.0853743e-06,2.0158118e-06,1.3826917e-06,1.4592882e-05,9.0948116e-08,8.8293327e-08,6.1338065e-08,2.2841292e-08,3,3,3,3,6.0614345e-05,-6.2776565e-07,1.1193461
1427,2.0740529e-06,2.003233e-06,1.3779987e-06,1.4507979e-05,9.0389481e-08,8.7688129e-08,6.1120213e-08,2.5394414e-08,3,3,3,3,6.7389641e-05,-3.1468486e-07,1.1193458
1428,2.0627506e-06,1.9904805e-06,1.372536e-06,1.4427605e-05,8.9835973e-08,8.7071738e-08,6.0860039e-08,2.4387409e-08,3,3,3,3,6.4717368e-05,-3.2957806e-07,1.1193455
1429,2.0515517e-06,1.9782731e-06,1.3675433e-06,1.4348887e-05,8.9287876e-08,8.6485658e-08,6.0624202e-08,2.2859791e-08,3,3,3,3,6.0663529e-05,-6.5821946e-07,1.1193448
1430,2.0398332e-06,1.9655126e-06,1.3626345e-06,1.4268109e-05,8.8714499e-08,8.5873031e-08,6.0387627e-08,2.505183e-08,3,3,3,3,6.648062e-05,-3.2266621e-07,1.1193445
1431,2.0280489e-06,1.9523243e-06,1.3568008e-06,1.4189183e-05,8.8142765e-08,8.5236269e-08,6.0089817e-08,2.4513937e-08,3,3,3,3,6.5053236e-05,-2.4269317e-07,1.1193443
1432,2.0166199e-06,1.9399448e-06,1.3516722e-06,1.4114082e-05,8.7578534e-08,8.4640185e-08,5.9825882e-08,2.2129802e-08,3,3,3,3,5.8726431e-05,-6.5074225e-07,1.1193436
1433,2.0045841e-06,1.9263319e-06,1.3458773e-06,1.4031344e-05,8.6981194e-08,8.3984106e-08,5.9527904e-08,2.4358975e-08,3,3,3,3,6.4642075e-05,-3.1026203e-07,1.1193433
1434,1.9927239e-06,1.9128232e-06,1.3395945e-06,1.3954564e-05,8.639543e-08,8.3335398e-08,5.9199426e-08,2.3532447e-08,3,3,3,3,6.2448727e-05,-3.0732784e-07,1.119343
1435,1.9811248e-06,1.8999176e-06,1.3339081e-06,1.3878769e-05,8.5821142e-08,8.272513e-08,5.8897315e-08,2.1682379e-08,3,3,3,3,5.7539179e-05,-6.3419077e-07,1.1193424
1436,1.9691453e-06,1.8863866e-06,1.3278578e-06,1.379743e-05,8.5229896e-08,8.2079785e-08,5.8581277e-08,2.3742411e-08,3,3,3,3,6.3005978e-05,-2.2719511e-07,1.1193421
1437,1.9573663e-06,1.8726359e-06,1.3210513e-06,1.3719027e-05,8.4645554e-08,8.1424234e-08,5.8224263e-08,2.298643e-08,3,3,3,3,6.0999841e-05,-2.9838829e-07,1.1193418
1438,1.9459256e-06,1.8596238e-06,1.3149352e-06,1.3642853e-05,8.4074855e-08,8.0805954e-08,5.7898598e-08,2.1378815e-08,3,3,3,3,5.6733689e-05,-6.4779283e-07,1.1193412
1439,1.9340973e-06,1.8459734e-06,1.3085309e-06,1.3561568e-05,8.3485605e-08,8.014906e-08,5.7556383e-08,2.3245707e-08,3,3,3,3,6.1687952e-05,-2.9888665e-07,1.1193409
1440,1.9223259e-06,1.832111e-06,1.3013243e-06,1.3482643e-05,8.2907722e-08,7.9477971e-08,5.7165225e-08,2.2631724e-08,3,3,3,3,6.0058637e-05,-2.2557731e-07,1.1193407
1441,1.9109567e-06,1.8192404e-06,1.2949977e-06,1.3406976e-05,8.2351832e-08,7.8858003e-08,5.682736e-08,2.0840035e-08,3,3,3,3,5.5303995e-05,-6.3804155e-07,1.11934
1442,1.8990807e-06,1.8056022e-06,1.2880528e-06,1.3324541e-05,8.177331e-08,7.8189441e-08,5.6462099e-08,2.2545012e-08,3,3,3,3,5.9828584e-05,-2.9311876e-07,1.1193397
1443,1.8874092e-06,1.7919285e-06,1.2805238e-06,1.3246728e-05,8.1209188e-08,7.7521141e-08,5.6065789e-08,2.185421e-08,3,3,3,3,5.7995406e-05,-2.2128918e-07,1.1193395
1444,1.8761517e-06,1.779278e-06,1.2738089e-06,1.3171763e-05,8.0661865e-08,7.6904294e-08,5.5715998e-08,2.0311306e-08,3,3,3,3,5.3900967e-05,-6.1394706e-07,1.1193389
1445,1.8644418e-06,1.7658491e-06,1.266456e-06,1.3090784e-05,8.0083618e-08,7.6240564e-08,5.5336664e-08,2.1734392e-08,3,3,3,3,5.7677495e-05,-2.9481111e-07,1.1193386
1446,1.8529342e-06,1.7524604e-06,1.2586566e-06,1.3012913e-05,7.9517268e-08,7.5584574e-08,5.4932341e-08,2.1161517e-08,3,3,3,3,5.615726e-05,-2.4020767e-07,1.1193384
1447,1.8417604e-06,1.739989e-06,1.2516014e-06,1.2937851e-05,7.8967124e-08,7.4985535e-08,5.4577693e-08,1.9847298e-08,3,3,3,3,5.2669685e-05,-5.9679002e-07,1.1193378
1448,1.8300848e-06,1.7268885e-06,1.2440222e-06,1.2857257e-05,7.8399815e-08,7.4353665e-08,5.4199593e-08,2.1155192e-08,3,3,3,3,5.6140526e-05,-2.2677641e-07,1.1193375
1449,1.8185641e-06,1.7137242e-06,1.2359895e-06,1.2779471e-05,7.7857889e-08,7.3725957e-08,5.3796132e-08,2.0468796e-08,3,3,3,3,5.4319031e-05,-2.3266332e-07,1.1193373
1450,1.8074713e-06,1.7014053e-06,1.2287724e-06,1.2703864e-05,7.7340211e-08,7.3147034e-08,5.343214e-08,1.9441175e-08,3,3,3,3,5.1592008e-05,-6.0928629e-07,1.1193367
1451,1.7960606e-06,1.6886711e-06,1.2211589e-06,1.2623384e-05,7.6804887e-08,7.2543356e-08,5.3051449e-08,2.1112335e-08,3,3,3,3,5.6026871e-05,-2.9306839e-07,1.1193364
1452,1.7848629e-06,1.6760574e-06,1.2131741e-06,1.254673e-05,7.6289889e-08,7.1945447e-08,5.2652255e-08,1.9635031e-08,3,3,3,3,5.2106499e-05,-2.3225844e-07,1.1193362
1453,1.7739108e-06,1.6639157e-06,1.2054058e-06,1.2470875e-05,7.5795869e-08,7.1378179e-08,5.2268046e-08,1.8855346e-08,3,3,3,3,5.0037431e-05,-5.363093e-07,1.1193356
1454,1.7626653e-06,1.6517308e-06,1.197661e-06,1.2392426e-05,7.5293761e-08,7.0813116e-08,5.1886702e-08,1.9622713e-08,3,3,3,3,5.2073854e-05,-2.3297391e-07,1.1193354
1455,1.7515701e-06,1.6395099e-06,1.1893724e-06,1.2315975e-05,7.4814268e-08,7.0258128e-08,5.1478175e-08,1.8232121e-08,3,3,3,3,4.8383586e-05,-5.5623026e-07,1.1193348
1456,1.7405899e-06,1.6281071e-06,1.1818047e-06,1.2240402e-05,7.4340799e-08,6.9751754e-08,5.1113226e-08,2.0707883e-08,3,3,3,3,5.4953671e-05,-1.5276194e-07,1.1193347
1457,1.7300066e-06,1.6164031e-06,1.1731489e-06,1.2166573e-05,7.3882517e-08,6.9227801e-08,5.0693785e-08,1.9780305e-08,3,3,3,3,5.2492129e-05,-1.7389141e-07,1.1193345
1458,1.7197558e-06,1.6060113e-06,1.1656314e-06,1.2096682e-05,7.3444748e-08,6.8788951e-08,5.0338657e-08,1.8040535e-08,3,3,3,3,4.7875221e-05,-5.5190344e-07,1.119334
1459,1.7089793e-06,1.5943945e-06,1.156725e-06,1.2017816e-05,7.2986645e-08,6.828374e-08,4.9913006e-08,1.810175e-08,3,3,3,3,4.803769e-05,-5.4815871e-07,1.1193334
1460,1.6988646e-06,1.5843473e-06,1.1491557e-06,1.1950719e-05,7.2569014e-08,6.7879587e-08,4.9564752e-08,1.9438616e-08,3,3,3,3,5.1585426e-05,-1.7936916e-07,1.1193332
1461,1.6888098e-06,1.5735785e-06,1.140239e-06,1.187965e-05,7.2157033e-08,6.7434952e-08,4.9146479e-08,1.9211817e-08,3,3,3,3,5.0983577e-05,-1.7568348e-07,1.1193331
1462,1.6794636e-06,1.5642167e-06,1.1325087e-06,1.1816549e-05,7.1775219e-08,6.7069316e-08,4.8795496e-08,1.7180962e-08,3,3,3,3,4.559419e-05,-5.0925723e-07,1.1193325
1463,1.6696948e-06,1.553907e-06,1.1238997e-06,1.1748125e-05,7.1375833e-08,6.6642877e-08,4.8396599e-08,1.7132629e-08,3,3,3,3,4.5465941e-05,-5.0566102e-07,1.119332
1464,1.6608677e-06,1.5449894e-06,1.116332e-06,1.1687844e-05,7.10302e-08,6.6292694e-08,4.8064144e-08,1.8952153e-08,3,3,3,3,5.0294541e-05,-1.7510466e-07,1.1193319
1465,1.6524408e-06,1.5355584e-06,1.1078189e-06,1.1627522e-05,7.0712331e-08,6.5912936e-08,4.7679833e-08,1.7121701e-08,3,3,3,3,4.543697e-05,-5.109758e-07,1.1193314
1466,1.6444651e-06,1.5267722e-06,1.1001025e-06,1.1569509e-05,7.0420627e-08,6.5570736e-08,4.7341173e-08,1.8587504e-08,3,3,3,3,4.932688e-05,-1.8216256e-07,1.1193312
1467,1.6374148e-06,1.5183774e-06,1.0921986e-06,1.1517364e-05,7.0168737e-08,6.5237125e-08,4.6995402e-08,1.674169e-08,3,3,3,3,4.4428535e-05,-5.1339551e-07,1.1193307
1468,1.6303145e-06,1.5098896e-06,1.0843811e-06,1.1463808e-05,6.9913712e-08,6.4903472e-08,4.6659062e-08,1.6692198e-08,3,3,3,3,4.4297208e-05,-5.1437148e-07,1.1193301
1469,1.6240456e-06,1.5023549e-06,1.0774222e-06,1.1418107e-05,6.9697472e-08,6.4625515e-08,4.6365836e-08,1.8695258e-08,3,3,3,3,4.9612876e-05,-1.8241605e-07,1.11933
1470,1.6184906e-06,1.4947012e-06,1.0699015e-06,1.1373878e-05,6.9504952e-08,6.4329389e-08,4.6043081e-08,1.6503271e-08,3,3,3,3,4.3795865e-05,-5.0545816e-07,1.1193295
1471,1.6129489e-06,1.4870334e-06,1.0624916e-06,1.1331802e-05,6.9311588e-08,6.403173e-08,4.5728445e-08,1.6483075e-08,3,3,3,3,4.374228e-05,-4.9814669e-07,1.119329
1472,1.6081049e-06,1.4803334e-06,1.0559326e-06,1.1296219e-05,6.9149864e-08,6.378626e-08,4.5458768e-08,1.5486041e-08,3,3,3,3,4.109639e-05,-8.9578623e-07,1.1193281
1473,1.6033516e-06,1.473631e-06,1.0493199e-06,1.1262594e-05,6.8990397e-08,6.354117e-08,4.5183546e-08,1.9860847e-08,3,3,3,3,5.2706128e-05,-1.3951441e-07,1.1193279
1474,1.5996381e-06,1.4682111e-06,1.0435654e-06,1.1238195e-05,6.8870238e-08,6.3356605e-08,4.4949345e-08,1.72707e-08,3,3,3,3,4.5832487e-05,-6.0442278e-07,1.1193273
1475,1.5951971e-06,1.4614832e-06,1.0369259e-06,1.1205787e-05,6.8725885e-08,6.3103082e-08,4.4665373e-08,1.7085842e-08,3,3,3,3,4.5341925e-05,-6.019153e-07,1.1193267
1476,1.5913872e-06,1.4560619e-06,1.0313571e-06,1.1182518e-05,6.8605798e-08,6.2906335e-08,4.4439742e-08,1.562162e-08,3,3,3,3,4.1456222e-05,-9.4855985e-07,1.1193258
1477,1.5874768e-06,1.450662e-06,1.0259006e-06,1.1159617e-05,6.8487005e-08,6.2709404e-08,4.4222936e-08,1.8131092e-08,3,3,3,3,4.8115797e-05,-2.4752995e-07,1.1193255
1478,1.5844087e-06,1.4459768e-06,1.020884e-06,1.1139889e-05,6.8408974e-08,6.2542634e-08,4.4028754e-08,1.6011926e-08,3,3,3,3,4.249202e-05,-9.0343566e-07,1.1193246
1479,1.5810049e-06,1.44119e-06,1.0158359e-06,1.1121675e-05,6.8316231e-08,6.237975e-08,4.3832343e-08,1.6963249e-08,3,3,3,3,4.5016624e-05,-5.8164015e-07,1.119324
1480,1.5779147e-06,1.4365632e-06,1.0108066e-06,1.1104861e-05,6.8232435e-08,6.2222649e-08,4.3634918e-08,1.6737601e-08,3,3,3,3,4.4417811e-05,-5.7531427e-07,1.1193235
1481,1.5751536e-06,1.4324913e-06,1.0062744e-06,1.1090685e-05,6.8176338e-08,6.2099237e-08,4.3466449e-08,1.5993098e-08,3,3,3,3,4.2442073e-05,-7.742679e-07,1.1193227
1482,1.5723705e-06,1.4285168e-06,1.0016642e-06,1.1074678e-05,6.8122017e-08,6.1975958e-08,4.3293612e-08,1.6116797e-08,3,3,3,3,4.2770347e-05,-8.3644985e-07,1.1193219
1483,1.5698897e-06,1.4251097e-06,9.9730801e-07,1.1060102e-05,6.8085069e-08,6.1876138e-08,4.3133921e-08,1.7463605e-08,3,3,3,3,4.6344477e-05,-6.4253333e-07,1.1193212
1484,1.5676992e-06,1.4224315e-06,9.9360756e-07,1.1049698e-05,6.8063502e-08,6.1811206e-08,4.3008051e-08,1.7131893e-08,3,3,3,3,4.5464194e-05,-6.7437486e-07,1.1193205
1485,1.565515e-06,1.4198558e-06,9.8994256e-07,1.1038065e-05,6.804535e-08,6.1748735e-08,4.2884197e-08,1.6286084e-08,3,3,3,3,4.3219609e-05,-1.0064123e-06,1.1193195
1486,1.5630865e-06,1.4168891e-06,9.8585165e-07,1.1022861e-05,6.8013205e-08,6.1662786e-08,4.2738309e-08,1.6499429e-08,3,3,3,3,4.3785784e-05,-1.0670954e-06,1.1193185
1487,1.560748e-06,1.4141356e-06,9.8177653e-07,1.1008086e-05,6.7983146e-08,6.1584341e-08,4.2593405e-08,2.0888526e-08,3,3,3,3,5.5433466e-05,-2.8621769e-07,1.1193182
1488,1.5593208e-06,1.4124677e-06,9.7867878e-07,1.1000602e-05,6.7981036e-08,6.1551576e-08,4.2499291e-08,1.6499583e-08,3,3,3,3,4.37862e-05,-8.3306224e-07,1.1193173
1489,1.5566719e-06,1.4103549e-06,9.7523199e-07,1.0984144e-05,6.7941396e-08,6.1505108e-08,4.2388126e-08,1.6499642e-08,3,3,3,3,4.3786358e-05,-6.8237244e-07,1.1193167
1490,1.5541862e-06,1.4083685e-06,9.7185457e-07,1.0966551e-05,6.7896939e-08,6.1457288e-08,4.227805e-08,1.6565511e-08,3,3,3,3,4.3961163e-05,-5.803616e-07,1.1193161
1491,1.5517536e-06,1.406339e-06,9.6847131e-07,1.0948798e-05,6.785221e-08,6.141359e-08,4.2167239e-08,1.7684554e-08,3,3,3,3,4.6930853e-05,-2.3245705e-07,1.1193158
1492,1.549175e-06,1.4038188e-06,9.6466776e-07,1.0929826e-05,6.7801309e-08,6.1348419e-08,4.2033561e-08,1.7797948e-08,3,3,3,3,4.7231778e-05,-2.3113526e-08,1.1193158
1493,1.5464031e-06,1.4012625e-06,9.6092791e-07,1.0910811e-05,6.7743322e-08,6.1279062e-08,4.1903385e-08,1.6961455e-08,3,3,3,3,4.5011914e-05,5.8716225e-08,1.1193159
1494,1.5433405e-06,1.3991282e-06,9.5780573e-07,1.0888503e-05,6.7681003e-08,6.1233075e-08,4.180435e-08,1.7024916e-08,3,3,3,3,4.5180325e-05,3.3790771e-07,1.1193162
1495,1.5401825e-06,1.3970232e-06,9.5490412e-07,1.0864453e-05,6.7610667e-08,6.1185844e-08,4.1713447e-08,2.346197e-08,3,3,3,3,6.2262827e-05,9.7129713e-08,1.1193163
1496,1.5375233e-06,1.3956554e-06,9.5218194e-07,1.084792e-05,6.7551568e-08,6.1165959e-08,4.1627649e-08,1.6927477e-08,3,3,3,3,4.4921739e-05,5.0600206e-07,1.1193168
1497,1.5335243e-06,1.3929097e-06,9.4906219e-07,1.0816835e-05,6.7446745e-08,6.1084231e-08,4.1528013e-08,1.7010688e-08,3,3,3,3,4.5142561e-05,5.273764e-07,1.1193174
1498,1.5298144e-06,1.3901599e-06,9.4604913e-07,1.0784861e-05,6.7334474e-08,6.0997976e-08,4.1432626e-08,1.7130563e-08,3,3,3,3,4.5460681e-05,5.5733507e-07,1.1193179
1499,1.5261916e-06,1.3874008e-06,9.4309169e-07,1.0753907e-05,6.7225092e-08,6.091073e-08,4.1339529e-08,1.7184315e-08,3,3,3,3,4.5603323e-05,5.875723e-07,1.1193185
1500,1.5224778e-06,1.3847209e-06,9.402584e-07,1.0722254e-05,6.7111612e-08,6.0817302e-08,4.1250273e-08,1.7120865e-08,3,3,3,3,4.5434942e-05,6.1933327e-07,1.1193191
1501,1.5185444e-06,1.3821248e-06,9.3780129e-07,1.0688998e-05,6.6990215e-08,6.072927e-08,4.1182337e-08,1.7026715e-08,3,3,3,3,4.5185086e-05,6.6063215e-07,1.1193198
1502,1.5143596e-06,1.379473e-06,9.356176e-07,1.0654143e-05,6.6852182e-08,6.0641934e-08,4.1124842e-08,1.6988457e-08,3,3,3,3,4.5083555e-05,7.2145274e-07,1.1193205
1503,1.5099818e-06,1.3766589e-06,9.3355015e-07,1.0617607e-05,6.6697862e-08,6.0544332e-08,4.1066834e-08,1.7000229e-08,3,3,3,3,4.5114791e-05,7.9350517e-07,1.1193213
1504,1.5055058e-06,1.3737147e-06,9.3156589e-07,1.0580127e-05,6.6533629e-08,6.0438624e-08,4.1005502e-08,2.322255e-08,3,3,3,3,6.1627431e-05,1.8715691e-07,1.1193215
1505,1.5014818e-06,1.3708852e-06,9.2914512e-07,1.0547293e-05,6.636974e-08,6.0325043e-08,4.0914446e-08,1.6752144e-08,3,3,3,3,4.4456419e-05,7.3048052e-07,1.1193222
1506,1.4962024e-06,1.367179e-06,9.268317e-07,1.0504342e-05,6.6159784e-08,6.0184191e-08,4.0837979e-08,1.6741462e-08,3,3,3,3,4.4428069e-05,6.4677335e-07,1.1193229
1507,1.4911871e-06,1.3637114e-06,9.2460894e-07,1.0461094e-05,6.5944222e-08,6.004963e-08,4.0762485e-08,1.6778615e-08,3,3,3,3,4.4526661e-05,6.167721e-07,1.1193235
1508,1.486197e-06,1.3603975e-06,9.2248564e-07,1.041947e-05,6.5726159e-08,5.991739e-08,4.0690341e-08,1.675684e-08,3,3,3,3,4.4468869e-05,6.3457873e-07,1.1193241
1509,1.4810835e-06,1.3572941e-06,9.2048702e-07,1.0378371e-05,6.550103e-08,5.9795265e-08,4.06205e-08,1.6666584e-08,3,3,3,3,4.4229346e-05,7.2470334e-07,1.1193248
1510,1.4757739e-06,1.3544126e-06,9.1859545e-07,1.0337023e-05,6.5261562e-08,5.9673116e-08,4.0551749e-08,1.6549977e-08,3,3,3,3,4.3919894e-05,8.6769275e-07,1.1193257
1511,1.4702278e-06,1.3515737e-06,9.1659099e-07,1.029557e-05,6.5000064e-08,5.9549545e-08,4.0479003e-08,2.2670045e-08,3,3,3,3,6.0161161e-05,2.2918208e-07,1.1193259
1512,1.4651637e-06,1.3493579e-06,9.144302e-07,1.026065e-05,6.4742576e-08,5.9448179e-08,4.0389138e-08,1.6287947e-08,3,3,3,3,4.3224512e-05,8.5639534e-07,1.1193268
1513,1.4587707e-06,1.3460121e-06,9.117984e-07,1.0215699e-05,6.4431793e-08,5.9295812e-08,4.0274511e-08,1.6307064e-08,3,3,3,3,4.327524e-05,8.2978491e-07,1.1193276
1514,1.4525923e-06,1.3429686e-06,9.0900044e-07,1.0171405e-05,6.4123406e-08,5.9146936e-08,4.0148225e-08,1.7774202e-08,3,3,3,3,4.7168685e-05,5.6165631e-07,1.1193282
1515,1.4466784e-06,1.340254e-06,9.0625618e-07,1.0130728e-05,6.3821987e-08,5.9008995e-08,4.0019084e-08,1.6199267e-08,3,3,3,3,4.2989159e-05,8.8552769e-07,1.1193291
1516,1.4403174e-06,1.3375074e-06,9.0355399e-07,1.0089606e-05,6.3505243e-08,5.887945e-08,3.9895806e-08,2.0508624e-08,3,3,3,3,5.4425205e-05,2.3927431e-07,1.1193293
1517,1.4341661e-06,1.334878e-06,9.0034276e-07,1.0050053e-05,6.3191328e-08,5.8738825e-08,3.9741542e-08,1.5815393e-08,3,3,3,3,4.1970433e-05,7.1476604e-07,1.11933
1518,1.4269832e-06,1.3314481e-06,8.969838e-07,1.0007184e-05,6.2836803e-08,5.8569444e-08,3.9582937e-08,1.5747539e-08,3,3,3,3,4.1790358e-05,6.4843675e-07,1.1193307
1519,1.4199229e-06,1.3281138e-06,8.935591e-07,9.9643773e-06,6.2481559e-08,5.8401027e-08,3.9413169e-08,1.5753546e-08,3,3,3,3,4.1806294e-05,6.581797e-07,1.1193313
1520,1.4129196e-06,1.3248838e-06,8.9010873e-07,9.922865e-06,6.2130841e-08,5.8238347e-08,3.9240632e-08,1.5717336e-08,3,3,3,3,4.1710197e-05,7.5437866e-07,1.1193321
1521,1.4058338e-06,1.3217417e-06,8.8665883e-07,9.8810135e-06,6.1778533e-08,5.8078351e-08,3.906606e-08,1.9654284e-08,3,3,3,3,5.2157944e-05,2.3650335e-07,1.1193323
1522,1.3990522e-06,1.3188408e-06,8.8309596e-07,9.8421039e-06,6.1435333e-08,5.7922734e-08,3.8878604e-08,1.5453904e-08,3,3,3,3,4.1011094e-05,7.6861695e-07,1.1193331
1523,1.3912087e-06,1.3149625e-06,8.7904413e-07,9.7961141e-06,6.1044045e-08,5.7722358e-08,3.8666279e-08,1.6579228e-08,3,3,3,3,4.399744e-05,5.2372754e-07,1.1193336
1524,1.3836498e-06,1.3114062e-06,8.7525584e-07,9.7517984e-06,6.0656834e-08,5.7531574e-08,3.846485e-08,1.52176e-08,3,3,3,3,4.0383988e-05,7.6892271e-07,1.1193344
1525,1.3758396e-06,1.3078369e-06,8.7138928e-07,9.7081061e-06,6.0266929e-08,5.7345011e-08,3.8260968e-08,1.8486968e-08,3,3,3,3,4.9060126e-05,2.4630071e-07,1.1193346
1526,1.3683638e-06,1.3042251e-06,8.6702085e-07,9.664315e-06,5.9885681e-08,5.7144529e-08,3.8030438e-08,1.4976944e-08,3,3,3,3,3.9745329e-05,6.4588599e-07,1.1193353
1527,1.3601341e-06,1.3001111e-06,8.6259309e-07,9.6170883e-06,5.9477739e-08,5.692711e-08,3.7800837e-08,1.4872467e-08,3,3,3,3,3.9468067e-05,6.2213614e-07,1.1193359
1528,1.3518735e-06,1.2960525e-06,8.5823041e-07,9.5692234e-06,5.9067131e-08,5.6709522e-08,3.757356e-08,1.4752387e-08,3,3,3,3,3.9149396e-05,6.7421471e-07,1.1193366
1529,1.3437002e-06,1.2919418e-06,8.5384189e-07,9.5212989e-06,5.8662167e-08,5.6496404e-08,3.734957e-08,1.5734196e-08,3,3,3,3,4.1754882e-05,5.0042515e-07,1.1193371
1530,1.3358374e-06,1.2879802e-06,8.4972577e-07,9.4739966e-06,5.827491e-08,5.6298671e-08,3.7140085e-08,1.8284099e-08,3,3,3,3,4.8521724e-05,2.3714949e-07,1.1193373
1531,1.328007e-06,1.2835643e-06,8.4492213e-07,9.4267047e-06,5.7887339e-08,5.6084018e-08,3.6896364e-08,1.4482375e-08,3,3,3,3,3.843283e-05,6.2620348e-07,1.1193379
1532,1.319659e-06,1.2785835e-06,8.3996729e-07,9.374148e-06,5.7479521e-08,5.5853406e-08,3.6646265e-08,1.435912e-08,3,3,3,3,3.8105736e-05,5.9468634e-07,1.1193385
1533,1.3115614e-06,1.2737776e-06,8.3517586e-07,9.3225354e-06,5.7083488e-08,5.5632294e-08,3.6407846e-08,1.4162855e-08,3,3,3,3,3.758489e-05,6.3405655e-07,1.1193392
1534,1.3035713e-06,1.2689076e-06,8.3039337e-07,9.2706168e-06,5.6699941e-08,5.5414615e-08,3.6171979e-08,1.6098469e-08,3,3,3,3,4.272155e-05,2.7788628e-07,1.1193394
1535,1.2960943e-06,1.2643097e-06,8.2582455e-07,9.2199359e-06,5.6346433e-08,5.5212611e-08,3.5946815e-08,1.3998513e-08,3,3,3,3,3.7148753e-05,6.065113e-07,1.11934
1536,1.2881261e-06,1.2589419e-06,8.2073261e-07,9.1653235e-06,5.5973952e-08,5.4970349e-08,3.5695736e-08,1.3856964e-08,3,3,3,3,3.677311e-05,6.0873022e-07,1.1193406
1537,1.2802642e-06,1.2536855e-06,8.1589065e-07,9.1116662e-06,5.5614494e-08,5.4738086e-08,3.5457757e-08,1.4457794e-08,3,3,3,3,3.8367568e-05,4.4307242e-07,1.1193411
1538,1.2727167e-06,1.2484274e-06,8.1114093e-07,9.0577665e-06,5.5273721e-08,5.4504658e-08,3.5224605e-08,1.3461041e-08,3,3,3,3,3.5722417e-05,6.2560212e-07,1.1193417
1539,1.2650705e-06,1.2428913e-06,8.0614276e-07,9.001835e-06,5.4934895e-08,5.4264017e-08,3.4980804e-08,1.3511256e-08,3,3,3,3,3.5855671e-05,6.6640561e-07,1.1193424
1540,1.257732e-06,1.2374122e-06,8.0120406e-07,8.9466895e-06,5.46029e-08,5.4025667e-08,3.4740504e-08,1.548127e-08,3,3,3,3,4.1083616e-05,2.1595768e-07,1.1193426
1541,1.2509299e-06,1.2319847e-06,7.9610626e-07,8.8927077e-06,5.4293283e-08,5.3785311e-08,3.4493877e-08,1.2964552e-08,3,3,3,3,3.440484e-05,5.7486185e-07,1.1193432
1542,1.2437424e-06,1.2263376e-06,7.9122057e-07,8.8366815e-06,5.3974291e-08,5.3544478e-08,3.4259617e-08,1.2775667e-08,3,3,3,3,3.3903579e-05,5.2073511e-07,1.1193437
1543,1.2368645e-06,1.2206948e-06,7.8629881e-07,8.7800641e-06,5.3667768e-08,5.3307556e-08,3.4024664e-08,1.2729344e-08,3,3,3,3,3.3780646e-05,5.0815622e-07,1.1193442
1544,1.2301752e-06,1.2151639e-06,7.814059e-07,8.7245255e-06,5.3377685e-08,5.3075923e-08,3.3794686e-08,1.2598106e-08,3,3,3,3,3.3432369e-05,5.3144675e-07,1.1193447
1545,1.2236276e-06,1.2098407e-06,7.7673624e-07,8.6696435e-06,5.309989e-08,5.285579e-08,3.3579897e-08,1.2390113e-08,3,3,3,3,3.2880402e-05,5.8341622e-07,1.1193453
1546,1.2172422e-06,1.2046746e-06,7.722082e-07,8.6150434e-06,5.2832706e-08,5.2647681e-08,3.3376574e-08,1.3017235e-08,3,3,3,3,3.4544631e-05,4.5550048e-07,1.1193458
1547,1.2112254e-06,1.1998537e-06,7.6798964e-07,8.5619485e-06,5.2579542e-08,5.2454447e-08,3.3195545e-08,1.2233895e-08,3,3,3,3,3.2465831e-05,6.222417e-07,1.1193464
1548,1.2052383e-06,1.1950003e-06,7.6363489e-07,8.5091531e-06,5.2328731e-08,5.225715e-08,3.3006108e-08,1.2139659e-08,3,3,3,3,3.221575e-05,6.3335725e-07,1.119347
1549,1.1995051e-06,1.1903631e-06,7.5958087e-07,8.4582408e-06,5.2090952e-08,5.2069228e-08,3.2831273e-08,1.1992145e-08,3,3,3,3,3.182428e-05,6.5506068e-07,1.1193477
1550,1.1941253e-06,1.1858009e-06,7.5568248e-07,8.4085765e-06,5.1871227e-08,5.1881983e-08,3.2667015e-08,1.494523e-08,3,3,3,3,3.9661056e-05,1.9035161e-07,1.1193479
1551,1.1896307e-06,1.1818966e-06,7.5223051e-07,8.364387e-06,5.1690926e-08,5.1722034e-08,3.2520958e-08,1.1733332e-08,3,3,3,3,3.1137446e-05,4.4793125e-07,1.1193483
1552,1.184772e-06,1.1774807e-06,7.4886011e-07,8.3185381e-06,5.1505951e-08,5.1547412e-08,3.2380784e-08,1.1631207e-08,3,3,3,3,3.0866429e-05,2.9332162e-07,1.1193486
1553,1.1804207e-06,1.1731784e-06,7.4573747e-07,8.2755029e-06,5.134434e-08,5.138178e-08,3.2252749e-08,1.1520078e-08,3,3,3,3,3.0571517e-05,1.4511798e-07,1.1193488
1554,1.176585e-06,1.1689432e-06,7.4278695e-07,8.2358466e-06,5.121107e-08,5.122104e-08,3.2132121e-08,1.1441818e-08,3,3,3,3,3.0363834e-05,7.3138147e-10,1.1193488
1555,1.1732613e-06,1.1647219e-06,7.3998888e-07,8.1992723e-06,5.1106996e-08,5.1057155e-08,3.202031e-08,1.4130486e-08,3,3,3,3,3.749891e-05,1.073869e-07,1.1193489
1556,1.1702853e-06,1.1598521e-06,7.3668623e-07,8.1668421e-06,5.1004723e-08,5.0843109e-08,3.187935e-08,1.1273646e-08,3,3,3,3,2.9917545e-05,-1.3610673e-07,1.1193487
1557,1.167625e-06,1.1554772e-06,7.3412647e-07,8.1350026e-06,5.0930753e-08,5.0673042e-08,3.1785861e-08,1.1209305e-08,3,3,3,3,2.9746798e-05,-1.8956753e-07,1.1193485
1558,1.1654737e-06,1.1513777e-06,7.319121e-07,8.1061372e-06,5.0876202e-08,5.0512816e-08,3.1711912e-08,1.1189642e-08,3,3,3,3,2.9694616e-05,-2.5986214e-07,1.1193483
1559,1.1635849e-06,1.1473879e-06,7.2994528e-07,8.0810082e-06,5.0829989e-08,5.035599e-08,3.1648057e-08,1.3637005e-08,3,3,3,3,3.6189326e-05,1.3456858e-07,1.1193484
1560,1.1618021e-06,1.1435947e-06,7.2849569e-07,8.0622504e-06,5.0791721e-08,5.0207061e-08,3.1607719e-08,1.1012969e-08,3,3,3,3,2.9225769e-05,-1.3766215e-07,1.1193483
1561,1.1601421e-06,1.1395122e-06,7.2691293e-07,8.0436494e-06,5.0757271e-08,5.0045221e-08,3.1556626e-08,1.0957675e-08,3,3,3,3,2.9079032e-05,-5.3328951e-08,1.1193482
1562,1.1586924e-06,1.1356048e-06,7.2552723e-07,8.0277103e-06,5.0724788e-08,4.9885569e-08,3.1517965e-08,1.0952736e-08,3,3,3,3,2.9065924e-05,-1.0289202e-08,1.1193482
1563,1.1573788e-06,1.1317971e-06,7.2426398e-07,8.0146293e-06,5.0692976e-08,4.9726253e-08,3.1484966e-08,1.0971649e-08,3,3,3,3,2.9116117e-05,-8.6898037e-09,1.1193482
1564,1.1561758e-06,1.1281297e-06,7.2316555e-07,8.0031599e-06,5.0662427e-08,4.957229e-08,3.1458525e-08,1.0978123e-08,3,3,3,3,2.9133297e-05,-4.8992705e-08,1.1193482
1565,1.1550437e-06,1.1246556e-06,7.2234263e-07,7.9931044e-06,5.0629864e-08,4.9428565e-08,3.1447411e-08,1.0960442e-08,3,3,3,3,2.9086377e-05,-1.3513012e-07,1.119348
1566,1.1538967e-06,1.1213361e-06,7.2171712e-07,7.9840076e-06,5.0595544e-08,4.9291067e-08,3.1447265e-08,1.0986231e-08,3,3,3,3,2.9154816e-05,-2.5673253e-07,1.1193478
1567,1.1527137e-06,1.1181326e-06,7.211784e-07,7.9758848e-06,5.0558628e-08,4.9157522e-08,3.1455432e-08,1.4388129e-08,3,3,3,3,3.8182633e-05,3.5617397e-08,1.1193478
1568,1.1513748e-06,1.1145862e-06,7.203158e-07,7.9697772e-06,5.0505484e-08,4.9000094e-08,3.1446837e-08,1.3174279e-08,3,3,3,3,3.4961371e-05,5.192561e-08,1.1193479
1569,1.1499762e-06,1.1117095e-06,7.2030171e-07,7.965223e-06,5.0458998e-08,4.8885548e-08,3.1481684e-08,1.0833736e-08,3,3,3,3,2.8750134e-05,-1.9080182e-07,1.1193477
1570,1.1482822e-06,1.108157e-06,7.1956298e-07,7.9559877e-06,5.0398224e-08,4.8731489e-08,3.1477926e-08,1.0941942e-08,3,3,3,3,2.9037291e-05,-1.7024204e-07,1.1193475
1571,1.1467535e-06,1.1047264e-06,7.1881945e-07,7.9476944e-06,5.0337751e-08,4.8579285e-08,3.1471808e-08,1.1224028e-08,3,3,3,3,2.978588e-05,-1.1606094e-07,1.1193474
1572,1.1452275e-06,1.1013456e-06,7.18025e-07,7.9399145e-06,5.027516e-08,4.8422833e-08,3.1461548e-08,1.2179255e-08,3,3,3,3,3.2320824e-05,-7.9553298e-08,1.1193473
1573,1.1437195e-06,1.098512e-06,7.1778118e-07,7.9334849e-06,5.0213752e-08,4.8303065e-08,3.1481729e-08,1.194114e-08,3,3,3,3,3.1688926e-05,-1.3472033e-07,1.1193472
1574,1.1420641e-06,1.0959048e-06,7.1787392e-07,7.9259914e-06,5.0150159e-08,4.8193767e-08,3.1516727e-08,1.2999461e-08,3,3,3,3,3.4497458e-05,-7.4931717e-10,1.1193472
1575,1.1400261e-06,1.0921889e-06,7.1683777e-07,7.912596e-06,5.0068564e-08,4.8025882e-08,3.1492414e-08,1.0997903e-08,3,3,3,3,2.9185807e-05,-3.0248345e-07,1.1193469
1576,1.1379877e-06,1.0889927e-06,7.1644074e-07,7.9007509e-06,4.9994148e-08,4.7887463e-08,3.1502155e-08,1.3926009e-08,3,3,3,3,3.6956303e-05,6.7176968e-08,1.1193469
1577,1.1359586e-06,1.0853698e-06,7.1533721e-07,7.8902253e-06,4.9908132e-08,4.7716589e-08,3.1468753e-08,1.37459e-08,3,3,3,3,3.6478342e-05,-1.5386708e-07,1.1193468
1578,1.1341284e-06,1.0827179e-06,7.1542807e-07,7.8810089e-06,4.9840063e-08,4.7614809e-08,3.1504949e-08,1.1013114e-08,3,3,3,3,2.9226183e-05,-2.7303745e-07,1.1193465
1579,1.1317019e-06,1.0790222e-06,7.1457204e-07,7.8637506e-06,4.9745272e-08,4.7457069e-08,3.1489862e-08,1.1950227e-08,3,3,3,3,3.171306e-05,-1.8785376e-07,1.1193463
1580,1.1294307e-06,1.0752769e-06,7.1349262e-07,7.8458549e-06,4.9650465e-08,4.728761e-08,3.1461179e-08,1.2282324e-08,3,3,3,3,3.2594372e-05,-2.6549155e-07,1.119346
1581,1.1271914e-06,1.0719574e-06,7.1296792e-07,7.83073e-06,4.9559498e-08,4.7147553e-08,3.1468303e-08,1.3508703e-08,3,3,3,3,3.5848892e-05,-1.0494237e-07,1.1193459
1582,1.1246453e-06,1.0682176e-06,7.118663e-07,7.8112923e-06,4.9456811e-08,4.697996e-08,3.1441185e-08,1.2979598e-08,3,3,3,3,3.444478e-05,-1.3232294e-07,1.1193458
1583,1.1219446e-06,1.0647909e-06,7.1115709e-07,7.7924985e-06,4.9343124e-08,4.6831136e-08,3.1436479e-08,1.1145792e-08,3,3,3,3,2.9578297e-05,-3.5062313e-07,1.1193455
1584,1.1187897e-06,1.0608027e-06,7.1009078e-07,7.7694954e-06,4.9202662e-08,4.665023e-08,3.1411556e-08,1.1382815e-08,3,3,3,3,3.0207303e-05,-3.9934077e-07,1.1193451
1585,1.1158503e-06,1.0571559e-06,7.0924858e-07,7.746245e-06,4.9077325e-08,4.6486765e-08,3.1399981e-08,1.3425701e-08,3,3,3,3,3.5628644e-05,-6.8391219e-08,1.119345
1586,1.1128302e-06,1.0534197e-06,7.0800657e-07,7.7227497e-06,4.8947552e-08,4.631158e-08,3.1363953e-08,1.2959123e-08,3,3,3,3,3.4390463e-05,-6.8526826e-08,1.1193449
1587,1.1096768e-06,1.0498685e-06,7.0707497e-07,7.698074e-06,4.8811888e-08,4.614747e-08,3.1345222e-08,1.2157969e-08,3,3,3,3,3.2264395e-05,-2.8714156e-07,1.1193446
1588,1.1060577e-06,1.0457497e-06,7.0584949e-07,7.6695342e-06,4.8647899e-08,4.5954545e-08,3.1310246e-08,1.2643711e-08,3,3,3,3,3.3553446e-05,-5.844337e-08,1.1193446
1589,1.102404e-06,1.0415533e-06,7.0451878e-07,7.6411001e-06,4.8485672e-08,4.5763608e-08,3.1265273e-08,1.120213e-08,3,3,3,3,2.9727831e-05,-4.376764e-07,1.1193441
1590,1.0987048e-06,1.037336e-06,7.0328444e-07,7.6113046e-06,4.8318403e-08,4.5570611e-08,3.1222032e-08,1.3100334e-08,3,3,3,3,3.4765227e-05,-1.1421595e-07,1.119344
1591,1.0951058e-06,1.0332385e-06,7.0189779e-07,7.5829758e-06,4.815495e-08,4.5384215e-08,3.1167628e-08,1.2067794e-08,3,3,3,3,3.2025111e-05,-3.1390218e-07,1.1193437
1592,1.0912951e-06,1.0291946e-06,7.0089663e-07,7.5518326e-06,4.7983343e-08,4.5204002e-08,3.1132304e-08,1.3613669e-08,3,3,3,3,3.6127508e-05,-1.2488236e-07,1.1193436
1593,1.0872127e-06,1.0246311e-06,6.9906522e-07,7.520088e-06,4.7796922e-08,4.4991437e-08,3.1050676e-08,1.3001518e-08,3,3,3,3,3.4503011e-05,-1.2625345e-07,1.1193435
1594,1.0830991e-06,1.0205281e-06,6.9776803e-07,7.4890291e-06,4.7610675e-08,4.4806877e-08,3.0999291e-08,1.0949345e-08,3,3,3,3,2.9057025e-05,-4.9794312e-07,1.119343
1595,1.0784975e-06,1.0156605e-06,6.9596371e-07,7.4535434e-06,4.7405711e-08,4.4580697e-08,3.0919215e-08,1.2174728e-08,3,3,3,3,3.2308912e-05,-3.3733455e-07,1.1193426
1596,1.0743071e-06,1.0113387e-06,6.9449886e-07,7.4201618e-06,4.721097e-08,4.4376201e-08,3.0852894e-08,1.3824541e-08,3,3,3,3,3.6687142e-05,-1.5240652e-07,1.1193425
1597,1.0699114e-06,1.0065675e-06,6.9226285e-07,7.384415e-06,4.7003554e-08,4.4145813e-08,3.0741109e-08,1.3250833e-08,3,3,3,3,3.5164661e-05,-1.8417519e-07,1.1193423
1598,1.0655498e-06,1.0022073e-06,6.9056026e-07,7.3503479e-06,4.678948e-08,4.3938656e-08,3.0660297e-08,1.1783877e-08,3,3,3,3,3.1271704e-05,-3.2822416e-07,1.119342
1599,1.0606306e-06,9.9713493e-07,6.884484e-07,7.3102904e-06,4.6549222e-08,4.3693111e-08,3.0557515e-08,1.2404899e-08,3,3,3,3,3.2919759e-05,-1.4571982e-07,1.1193418
1600,1.0558052e-06,9.9221386e-07,6.8623491e-07,7.2735796e-06,4.6314332e-08,4.3457953e-08,3.0448512e-08,1.0695244e-08,3,3,3,3,2.8382732e-05,-4.8919565e-07,1.1193413
1601,1.0508513e-06,9.8715527e-07,6.8400735e-07,7.2354734e-06,4.6071356e-08,4.3214765e-08,3.0339718e-08,1.2961346e-08,3,3,3,3,3.4396454e-05,-1.3917834e-07,1.1193412
1602,1.0461078e-06,9.8236129e-07,6.8170611e-07,7.2002983e-06,4.5836381e-08,4.298161e-08,3.0224292e-08,1.1978279e-08,3,3,3,3,3.1787627e-05,-3.7811406e-07,1.1193408
1603,1.0410567e-06,9.7740289e-07,6.7962003e-07,7.1632859e-06,4.558285e-08,4.2741284e-08,3.0118228e-08,1.3509325e-08,3,3,3,3,3.5850681e-05,-1.8427882e-07,1.1193406
1604,1.0357996e-06,9.7193634e-07,6.7670252e-07,7.1265816e-06,4.53171e-08,4.2473626e-08,2.9966597e-08,1.2764934e-08,3,3,3,3,3.3875242e-05,-1.4315554e-07,1.1193405
1605,1.0305548e-06,9.6695793e-07,6.7435667e-07,7.0918617e-06,4.5052903e-08,4.2236147e-08,2.9847718e-08,1.1148191e-08,3,3,3,3,2.9584779e-05,-2.9832139e-07,1.1193402
1606,1.0248709e-06,9.612091e-07,6.7130279e-07,7.0515615e-06,4.4766677e-08,4.1952315e-08,2.9689151e-08,1.0338799e-08,3,3,3,3,2.7436843e-05,-4.7536518e-07,1.1193397
1607,1.019332e-06,9.5586696e-07,6.6853216e-07,7.0151552e-06,4.4489923e-08,4.169524e-08,2.9548872e-08,1.2775231e-08,3,3,3,3,3.3902589e-05,-1.2956e-07,1.1193396
1608,1.013975e-06,9.5063221e-07,6.6547209e-07,6.9797419e-06,4.4222244e-08,4.143821e-08,2.9391324e-08,1.2201088e-08,3,3,3,3,3.2378949e-05,-1.7572436e-07,1.1193394
1609,1.0084866e-06,9.454379e-07,6.6248413e-07,6.9438551e-06,4.3951067e-08,4.118516e-08,2.9235074e-08,1.1224779e-08,3,3,3,3,2.9788052e-05,-3.508307e-07,1.1193391
1610,1.0025741e-06,9.3985052e-07,6.5922684e-07,6.9049271e-06,4.3655816e-08,4.0911659e-08,2.9066506e-08,1.1059971e-08,3,3,3,3,2.9350693e-05,-3.5029526e-07,1.1193387
1611,9.9679447e-07,9.3486528e-07,6.5640927e-07,6.8691689e-06,4.3368685e-08,4.0673796e-08,2.8920394e-08,1.3571664e-08,3,3,3,3,3.6016173e-05,-1.2607157e-07,1.1193386
