iteration,Ux_initial,Uy_initial,Uz_initial,p_initial,Ux_final,Uy_final,Uz_final,p_final,p_corrections,Ux_linear_iterations,Uy_linear_iterations,Uz_linear_iterations,continuity_local,continuity_global,continuity_cumulative
1,1.0,1.0,1.0,1.0,0.01578571,0.017661406,0.018306384,0.00063831405,3,2,3,3,64.909443,0.94190685,0.94190685
2,0.37042021,0.41526548,0.39379784,0.30721016,0.014035449,0.020581201,0.011091675,0.00048391832,3,2,2,3,34.308505,0.89737464,1.8392815
3,0.31886303,0.4665381,0.57907488,0.10985611,0.013974962,0.0088390184,0.011128381,0.0024508551,3,3,4,4,20.591812,-0.0054328873,1.8338486
4,0.17090225,0.29264886,0.32879246,0.10763489,0.007504256,0.014545235,0.0062799674,0.00065601048,3,3,3,4,32.612697,-0.70996371,1.1238849
5,0.1511052,0.22351923,0.15380126,0.29528023,0.007397695,0.0050344232,0.0057970369,0.00065674323,3,2,3,3,22.728885,-0.040427213,1.0834577
6,0.2277609,0.33523632,0.35996971,0.19759003,0.0082309458,0.015354425,0.017970509,0.0016079272,3,3,3,3,15.391759,0.048770397,1.1322281
7,0.16432113,0.23450523,0.24544847,0.23966548,0.0061072154,0.010620409,0.012163511,0.00058035272,3,3,3,3,17.561109,-0.41131429,0.72091379
8,0.15018874,0.21129964,0.14987121,0.21698999,0.0027799614,0.0055692264,0.0062046285,0.00055800768,3,3,3,3,10.330496,0.019747448,0.74066124
9,0.14514633,0.2290176,0.22465876,0.15187229,0.0051374104,0.010376141,0.0042553015,0.0014512439,3,3,3,4,10.325578,-0.014293016,0.72636822
10,0.071957898,0.10997088,0.094978118,0.1878625,0.002388085,0.0045257456,0.004587382,0.00055668681,3,3,3,3,9.2422389,-0.055745861,0.67062236
11,0.070837066,0.10736996,0.080778995,0.18068058,0.0015087366,0.0032451104,0.0036459673,0.00052673069,3,3,3,3,4.736701,-0.024978626,0.64564373
12,0.07827399,0.12477895,0.1223525,0.15456579,0.0027939554,0.0056636082,0.0061007728,0.0010725327,3,3,3,3,6.4850593,0.0073974213,0.65304116
13,0.043539708,0.061944948,0.048545044,0.18191732,0.0012898074,0.0021988586,0.0021966691,0.00048394813,3,3,3,3,4.8996719,-0.092792147,0.56024901
14,0.045705285,0.069104404,0.054987955,0.11993778,0.0011000702,0.0023604292,0.0025907244,0.00037082825,3,3,3,3,2.0131754,-0.016334483,0.54391453
15,0.041232171,0.06752417,0.06562112,0.11518477,0.0015057072,0.0031145638,0.0012467501,0.00095547183,3,3,3,4,3.9778737,-0.0064941215,0.5374204
16,0.021474332,0.03062012,0.021726565,0.11324007,0.00057553158,0.00095238223,0.00088112345,0.00045044232,3,3,3,3,2.6270276,0.060358676,0.59777908
17,0.024583549,0.037765477,0.031411517,0.10011277,0.00062549919,0.0013280288,0.0014801212,0.00031413878,3,3,3,3,0.98236021,-0.018521125,0.57925795
18,0.021710412,0.034882446,0.03337942,0.10212658,0.00078084579,0.0015624411,0.0016520669,0.0006388219,3,3,3,3,2.3425158,0.0020913439,0.5813493
19,0.012920519,0.017758784,0.011824989,0.097267769,0.0003139752,0.00044426296,0.00038774721,0.00048531962,3,3,3,3,2.0260912,-0.0013415748,0.58000772
20,0.014574808,0.022737486,0.019868748,0.067117645,0.00040540536,0.0008656674,0.00095639747,0.00021270693,3,3,3,3,0.58598298,0.0074790505,0.58748677
21,0.011594137,0.019063284,0.018281908,0.06445276,0.00042526878,0.00086118333,0.00091080329,0.00052287915,3,3,3,3,1.3687847,-0.00042670414,0.58706007
22,0.0076097372,0.010737682,0.0078413143,0.054559972,0.00019808969,0.00031154409,0.00029117193,0.00038078686,3,3,3,3,1.0563726,0.001111489,0.58817156
23,0.0085154563,0.012994801,0.010792979,0.057254229,0.00024760746,0.00047141161,0.00048566501,0.00026941339,3,3,3,3,0.55544655,0.0053909407,0.5935625
24,0.006811666,0.010462312,0.0092501253,0.056547966,0.00024243705,0.00042692416,0.00042661742,0.00030616176,3,3,3,3,0.82448586,-0.0020278912,0.59153461
25,0.0052778217,0.0075558821,0.0061206105,0.042993691,0.0001535112,0.00024170007,0.00023488997,0.00021446197,3,3,3,3,0.58040179,-0.0016455729,0.58988904
26,0.0054359923,0.0086537552,0.0078815806,0.037908235,0.00017390807,0.00033908785,0.00035934327,0.00015260604,3,3,3,3,0.35249942,-0.00073503973,0.589154
27,0.0043701374,0.007077672,0.0066635362,0.035220013,0.00016129334,0.00029564946,0.00030721458,0.00023333838,3,3,3,3,0.48722618,0.0020090329,0.59116303
28,0.0038480801,0.0057466514,0.0050158564,0.031745368,0.00012896156,0.00021336923,0.00021001743,0.00015717727,3,3,3,3,0.32528844,0.0019688518,0.59313188
29,0.0039264971,0.0059182269,0.0052178328,0.031714394,0.00013964096,0.00023086231,0.0002250145,0.00010751319,3,3,3,3,0.23818362,0.0010321297,0.59416401
30,0.0034234967,0.0051811966,0.0047411761,0.030033466,0.00013071319,0.00021057053,0.00020567675,0.00011998756,3,3,3,3,0.28503197,-0.00098533572,0.59317867
31,0.0031369191,0.0048518799,0.0044914622,0.026782313,0.00011486121,0.00019249697,0.00019211065,8.7185547e-05,3,3,3,3,0.20478044,0.0032242773,0.59640295
32,0.0030192131,0.0048626193,0.0046280149,0.025116104,0.00011410118,0.00020121552,0.00020552966,7.7099784e-05,3,3,3,3,0.17267298,-0.00024404173,0.59615891
33,0.0027667061,0.0044480439,0.0042842719,0.023710277,0.00010957706,0.00018843913,0.00019130484,9.0966818e-05,3,3,3,3,0.19684823,-0.002394002,0.59376491
34,0.0026977851,0.0042177382,0.0040079007,0.022573495,0.0001063826,0.00017697383,0.00017645811,6.1855713e-05,3,3,3,3,0.13496365,-0.001127117,0.59263779
35,0.0026532147,0.0041286988,0.0039193776,0.022012156,0.00010703444,0.0001749726,0.00017301923,5.0462621e-05,3,3,3,3,0.1130373,0.00035688813,0.59299468
36,0.0025211493,0.003942459,0.0037777261,0.021104365,0.00010391734,0.00016885986,0.00016756417,5.62709e-05,3,3,3,3,0.12829657,0.0012215852,0.59421626
37,0.0024278864,0.0038332122,0.0036989948,0.020036122,0.0001001666,0.00016489447,0.00016512172,3.8882838e-05,3,3,3,3,0.088216739,0.00060094515,0.59481721
38,0.0023522326,0.0037475085,0.0036423817,0.019228048,9.8229831e-05,0.00016309548,0.0001644091,3.9484431e-05,3,3,3,3,0.088468463,-8.1754165e-05,0.59473546
39,0.0022805853,0.003624998,0.0035272782,0.018503861,9.6552387e-05,0.00015891659,0.00015980075,4.2085074e-05,3,3,3,3,0.093517704,-0.00039151176,0.59434394
40,0.002243154,0.0035370773,0.0034289139,0.017940057,9.5539089e-05,0.00015528312,0.00015529374,3.2821271e-05,3,3,3,3,0.073225631,-0.00010466348,0.59423928
41,0.0022055525,0.0034587458,0.0033531766,0.01748389,9.4716771e-05,0.0001524561,0.00015222912,2.7914217e-05,3,3,3,3,0.062715968,0.00029354377,0.59453282
42,0.002157863,0.003371323,0.0032764857,0.01699153,9.3320628e-05,0.00014926639,0.00014932789,2.839952e-05,3,3,3,3,0.064155995,0.00026506431,0.59479789
43,0.0021149828,0.0032964472,0.0032129299,0.016483593,9.1824159e-05,0.0001465717,0.00014711903,2.3934292e-05,3,3,3,3,0.054007442,1.6892931e-06,0.59479958
44,0.0020763002,0.0032276303,0.0031538642,0.016035998,9.0650091e-05,0.00014418869,0.00014508934,2.5799091e-05,3,3,3,3,0.058099108,-2.265608e-05,0.59477692
45,0.0020418747,0.0031599553,0.0030914745,0.015627309,8.9657713e-05,0.00014163401,0.0001425565,2.5324845e-05,3,3,3,3,0.056924463,-0.00013722687,0.59463969
46,0.0020156721,0.0030997815,0.0030324582,0.015279104,8.885794e-05,0.00013921125,0.000139993,2.3559196e-05,3,3,3,3,0.053047442,5.4988023e-05,0.59469468
47,0.0019912428,0.0030430966,0.0029771621,0.014973884,8.810739e-05,0.0001369549,0.00013767103,1.9168878e-05,3,3,3,3,0.043241653,0.00010104312,0.59479573
48,0.0019670129,0.0029866975,0.0029237636,0.014680318,8.7327299e-05,0.00013474001,0.00013553234,1.9126395e-05,3,3,3,3,0.04325184,9.4921449e-05,0.59489065
49,0.0019434868,0.0029324731,0.0028741016,0.01438655,8.6543944e-05,0.00013264827,0.00013362493,1.8239983e-05,3,3,3,3,0.041279696,5.7428582e-05,0.59494808
50,0.0019207636,0.0028808756,0.0028279465,0.014112601,8.5790546e-05,0.00013066964,0.00013182418,1.8742409e-05,3,3,3,3,0.042448526,0.00028256891,0.59523064
51,0.0018996491,0.0028315294,0.0027836493,0.013852637,8.5079258e-05,0.00012872403,0.00012999051,2.081369e-05,3,3,3,3,0.047144913,1.3977978e-05,0.59524462
52,0.0018816975,0.0027848346,0.0027407945,0.013618259,8.4457171e-05,0.00012679378,0.00012813169,1.875521e-05,3,3,3,3,0.042516691,5.3383479e-05,0.59529801
53,0.0018653584,0.0027404116,0.0026988505,0.013401248,8.3902721e-05,0.00012494095,0.00012631392,1.4847289e-05,3,3,3,3,0.033701166,0.00049907461,0.59579708
54,0.0018494385,0.0026973123,0.0026577196,0.013188437,8.3370458e-05,0.00012318873,0.00012456482,1.6945157e-05,3,3,3,3,0.03850365,0.00010994432,0.59590702
55,0.0018345389,0.0026557105,0.0026178216,0.012982546,8.286188e-05,0.00012155694,0.00012289966,1.6136332e-05,3,3,3,3,0.036708248,-9.5385301e-05,0.59581164
56,0.0018201638,0.0026154887,0.0025798306,0.012781357,8.2354523e-05,0.00011998337,0.00012131728,1.4746141e-05,3,3,3,3,0.03358696,-0.00026993349,0.59554171
57,0.0018065745,0.0025767189,0.0025435858,0.012599605,8.1865188e-05,0.00011846292,0.00011979943,1.4519967e-05,3,3,3,3,0.03310907,0.00011390428,0.59565561
58,0.0017942276,0.0025395276,0.0025088106,0.012426411,8.1388228e-05,0.0001169999,0.00011835053,1.5750015e-05,3,3,3,3,0.035954573,0.00013087155,0.59578648
59,0.0017831043,0.0025038805,0.0024749469,0.012259504,8.0937145e-05,0.00011558222,0.00011695208,1.7156859e-05,3,3,3,3,0.039207574,2.1486583e-05,0.59580797
60,0.0017725844,0.0024695929,0.0024417313,0.012108867,8.0489603e-05,0.00011421432,0.00011560226,1.6005167e-05,3,3,3,3,0.036614145,2.9040421e-05,0.59583701
61,0.0017625089,0.0024365291,0.0024096614,0.011970542,8.004911e-05,0.00011292259,0.00011431528,1.4093911e-05,3,3,3,3,0.032277598,0.00018962103,0.59602663
62,0.001752827,0.0024045425,0.002378527,0.011844312,7.9621913e-05,0.00011167462,0.0001130701,1.3959093e-05,3,3,3,3,0.032005867,-6.5050406e-05,0.59596158
63,0.0017430623,0.0023735934,0.002348753,0.011731465,7.9202325e-05,0.00011045052,0.00011186642,1.3919185e-05,3,3,3,3,0.031951932,-0.00043270522,0.59552887
64,0.0017333584,0.0023439706,0.0023201581,0.011625559,7.8802546e-05,0.00010926261,0.00011070058,1.5721829e-05,3,3,3,3,0.036133053,-4.7724389e-05,0.59548115
65,0.0017237021,0.002315533,0.0022926836,0.011522677,7.841712e-05,0.00010811025,0.00010957054,1.5094665e-05,3,3,3,3,0.034735546,-6.1976588e-05,0.59541917
66,0.0017141403,0.0022880315,0.0022662724,0.011416843,7.8016925e-05,0.00010698957,0.00010847014,1.3753983e-05,3,3,3,3,0.031689827,-0.00022869118,0.59519048
67,0.0017044504,0.0022614433,0.0022404542,0.011315356,7.7597809e-05,0.000105887,0.00010739242,1.3806099e-05,3,3,3,3,0.031847928,-9.4205567e-05,0.59509628
68,0.001694309,0.0022356306,0.0022151646,0.011220617,7.7158866e-05,0.00010480841,0.00010631965,1.3833185e-05,3,3,3,3,0.03194851,-3.8425684e-05,0.59505785
69,0.001684123,0.0022105459,0.0021905267,0.011139954,7.6736029e-05,0.00010375754,0.00010525756,1.3862569e-05,3,3,3,3,0.032054763,-8.6176305e-05,0.59497167
70,0.0016743684,0.0021862334,0.0021666667,0.011063826,7.6336928e-05,0.00010273816,0.00010422505,1.3842574e-05,3,3,3,3,0.03204666,-0.00024709393,0.59472458
71,0.0016650693,0.002162917,0.0021437711,0.010997083,7.596022e-05,0.00010175797,0.00010321839,1.497668e-05,3,3,3,3,0.034713893,-3.3880643e-05,0.5946907
72,0.0016561535,0.0021404397,0.0021216363,0.010929944,7.5597043e-05,0.00010081892,0.00010223355,1.5062924e-05,3,3,3,3,0.034958276,6.1916849e-06,0.59469689
73,0.0016473688,0.0021183168,0.0021000327,0.010866828,7.5241254e-05,9.9895857e-05,0.00010126748,1.4450348e-05,3,3,3,3,0.033580044,-2.0143967e-05,0.59467675
74,0.001638645,0.0020968582,0.0020790135,0.01081245,7.490246e-05,9.8980019e-05,0.00010031632,1.3572785e-05,3,3,3,3,0.031580908,-0.00024485025,0.5944319
75,0.0016300533,0.0020760528,0.0020584647,0.010762242,7.4576521e-05,9.8063888e-05,9.9356378e-05,1.3663159e-05,3,3,3,3,0.03182974,-0.0002498514,0.59418205
76,0.0016218159,0.0020559234,0.0020382822,0.010711046,7.426544e-05,9.7162786e-05,9.8410607e-05,1.4475238e-05,3,3,3,3,0.033762284,8.6594344e-06,0.59419071
77,0.0016134445,0.0020361366,0.0020184279,0.010655195,7.3960278e-05,9.6280354e-05,9.749053e-05,1.3700569e-05,3,3,3,3,0.031995129,-0.00036330148,0.5938274
78,0.0016051072,0.0020166165,0.0019991836,0.010594614,7.3649393e-05,9.5406594e-05,9.6587614e-05,1.4826731e-05,3,3,3,3,0.034667266,-4.0237691e-05,0.59378717
79,0.0015977759,0.0019978255,0.0019805177,0.010537652,7.3343299e-05,9.455712e-05,9.5726879e-05,1.3580488e-05,3,3,3,3,0.031792619,-0.0004094071,0.59337776
80,0.0015908228,0.001979591,0.0019622958,0.010488758,7.3050931e-05,9.3741271e-05,9.4900373e-05,1.4650006e-05,3,3,3,3,0.03433742,-5.7399614e-05,0.59332036
81,0.0015840525,0.0019618273,0.0019446698,0.01044372,7.276397e-05,9.2953944e-05,9.4093851e-05,1.3685479e-05,3,3,3,3,0.032115652,-0.00028362254,0.59303674
82,0.0015773265,0.0019445036,0.0019272507,0.010391002,7.2468216e-05,9.2191782e-05,9.329517e-05,1.3731232e-05,3,3,3,3,0.032261536,-0.00029484568,0.59274189
83,0.0015703821,0.0019277414,0.0019101545,0.010329034,7.2188965e-05,9.1454613e-05,9.2511471e-05,1.4617261e-05,3,3,3,3,0.034383415,8.1755002e-06,0.59275007
84,0.0015636147,0.0019113849,0.0018934571,0.010265044,7.1934838e-05,9.0740783e-05,9.1753833e-05,1.348074e-05,3,3,3,3,0.031747224,-0.00027374904,0.59247632
85,0.0015567376,0.0018956036,0.0018773084,0.01021958,7.1676648e-05,9.0013675e-05,9.1011518e-05,1.3675257e-05,3,3,3,3,0.032241521,-0.00037265327,0.59210366
86,0.0015501337,0.0018801951,0.0018619002,0.010181665,7.1405138e-05,8.929754e-05,9.0285886e-05,1.4912043e-05,3,3,3,3,0.035197598,-2.3574381e-05,0.59208009
87,0.0015439092,0.0018655126,0.0018468465,0.01012933,7.1140664e-05,8.8609954e-05,8.9586331e-05,1.3693324e-05,3,3,3,3,0.032357768,-0.00022809735,0.59185199
88,0.0015374736,0.0018506937,0.0018318903,0.010090582,7.0870597e-05,8.7916152e-05,8.8897696e-05,1.3621462e-05,3,3,3,3,0.032221784,-0.00018493226,0.59166706
89,0.0015310883,0.001836317,0.0018173401,0.010055205,7.0599623e-05,8.7232827e-05,8.8217611e-05,1.3646597e-05,3,3,3,3,0.032314484,-0.00017663377,0.59149043
90,0.0015249257,0.0018227813,0.00180322,0.010028715,7.0348651e-05,8.6585284e-05,8.7558805e-05,1.3814352e-05,3,3,3,3,0.032746371,-0.00020209008,0.59128834
91,0.0015191691,0.0018100103,0.0017897267,0.010012012,7.0130701e-05,8.5972809e-05,8.6926113e-05,1.4181165e-05,3,3,3,3,0.033651497,-0.00031061077,0.59097773
92,0.0015136069,0.0017976514,0.0017769375,0.010000129,6.9922397e-05,8.5378819e-05,8.6323585e-05,1.432912e-05,3,3,3,3,0.034038612,-0.00039448123,0.59058324
93,0.0015081118,0.0017851828,0.0017650594,0.0099750923,6.9709037e-05,8.4797228e-05,8.575363e-05,1.5170897e-05,3,3,3,3,0.03607602,-5.3096002e-05,0.59053015
94,0.0015021866,0.0017728229,0.0017534065,0.0099356246,6.9488293e-05,8.4227807e-05,8.5217653e-05,1.3922541e-05,3,3,3,3,0.033142807,-0.000153456,0.59037669
95,0.0014957392,0.0017604587,0.0017422899,0.0098992418,6.9243492e-05,8.3654374e-05,8.4712837e-05,1.3814492e-05,3,3,3,3,0.032918459,8.7339608e-06,0.59038543
96,0.0014892432,0.0017483324,0.0017317823,0.0098614579,6.8987244e-05,8.3107103e-05,8.4236734e-05,1.3926846e-05,3,3,3,3,0.033218658,0.0001639193,0.59054935
97,0.001482989,0.0017368158,0.0017218135,0.0098218212,6.8738617e-05,8.258483e-05,8.3788735e-05,1.4229487e-05,3,3,3,3,0.033973433,0.00030008205,0.59084943
98,0.0014770305,0.0017258715,0.0017125647,0.0097876431,6.8492866e-05,8.2083255e-05,8.3386552e-05,1.5863337e-05,3,3,3,3,0.037910072,3.6168054e-05,0.5908856
99,0.0014714928,0.0017149088,0.0017039518,0.0097547656,6.8230515e-05,8.158798e-05,8.3001718e-05,1.4263838e-05,3,3,3,3,0.034117138,0.00033192197,0.59121752
100,0.0014660911,0.0017044553,0.0016960272,0.0097301055,6.7974499e-05,8.1117617e-05,8.2634746e-05,1.4196312e-05,3,3,3,3,0.033985854,0.00029180928,0.59150933
101,0.0014610042,0.0016947273,0.00168831,0.0096987834,6.7719743e-05,8.0675301e-05,8.2283348e-05,1.4142478e-05,3,3,3,3,0.033887994,0.00026095087,0.59177028
102,0.0014560712,0.0016853746,0.0016807786,0.009672477,6.747101e-05,8.0268843e-05,8.1943141e-05,1.4122425e-05,3,3,3,3,0.033869693,0.00024112931,0.59201141
103,0.0014511242,0.0016765381,0.0016736936,0.0096658583,6.7226004e-05,7.9897718e-05,8.1615198e-05,1.4028354e-05,3,3,3,3,0.033672656,0.00023418328,0.59224559
104,0.0014461556,0.0016676619,0.0016670413,0.0096607132,6.697442e-05,7.9533494e-05,8.1303635e-05,1.3976346e-05,3,3,3,3,0.033575483,0.00023563504,0.59248123
105,0.0014414305,0.0016591336,0.0016607571,0.0096518932,6.6726137e-05,7.9175407e-05,8.1009382e-05,1.3943088e-05,3,3,3,3,0.03352323,0.00024323495,0.59272446
106,0.0014369359,0.0016513282,0.0016549667,0.0096479776,6.6479975e-05,7.882865e-05,8.0732823e-05,1.3926629e-05,3,3,3,3,0.033511335,0.00025597305,0.59298043
107,0.0014325453,0.0016443483,0.0016495289,0.0096480709,6.6227701e-05,7.85007e-05,8.0484566e-05,1.3923746e-05,3,3,3,3,0.033531571,0.00027528943,0.59325572
108,0.001428183,0.0016378174,0.0016442138,0.0096607513,6.596452e-05,7.818194e-05,8.0254257e-05,1.3977535e-05,3,3,3,3,0.033688368,0.00030005684,0.59355578
109,0.0014238041,0.001631518,0.001639308,0.0096823833,6.5690756e-05,7.7862567e-05,8.0037826e-05,1.4046535e-05,3,3,3,3,0.033882166,0.00032719171,0.59388297
110,0.0014193377,0.0016253042,0.0016350189,0.0097057255,6.5412049e-05,7.755201e-05,7.983934e-05,1.4135611e-05,3,3,3,3,0.034124478,0.0003524003,0.59423537
111,0.0014148773,0.0016195812,0.0016312282,0.009730586,6.5132661e-05,7.726669e-05,7.9660885e-05,1.4257762e-05,3,3,3,3,0.034446628,0.00036981828,0.59460519
112,0.0014106777,0.0016145504,0.0016276124,0.0097606043,6.4854681e-05,7.7003399e-05,7.948895e-05,1.4350328e-05,3,3,3,3,0.034697492,0.0003798199,0.59498501
113,0.0014065356,0.0016100724,0.0016242027,0.009790551,6.458137e-05,7.6759349e-05,7.9323748e-05,1.4348105e-05,3,3,3,3,0.034718589,0.0003880659,0.59537308
114,0.0014022803,0.0016061061,0.0016209534,0.0098188146,6.4298846e-05,7.6519605e-05,7.9160546e-05,1.4384167e-05,3,3,3,3,0.034832569,0.00039203099,0.59576511
115,0.0013979402,0.0016025118,0.0016181594,0.0098508088,6.3988965e-05,7.6290359e-05,7.8999087e-05,1.4426865e-05,3,3,3,3,0.034961927,0.00039743429,0.59616254
116,0.0013933491,0.0015991354,0.0016156011,0.0098943932,6.3670825e-05,7.6078307e-05,7.8837997e-05,1.4505507e-05,3,3,3,3,0.035178529,0.0004048564,0.5965674
117,0.0013890498,0.0015963262,0.0016129474,0.0099293833,6.3359584e-05,7.5877572e-05,7.8694964e-05,1.5012809e-05,3,3,3,3,0.036436958,0.0005261359,0.59709353
118,0.0013846997,0.001593624,0.0016105424,0.0099614003,6.3050114e-05,7.5679629e-05,7.8562771e-05,1.4789245e-05,3,3,3,3,0.035920362,0.00044752523,0.59754106
119,0.0013801175,0.0015910281,0.0016079281,0.009986704,6.2731742e-05,7.5483616e-05,7.8421212e-05,1.609067e-05,3,3,3,3,0.03911049,0.00014490079,0.59768596
120,0.0013757801,0.0015884177,0.0016050753,0.010007641,6.242646e-05,7.5305381e-05,7.8276133e-05,1.4883289e-05,3,3,3,3,0.036202441,0.00046269082,0.59814865
121,0.0013717562,0.0015862643,0.0016021888,0.010025008,6.2127918e-05,7.5130892e-05,7.8122268e-05,1.4511651e-05,3,3,3,3,0.035324649,0.00030491618,0.59845357
122,0.0013679519,0.001583942,0.001599112,0.010043902,6.1848396e-05,7.4962577e-05,7.7949349e-05,1.506416e-05,3,3,3,3,0.036698744,0.00034538677,0.59879895
123,0.0013642819,0.0015815474,0.0015959358,0.010079601,6.1583934e-05,7.4802983e-05,7.7768074e-05,1.4848939e-05,3,3,3,3,0.036202046,0.00023596637,0.59903492
124,0.0013609608,0.0015794078,0.0015924605,0.010120367,6.1319695e-05,7.4655826e-05,7.758079e-05,1.523791e-05,3,3,3,3,0.037179466,0.00031778626,0.59935271
125,0.0013577054,0.0015769703,0.0015886816,0.010144473,6.1045992e-05,7.4488599e-05,7.7397823e-05,1.5251906e-05,3,3,3,3,0.037242681,0.00034044924,0.59969316
126,0.001354831,0.001574512,0.001584393,0.010154682,6.0766838e-05,7.4311463e-05,7.7193524e-05,1.5315756e-05,3,3,3,3,0.037428199,0.00038040332,0.60007356
127,0.0013519053,0.001572602,0.0015797423,0.010152254,6.0476494e-05,7.4141969e-05,7.6960734e-05,1.4991999e-05,3,3,3,3,0.036665752,0.00035043147,0.60042399
128,0.0013491299,0.001570826,0.0015745125,0.010155489,6.0183191e-05,7.3987551e-05,7.6691972e-05,1.5355534e-05,3,3,3,3,0.037585523,0.00043632013,0.60086031
129,0.0013463728,0.0015688797,0.0015691983,0.010170006,5.9893519e-05,7.3840973e-05,7.6409181e-05,1.5381879e-05,3,3,3,3,0.037680125,0.00046979996,0.60133011
130,0.0013438928,0.0015669866,0.0015637475,0.010184136,5.9624387e-05,7.3684791e-05,7.6103883e-05,1.553114e-05,3,3,3,3,0.038076674,0.00049764494,0.60182776
131,0.0013413901,0.0015652795,0.0015579026,0.010204853,5.9353283e-05,7.3506044e-05,7.5761266e-05,1.5624489e-05,3,3,3,3,0.03833739,0.00051303662,0.60234079
132,0.0013384505,0.0015635957,0.0015514964,0.010217907,5.9083569e-05,7.32944e-05,7.5382573e-05,1.5571325e-05,3,3,3,3,0.038238861,0.00049459634,0.60283539
133,0.0013360015,0.0015613482,0.0015448046,0.010216535,5.8813269e-05,7.3068928e-05,7.4998514e-05,1.5473065e-05,3,3,3,3,0.038029156,0.00043386525,0.60326925
134,0.0013341201,0.0015581302,0.0015377447,0.010199212,5.8555311e-05,7.2832366e-05,7.4588276e-05,1.5403749e-05,3,3,3,3,0.037889785,0.00031911629,0.60358837
135,0.0013326333,0.001554143,0.0015302503,0.010177953,5.8298563e-05,7.2570121e-05,7.4147873e-05,1.5398134e-05,3,3,3,3,0.037907748,0.00015208857,0.60374046
136,0.0013312761,0.0015500058,0.0015218756,0.010160971,5.8069725e-05,7.2304256e-05,7.3666796e-05,1.5414326e-05,3,3,3,3,0.037979649,-6.7161547e-05,0.6036733
137,0.0013300691,0.001545981,0.0015125164,0.010142055,5.7848708e-05,7.2057701e-05,7.3158244e-05,1.556353e-05,3,3,3,3,0.038379884,-0.00034534496,0.60332795
138,0.001328673,0.0015418679,0.0015024701,0.010133228,5.7620473e-05,7.1814687e-05,7.2622828e-05,1.6571038e-05,3,3,3,3,0.040900441,-7.1346068e-05,0.60325661
139,0.001326589,0.0015376877,0.0014924367,0.010108833,5.7390144e-05,7.1607167e-05,7.2069323e-05,1.6659074e-05,3,3,3,3,0.041156615,-1.7163452e-05,0.60323944
140,0.0013250853,0.0015333202,0.0014820771,0.010068168,5.7172402e-05,7.1418854e-05,7.1498925e-05,1.5315428e-05,3,3,3,3,0.037871884,-0.00016083447,0.60307861
141,0.0013241966,0.0015291165,0.0014712775,0.010013342,5.6989921e-05,7.1230569e-05,7.0912922e-05,1.5620072e-05,3,3,3,3,0.038659205,4.6504566e-05,0.60312511
142,0.0013234576,0.0015249414,0.0014600312,0.009957918,5.6843969e-05,7.1048992e-05,7.0303145e-05,1.5706918e-05,3,3,3,3,0.038908477,0.00013134113,0.60325645
143,0.001322926,0.0015200238,0.0014484234,0.0099184771,5.671253e-05,7.0865875e-05,6.9671189e-05,1.5666457e-05,3,3,3,3,0.038841857,0.00013420919,0.60339066
144,0.0013225644,0.0015148196,0.0014365374,0.0098762382,5.6566282e-05,7.0661288e-05,6.9018925e-05,1.5566864e-05,3,3,3,3,0.038629554,4.7573804e-05,0.60343824
145,0.0013216083,0.0015093708,0.001424185,0.0098235985,5.641592e-05,7.0427095e-05,6.8346222e-05,1.5611688e-05,3,3,3,3,0.038775457,-0.00019848344,0.60323975
146,0.0013206304,0.0015036209,0.0014115179,0.009759156,5.6304791e-05,7.0154537e-05,6.765472e-05,1.7144428e-05,3,3,3,3,0.042620275,-1.0186199e-05,0.60322957
147,0.0013198292,0.0014974259,0.0013986002,0.009703499,5.6211981e-05,6.9870719e-05,6.6938453e-05,1.5308689e-05,3,3,3,3,0.038092145,-0.00052355693,0.60270601
148,0.0013189665,0.0014911058,0.001385566,0.0096500746,5.6139287e-05,6.955354e-05,6.6191236e-05,1.8375332e-05,3,3,3,3,0.045763392,-0.00012410963,0.6025819
149,0.0013178769,0.0014840287,0.0013721137,0.0096075494,5.609416e-05,6.9195549e-05,6.5408188e-05,1.7423157e-05,3,3,3,3,0.043433047,-0.00013142221,0.60245048
150,0.0013165089,0.0014757615,0.0013584913,0.0095646313,5.6034011e-05,6.8760247e-05,6.4608986e-05,1.6034053e-05,3,3,3,3,0.040007485,-8.8262533e-05,0.60236222
151,0.0013141128,0.0014666654,0.0013446391,0.0095233976,5.5953554e-05,6.8227256e-05,6.3787824e-05,1.540118e-05,3,3,3,3,0.038463713,-0.00029169188,0.60207052
152,0.0013113919,0.0014567591,0.0013307498,0.0094901615,5.5861536e-05,6.7622239e-05,6.2928365e-05,1.5614967e-05,3,3,3,3,0.039032479,-0.00029078895,0.60177973
153,0.0013083857,0.001445829,0.001316831,0.0094498704,5.5740012e-05,6.6951911e-05,6.2061871e-05,1.6434097e-05,3,3,3,3,0.041117794,-0.00020268686,0.60157705
154,0.001305245,0.0014338744,0.0013025681,0.0094065793,5.5596629e-05,6.6222269e-05,6.1183446e-05,1.6547738e-05,3,3,3,3,0.041440317,-6.7029591e-05,0.60151002
155,0.0013016611,0.0014204766,0.0012877738,0.0093669134,5.5403023e-05,6.5425985e-05,6.0290633e-05,1.684317e-05,3,3,3,3,0.042220818,-8.3821856e-05,0.6014262
156,0.0012976243,0.0014059366,0.0012724404,0.0093211253,5.5186457e-05,6.4563708e-05,5.939076e-05,1.6650981e-05,3,3,3,3,0.041779389,-8.2340244e-05,0.60134386
157,0.0012935582,0.0013904515,0.0012569593,0.0092683067,5.4942513e-05,6.365498e-05,5.8497633e-05,1.6158553e-05,3,3,3,3,0.040582022,-6.525728e-05,0.6012786
158,0.0012897318,0.0013740749,0.0012411609,0.0092157418,5.4699597e-05,6.2722105e-05,5.7595618e-05,1.5179223e-05,3,3,3,3,0.03815793,-0.00057361544,0.60070498
159,0.001286506,0.0013576571,0.0012254254,0.009161197,5.4473346e-05,6.1789618e-05,5.6694996e-05,1.6411634e-05,3,3,3,3,0.041291705,-0.00010604659,0.60059894
160,0.0012829872,0.0013414868,0.0012097998,0.0090954508,5.4256423e-05,6.0872308e-05,5.5820652e-05,1.6083564e-05,3,3,3,3,0.040502363,-0.00015265552,0.60044628
161,0.0012796023,0.0013251699,0.0011944453,0.0090246054,5.4025854e-05,5.9963003e-05,5.4954661e-05,1.5857872e-05,3,3,3,3,0.039969696,-0.00041184996,0.60003443
162,0.001276287,0.0013094382,0.0011790181,0.0089487393,5.3797255e-05,5.9086495e-05,5.4085814e-05,1.6380491e-05,3,3,3,3,0.041322469,-0.00012818841,0.59990624
163,0.0012728574,0.001294616,0.0011636241,0.008876616,5.3547575e-05,5.8239257e-05,5.3223108e-05,1.603003e-05,3,3,3,3,0.040475081,-0.00011024779,0.599796
164,0.0012696039,0.0012809572,0.0011483221,0.0088154568,5.3279548e-05,5.7447787e-05,5.2372779e-05,1.5138908e-05,3,3,3,3,0.038258934,-8.3424353e-05,0.59971257
165,0.0012659927,0.0012681663,0.0011330883,0.0087606654,5.2994257e-05,5.6711205e-05,5.1528903e-05,1.4712043e-05,3,3,3,3,0.037212347,-0.00028133105,0.59943124
166,0.0012622883,0.0012559782,0.0011179785,0.0087054929,5.2709873e-05,5.6016604e-05,5.0706525e-05,1.4629378e-05,3,3,3,3,0.037032814,-0.00034547615,0.59908576
167,0.0012587237,0.0012443168,0.0011030937,0.008652259,5.2421847e-05,5.5343047e-05,4.9904243e-05,1.5462547e-05,3,3,3,3,0.039172541,-9.3174726e-05,0.59899259
168,0.0012543978,0.0012330768,0.0010884283,0.0085984917,5.2120135e-05,5.4680038e-05,4.9113663e-05,1.4918095e-05,3,3,3,3,0.03782362,-0.00012688035,0.59886571
169,0.0012497822,0.0012221649,0.0010742926,0.0085430092,5.1816899e-05,5.4039547e-05,4.8346592e-05,1.3676565e-05,3,3,3,3,0.034703247,-0.00036718408,0.59849852
170,0.0012453147,0.0012117018,0.0010606338,0.0084848142,5.151916e-05,5.3438297e-05,4.7604911e-05,1.4360866e-05,3,3,3,3,0.036465988,-0.00010405584,0.59839447
171,0.0012407538,0.0012015523,0.0010472012,0.0084200846,5.1224933e-05,5.2860191e-05,4.6880993e-05,1.3272351e-05,3,3,3,3,0.033726898,-0.00033517429,0.59805929
172,0.0012367374,0.0011915994,0.0010337155,0.0083558158,5.095783e-05,5.2298355e-05,4.6175086e-05,1.4321672e-05,3,3,3,3,0.036417328,-0.00010196883,0.59795733
173,0.0012328403,0.0011817165,0.0010205207,0.0082911697,5.0672847e-05,5.1755729e-05,4.5480166e-05,1.3725934e-05,3,3,3,3,0.034925581,-7.259261e-05,0.59788473
174,0.0012291636,0.0011718107,0.0010077099,0.0082284594,5.0404763e-05,5.1221934e-05,4.479981e-05,1.2836612e-05,3,3,3,3,0.032683088,-0.00030103693,0.5975837
175,0.0012253553,0.0011621078,0.00099526892,0.0081675984,5.0167993e-05,5.0710964e-05,4.4135939e-05,1.3198966e-05,3,3,3,3,0.033624079,-8.9748448e-05,0.59749395
176,0.0012213594,0.0011523247,0.00098317351,0.0081100166,4.9976537e-05,5.0216161e-05,4.3483011e-05,1.2512525e-05,3,3,3,3,0.031892998,-0.00036616488,0.59712778
177,0.0012181095,0.0011428538,0.00097118692,0.0080539493,4.9867891e-05,4.9740194e-05,4.2848435e-05,1.4433138e-05,3,3,3,3,0.036806534,-8.9423473e-05,0.59703836
178,0.001214985,0.0011332863,0.0009592226,0.0079978344,4.9811153e-05,4.926704e-05,4.2219097e-05,1.3902287e-05,3,3,3,3,0.035471024,-8.2645578e-05,0.59695571
179,0.0012121332,0.0011239766,0.00094763282,0.0079395364,4.9796757e-05,4.8806552e-05,4.1611421e-05,1.2675048e-05,3,3,3,3,0.032355629,-6.5802673e-05,0.59688991
180,0.0012095016,0.0011151069,0.00093634471,0.0078809629,4.9814291e-05,4.838168e-05,4.1029255e-05,1.1872271e-05,3,3,3,3,0.030320144,-0.00027039296,0.59661952
181,0.0012071965,0.0011066654,0.00092514869,0.0078222749,4.9863026e-05,4.8004002e-05,4.0462923e-05,1.2678136e-05,3,3,3,3,0.032390837,-3.9754495e-05,0.59657976
182,0.0012049476,0.0010987737,0.00091413747,0.007759917,4.9900612e-05,4.7665136e-05,3.992349e-05,1.2720719e-05,3,3,3,3,0.032512707,-3.9339386e-05,0.59654042
183,0.0012026343,0.0010912669,0.00090352673,0.0076958212,4.9935988e-05,4.7336615e-05,3.9401269e-05,1.232814e-05,3,3,3,3,0.031521287,-3.9444693e-05,0.59650098
184,0.0011999838,0.0010836333,0.00089329237,0.0076334121,4.9959616e-05,4.7000937e-05,3.8899461e-05,1.1579175e-05,3,3,3,3,0.029616828,-0.00036065048,0.59614033
185,0.0011971062,0.001076167,0.00088330117,0.0075702955,4.9965113e-05,4.6670085e-05,3.8406727e-05,1.37595e-05,3,3,3,3,0.035204168,-3.69828e-05,0.59610335
186,0.001193938,0.001069023,0.0008735383,0.007506851,4.9930324e-05,4.6343812e-05,3.7936132e-05,1.3485342e-05,3,3,3,3,0.034514527,-3.3893502e-05,0.59606945
187,0.0011906457,0.0010620263,0.00086418056,0.0074443669,4.9880074e-05,4.6046292e-05,3.7487618e-05,1.2172514e-05,3,3,3,3,0.031164606,-2.6827405e-05,0.59604263
188,0.0011871235,0.0010557332,0.00085502057,0.0073904935,4.9815694e-05,4.5777495e-05,3.7050228e-05,1.088936e-05,3,3,3,3,0.027887356,-0.00027348391,0.59576914
189,0.0011834779,0.0010504661,0.0008460317,0.0073413393,4.9760348e-05,4.5535766e-05,3.6623945e-05,1.1702288e-05,3,3,3,3,0.02997583,-1.2085087e-05,0.59575706
190,0.0011800678,0.0010458833,0.00083740902,0.0072972019,4.970652e-05,4.5323877e-05,3.6220095e-05,1.1515382e-05,3,3,3,3,0.029504641,-6.482763e-06,0.59575057
191,0.0011769068,0.0010417637,0.00082917896,0.0072575781,4.9653804e-05,4.5135687e-05,3.5840075e-05,1.0626001e-05,3,3,3,3,0.027232419,-0.00030445705,0.59544612
192,0.0011741012,0.0010380647,0.00082128425,0.0072175621,4.9622378e-05,4.4981271e-05,3.5484399e-05,1.2252223e-05,3,3,3,3,0.031405878,-3.3441917e-05,0.59541267
193,0.0011716034,0.0010347205,0.00081386229,0.0071794926,4.9611266e-05,4.4848457e-05,3.515869e-05,1.1651576e-05,3,3,3,3,0.029872816,-4.0897188e-05,0.59537178
194,0.0011691619,0.0010314327,0.00080698161,0.0071498871,4.961891e-05,4.47337e-05,3.4859073e-05,1.0054011e-05,3,3,3,3,0.025782182,-0.00026836913,0.59510341
195,0.0011669801,0.0010284636,0.00080047674,0.0071244313,4.9646031e-05,4.4646602e-05,3.4573146e-05,1.1044992e-05,3,3,3,3,0.028327421,-2.1366475e-05,0.59508204
196,0.0011653321,0.0010260571,0.00079462731,0.0071026196,4.9681192e-05,4.4582614e-05,3.4307747e-05,1.0099332e-05,3,3,3,3,0.025906193,-0.00025709709,0.59482494
197,0.0011640895,0.0010242295,0.00078934691,0.0070843404,4.9728704e-05,4.4539892e-05,3.4061279e-05,1.0834519e-05,3,3,3,3,0.027794814,-7.1840246e-05,0.5947531
198,0.0011629794,0.0010228996,0.00078467623,0.0070710806,4.9766437e-05,4.4501962e-05,3.3841049e-05,1.0254334e-05,3,3,3,3,0.02630939,-4.4918562e-05,0.59470819
199,0.0011619158,0.0010219118,0.00078029073,0.0070645073,4.9797142e-05,4.4460398e-05,3.3641098e-05,9.8756008e-06,3,3,3,3,0.025339846,-0.00019843022,0.59450976
200,0.0011610304,0.0010212464,0.0007762256,0.0070692331,4.9837475e-05,4.4419054e-05,3.3461693e-05,9.8864131e-06,3,3,3,3,0.025368596,-0.00019504904,0.59431471
201,0.0011604079,0.0010208776,0.00077242051,0.0070803217,4.9874839e-05,4.4391946e-05,3.3292572e-05,9.9709746e-06,3,3,3,3,0.025586238,-0.00022771877,0.59408699
202,0.0011596521,0.0010208862,0.00076878911,0.0070951835,4.988995e-05,4.4382843e-05,3.3122565e-05,1.0002235e-05,3,3,3,3,0.025667056,-0.00028154926,0.59380544
203,0.0011585705,0.0010211431,0.00076527327,0.0071139893,4.9885895e-05,4.4377874e-05,3.2952633e-05,9.9498237e-06,3,3,3,3,0.025533201,-0.00032842517,0.59347701
204,0.001156896,0.0010215637,0.00076206452,0.0071299463,4.9864485e-05,4.439018e-05,3.279258e-05,1.0962983e-05,3,3,3,3,0.028133704,-0.00010797868,0.59336903
205,0.0011548763,0.0010222016,0.00075887979,0.0071440303,4.9807721e-05,4.439949e-05,3.2644386e-05,9.6672012e-06,3,3,3,3,0.024809394,-0.0004191304,0.5929499
206,0.0011527344,0.0010232209,0.00075565101,0.007159303,4.9720386e-05,4.4401254e-05,3.2505194e-05,9.8837379e-06,3,3,3,3,0.025365052,-0.00035246369,0.59259744
207,0.001150275,0.0010243773,0.00075219221,0.0071710034,4.9609626e-05,4.4395314e-05,3.2355175e-05,1.0539324e-05,3,3,3,3,0.027047503,-0.00011442616,0.59248301
208,0.0011474751,0.0010253276,0.0007486471,0.0071743338,4.9472052e-05,4.4378881e-05,3.2207292e-05,1.0485764e-05,3,3,3,3,0.02690998,5.6411806e-05,0.59253943
209,0.0011441634,0.0010259431,0.00074500322,0.0071742917,4.9312114e-05,4.4349375e-05,3.2058168e-05,1.1846747e-05,3,3,3,3,0.03040253,-1.8880438e-05,0.59252055
210,0.001140501,0.0010259374,0.00074099418,0.0071692756,4.9128206e-05,4.4300228e-05,3.1895092e-05,1.2093446e-05,3,3,3,3,0.03103488,5.7329301e-05,0.59257787
211,0.0011362296,0.0010255658,0.00073696137,0.007157591,4.8927079e-05,4.4238171e-05,3.1731496e-05,9.8806846e-06,3,3,3,3,0.025355725,0.00043503002,0.5930129
212,0.0011310492,0.001024708,0.00073302336,0.0071416875,4.8690181e-05,4.4156077e-05,3.1576062e-05,1.239721e-05,3,3,3,3,0.031813976,5.8726697e-05,0.59307163
213,0.0011258589,0.0010235622,0.00072889119,0.0071181396,4.8453409e-05,4.4063791e-05,3.1405952e-05,1.1488324e-05,3,3,3,3,0.029480656,5.1352863e-05,0.59312298
214,0.0011203111,0.0010217967,0.00072478154,0.0070929512,4.8193266e-05,4.3959772e-05,3.1228349e-05,1.051047e-05,3,3,3,3,0.026971121,1.1870095e-05,0.59313485
215,0.0011139736,0.0010196775,0.00072078546,0.0070666376,4.7901037e-05,4.3852805e-05,3.1046347e-05,9.9952331e-06,3,3,3,3,0.025649048,0.00013973935,0.59327459
216,0.0011071473,0.0010172688,0.00071685248,0.0070367804,4.7575375e-05,4.3731996e-05,3.0864415e-05,1.0097278e-05,3,3,3,3,0.025911293,0.0001302056,0.5934048
217,0.0011001986,0.0010145636,0.0007129858,0.0070072631,4.7219289e-05,4.3588064e-05,3.067082e-05,1.139626e-05,3,3,3,3,0.029245365,-7.3545119e-05,0.59333125
218,0.0010931288,0.0010112381,0.00070893951,0.0069727087,4.6843663e-05,4.3412402e-05,3.0462455e-05,1.1830317e-05,3,3,3,3,0.030358649,-6.4323827e-05,0.59326693
219,0.0010858772,0.001007418,0.00070485494,0.0069304782,4.6449836e-05,4.3206616e-05,3.0242034e-05,1.141594e-05,3,3,3,3,0.029294381,-5.5773102e-05,0.59321116
220,0.0010783052,0.0010032386,0.00070077262,0.0068858169,4.6045885e-05,4.2978432e-05,3.0013208e-05,1.0638414e-05,3,3,3,3,0.027297994,-7.1315169e-05,0.59313984
221,0.0010703169,0.00099847725,0.00069668474,0.006837675,4.5629161e-05,4.2712833e-05,2.978257e-05,9.6628602e-06,3,3,3,3,0.024793585,0.00019156911,0.59333141
222,0.0010622522,0.00099287555,0.00069254752,0.0067857992,4.5198937e-05,4.2414347e-05,2.9541726e-05,1.054659e-05,3,3,3,3,0.027060394,-8.9120639e-05,0.59324229
223,0.0010544519,0.00098673397,0.00068796134,0.0067367065,4.4766129e-05,4.2103047e-05,2.929569e-05,1.0457825e-05,3,3,3,3,0.026830789,-0.00010293272,0.59313936
224,0.0010464602,0.00098033696,0.00068311928,0.0066832067,4.4324047e-05,4.1773067e-05,2.9047732e-05,1.0054787e-05,3,3,3,3,0.025795136,-0.00012759107,0.59301177
225,0.0010382427,0.00097333639,0.00067828818,0.0066239385,4.3865539e-05,4.1420134e-05,2.8811209e-05,9.3303816e-06,3,3,3,3,0.023935692,2.3470256e-05,0.59303524
226,0.0010296954,0.00096593427,0.0006735841,0.0065582687,4.3394757e-05,4.1037674e-05,2.8585064e-05,1.0419815e-05,3,3,3,3,0.026729895,-0.00016619606,0.59286904
227,0.0010213956,0.00095864765,0.00066884342,0.0064980238,4.2938511e-05,4.0634858e-05,2.8361175e-05,1.0296752e-05,3,3,3,3,0.02641275,-0.00020086874,0.59266817
228,0.0010131524,0.00095101805,0.00066413495,0.0064402328,4.2486345e-05,4.0226253e-05,2.8145984e-05,9.7299299e-06,3,3,3,3,0.02495714,-0.00021006361,0.59245811
229,0.0010045629,0.00094273831,0.00065949595,0.0063769421,4.2029726e-05,3.9797153e-05,2.7929745e-05,8.7293257e-06,3,3,3,3,0.022388706,-9.3119302e-05,0.59236499
230,0.00099566831,0.00093436308,0.00065484602,0.0063133298,4.156907e-05,3.9341387e-05,2.7713701e-05,8.5393285e-06,3,3,3,3,0.02189943,-0.00014107513,0.59222391
231,0.00098671419,0.00092565322,0.00065009344,0.0062477667,4.1109754e-05,3.8868308e-05,2.7489494e-05,9.1806213e-06,3,3,3,3,0.023541696,-0.00020358411,0.59202033
232,0.00097768466,0.00091660622,0.0006450991,0.0061810139,4.0674605e-05,3.8391376e-05,2.7250064e-05,8.9279734e-06,3,3,3,3,0.022890759,-0.00021140034,0.59180893
233,0.00096855218,0.00090737781,0.00063988294,0.0061169412,4.0246732e-05,3.7914743e-05,2.6997115e-05,8.1902787e-06,3,3,3,3,0.020996138,-0.00010544185,0.59170349
234,0.00095921051,0.00089804223,0.0006346022,0.0060538025,3.9823103e-05,3.7443265e-05,2.6745813e-05,8.0567862e-06,3,3,3,3,0.020650678,-0.00011795424,0.59158553
235,0.00094972679,0.0008886423,0.00062933685,0.0059953643,3.9400421e-05,3.6977912e-05,2.6495099e-05,8.0383888e-06,3,3,3,3,0.020600037,-0.00010874442,0.59147679
236,0.0009402701,0.00087938584,0.00062395806,0.0059348605,3.8969122e-05,3.653586e-05,2.6255997e-05,8.1098057e-06,3,3,3,3,0.020779187,-9.4255296e-05,0.59138253
237,0.00093077212,0.00087022423,0.0006185521,0.0058727362,3.8517576e-05,3.611805e-05,2.6024106e-05,8.1045908e-06,3,3,3,3,0.020761828,-7.6604534e-05,0.59130593
238,0.00092104329,0.00086116245,0.00061307069,0.0058136635,3.8039062e-05,3.5713057e-05,2.5784496e-05,8.0425951e-06,3,3,3,3,0.02059925,-5.4895894e-05,0.59125103
239,0.00091116161,0.00085211246,0.00060735644,0.0057593866,3.7537772e-05,3.5305259e-05,2.5541808e-05,8.0971998e-06,3,3,3,3,0.020735368,-4.4100892e-05,0.59120693
240,0.00090098873,0.00084318314,0.00060145869,0.0057042521,3.7027171e-05,3.4905988e-05,2.5295965e-05,7.837698e-06,3,3,3,3,0.020067201,-5.386157e-05,0.59115307
241,0.0008903887,0.00083448311,0.00059527124,0.0056456765,3.6518592e-05,3.4505793e-05,2.5040603e-05,7.7265552e-06,3,3,3,3,0.019779031,-7.5724039e-05,0.59107735
242,0.00087964434,0.00082602285,0.00058881229,0.0055892867,3.6016542e-05,3.4117245e-05,2.477043e-05,7.4468557e-06,3,3,3,3,0.019059279,-0.0001761277,0.59090122
243,0.00086855936,0.0008177156,0.00058225879,0.0055311588,3.5514512e-05,3.3758584e-05,2.4498096e-05,7.3884058e-06,3,3,3,3,0.01890594,-0.00023284797,0.59066837
244,0.0008573176,0.00080958233,0.00057553315,0.0054613966,3.5010068e-05,3.3419863e-05,2.4226562e-05,7.663602e-06,3,3,3,3,0.019606324,-0.00016229583,0.59050608
245,0.00084587325,0.0008016867,0.00056863187,0.005391904,3.4519127e-05,3.3088932e-05,2.3941247e-05,7.4652212e-06,3,3,3,3,0.019095131,-0.00016819598,0.59033788
246,0.00083473959,0.00079395828,0.00056152772,0.0053253147,3.4042482e-05,3.2756553e-05,2.3642817e-05,6.9187792e-06,3,3,3,3,0.017694084,-0.00028508492,0.59005279
247,0.00082404997,0.00078653768,0.00055431023,0.0052534838,3.357429e-05,3.2443218e-05,2.3342406e-05,6.8159115e-06,3,3,3,3,0.0174276,-0.00025861839,0.58979418
248,0.00081371694,0.00077933256,0.00054719446,0.0051811451,3.3120673e-05,3.2144893e-05,2.3036821e-05,6.7702688e-06,3,3,3,3,0.017307288,-0.00021379812,0.58958038
249,0.00080383451,0.0007721585,0.00054008268,0.005115093,3.2689175e-05,3.1864671e-05,2.2726323e-05,6.8229549e-06,3,3,3,3,0.01743831,-0.00013874693,0.58944163
250,0.00079442353,0.00076509895,0.00053302039,0.0050517777,3.227423e-05,3.159537e-05,2.2413886e-05,6.8174925e-06,3,3,3,3,0.017420739,-2.957649e-05,0.58941205
251,0.00078568763,0.00075839153,0.00052605862,0.0049946207,3.1881653e-05,3.1346485e-05,2.2109093e-05,6.7531591e-06,3,3,3,3,0.017252985,0.00011808318,0.58953014
252,0.00077738925,0.0007521621,0.00051945627,0.0049412627,3.150915e-05,3.1101651e-05,2.1818597e-05,7.4416381e-06,3,3,3,3,0.019008277,0.00010310054,0.58963324
253,0.00076939796,0.00074664494,0.00051326276,0.0048892263,3.1150885e-05,3.086109e-05,2.1539476e-05,8.5882806e-06,3,3,3,3,0.02193271,-5.3833268e-05,0.58957941
254,0.00076209826,0.000741396,0.00050707301,0.0048402062,3.080806e-05,3.061647e-05,2.1255121e-05,8.0463895e-06,3,3,3,3,0.020543778,-4.7374457e-05,0.58953203
255,0.00075507669,0.00073623062,0.0005013262,0.0047966959,3.0467349e-05,3.0368571e-05,2.098177e-05,6.7194975e-06,3,3,3,3,0.017151735,5.1170037e-05,0.5895832
256,0.00074797859,0.00073112515,0.00049588903,0.0047566007,3.0125705e-05,3.0117433e-05,2.0715434e-05,6.2656367e-06,3,3,3,3,0.015989708,0.00011659148,0.58969979
257,0.00074093658,0.0007259982,0.00049061424,0.0047204757,2.978262e-05,2.9873357e-05,2.0454118e-05,6.2792989e-06,3,3,3,3,0.016021136,0.00017757212,0.58987736
258,0.00073395232,0.00072060813,0.00048556869,0.0046851544,2.9443591e-05,2.9625237e-05,2.0197293e-05,7.2096097e-06,3,3,3,3,0.018390802,0.00010650446,0.58998387
259,0.00072673003,0.00071502916,0.00048065732,0.0046510899,2.9098864e-05,2.9380483e-05,1.9940667e-05,7.6448055e-06,3,3,3,3,0.019496712,-3.0631773e-05,0.58995324
260,0.00071946121,0.00070942907,0.00047573124,0.0046196679,2.8756305e-05,2.9136757e-05,1.9675911e-05,7.4296571e-06,3,3,3,3,0.018943211,-8.1947463e-06,0.58994504
261,0.00071185212,0.00070369976,0.00047092684,0.0045898724,2.8412389e-05,2.8891386e-05,1.9423729e-05,6.7820255e-06,3,3,3,3,0.017287504,0.00012882961,0.59007387
262,0.00070397317,0.00069756181,0.00046623367,0.0045580144,2.8063347e-05,2.8622083e-05,1.9177671e-05,6.193318e-06,3,3,3,3,0.015783132,0.00028740971,0.59036128
263,0.00069581525,0.00069134046,0.00046158982,0.0045239192,2.7718395e-05,2.8334845e-05,1.8937186e-05,7.3840727e-06,3,3,3,3,0.018813327,-4.6729003e-05,0.59031455
264,0.00068757238,0.00068512376,0.00045674311,0.0044875247,2.7376072e-05,2.8036287e-05,1.8701291e-05,6.9259734e-06,3,3,3,3,0.017641771,0.00014686545,0.59046142
265,0.00067912145,0.00067870408,0.00045189964,0.0044518865,2.7034879e-05,2.7726664e-05,1.8475649e-05,7.2810436e-06,3,3,3,3,0.018542127,-3.0950432e-05,0.59043047
266,0.00067063064,0.0006719095,0.00044694902,0.004416107,2.6707919e-05,2.7418147e-05,1.8251941e-05,6.058486e-06,3,3,3,3,0.015424861,0.00029851956,0.59072899
267,0.0006619905,0.0006645173,0.00044208985,0.0043794,2.6380748e-05,2.7103711e-05,1.8032554e-05,6.740133e-06,3,3,3,3,0.017156481,0.00017560186,0.59090459
268,0.00065331515,0.00065677382,0.00043711827,0.0043402725,2.6043161e-05,2.6788776e-05,1.7815017e-05,7.2298582e-06,3,3,3,3,0.018398985,-1.5121532e-06,0.59090308
269,0.0006446183,0.00064878597,0.00043188309,0.0043008565,2.5707536e-05,2.6486401e-05,1.7590821e-05,5.9799785e-06,3,3,3,3,0.015214729,0.00029762198,0.5912007
270,0.00063587783,0.00064061467,0.00042652722,0.00425902,2.5371361e-05,2.6176329e-05,1.736501e-05,6.3737513e-06,3,3,3,3,0.016213446,0.00015412368,0.59135482
271,0.00062727223,0.00063238412,0.00042101599,0.0042133708,2.5041256e-05,2.5864985e-05,1.7142656e-05,5.9147378e-06,3,3,3,3,0.015043003,0.00026051893,0.59161534
272,0.0006185699,0.00062400988,0.00041534882,0.0041637766,2.4703498e-05,2.556022e-05,1.6919025e-05,5.8570807e-06,3,3,3,3,0.014893646,0.00027193953,0.59188728
273,0.0006097995,0.00061553788,0.00040950803,0.0041100313,2.4369872e-05,2.5270924e-05,1.6697889e-05,5.7538522e-06,3,3,3,3,0.014628625,0.00034103997,0.59222832
274,0.00060096533,0.00060735639,0.00040360211,0.0040526253,2.404627e-05,2.4990097e-05,1.6481001e-05,5.6058789e-06,3,3,3,3,0.014250107,0.0003607313,0.59258905
275,0.00059229306,0.00059932201,0.00039771848,0.0039913048,2.3738366e-05,2.4715462e-05,1.6267759e-05,5.5371574e-06,3,3,3,3,0.014073184,0.00034853017,0.59293758
276,0.00058376228,0.00059141178,0.0003919691,0.0039289088,2.3443078e-05,2.4445486e-05,1.6062978e-05,5.4497827e-06,3,3,3,3,0.013849102,0.00028931044,0.59322689
277,0.00057534757,0.0005835526,0.00038636062,0.003864821,2.315346e-05,2.4177681e-05,1.5866345e-05,5.3626982e-06,3,3,3,3,0.013626002,0.00017769837,0.59340459
278,0.00056714225,0.0005761369,0.00038091215,0.0038016524,2.2867366e-05,2.3915715e-05,1.567665e-05,5.5995863e-06,3,3,3,3,0.014226177,6.8675006e-05,0.59347327
279,0.00055937663,0.00056911799,0.00037588049,0.0037415406,2.2587389e-05,2.3669588e-05,1.5495338e-05,5.6729566e-06,3,3,3,3,0.014411021,-9.1721024e-05,0.59338155
280,0.00055205965,0.00056239673,0.00037113239,0.0036849963,2.2314776e-05,2.3433976e-05,1.5321855e-05,6.0963603e-06,3,3,3,3,0.015485159,-8.7740616e-05,0.5932938
281,0.00054482082,0.00055570933,0.00036656231,0.0036289306,2.2031696e-05,2.3196439e-05,1.5155666e-05,5.9912815e-06,3,3,3,3,0.015217422,-0.0001083965,0.59318541
282,0.00053764796,0.00054928623,0.00036230318,0.0035760177,2.1739351e-05,2.2959356e-05,1.4996798e-05,5.4810603e-06,3,3,3,3,0.013921146,-8.0914958e-05,0.59310449
283,0.00053060229,0.00054325861,0.00035828635,0.003526002,2.1450017e-05,2.2727767e-05,1.4854611e-05,5.0722569e-06,3,3,3,3,0.012882566,-1.4442046e-05,0.59309005
284,0.00052394301,0.00053738961,0.00035435672,0.0034780235,2.1177035e-05,2.2499163e-05,1.472045e-05,4.7573505e-06,3,3,3,3,0.012082496,-3.1075235e-05,0.59305898
285,0.00051758152,0.00053153151,0.00035062184,0.003431347,2.0913294e-05,2.2273901e-05,1.4589598e-05,4.9172648e-06,3,3,3,3,0.012488347,-7.4486978e-05,0.59298449
286,0.0005114867,0.00052555426,0.00034712686,0.0033866276,2.0643959e-05,2.2040651e-05,1.4460283e-05,5.2262695e-06,3,3,3,3,0.01327296,-7.0807612e-05,0.59291368
287,0.00050533869,0.00051957254,0.00034368216,0.0033438081,2.0368737e-05,2.179669e-05,1.4329097e-05,4.8617157e-06,3,3,3,3,0.012347376,-9.4989498e-05,0.59281869
288,0.0004990723,0.00051360588,0.00034041922,0.0033047044,2.0087226e-05,2.1544402e-05,1.420121e-05,4.5368212e-06,3,3,3,3,0.011522741,-9.1166809e-05,0.59272753
289,0.00049274799,0.00050780263,0.00033729828,0.0032681636,1.9795613e-05,2.129753e-05,1.4076768e-05,4.4700334e-06,3,3,3,3,0.011353642,-6.2097536e-05,0.59266543
290,0.00048634276,0.00050202791,0.00033420533,0.0032327994,1.9504589e-05,2.105649e-05,1.3951828e-05,4.3378009e-06,3,3,3,3,0.011018314,-5.8404362e-05,0.59260702
291,0.00047974961,0.0004964797,0.00033122515,0.0031975803,1.9209632e-05,2.0816027e-05,1.3831669e-05,4.4176027e-06,3,3,3,3,0.011221704,-5.2834528e-05,0.59255419
292,0.00047303259,0.00049099901,0.00032830218,0.0031609806,1.8905264e-05,2.0571033e-05,1.3711301e-05,4.1855011e-06,3,3,3,3,0.010632908,-6.8145872e-05,0.59248604
293,0.00046612561,0.0004855823,0.00032537688,0.0031236647,1.8592448e-05,2.0323031e-05,1.3587259e-05,4.4809863e-06,3,3,3,3,0.011384584,-7.8337827e-05,0.59240771
294,0.00045901396,0.00048034865,0.00032252384,0.0030869874,1.827686e-05,2.0078921e-05,1.3463106e-05,4.4878124e-06,3,3,3,3,0.011402954,-8.9152358e-05,0.59231855
295,0.00045172545,0.00047513909,0.00031961097,0.0030499768,1.7956982e-05,1.9836522e-05,1.3341871e-05,4.0757428e-06,3,3,3,3,0.010356932,-0.00010476599,0.59221379
296,0.00044425559,0.00046986837,0.00031673101,0.0030122415,1.7631126e-05,1.9588713e-05,1.3223658e-05,4.2923765e-06,3,3,3,3,0.010908607,-9.2070845e-05,0.59212172
297,0.000436712,0.0004644445,0.00031380531,0.0029744987,1.7305103e-05,1.9342577e-05,1.3106481e-05,4.2297744e-06,3,3,3,3,0.010750645,-8.6093695e-05,0.59203562
298,0.0004291989,0.00045882888,0.00031080502,0.0029371127,1.6986025e-05,1.9095568e-05,1.2988268e-05,4.2219643e-06,3,3,3,3,0.010731949,-8.1861791e-05,0.59195376
299,0.00042182297,0.00045301038,0.00030777271,0.0029006203,1.6672024e-05,1.8845664e-05,1.2865198e-05,4.226239e-06,3,3,3,3,0.010743971,-8.1271571e-05,0.59187249
300,0.00041455395,0.00044706363,0.00030466547,0.0028654585,1.6362451e-05,1.8594472e-05,1.2740608e-05,3.81292e-06,3,3,3,3,0.0096942895,-9.5024387e-05,0.59177746
301,0.00040733143,0.00044101117,0.00030146813,0.0028312833,1.6057381e-05,1.8337192e-05,1.2615009e-05,3.98539e-06,3,3,3,3,0.010133987,-9.3019186e-05,0.59168445
302,0.00040012629,0.00043486448,0.00029817113,0.0027969095,1.5757056e-05,1.8076903e-05,1.2484167e-05,3.9538506e-06,3,3,3,3,0.010054943,-9.0276333e-05,0.59159417
303,0.00039291693,0.00042858446,0.00029473292,0.0027619574,1.5465402e-05,1.7812517e-05,1.2349548e-05,3.9995966e-06,3,3,3,3,0.010172473,-7.9112001e-05,0.59151506
304,0.00038560861,0.00042217666,0.00029118498,0.0027263082,1.5185549e-05,1.7544386e-05,1.2211273e-05,4.0507421e-06,3,3,3,3,0.010303789,-6.3424378e-05,0.59145163
305,0.00037837932,0.00041564163,0.00028749416,0.0026908085,1.4915212e-05,1.7273231e-05,1.206652e-05,4.1103701e-06,3,3,3,3,0.010456756,-8.6115595e-05,0.59136552
306,0.00037130499,0.00040901501,0.00028375313,0.0026555564,1.4646224e-05,1.6996804e-05,1.1915917e-05,4.0540558e-06,3,3,3,3,0.010314811,-6.6322731e-05,0.59129919
307,0.00036441068,0.00040230403,0.00027991763,0.0026191735,1.4385062e-05,1.671815e-05,1.175987e-05,3.9715123e-06,3,3,3,3,0.01010612,-6.36268e-05,0.59123557
308,0.0003576849,0.00039559147,0.00027592846,0.0025828867,1.4129125e-05,1.6441908e-05,1.1598258e-05,3.8798265e-06,3,3,3,3,0.0098741231,-5.511795e-05,0.59118045
309,0.00035113157,0.00038898887,0.00027182677,0.0025469855,1.3876776e-05,1.6171838e-05,1.143174e-05,3.8051056e-06,3,3,3,3,0.0096852584,-4.9680337e-05,0.59113077
310,0.00034468759,0.00038244389,0.00026767415,0.0025109535,1.3627488e-05,1.5907107e-05,1.1261608e-05,3.7462681e-06,3,3,3,3,0.009536806,-4.79258e-05,0.59108284
311,0.00033840758,0.00037588573,0.00026342116,0.0024743343,1.3382141e-05,1.5649105e-05,1.108601e-05,3.7362473e-06,3,3,3,3,0.0095126103,-3.314376e-05,0.5910497
312,0.00033219568,0.00036940045,0.0002591157,0.0024375099,1.314104e-05,1.5394948e-05,1.0907763e-05,3.7120188e-06,3,3,3,3,0.0094522342,-4.3518752e-05,0.59100618
313,0.0003260662,0.00036304021,0.00025479492,0.0024009817,1.2906852e-05,1.5145015e-05,1.072376e-05,3.7027135e-06,3,3,3,3,0.0094298642,-4.2817519e-05,0.59096336
314,0.00032003908,0.00035672388,0.00025044757,0.0023645166,1.2678232e-05,1.4898309e-05,1.053668e-05,3.672462e-06,3,3,3,3,0.0093541241,-3.7398673e-05,0.59092596
315,0.00031415816,0.0003504947,0.00024607447,0.0023278989,1.2455468e-05,1.4655353e-05,1.0345837e-05,3.6320382e-06,3,3,3,3,0.0092524395,-3.6371766e-05,0.59088959
316,0.00030846228,0.0003444138,0.00024168018,0.0022910205,1.2237578e-05,1.4411129e-05,1.0152457e-05,3.5674507e-06,3,3,3,3,0.0090891534,-3.595455e-05,0.59085364
317,0.00030290969,0.00033846215,0.00023728779,0.0022540738,1.2027262e-05,1.4168784e-05,9.9579222e-06,3.4919116e-06,3,3,3,3,0.0088978865,-3.4618482e-05,0.59081902
318,0.00029748685,0.0003325709,0.00023292125,0.0022172102,1.1824033e-05,1.3927456e-05,9.7618119e-06,3.4216616e-06,3,3,3,3,0.008720028,-3.2441818e-05,0.59078658
319,0.00029220204,0.00032674887,0.00022856911,0.0021806074,1.1628197e-05,1.3689695e-05,9.5650779e-06,3.3594924e-06,3,3,3,3,0.0085626971,-2.9929578e-05,0.59075665
320,0.00028702302,0.00032103844,0.00022420925,0.0021438694,1.1436673e-05,1.3454606e-05,9.3670123e-06,3.3807874e-06,3,3,3,3,0.0086180762,-9.5366792e-05,0.59066128
321,0.00028192313,0.00031552585,0.00021993613,0.0021073701,1.1246254e-05,1.3226306e-05,9.1714638e-06,3.8197298e-06,3,3,3,3,0.0097381533,-1.939854e-05,0.59064188
322,0.00027692191,0.00030989065,0.00021568381,0.0020709188,1.1058995e-05,1.2989258e-05,8.977295e-06,3.7688726e-06,3,3,3,3,0.009609761,-1.8832391e-05,0.59062305
323,0.0002720425,0.00030434313,0.00021153397,0.0020357091,1.0877833e-05,1.2754782e-05,8.787941e-06,3.3908107e-06,3,3,3,3,0.0086469142,-2.2562061e-05,0.59060049
324,0.00026721101,0.00029888645,0.00020745002,0.0020003776,1.0698852e-05,1.2528613e-05,8.6035755e-06,3.1064586e-06,3,3,3,3,0.0079227778,-8.3088036e-05,0.5905174
325,0.0002624571,0.00029351704,0.00020336122,0.0019648212,1.052366e-05,1.2311423e-05,8.4210508e-06,3.0446836e-06,3,3,3,3,0.0077661015,-2.4858769e-05,0.59049254
326,0.00025780243,0.00028811332,0.00019940726,0.0019298649,1.0351026e-05,1.2093317e-05,8.2439339e-06,2.9555268e-06,3,3,3,3,0.0075395869,-7.476246e-05,0.59041778
327,0.00025328464,0.00028279126,0.00019557264,0.0018960842,1.0181094e-05,1.1883387e-05,8.073481e-06,3.2172722e-06,3,3,3,3,0.0082081985,-2.0094711e-05,0.59039768
328,0.00024879799,0.00027739777,0.00019183568,0.0018626998,1.0012019e-05,1.1669994e-05,7.9078351e-06,3.0850212e-06,3,3,3,3,0.0078717131,-2.1750777e-05,0.59037593
329,0.00024439816,0.00027214116,0.00018824757,0.0018299273,9.8420873e-06,1.1460141e-05,7.7499917e-06,2.5379776e-06,3,3,3,3,0.0064766241,-0.00013124054,0.59024469
330,0.00024003604,0.00026704376,0.00018473109,0.0017968257,9.6742723e-06,1.1253651e-05,7.5979718e-06,2.8433119e-06,3,3,3,3,0.0072565301,-2.1268816e-05,0.59022342
331,0.00023577066,0.0002620669,0.00018140156,0.0017641497,9.5115758e-06,1.1047499e-05,7.4598989e-06,2.4600469e-06,3,3,3,3,0.0062790581,-0.00014069871,0.59008273
332,0.00023158645,0.00025728369,0.00017814485,0.0017318366,9.3510658e-06,1.0845685e-05,7.3289016e-06,2.7048843e-06,3,3,3,3,0.0069046525,-2.0016203e-05,0.59006271
333,0.00022756129,0.00025257506,0.00017500417,0.0017013386,9.19522e-06,1.0646732e-05,7.2046153e-06,2.3646613e-06,3,3,3,3,0.0060367928,-0.00013117737,0.58993153
334,0.00022359325,0.00024808352,0.00017193024,0.0016723773,9.0415677e-06,1.0453192e-05,7.0839367e-06,2.3324386e-06,3,3,3,3,0.0059550613,-0.00013861111,0.58979292
335,0.00021974288,0.00024367461,0.00016893215,0.0016454244,8.8940342e-06,1.026312e-05,6.9698618e-06,2.7809684e-06,3,3,3,3,0.0071008274,-1.6378015e-05,0.58977654
336,0.00021608805,0.00023926548,0.00016600448,0.0016195987,8.7521477e-06,1.0072733e-05,6.8592376e-06,2.2559835e-06,3,3,3,3,0.0057608782,-0.00011725109,0.58965929
337,0.00021250756,0.00023501954,0.00016311913,0.0015943718,8.6133482e-06,9.8911501e-06,6.7507083e-06,2.2227864e-06,3,3,3,3,0.005676542,-0.00010608124,0.58955321
338,0.00020903919,0.00023093365,0.00016027767,0.0015704302,8.4808362e-06,9.714999e-06,6.6430174e-06,2.1932976e-06,3,3,3,3,0.0056016368,-0.00011257812,0.58944063
339,0.00020567985,0.00022701736,0.00015751266,0.0015471471,8.3542606e-06,9.5430843e-06,6.5362857e-06,2.7637636e-06,3,3,3,3,0.0070590768,-8.5667064e-06,0.58943207
340,0.00020247161,0.00022313913,0.00015484698,0.0015248188,8.2359038e-06,9.3717459e-06,6.4331979e-06,2.1114985e-06,3,3,3,3,0.0053934958,-7.7764321e-05,0.5893543
341,0.00019935568,0.00021939637,0.00015219589,0.0015026682,8.1217516e-06,9.21266e-06,6.3294427e-06,2.071745e-06,3,3,3,3,0.0052922779,-5.3110586e-05,0.58930119
342,0.00019636251,0.00021576984,0.00014960907,0.001480208,8.0129895e-06,9.0592178e-06,6.2290404e-06,2.0311045e-06,3,3,3,3,0.005188765,-3.0385371e-05,0.58927081
343,0.00019353223,0.00021226385,0.00014710351,0.0014576854,7.9111995e-06,8.9109077e-06,6.1309978e-06,1.9950291e-06,3,3,3,3,0.0050968905,-9.7709222e-06,0.58926103
344,0.0001908341,0.00020886755,0.00014467852,0.0014348634,7.8145192e-06,8.7685536e-06,6.0361867e-06,1.9560402e-06,3,3,3,3,0.0049975455,3.1410152e-06,0.58926418
345,0.00018822529,0.00020553721,0.00014234003,0.0014115476,7.7253175e-06,8.6301381e-06,5.9460605e-06,1.9141288e-06,3,3,3,3,0.0048907109,2.1869869e-05,0.58928605
346,0.00018569968,0.00020231087,0.00014005414,0.0013880952,7.6416737e-06,8.4992743e-06,5.8602692e-06,1.8748371e-06,3,3,3,3,0.0047905494,3.985609e-05,0.5893259
347,0.00018324927,0.00019916114,0.00013784394,0.0013642156,7.5627536e-06,8.3753865e-06,5.7778947e-06,2.3383301e-06,3,3,3,3,0.0059751361,1.7348376e-05,0.58934325
348,0.00018093884,0.00019611539,0.00013570616,0.0013401348,7.4891275e-06,8.25987e-06,5.6976402e-06,1.7939208e-06,3,3,3,3,0.0045841715,7.9127456e-05,0.58942238
349,0.00017867955,0.00019306147,0.000133674,0.0013154985,7.4184563e-06,8.1455187e-06,5.6217434e-06,1.7553851e-06,3,3,3,3,0.004485879,0.000104475,0.58952685
350,0.0001765,0.00019008845,0.00013173403,0.001290986,7.3524338e-06,8.0357932e-06,5.550014e-06,2.208012e-06,3,3,3,3,0.0056427817,1.6172568e-05,0.58954303
351,0.00017444098,0.00018720713,0.00012986046,0.0012670923,7.2950164e-06,7.9316618e-06,5.4812369e-06,1.6885131e-06,3,3,3,3,0.0043152777,0.00011048526,0.58965351
352,0.00017248375,0.00018429643,0.00012803745,0.0012425241,7.2450141e-06,7.8269076e-06,5.4157708e-06,1.663739e-06,3,3,3,3,0.0042521165,0.00011541711,0.58976893
353,0.00017060647,0.00018150745,0.00012631211,0.0012182332,7.1994748e-06,7.725746e-06,5.3535141e-06,1.9845108e-06,3,3,3,3,0.0050721114,3.9493952e-05,0.58980842
354,0.00016882147,0.00017883298,0.00012463592,0.0011945645,7.155642e-06,7.6290924e-06,5.2946007e-06,1.5982388e-06,3,3,3,3,0.0040849678,0.00010631449,0.58991474
355,0.00016712405,0.00017622301,0.00012304422,0.0011720676,7.1145118e-06,7.5352152e-06,5.2401405e-06,1.9138829e-06,3,3,3,3,0.0048918907,2.5122285e-05,0.58993986
356,0.00016550567,0.00017375643,0.00012147756,0.0011508493,7.0735845e-06,7.4462331e-06,5.1866702e-06,1.5269101e-06,3,3,3,3,0.0039028882,8.7807824e-05,0.59002767
357,0.00016395425,0.00017137137,0.00012004158,0.0011310899,7.0308373e-06,7.359129e-06,5.140043e-06,1.9040682e-06,3,3,3,3,0.0048670838,3.4135785e-05,0.5900618
358,0.00016249578,0.00016911611,0.000118645,0.0011130444,6.9874195e-06,7.2777005e-06,5.0949014e-06,1.4786498e-06,3,3,3,3,0.0037797396,9.3903847e-05,0.59015571
359,0.00016104611,0.00016693345,0.00011738199,0.0010955303,6.9400387e-06,7.1994883e-06,5.0564265e-06,1.93319e-06,3,3,3,3,0.0049417849,3.7490516e-05,0.5901932
360,0.0001596689,0.00016489058,0.00011617105,0.0010794254,6.8918952e-06,7.1271476e-06,5.0199327e-06,1.756721e-06,3,3,3,3,0.0044907754,5.5001118e-05,0.5902482
361,0.00015829628,0.00016294542,0.0001150918,0.0010639389,6.8407723e-06,7.0578242e-06,4.9882294e-06,1.4189744e-06,3,3,3,3,0.0036274624,0.00010298978,0.59035119
362,0.00015690833,0.00016100349,0.00011410299,0.0010491432,6.78432e-06,6.9884398e-06,4.9602821e-06,1.4438424e-06,3,3,3,3,0.0036911392,0.00011932337,0.59047051
363,0.00015555104,0.00015917249,0.00011324112,0.0010364904,6.7268934e-06,6.9219736e-06,4.9370754e-06,1.8735302e-06,3,3,3,3,0.0047897548,3.8470084e-05,0.59050898
364,0.00015420575,0.00015749273,0.00011239526,0.0010254679,6.669304e-06,6.8570561e-06,4.9129849e-06,1.7782732e-06,3,3,3,3,0.0045463112,4.659753e-05,0.59055558
365,0.00015282998,0.00015592039,0.00011166261,0.0010155443,6.6094363e-06,6.7930659e-06,4.8933137e-06,1.3988808e-06,3,3,3,3,0.0035764278,0.00010077991,0.59065636
366,0.00015145084,0.00015437764,0.0001110335,0.0010061198,6.5467441e-06,6.7278001e-06,4.8777766e-06,1.6925116e-06,3,3,3,3,0.0043272428,4.7000864e-05,0.59070336
367,0.0001501296,0.00015296036,0.00011043756,0.00099745498,6.4852384e-06,6.6661132e-06,4.8607899e-06,1.6184754e-06,3,3,3,3,0.0041380344,3.7309791e-05,0.59074067
368,0.00014889821,0.00015163072,0.00010991738,0.00098959902,6.424373e-06,6.6064173e-06,4.8448252e-06,1.3832924e-06,3,3,3,3,0.0035367998,8.1312709e-05,0.59082198
369,0.00014767215,0.00015033434,0.00010944078,0.00098189643,6.36355e-06,6.5465387e-06,4.8296902e-06,1.5460833e-06,3,3,3,3,0.0039531136,4.5931622e-05,0.59086791
370,0.00014648415,0.00014911268,0.00010900531,0.00097505166,6.305198e-06,6.4892828e-06,4.8164246e-06,1.4002741e-06,3,3,3,3,0.0035803636,8.013715e-05,0.59094805
371,0.00014534875,0.00014791238,0.00010863277,0.00096891904,6.2478106e-06,6.4334813e-06,4.8046449e-06,1.6719944e-06,3,3,3,3,0.004275211,4.3152117e-05,0.5909912
372,0.00014428481,0.00014678738,0.00010823736,0.00096349847,6.1930626e-06,6.3815601e-06,4.7894055e-06,1.6492484e-06,3,3,3,3,0.0042171086,4.291193e-05,0.59103411
373,0.00014327893,0.00014574504,0.00010790035,0.00095876912,6.1411849e-06,6.3321435e-06,4.774984e-06,1.5480139e-06,3,3,3,3,0.0039583019,4.3295822e-05,0.59107741
374,0.0001423308,0.00014475274,0.00010759497,0.00095478911,6.0886468e-06,6.2826575e-06,4.7611139e-06,1.356507e-06,3,3,3,3,0.003468657,5.7593434e-05,0.591135
375,0.00014141384,0.00014378841,0.00010728884,0.00095130336,6.0376618e-06,6.2319456e-06,4.7461226e-06,1.3775859e-06,3,3,3,3,0.0035226073,7.0380996e-05,0.59120538
376,0.00014057662,0.00014287396,0.00010698948,0.00094888042,5.990046e-06,6.1837473e-06,4.7294675e-06,1.640769e-06,3,3,3,3,0.0041956421,3.2099049e-05,0.59123748
377,0.00013979186,0.00014197101,0.00010664329,0.00094692024,5.9441809e-06,6.1338803e-06,4.7089632e-06,1.6082955e-06,3,3,3,3,0.0041126298,3.1694144e-05,0.59126918
378,0.0001390262,0.00014111071,0.00010632179,0.00094557849,5.9001388e-06,6.0850004e-06,4.6892735e-06,1.3539204e-06,3,3,3,3,0.0034621762,5.6658447e-05,0.59132584
379,0.0001382551,0.00014023176,0.00010598548,0.00094417571,5.8560078e-06,6.0325398e-06,4.6684338e-06,1.5951201e-06,3,3,3,3,0.0040789884,2.8873502e-05,0.59135471
380,0.00013752004,0.00013943314,0.00010561832,0.0009434838,5.813649e-06,5.980444e-06,4.6449035e-06,1.549783e-06,3,3,3,3,0.0039630567,2.8587772e-05,0.5913833
381,0.00013677864,0.00013863318,0.00010522955,0.00094279146,5.7715933e-06,5.9285067e-06,4.6209562e-06,1.3554185e-06,3,3,3,3,0.0034660332,3.5706876e-05,0.591419
382,0.00013598724,0.00013779694,0.0001048079,0.00094172797,5.7292754e-06,5.874366e-06,4.5954324e-06,1.3744352e-06,3,3,3,3,0.0035146664,5.2196694e-05,0.5914712
383,0.00013516403,0.00013697117,0.00010436065,0.00094084548,5.6881684e-06,5.8225094e-06,4.5687406e-06,1.6172479e-06,3,3,3,3,0.0041355753,2.3502943e-05,0.5914947
384,0.000134325,0.00013614995,0.00010382497,0.00093939309,5.6458235e-06,5.7699614e-06,4.5379454e-06,1.5639456e-06,3,3,3,3,0.0039992458,1.814136e-05,0.59151285
385,0.00013343403,0.00013537509,0.00010329781,0.00093733465,5.6012119e-06,5.719733e-06,4.508232e-06,1.342643e-06,3,3,3,3,0.0034333123,3.2547602e-05,0.59154539
386,0.00013248296,0.00013452469,0.00010270387,0.00093486143,5.5541785e-06,5.6666687e-06,4.4756601e-06,1.3779963e-06,3,3,3,3,0.0035236939,5.4075967e-05,0.59159947
387,0.00013149946,0.00013368641,0.00010208076,0.00093326063,5.5077652e-06,5.6148309e-06,4.4419486e-06,1.5792116e-06,3,3,3,3,0.0040381975,1.2819678e-05,0.59161229
388,0.00013050988,0.00013285709,0.00010142379,0.00093145708,5.4605418e-06,5.5644142e-06,4.4058094e-06,1.3869077e-06,3,3,3,3,0.0035464165,5.3681164e-05,0.59166597
389,0.00012946177,0.00013198907,0.00010073346,0.00092895195,5.4116374e-06,5.51448e-06,4.3694783e-06,1.379862e-06,3,3,3,3,0.0035283715,3.5108709e-05,0.59170108
390,0.00012838476,0.00013113217,0.00010005001,0.00092598095,5.3612692e-06,5.4667289e-06,4.3346335e-06,1.6528786e-06,3,3,3,3,0.0042264518,7.5911796e-06,0.59170867
391,0.00012730563,0.00013026877,9.9253943e-05,0.00092288747,5.3105923e-06,5.419435e-06,4.2943666e-06,1.589269e-06,3,3,3,3,0.0040637382,3.5453544e-06,0.59171221
392,0.00012621842,0.00012943473,9.8478457e-05,0.00091917638,5.2598513e-06,5.3753638e-06,4.2562615e-06,1.3779997e-06,3,3,3,3,0.0035234668,-4.4217716e-06,0.59170779
393,0.00012507789,0.00012855131,9.7644665e-05,0.00091392218,5.2072712e-06,5.3294587e-06,4.2162786e-06,1.426119e-06,3,3,3,3,0.003646445,2.601958e-06,0.5917104
394,0.00012394579,0.00012771698,9.6805427e-05,0.00090881285,5.1562212e-06,5.286699e-06,4.175755e-06,1.431669e-06,3,3,3,3,0.0036605685,-2.3614965e-06,0.59170803
395,0.00012280857,0.00012690331,9.5928214e-05,0.00090336854,5.1054137e-06,5.2461451e-06,4.1338941e-06,1.4245311e-06,3,3,3,3,0.0036422476,-1.3209122e-06,0.59170671
396,0.00012169008,0.00012612468,9.5030736e-05,0.00089787978,5.0536693e-06,5.2084014e-06,4.091598e-06,1.4155605e-06,3,3,3,3,0.0036192345,4.7619866e-06,0.59171147
397,0.00012060139,0.00012538423,9.4123462e-05,0.00089276554,5.0027642e-06,5.1733358e-06,4.0497844e-06,1.4083029e-06,3,3,3,3,0.0036005978,-4.080742e-06,0.59170739
398,0.00011955027,0.00012467796,9.3240596e-05,0.00088793867,4.9531681e-06,5.141308e-06,4.0098096e-06,1.4643298e-06,3,3,3,3,0.0037437516,2.5950311e-05,0.59173334
399,0.00011852165,0.00012399574,9.2311381e-05,0.00088308354,4.9046894e-06,5.109998e-06,3.9678922e-06,1.7067925e-06,3,3,3,3,0.0043635291,-6.3476438e-06,0.591727
400,0.00011756297,0.00012336701,9.1365101e-05,0.00087814952,4.8591169e-06,5.0802241e-06,3.9246492e-06,1.4260339e-06,3,3,3,3,0.0036456405,1.4749655e-05,0.59174175
401,0.00011659253,0.00012275147,9.0446782e-05,0.00087285661,4.812874e-06,5.0493411e-06,3.8830647e-06,1.6433236e-06,3,3,3,3,0.0042010277,-1.0486841e-05,0.59173126
402,0.0001157174,0.0001222354,8.9564634e-05,0.00086799781,4.7694166e-06,5.0224938e-06,3.8428651e-06,1.4262455e-06,3,3,3,3,0.0036459753,-9.7456328e-06,0.59172151
403,0.00011484524,0.00012168837,8.8664964e-05,0.00086287148,4.7248549e-06,4.9924144e-06,3.8012753e-06,1.4271532e-06,3,3,3,3,0.0036482028,-2.4892886e-05,0.59169662
404,0.00011402455,0.00012118261,8.7810154e-05,0.00085770099,4.6814956e-06,4.9644035e-06,3.7614458e-06,1.4810204e-06,3,3,3,3,0.0037858041,-9.3722282e-06,0.59168725
405,0.00011323842,0.00012070193,8.6981253e-05,0.00085278222,4.6394405e-06,4.9375728e-06,3.7221114e-06,1.468409e-06,3,3,3,3,0.0037534705,-6.2680398e-06,0.59168098
406,0.00011246804,0.0001202341,8.6181399e-05,0.00084813131,4.598981e-06,4.9098728e-06,3.6838525e-06,1.4192003e-06,3,3,3,3,0.003627593,-1.3680124e-05,0.5916673
407,0.00011172753,0.000119754,8.5432818e-05,0.00084363399,4.5594093e-06,4.8814891e-06,3.6474125e-06,1.4199376e-06,3,3,3,3,0.0036293833,5.5973657e-06,0.5916729
408,0.00011102079,0.00011928694,8.4738714e-05,0.00083924029,4.5215389e-06,4.8540682e-06,3.6134728e-06,1.7343169e-06,3,3,3,3,0.004432826,-1.1282844e-05,0.59166162
409,0.00011036505,0.00011882879,8.4034857e-05,0.00083501599,4.4861116e-06,4.8284808e-06,3.5778438e-06,1.4189813e-06,3,3,3,3,0.0036267329,3.174011e-05,0.59169336
410,0.00010965677,0.00011829285,8.3353099e-05,0.00083028582,4.4488016e-06,4.7999357e-06,3.5433169e-06,1.4224875e-06,3,3,3,3,0.0036356047,4.7566735e-05,0.59174092
411,0.00010898673,0.00011778945,8.2750867e-05,0.00082588114,4.412955e-06,4.7737882e-06,3.5128606e-06,1.7901935e-06,3,3,3,3,0.0045752807,-5.9604558e-06,0.59173496
412,0.0001083804,0.00011730087,8.2149574e-05,0.0008217669,4.379861e-06,4.7491441e-06,3.481923e-06,1.3866869e-06,3,3,3,3,0.0035439118,5.04186e-05,0.59178538
413,0.00010770728,0.00011673338,8.1570211e-05,0.00081707704,4.3440982e-06,4.7210326e-06,3.4522531e-06,1.3764219e-06,3,3,3,3,0.0035175947,5.3196445e-05,0.59183858
414,0.00010707299,0.00011618046,8.1048394e-05,0.00081234121,4.3091753e-06,4.693204e-06,3.4254555e-06,1.666083e-06,3,3,3,3,0.0042577555,-3.209934e-06,0.59183537
415,0.00010648678,0.00011564482,8.0566298e-05,0.00080792841,4.2776781e-06,4.6669037e-06,3.4006905e-06,1.3412847e-06,3,3,3,3,0.0034276205,4.1523109e-05,0.59187689
416,0.00010582642,0.00011501431,8.0069826e-05,0.0008028043,4.2444798e-06,4.6363062e-06,3.3758794e-06,1.3316971e-06,3,3,3,3,0.0034030441,4.1204786e-05,0.59191809
417,0.0001051971,0.00011438435,7.9611983e-05,0.00079688295,4.2127555e-06,4.6052442e-06,3.3531553e-06,1.326064e-06,3,3,3,3,0.0033885707,5.3072336e-05,0.59197117
418,0.00010457406,0.00011373841,7.919361e-05,0.00079094535,4.1823012e-06,4.5754526e-06,3.3327527e-06,1.6701178e-06,3,3,3,3,0.0042676494,-9.5754176e-06,0.59196159
419,0.00010399309,0.00011304162,7.8707001e-05,0.00078509528,4.1547139e-06,4.5432678e-06,3.3081027e-06,1.2820572e-06,3,3,3,3,0.0032759375,5.448236e-05,0.59201607
420,0.00010333955,0.00011228044,7.8263146e-05,0.00077854091,4.1243769e-06,4.5094421e-06,3.2866363e-06,1.5645721e-06,3,3,3,3,0.003997728,-1.0685556e-05,0.59200539
421,0.00010276182,0.00011154398,7.7853552e-05,0.00077243047,4.0964689e-06,4.477127e-06,3.2669368e-06,1.2442359e-06,3,3,3,3,0.0031791239,3.3609467e-05,0.592039
422,0.000102117,0.00011068591,7.7384379e-05,0.00076561962,4.0656275e-06,4.4390775e-06,3.244419e-06,1.2338478e-06,3,3,3,3,0.0031525031,3.0780657e-05,0.59206978
423,0.00010149492,0.00010978737,7.6910215e-05,0.000759011,4.0357113e-06,4.3996591e-06,3.2214371e-06,1.2253205e-06,3,3,3,3,0.0031306427,3.8256187e-05,0.59210803
424,0.00010087179,0.00010888005,7.6451759e-05,0.00075224385,4.0057179e-06,4.3597306e-06,3.1994727e-06,1.4291068e-06,3,3,3,3,0.0036512256,-1.4315958e-05,0.59209372
425,0.00010025517,0.00010796925,7.5957303e-05,0.00074529697,3.9770806e-06,4.3194494e-06,3.1758379e-06,1.1762888e-06,3,3,3,3,0.0030052248,3.6218019e-05,0.59212994
426,9.9562704e-05,0.00010701496,7.5477149e-05,0.00073816785,3.9448057e-06,4.2774579e-06,3.1533653e-06,1.1578559e-06,3,3,3,3,0.0029580758,3.7627146e-05,0.59216756
427,9.8857239e-05,0.00010607693,7.5009739e-05,0.00073099611,3.911872e-06,4.2360209e-06,3.131347e-06,1.4111477e-06,3,3,3,3,0.0036051174,-1.3844249e-05,0.59215372
428,9.8168947e-05,0.00010511162,7.4474387e-05,0.00072366561,3.8793808e-06,4.1917008e-06,3.105322e-06,1.119997e-06,3,3,3,3,0.0028612372,2.3813413e-05,0.59217753
429,9.740836e-05,0.00010409901,7.3944881e-05,0.00071623826,3.8444059e-06,4.1461008e-06,3.0802547e-06,1.1036885e-06,3,3,3,3,0.0028195248,1.7585208e-05,0.59219512
430,9.6635855e-05,0.00010309564,7.3413727e-05,0.00070872897,3.8093109e-06,4.1008183e-06,3.0551937e-06,1.0902931e-06,3,3,3,3,0.0027852592,1.6240192e-05,0.59221136
431,9.586226e-05,0.0001020725,7.2874426e-05,0.00070117036,3.7738255e-06,4.0551762e-06,3.0301153e-06,1.3343347e-06,3,3,3,3,0.0034086341,-1.6662699e-05,0.5921947
432,9.5110268e-05,0.00010104823,7.2274017e-05,0.00069387824,3.7386191e-06,4.0101445e-06,3.0022342e-06,1.0460404e-06,3,3,3,3,0.002672119,1.3638329e-06,0.59219606
433,9.4274573e-05,9.9960325e-05,7.1645169e-05,0.00068624984,3.7001342e-06,3.9616913e-06,2.9733223e-06,1.029011e-06,3,3,3,3,0.0026285798,-8.0210074e-06,0.59218804
434,9.3452276e-05,9.8869322e-05,7.0997664e-05,0.00067861513,3.661656e-06,3.9125279e-06,2.9437833e-06,1.0141882e-06,3,3,3,3,0.0025906818,-2.0803377e-05,0.59216723
435,9.2603143e-05,9.7763601e-05,7.0333224e-05,0.00067111898,3.6223724e-06,3.8645236e-06,2.9136855e-06,1.0523443e-06,3,3,3,3,0.0026881163,-1.0070396e-05,0.59215716
436,9.1716117e-05,9.6642324e-05,6.9641528e-05,0.00066348676,3.581623e-06,3.815878e-06,2.8821113e-06,1.0158817e-06,3,3,3,3,0.0025949457,-1.2313658e-05,0.59214485
437,9.0804111e-05,9.5479994e-05,6.8919343e-05,0.00065543804,3.5404502e-06,3.7651559e-06,2.849196e-06,9.6367164e-07,3,3,3,3,0.0024615541,-2.2958153e-05,0.59212189
438,8.9864662e-05,9.4251623e-05,6.8152628e-05,0.00064693243,3.498734e-06,3.7118845e-06,2.8145999e-06,9.5865195e-07,3,3,3,3,0.0024487074,-1.8033108e-05,0.59210386
439,8.8900692e-05,9.2993314e-05,6.7362817e-05,0.00063811721,3.4574547e-06,3.6585867e-06,2.7791378e-06,9.1565531e-07,3,3,3,3,0.0023388606,-2.9508894e-05,0.59207435
440,8.7923635e-05,9.1678053e-05,6.6550191e-05,0.00062908222,3.4153932e-06,3.6032688e-06,2.7427241e-06,9.3476318e-07,3,3,3,3,0.0023876487,-2.7872485e-05,0.59204648
441,8.6946994e-05,9.0304804e-05,6.5699759e-05,0.00061981525,3.3724206e-06,3.5470256e-06,2.7043848e-06,9.1596398e-07,3,3,3,3,0.002339612,-3.4042684e-05,0.59201244
442,8.5965895e-05,8.8900337e-05,6.4838008e-05,0.00061041653,3.3297558e-06,3.4904557e-06,2.6654579e-06,8.8823582e-07,3,3,3,3,0.0022687697,-4.0674403e-05,0.59197176
443,8.4978598e-05,8.7480843e-05,6.3960881e-05,0.00060069249,3.2872477e-06,3.432886e-06,2.6260645e-06,8.6081369e-07,3,3,3,3,0.0021987106,-4.7737527e-05,0.59192402
444,8.3994798e-05,8.6043281e-05,6.3070411e-05,0.00059068502,3.2449191e-06,3.37491e-06,2.5862086e-06,8.3843256e-07,3,3,3,3,0.0021415286,-5.4752438e-05,0.59186927
445,8.3012988e-05,8.4586382e-05,6.2169368e-05,0.00058052668,3.2036646e-06,3.3165923e-06,2.546338e-06,8.1750274e-07,3,3,3,3,0.0020880558,-6.2164186e-05,0.59180711
446,8.2044672e-05,8.3134871e-05,6.1264818e-05,0.00057044713,3.1630242e-06,3.2575021e-06,2.5066463e-06,8.2054222e-07,3,3,3,3,0.0020958059,-6.9177278e-05,0.59173793
447,8.1095132e-05,8.1675108e-05,6.0359333e-05,0.00056056151,3.1224284e-06,3.2001596e-06,2.4670429e-06,9.1367641e-07,3,3,3,3,0.0023336729,-4.3859938e-05,0.59169407
448,8.0162011e-05,8.0176398e-05,5.9396894e-05,0.0005507638,3.0821042e-06,3.1398589e-06,2.424145e-06,8.6186956e-07,3,3,3,3,0.0022013431,-4.3198002e-05,0.59165087
449,7.9263414e-05,7.8784539e-05,5.850502e-05,0.00054190104,3.0430887e-06,3.0847344e-06,2.3856292e-06,7.0566299e-07,3,3,3,3,0.0018023639,-6.7438765e-05,0.59158343
450,7.8347491e-05,7.7434265e-05,5.7611524e-05,0.00053342556,3.0036387e-06,3.0309679e-06,2.3473902e-06,7.3553076e-07,3,3,3,3,0.0018786427,-4.7775106e-05,0.59153566
451,7.742908e-05,7.6117381e-05,5.6705905e-05,0.00052547498,2.9640416e-06,2.9770895e-06,2.3085051e-06,7.2380493e-07,3,3,3,3,0.0018486867,-4.0834978e-05,0.59149482
452,7.6512579e-05,7.4787003e-05,5.5806255e-05,0.00051800735,2.9245344e-06,2.9225611e-06,2.2698945e-06,7.1077748e-07,3,3,3,3,0.0018154071,-3.5416428e-05,0.59145941
453,7.5591332e-05,7.3450078e-05,5.4924911e-05,0.00051083678,2.8852267e-06,2.8678827e-06,2.2310016e-06,6.9943992e-07,3,3,3,3,0.0017864446,-3.176887e-05,0.59142764
454,7.4663356e-05,7.2139763e-05,5.4073946e-05,0.00050383276,2.845798e-06,2.8144266e-06,2.1931591e-06,6.4039051e-07,3,3,3,3,0.0016356228,-3.7497767e-05,0.59139014
455,7.3726337e-05,7.0859794e-05,5.3255769e-05,0.00049685373,2.8072778e-06,2.7634999e-06,2.1569024e-06,6.1964673e-07,3,3,3,3,0.0015826384,-3.7498403e-05,0.59135264
456,7.2770085e-05,6.9586518e-05,5.2455898e-05,0.00048999035,2.7685534e-06,2.7144465e-06,2.1215834e-06,6.5504886e-07,3,3,3,3,0.0016730568,-2.7820721e-05,0.59132482
457,7.1794506e-05,6.8335169e-05,5.1658051e-05,0.00048303234,2.7294865e-06,2.6658689e-06,2.0864757e-06,6.4471648e-07,3,3,3,3,0.0016466658,-2.9835106e-05,0.59129499
458,7.0821476e-05,6.715024e-05,5.0881139e-05,0.00047629596,2.6899079e-06,2.6184486e-06,2.0525422e-06,5.8874915e-07,3,3,3,3,0.0015037199,-4.5664655e-05,0.59124932
459,6.9845218e-05,6.5993612e-05,5.0102197e-05,0.00046972015,2.6499776e-06,2.5710661e-06,2.0183012e-06,6.2487844e-07,3,3,3,3,0.0015959975,-3.6955455e-05,0.59121237
460,6.8871262e-05,6.4894776e-05,4.9349996e-05,0.00046319254,2.6107186e-06,2.5260071e-06,1.9851639e-06,6.9545826e-07,3,3,3,3,0.0017762657,-2.0288483e-05,0.59119208
461,6.7872493e-05,6.377961e-05,4.856114e-05,0.00045645572,2.5705612e-06,2.4792282e-06,1.9496726e-06,5.6962693e-07,3,3,3,3,0.0014548849,-4.4798629e-05,0.59114728
462,6.6852969e-05,6.2733422e-05,4.782403e-05,0.0004496513,2.5308587e-06,2.4361342e-06,1.9174827e-06,5.6270304e-07,3,3,3,3,0.0014372022,-4.2988241e-05,0.59110429
463,6.5834469e-05,6.1720603e-05,4.710366e-05,0.00044286184,2.4913274e-06,2.3944344e-06,1.8864174e-06,5.8955743e-07,3,3,3,3,0.0015057932,-2.8670674e-05,0.59107562
464,6.482875e-05,6.0720871e-05,4.6380309e-05,0.00043601203,2.4521384e-06,2.3531588e-06,1.8548232e-06,6.53035e-07,3,3,3,3,0.0016679248,-1.3405469e-05,0.59106221
465,6.3826421e-05,5.974948e-05,4.5685157e-05,0.00042930379,2.4134035e-06,2.3144554e-06,1.8249172e-06,5.3744075e-07,3,3,3,3,0.0013726894,-2.9584537e-05,0.59103263
466,6.2811581e-05,5.8806128e-05,4.4977589e-05,0.00042262194,2.3753926e-06,2.2781525e-06,1.7948144e-06,5.2825256e-07,3,3,3,3,0.0013492249,-2.4340686e-05,0.59100829
467,6.180811e-05,5.7902532e-05,4.4271945e-05,0.00041596385,2.3391987e-06,2.2441753e-06,1.7655678e-06,5.2221608e-07,3,3,3,3,0.0013338104,-2.1824968e-05,0.59098646
468,6.0847929e-05,5.7023961e-05,4.3569827e-05,0.00040929511,2.3048057e-06,2.2127004e-06,1.7376276e-06,5.6138246e-07,3,3,3,3,0.0014338506,-1.002082e-05,0.59097644
469,5.9928983e-05,5.6146301e-05,4.2842557e-05,0.0004027712,2.2723451e-06,2.1810158e-06,1.7088803e-06,5.4699047e-07,3,3,3,3,0.0013970956,-5.7288579e-06,0.59097071
470,5.9042232e-05,5.5309125e-05,4.2136226e-05,0.00039636144,2.2424289e-06,2.1514937e-06,1.6809717e-06,5.046169e-07,3,3,3,3,0.0012888711,-4.9005713e-06,0.59096581
471,5.8182584e-05,5.4479114e-05,4.1446231e-05,0.00038998689,2.2145886e-06,2.1235363e-06,1.6538428e-06,4.9513523e-07,3,3,3,3,0.0012646573,1.9456263e-06,0.59096776
472,5.7360928e-05,5.367547e-05,4.0771241e-05,0.00038371688,2.1890785e-06,2.0972146e-06,1.6271929e-06,4.8507664e-07,3,3,3,3,0.0012389699,7.628063e-06,0.59097539
473,5.6568851e-05,5.2900541e-05,4.0103926e-05,0.00037762088,2.1658543e-06,2.0718949e-06,1.600645e-06,4.7653689e-07,3,3,3,3,0.0012171619,1.2150337e-05,0.59098754
474,5.582308e-05,5.2161886e-05,3.9444479e-05,0.00037165531,2.1448129e-06,2.0479903e-06,1.5743057e-06,4.6745993e-07,3,3,3,3,0.0011939815,1.5674056e-05,0.59100321
475,5.5121737e-05,5.1453006e-05,3.8794312e-05,0.00036580674,2.1251476e-06,2.0257751e-06,1.5487923e-06,4.5785055e-07,3,3,3,3,0.0011694412,1.8571233e-05,0.59102178
476,5.4449467e-05,5.0777335e-05,3.8161784e-05,0.00036014386,2.1067165e-06,2.0051163e-06,1.5241018e-06,4.480765e-07,3,3,3,3,0.0011444802,2.1454854e-05,0.59104324
477,5.3806473e-05,5.0126444e-05,3.7542014e-05,0.00035470966,2.0893965e-06,1.9853727e-06,1.5002137e-06,4.3928753e-07,3,3,3,3,0.0011220351,2.414637e-05,0.59106738
478,5.3194512e-05,4.9509101e-05,3.6939827e-05,0.00034949702,2.0728567e-06,1.9662942e-06,1.4771006e-06,4.3050282e-07,3,3,3,3,0.0010996007,2.6911612e-05,0.5910943
479,5.2608098e-05,4.8916435e-05,3.6358085e-05,0.0003445548,2.056965e-06,1.9485527e-06,1.4546918e-06,4.2309005e-07,3,3,3,3,0.0010806705,3.0358849e-05,0.59112465
480,5.2049448e-05,4.835765e-05,3.5794813e-05,0.00033985007,2.041843e-06,1.9318183e-06,1.433095e-06,4.1594597e-07,3,3,3,3,0.0010624265,3.3339451e-05,0.59115799
481,5.1524212e-05,4.7834991e-05,3.5251561e-05,0.00033540471,2.0275107e-06,1.9159394e-06,1.4121194e-06,5.2169444e-07,3,3,3,3,0.0013325381,4.7812503e-06,0.59116278
482,5.1047703e-05,4.7387751e-05,3.4766669e-05,0.00033135111,2.0144495e-06,1.9026145e-06,1.3937076e-06,3.9961904e-07,3,3,3,3,0.0010207283,2.1583717e-05,0.59118436
483,5.0581857e-05,4.6927849e-05,3.426791e-05,0.00032731237,2.0017589e-06,1.8881153e-06,1.3740944e-06,3.9367045e-07,3,3,3,3,0.0010055372,1.2848767e-05,0.59119721
484,5.0152318e-05,4.6501709e-05,3.3789688e-05,0.00032350531,1.9904045e-06,1.8740166e-06,1.3552416e-06,3.8824555e-07,3,3,3,3,0.00099168345,5.0169771e-06,0.59120222
485,4.9760301e-05,4.6110697e-05,3.3334411e-05,0.00032001277,1.9804696e-06,1.8606019e-06,1.3372815e-06,4.2113495e-07,3,3,3,3,0.0010756948,-1.0673993e-05,0.59119155
486,4.9389096e-05,4.5734323e-05,3.2886597e-05,0.00031675259,1.9711321e-06,1.8466009e-06,1.3195368e-06,5.1665249e-07,3,3,3,3,0.0013196763,1.432509e-06,0.59119298
487,4.9066449e-05,4.5401562e-05,3.2477028e-05,0.00031389035,1.9630946e-06,1.8336546e-06,1.3031551e-06,3.7390838e-07,3,3,3,3,0.00095507156,-7.4046818e-06,0.59118558
488,4.8746325e-05,4.5088702e-05,3.208277e-05,0.00031099673,1.9552808e-06,1.8224144e-06,1.287486e-06,3.7033955e-07,3,3,3,3,0.00094595803,-4.3553905e-06,0.59118122
489,4.8456486e-05,4.481314e-05,3.1712204e-05,0.00030831833,1.94767e-06,1.8119403e-06,1.2728679e-06,3.6899848e-07,3,3,3,3,0.00094253467,1.3244929e-06,0.59118255
490,4.8183761e-05,4.4563335e-05,3.136889e-05,0.00030595507,1.9399505e-06,1.80183e-06,1.2591249e-06,3.9478331e-07,3,3,3,3,0.001008399,-5.771758e-08,0.59118249
491,4.7924104e-05,4.4343864e-05,3.1058908e-05,0.00030382571,1.9325167e-06,1.7927559e-06,1.2471833e-06,3.9176788e-07,3,3,3,3,0.0010006985,4.0046872e-06,0.59118649
492,4.7677225e-05,4.4151825e-05,3.0776552e-05,0.000301856,1.9252596e-06,1.7844888e-06,1.2362688e-06,3.8687733e-07,3,3,3,3,0.00098820801,8.0462443e-06,0.59119454
493,4.7439099e-05,4.397895e-05,3.0511148e-05,0.00030004835,1.9176242e-06,1.7771387e-06,1.225806e-06,3.5855173e-07,3,3,3,3,0.0009158565,2.2999144e-05,0.59121754
494,4.7208115e-05,4.3811091e-05,3.0247263e-05,0.00029837945,1.9094392e-06,1.7698184e-06,1.2150263e-06,3.945858e-07,3,3,3,3,0.0010079002,1.5726196e-05,0.59123327
495,4.6981561e-05,4.366474e-05,3.001896e-05,0.00029690078,1.9012235e-06,1.7633091e-06,1.205639e-06,4.6832712e-07,3,3,3,3,0.0011962605,4.1655489e-06,0.59123743
496,4.6751072e-05,4.3492501e-05,2.9758137e-05,0.00029550694,1.8917548e-06,1.7546892e-06,1.1942611e-06,4.2566613e-07,3,3,3,3,0.0010872893,5.3977538e-06,0.59124283
497,4.6527426e-05,4.3361946e-05,2.9555799e-05,0.00029432014,1.8826651e-06,1.7488388e-06,1.1863353e-06,3.7973265e-07,3,3,3,3,0.00096995976,1.0420483e-05,0.59125325
498,4.6294958e-05,4.3201432e-05,2.9332744e-05,0.00029304442,1.8728932e-06,1.7410451e-06,1.1770248e-06,3.7679325e-07,3,3,3,3,0.00096245221,6.7744016e-06,0.59126002
499,4.6065972e-05,4.3041548e-05,2.911283e-05,0.00029188393,1.8628821e-06,1.7328493e-06,1.1677421e-06,3.8403568e-07,3,3,3,3,0.00098095242,4.7198827e-06,0.59126474
500,4.5839988e-05,4.2873499e-05,2.8891093e-05,0.00029077841,1.8526823e-06,1.7240068e-06,1.1583832e-06,3.9302068e-07,3,3,3,3,0.0010039037,5.4274571e-06,0.59127017
501,4.5616037e-05,4.2715571e-05,2.8688062e-05,0.00028970441,1.8425908e-06,1.7158262e-06,1.1498933e-06,3.955337e-07,3,3,3,3,0.0010103234,8.9508739e-06,0.59127912
502,4.5395068e-05,4.2573111e-05,2.8515908e-05,0.00028869609,1.8326697e-06,1.7088681e-06,1.1429134e-06,3.9912089e-07,3,3,3,3,0.001019487,1.3957769e-05,0.59129308
503,4.5178965e-05,4.2436651e-05,2.8350468e-05,0.00028773642,1.8226651e-06,1.7019987e-06,1.136364e-06,4.5327745e-07,3,3,3,3,0.0011578219,4.5243313e-06,0.5912976
504,4.4950888e-05,4.2253396e-05,2.8131284e-05,0.0002866536,1.8115705e-06,1.6920381e-06,1.1273752e-06,4.6260326e-07,3,3,3,3,0.0011816422,4.3679809e-06,0.59130197
505,4.4736722e-05,4.2105719e-05,2.7944134e-05,0.00028576692,1.8010502e-06,1.6838433e-06,1.1203246e-06,4.1881509e-07,3,3,3,3,0.0010697918,4.9138496e-06,0.59130689
506,4.4515693e-05,4.1966298e-05,2.7781806e-05,0.00028486163,1.7910576e-06,1.6763899e-06,1.1146217e-06,4.0871268e-07,3,3,3,3,0.0010439867,1.3553403e-05,0.59132044
507,4.4295424e-05,4.1792788e-05,2.7588001e-05,0.00028383808,1.7814249e-06,1.6669871e-06,1.1070129e-06,4.0402594e-07,3,3,3,3,0.0010320163,1.4005212e-05,0.59133445
508,4.4086772e-05,4.1645066e-05,2.7423537e-05,0.00028289066,1.7725756e-06,1.6589513e-06,1.1008715e-06,4.0998967e-07,3,3,3,3,0.0010472509,1.725068e-05,0.5913517
509,4.3887607e-05,4.1515125e-05,2.7284412e-05,0.00028197315,1.76434e-06,1.6520881e-06,1.0960089e-06,4.7246495e-07,3,3,3,3,0.0012068354,2.4930407e-06,0.59135419
510,4.3683489e-05,4.1350994e-05,2.7098895e-05,0.00028086631,1.7554539e-06,1.6427616e-06,1.0883877e-06,4.635289e-07,3,3,3,3,0.0011840091,3.9763601e-06,0.59135817
511,4.3493652e-05,4.121457e-05,2.6948838e-05,0.00027990599,1.7470162e-06,1.6356622e-06,1.0828933e-06,4.1487517e-07,3,3,3,3,0.0010597309,6.580791e-06,0.59136475
512,4.3297911e-05,4.1068354e-05,2.6801556e-05,0.0002788183,1.7382501e-06,1.6283468e-06,1.0774509e-06,4.0586538e-07,3,3,3,3,0.0010367174,1.3821345e-05,0.59137857
513,4.3101332e-05,4.0893063e-05,2.662105e-05,0.00027756698,1.728934e-06,1.619402e-06,1.0703427e-06,4.0423516e-07,3,3,3,3,0.0010325555,1.3195309e-05,0.59139176
514,4.290562e-05,4.0737596e-05,2.6466955e-05,0.00027639393,1.7196992e-06,1.6121603e-06,1.0649657e-06,4.085335e-07,3,3,3,3,0.0010435375,1.6433086e-05,0.5914082
515,4.2709596e-05,4.0595926e-05,2.6330636e-05,0.00027520086,1.7104236e-06,1.6057437e-06,1.0603484e-06,4.7413231e-07,3,3,3,3,0.001211103,5.6372287e-06,0.59141383
516,4.2498083e-05,4.0408728e-05,2.6138344e-05,0.0002738034,1.6998699e-06,1.5966254e-06,1.0525846e-06,4.6375825e-07,3,3,3,3,0.0011846051,7.0385863e-06,0.59142087
517,4.2286601e-05,4.0262677e-05,2.5984532e-05,0.00027255987,1.6895656e-06,1.5902927e-06,1.0469587e-06,3.8262548e-07,3,3,3,3,0.00097736416,1.8118245e-05,0.59143899
518,4.2047541e-05,4.0079826e-05,2.5798676e-05,0.00027101838,1.6784889e-06,1.5820911e-06,1.0394443e-06,3.7954744e-07,3,3,3,3,0.00096950499,1.7930781e-05,0.59145692
519,4.181633e-05,3.9917109e-05,2.5638624e-05,0.00026955631,1.6678284e-06,1.575729e-06,1.0335932e-06,4.4376794e-07,3,3,3,3,0.0011335521,5.9664428e-06,0.59146289
520,4.1570329e-05,3.9735441e-05,2.546625e-05,0.00026806154,1.6564592e-06,1.5686342e-06,1.0268717e-06,3.7166996e-07,3,3,3,3,0.00094938895,1.6756583e-05,0.59147964
521,4.1319325e-05,3.9539578e-05,2.528779e-05,0.00026641116,1.644931e-06,1.5608647e-06,1.0198453e-06,4.1006798e-07,3,3,3,3,0.0010474771,7.4225769e-06,0.59148707
522,4.1072598e-05,3.936605e-05,2.512589e-05,0.0002648209,1.633563e-06,1.5541202e-06,1.0136263e-06,3.6055735e-07,3,3,3,3,0.00092101054,1.3866655e-05,0.59150093
523,4.0806289e-05,3.9159871e-05,2.4937623e-05,0.00026302117,1.6214052e-06,1.5457245e-06,1.0060824e-06,3.4438927e-07,3,3,3,3,0.00087971489,2.190137e-05,0.59152283
524,4.0543249e-05,3.8965838e-05,2.4760117e-05,0.00026123285,1.6094841e-06,1.5380692e-06,9.9906898e-07,3.67743e-07,3,3,3,3,0.00093937489,1.6047321e-05,0.59153888
525,4.0280573e-05,3.8781846e-05,2.4603968e-05,0.00025946463,1.5977076e-06,1.5309784e-06,9.9300432e-07,4.1885312e-07,3,3,3,3,0.0010699377,8.0113163e-06,0.59154689
526,4.0011483e-05,3.857211e-05,2.4423376e-05,0.00025761133,1.5855711e-06,1.5224208e-06,9.8531635e-07,3.440503e-07,3,3,3,3,0.00087886151,2.2804416e-05,0.5915697
527,3.9732407e-05,3.8360239e-05,2.4248566e-05,0.00025570987,1.5731941e-06,1.5142135e-06,9.7783732e-07,3.4407916e-07,3,3,3,3,0.00087894011,2.2492965e-05,0.59159219
528,3.9454999e-05,3.8148283e-05,2.4079712e-05,0.00025378111,1.5606337e-06,1.5059323e-06,9.7055887e-07,3.4458795e-07,3,3,3,3,0.00088024489,2.3475444e-05,0.59161567
529,3.9174445e-05,3.7934797e-05,2.3914069e-05,0.00025184159,1.547911e-06,1.4976252e-06,9.6355975e-07,3.4528307e-07,3,3,3,3,0.00088202576,2.4925971e-05,0.59164059
530,3.8886382e-05,3.7722109e-05,2.3752544e-05,0.00024992114,1.5350864e-06,1.4890201e-06,9.5669169e-07,3.4528744e-07,3,3,3,3,0.00088204226,2.6162168e-05,0.59166675
531,3.859603e-05,3.7505513e-05,2.3592778e-05,0.00024801363,1.5223177e-06,1.4802554e-06,9.4990695e-07,4.3525169e-07,3,3,3,3,0.0011118643,9.5154039e-06,0.59167627
532,3.8316049e-05,3.7289947e-05,2.343833e-05,0.00024622138,1.5098538e-06,1.4716099e-06,9.4325217e-07,3.4219183e-07,3,3,3,3,0.00087414431,1.6586561e-05,0.59169286
533,3.8017229e-05,3.7050963e-05,2.3277189e-05,0.000244286,1.4968302e-06,1.4620091e-06,9.3614947e-07,3.4017948e-07,3,3,3,3,0.00086900939,7.7900914e-06,0.59170065
534,3.7722769e-05,3.6812863e-05,2.3122182e-05,0.00024233771,1.4841078e-06,1.4523822e-06,9.292216e-07,3.6757928e-07,3,3,3,3,0.00093901014,4.7082346e-06,0.59170535
535,3.7431782e-05,3.6591529e-05,2.2984465e-05,0.00024048898,1.4717674e-06,1.4436079e-06,9.2317946e-07,3.6933542e-07,3,3,3,3,0.00094350278,3.4924989e-07,0.5917057
536,3.7143548e-05,3.6366381e-05,2.2848197e-05,0.00023867703,1.4594659e-06,1.434562e-06,9.1736617e-07,4.1119863e-07,3,3,3,3,0.0010504536,6.789394e-06,0.59171249
537,3.6844329e-05,3.6088775e-05,2.2667175e-05,0.00023678649,1.4463515e-06,1.4226068e-06,9.0904753e-07,3.3141464e-07,3,3,3,3,0.00084664314,-7.1410382e-06,0.59170535
538,3.6546148e-05,3.5825323e-05,2.2515541e-05,0.0002349465,1.4337226e-06,1.4119361e-06,9.0257383e-07,3.9288786e-07,3,3,3,3,0.0010036915,6.2252563e-06,0.59171158
539,3.6259622e-05,3.5574785e-05,2.2386914e-05,0.00023314537,1.4218095e-06,1.4021959e-06,8.9738159e-07,3.2378257e-07,3,3,3,3,0.00082715802,-2.3918903e-06,0.59170919
540,3.5966073e-05,3.5298376e-05,2.2246371e-05,0.00023122078,1.409942e-06,1.3913216e-06,8.9145601e-07,3.4532751e-07,3,3,3,3,0.00088220415,3.6082466e-06,0.59171279
541,3.5677343e-05,3.500779e-05,2.2095851e-05,0.00022924387,1.3980891e-06,1.3796085e-06,8.8491696e-07,3.40712e-07,3,3,3,3,0.00087041875,5.1674187e-06,0.59171796
542,3.5390669e-05,3.4712177e-05,2.1947529e-05,0.00022724007,1.3865751e-06,1.3676497e-06,8.7857277e-07,3.3183467e-07,3,3,3,3,0.00084774547,6.0207723e-06,0.59172398
543,3.5106708e-05,3.4414603e-05,2.1807284e-05,0.00022520275,1.3755136e-06,1.3559034e-06,8.727028e-07,3.1199293e-07,3,3,3,3,0.00079706062,2.5469345e-06,0.59172653
544,3.482708e-05,3.4111957e-05,2.1672667e-05,0.00022309664,1.3647439e-06,1.3441793e-06,8.670977e-07,3.2664978e-07,3,3,3,3,0.00083451037,4.6707438e-06,0.5917312
545,3.4549929e-05,3.3804463e-05,2.1540935e-05,0.0002209711,1.3541965e-06,1.3323063e-06,8.6164601e-07,3.2185249e-07,3,3,3,3,0.00082225968,2.8831249e-06,0.59173408
546,3.4279889e-05,3.3500934e-05,2.1413575e-05,0.0002188169,1.3439168e-06,1.3207649e-06,8.566344e-07,3.1347081e-07,3,3,3,3,0.00080085143,8.9915546e-07,0.59173498
547,3.401307e-05,3.3188861e-05,2.1282207e-05,0.00021661135,1.333635e-06,1.3089628e-06,8.5154537e-07,3.0465232e-07,3,3,3,3,0.00077832687,8.560689e-07,0.59173584
548,3.3749119e-05,3.2868347e-05,2.1146605e-05,0.00021432675,1.3233726e-06,1.2966778e-06,8.4632731e-07,3.561838e-07,3,3,3,3,0.00090998524,5.0583866e-06,0.5917409
549,3.3489057e-05,3.2525659e-05,2.0981669e-05,0.00021199634,1.312992e-06,1.2826304e-06,8.397783e-07,2.7695647e-07,3,3,3,3,0.00070757869,-3.2270024e-06,0.59173767
550,3.3219233e-05,3.2186501e-05,2.0836845e-05,0.0002096449,1.3029931e-06,1.2696886e-06,8.3466361e-07,2.8584449e-07,3,3,3,3,0.00073029023,2.1212233e-07,0.59173788
551,3.2949462e-05,3.1842966e-05,2.0686833e-05,0.00020722735,1.2930988e-06,1.2563764e-06,8.2909967e-07,2.8373384e-07,3,3,3,3,0.00072490185,-6.6629678e-07,0.59173721
552,3.2682903e-05,3.1498584e-05,2.0535547e-05,0.00020478653,1.2831409e-06,1.2430245e-06,8.2338433e-07,2.7930345e-07,3,3,3,3,0.00071358669,-1.7041932e-06,0.59173551
553,3.2414354e-05,3.1147434e-05,2.0388117e-05,0.0002023268,1.2729543e-06,1.2296822e-06,8.1797274e-07,2.7256846e-07,3,3,3,3,0.0006963833,-1.8996458e-06,0.59173361
554,3.2139635e-05,3.0792995e-05,2.0240729e-05,0.00019985124,1.2625131e-06,1.2160258e-06,8.1254489e-07,2.9216312e-07,3,3,3,3,0.0007464494,2.7950083e-06,0.59173641
555,3.1862608e-05,3.0439197e-05,2.0095145e-05,0.00019737373,1.251699e-06,1.2020976e-06,8.0731238e-07,2.4460498e-07,3,3,3,3,0.00062494639,-5.1706835e-06,0.59173124
556,3.1570346e-05,3.0076534e-05,1.994546e-05,0.00019490169,1.2404425e-06,1.1878732e-06,8.019391e-07,2.5708353e-07,3,3,3,3,0.00065683119,-1.5162543e-06,0.59172972
557,3.127133e-05,2.9704743e-05,1.9782987e-05,0.00019239828,1.2287561e-06,1.1730241e-06,7.9596976e-07,2.5509946e-07,3,3,3,3,0.00065176497,-1.9183742e-06,0.5917278
558,3.0962888e-05,2.9332001e-05,1.9619214e-05,0.00018992501,1.2169129e-06,1.1580776e-06,7.8995616e-07,2.4873014e-07,3,3,3,3,0.0006354945,-2.8255359e-06,0.59172498
559,3.0647972e-05,2.8954669e-05,1.9454153e-05,0.00018741494,1.2045632e-06,1.1431639e-06,7.838629e-07,2.423477e-07,3,3,3,3,0.00061919033,-4.136957e-06,0.59172084
560,3.0326836e-05,2.8574584e-05,1.9293014e-05,0.00018486111,1.19181e-06,1.1284901e-06,7.7793789e-07,2.3449117e-07,3,3,3,3,0.00059911964,-5.9138874e-06,0.59171492
561,2.9995315e-05,2.819113e-05,1.9130848e-05,0.00018229089,1.1786192e-06,1.1137098e-06,7.71946e-07,2.2801158e-07,3,3,3,3,0.00058256669,-7.8399143e-06,0.59170708
562,2.9655827e-05,2.7805487e-05,1.8966851e-05,0.00017972158,1.1652129e-06,1.0989604e-06,7.6587318e-07,2.4706793e-07,3,3,3,3,0.00063125779,-4.1402423e-06,0.59170294
563,2.9309201e-05,2.7402464e-05,1.8783948e-05,0.00017709739,1.1512537e-06,1.0829838e-06,7.5883718e-07,2.3248115e-07,3,3,3,3,0.00059399118,-4.1984625e-06,0.59169875
564,2.8954057e-05,2.7014591e-05,1.8619843e-05,0.00017453986,1.137328e-06,1.0680086e-06,7.5292384e-07,2.0756381e-07,3,3,3,3,0.00053032928,-7.7963215e-06,0.59169095
565,2.8584628e-05,2.661789e-05,1.8440036e-05,0.00017191495,1.1227237e-06,1.0521887e-06,7.462379e-07,2.066047e-07,3,3,3,3,0.00052788041,-7.419805e-06,0.59168353
566,2.8212793e-05,2.6225104e-05,1.8256854e-05,0.00016929737,1.1078806e-06,1.0364905e-06,7.3941819e-07,2.0523105e-07,3,3,3,3,0.00052437221,-7.4978448e-06,0.59167603
567,2.7835082e-05,2.5833222e-05,1.8069695e-05,0.00016670761,1.0929402e-06,1.0210033e-06,7.32257e-07,2.008596e-07,3,3,3,3,0.00051320444,-8.8145955e-06,0.59166722
568,2.7452793e-05,2.5443517e-05,1.7886744e-05,0.00016412942,1.0778739e-06,1.0057878e-06,7.2530863e-07,2.0086836e-07,3,3,3,3,0.00051322812,-1.0190871e-05,0.59165703
569,2.7066855e-05,2.5057049e-05,1.7708519e-05,0.00016155186,1.0626645e-06,9.9085625e-07,7.1853709e-07,2.0251601e-07,3,3,3,3,0.00051743914,-5.46541e-06,0.59165156
570,2.6672054e-05,2.4657281e-05,1.7511487e-05,0.0001589168,1.0470001e-06,9.7485696e-07,7.105998e-07,1.9739377e-07,3,3,3,3,0.00050435297,-5.6941571e-06,0.59164587
571,2.6274798e-05,2.4269004e-05,1.7323095e-05,0.00015635181,1.0314062e-06,9.5967169e-07,7.0327396e-07,1.7872586e-07,3,3,3,3,0.00045665652,-1.0245571e-05,0.59163562
572,2.5870057e-05,2.3874091e-05,1.7122221e-05,0.00015378856,1.0155243e-06,9.4406089e-07,6.9526124e-07,1.7810441e-07,3,3,3,3,0.00045506946,-9.9115208e-06,0.59162571
573,2.5467826e-05,2.3488259e-05,1.6925774e-05,0.00015127682,9.9994667e-07,9.290061e-07,6.8746155e-07,1.8588916e-07,3,3,3,3,0.0004749608,-4.7717703e-06,0.59162094
574,2.5060273e-05,2.3100371e-05,1.6727286e-05,0.0001487882,9.8419933e-07,9.1375128e-07,6.7958911e-07,1.7103228e-07,3,3,3,3,0.00043700122,-1.0454149e-05,0.59161048
575,2.4652668e-05,2.2710299e-05,1.6522292e-05,0.00014631736,9.6846302e-07,8.9832471e-07,6.7131416e-07,1.762474e-07,3,3,3,3,0.00045032686,-4.5151662e-06,0.59160597
576,2.4244949e-05,2.2319994e-05,1.631776e-05,0.00014387044,9.5271082e-07,8.829975e-07,6.6305331e-07,1.6765192e-07,3,3,3,3,0.00042836538,-9.5411746e-06,0.59159643
577,2.3839417e-05,2.1930506e-05,1.6111112e-05,0.00014148662,9.3704495e-07,8.6788371e-07,6.5463972e-07,1.7062874e-07,3,3,3,3,0.0004359718,-3.7668119e-06,0.59159266
578,2.3437613e-05,2.154435e-05,1.5905333e-05,0.00013911719,9.2146678e-07,8.5291642e-07,6.4615164e-07,1.6504558e-07,3,3,3,3,0.00042170685,-8.6847288e-06,0.59158398
579,2.3038788e-05,2.1161269e-05,1.5691905e-05,0.00013679351,9.0599876e-07,8.3793438e-07,6.3728144e-07,1.6763176e-07,3,3,3,3,0.00042831501,-4.443982e-06,0.59157953
580,2.2643846e-05,2.0778437e-05,1.5475108e-05,0.00013446861,8.9061998e-07,8.2282388e-07,6.2825844e-07,1.5738352e-07,3,3,3,3,0.00040213022,-3.4140569e-06,0.59157612
581,2.2256356e-05,2.0407536e-05,1.5262559e-05,0.00013220752,8.7535816e-07,8.0814934e-07,6.1947503e-07,1.5501892e-07,3,3,3,3,0.00039608872,-6.9623917e-06,0.59156916
582,2.1866897e-05,2.0029575e-05,1.5034945e-05,0.00012996417,8.6000099e-07,7.930346e-07,6.0989815e-07,1.5607414e-07,3,3,3,3,0.00039878494,-7.2183507e-06,0.59156194
583,2.148317e-05,1.9662728e-05,1.4814533e-05,0.00012776876,8.449827e-07,7.7861476e-07,6.0075426e-07,1.5865461e-07,3,3,3,3,0.00040537829,-3.6454648e-06,0.59155829
584,2.1094748e-05,1.9285152e-05,1.4581946e-05,0.00012554364,8.298296e-07,7.6367185e-07,5.909069e-07,1.5250038e-07,3,3,3,3,0.00038965383,-3.6941459e-06,0.5915546
585,2.0710267e-05,1.8917088e-05,1.4354013e-05,0.00012336694,8.1492939e-07,7.4931542e-07,5.8133227e-07,1.4155177e-07,3,3,3,3,0.00036167914,-2.9000997e-06,0.5915517
586,2.032883e-05,1.8551628e-05,1.4126899e-05,0.00012121483,8.0018047e-07,7.3512489e-07,5.7177605e-07,1.4238292e-07,3,3,3,3,0.0003638028,-5.6774809e-06,0.59154602
587,1.9952575e-05,1.8185108e-05,1.3889965e-05,0.00011907034,7.855029e-07,7.2064067e-07,5.6160501e-07,1.3689655e-07,3,3,3,3,0.00034978442,-6.9696282e-06,0.59153905
588,1.9584901e-05,1.783468e-05,1.366408e-05,0.00011698384,7.7117144e-07,7.0702045e-07,5.5207839e-07,1.4551481e-07,3,3,3,3,0.00037180472,-3.0779108e-06,0.59153597
589,1.9214529e-05,1.7474031e-05,1.3425277e-05,0.00011485923,7.5673684e-07,6.926957e-07,5.417816e-07,1.4359228e-07,3,3,3,3,0.00036689246,-3.0691487e-06,0.5915329
590,1.8852142e-05,1.7122572e-05,1.3192455e-05,0.00011279051,7.4250803e-07,6.7888973e-07,5.3180658e-07,1.3401434e-07,3,3,3,3,0.00034241982,-2.2805058e-06,0.59153062
591,1.8491998e-05,1.6777324e-05,1.2964985e-05,0.00011076227,7.2842648e-07,6.6539918e-07,5.2215483e-07,1.2534865e-07,3,3,3,3,0.00032027801,-6.2765041e-06,0.59152435
592,1.8136152e-05,1.6428677e-05,1.2727235e-05,0.00010873039,7.1441946e-07,6.5147731e-07,5.1199302e-07,1.2526901e-07,3,3,3,3,0.00032007424,-3.0933258e-06,0.59152125
593,1.7781344e-05,1.6085325e-05,1.2495532e-05,0.00010672187,7.0050123e-07,6.3789114e-07,5.0220654e-07,1.2323421e-07,3,3,3,3,0.00031487498,-3.0062148e-06,0.59151825
594,1.7428676e-05,1.5747394e-05,1.2266333e-05,0.00010473107,6.8663476e-07,6.2447978e-07,4.9260577e-07,1.2139279e-07,3,3,3,3,0.0003101698,-6.3769105e-06,0.59151187
595,1.7082854e-05,1.5422455e-05,1.2045022e-05,0.00010278584,6.7301221e-07,6.1161465e-07,4.8353948e-07,1.3338278e-07,3,3,3,3,0.00034080497,-2.7455025e-06,0.59150912
596,1.673427e-05,1.5087124e-05,1.1812426e-05,0.00010080999,6.5912056e-07,5.9822153e-07,4.7397516e-07,1.3123285e-07,3,3,3,3,0.00033531154,-2.7928351e-06,0.59150633
597,1.6391795e-05,1.4762913e-05,1.1589313e-05,9.8893386e-05,6.4539733e-07,5.8549382e-07,4.6496771e-07,1.2102723e-07,3,3,3,3,0.00030923511,-2.9506308e-06,0.59150338
598,1.6051182e-05,1.4444052e-05,1.1370115e-05,9.6994636e-05,6.316914e-07,5.7296395e-07,4.5618653e-07,1.1297095e-07,3,3,3,3,0.00028865043,-5.9540694e-06,0.59149743
599,1.571424e-05,1.4127051e-05,1.1147387e-05,9.5108925e-05,6.1804746e-07,5.6037149e-07,4.4723182e-07,1.1866005e-07,3,3,3,3,0.00030318623,-2.8026288e-06,0.59149462
600,1.5375995e-05,1.3814296e-05,1.0928136e-05,9.3242669e-05,6.0436597e-07,5.479064e-07,4.3849526e-07,1.178177e-07,3,3,3,3,0.00030103377,-2.7850051e-06,0.59149184
601,1.504213e-05,1.3510171e-05,1.0715089e-05,9.140479e-05,5.9084073e-07,5.3576123e-07,4.3000608e-07,1.1336762e-07,3,3,3,3,0.00028966325,-2.8638965e-06,0.59148898
602,1.4711885e-05,1.3212546e-05,1.0506048e-05,8.9593343e-05,5.7745992e-07,5.239808e-07,4.2170935e-07,1.0832748e-07,3,3,3,3,0.00027678512,-2.9296289e-06,0.59148605
603,1.438499e-05,1.2921021e-05,1.0298736e-05,8.7804653e-05,5.6421823e-07,5.123883e-07,4.1346614e-07,1.049754e-07,3,3,3,3,0.00026822011,-2.8966086e-06,0.59148315
604,1.4063472e-05,1.2635604e-05,1.0092498e-05,8.6039989e-05,5.5124835e-07,5.010025e-07,4.0530744e-07,1.040774e-07,3,3,3,3,0.00026592545,-2.7868576e-06,0.59148036
605,1.3748313e-05,1.2356265e-05,9.8895986e-06,8.43146e-05,5.3853276e-07,4.898663e-07,3.973219e-07,1.0504184e-07,3,3,3,3,0.0002683895,-2.6968867e-06,0.59147767
606,1.3437452e-05,1.2082923e-05,9.6902665e-06,8.26158e-05,5.2600586e-07,4.7899922e-07,3.8953652e-07,1.0647477e-07,3,3,3,3,0.00027205057,-2.4846742e-06,0.59147518
607,1.3130905e-05,1.1815099e-05,9.4917915e-06,8.0942633e-05,5.1368455e-07,4.6835192e-07,3.8184178e-07,1.0783179e-07,3,3,3,3,0.00027551769,-2.4142434e-06,0.59147277
608,1.2829928e-05,1.1552077e-05,9.2949323e-06,7.9309041e-05,5.0163288e-07,4.5787269e-07,3.7419477e-07,1.0912059e-07,3,3,3,3,0.00027881052,-2.5162232e-06,0.59147025
609,1.2535174e-05,1.1295367e-05,9.102e-06,7.7706153e-05,4.8988231e-07,4.4770431e-07,3.6666321e-07,1.070167e-07,3,3,3,3,0.00027343484,-2.4858442e-06,0.59146776
610,1.2245951e-05,1.1045258e-05,8.912537e-06,7.6133e-05,4.7836581e-07,4.3791967e-07,3.5928764e-07,1.0423104e-07,3,3,3,3,0.00026631719,-2.4833997e-06,0.59146528
611,1.1961541e-05,1.0800608e-05,8.7246732e-06,7.4589617e-05,4.6698391e-07,4.283724e-07,3.5195147e-07,1.0178643e-07,3,3,3,3,0.00026007096,-2.5893668e-06,0.59146269
612,1.1683211e-05,1.0561762e-05,8.5395249e-06,7.3075403e-05,4.5586154e-07,4.1910163e-07,3.4472085e-07,1.0031073e-07,3,3,3,3,0.00025630038,-2.6589928e-06,0.59146003
613,1.1409866e-05,1.033027e-05,8.3581033e-06,7.1596285e-05,4.4495961e-07,4.1017674e-07,3.3762532e-07,1.0005145e-07,3,3,3,3,0.00025563782,-2.624922e-06,0.59145741
614,1.1142172e-05,1.0104762e-05,8.1800157e-06,7.0157116e-05,4.343277e-07,4.0151401e-07,3.3066134e-07,1.0063378e-07,3,3,3,3,0.00025712568,-2.4518908e-06,0.59145496
615,1.087944e-05,9.8855732e-06,8.0052618e-06,6.8760246e-05,4.238774e-07,3.931195e-07,3.2377433e-07,1.0094206e-07,3,3,3,3,0.00025791331,-2.2253664e-06,0.59145273
616,1.062186e-05,9.6729031e-06,7.8341591e-06,6.7399554e-05,4.1370909e-07,3.8505274e-07,3.1700126e-07,9.995543e-08,3,3,3,3,0.00025539241,-2.1873983e-06,0.59145054
617,1.0370215e-05,9.4674034e-06,7.6675745e-06,6.6071236e-05,4.0379827e-07,3.7731465e-07,3.1044973e-07,9.8169225e-08,3,3,3,3,0.00025082854,-2.2219624e-06,0.59144832
618,1.0124092e-05,9.2678442e-06,7.5036588e-06,6.4763277e-05,3.9412609e-07,3.6983395e-07,3.0408668e-07,9.6439539e-08,3,3,3,3,0.0002464091,-2.1475747e-06,0.59144617
619,9.8833615e-06,9.0746869e-06,7.3435299e-06,6.3487005e-05,3.8472779e-07,3.6264095e-07,2.9789849e-07,9.5099887e-08,3,3,3,3,0.00024298623,-1.9943218e-06,0.59144418
620,9.6483369e-06,8.8875709e-06,7.1863073e-06,6.2242304e-05,3.755928e-07,3.5572906e-07,2.9185441e-07,9.3280498e-08,3,3,3,3,0.0002383376,-1.9108682e-06,0.59144227
621,9.4187784e-06,8.7065575e-06,7.0322393e-06,6.1028317e-05,3.667097e-07,3.4901629e-07,2.8593157e-07,9.2128784e-08,3,3,3,3,0.00023539494,-1.8383263e-06,0.59144043
622,9.1956513e-06,8.531283e-06,6.8809871e-06,5.9844223e-05,3.580632e-07,3.4249135e-07,2.80129e-07,9.1443754e-08,3,3,3,3,0.0002336447,-1.7278395e-06,0.5914387
623,8.9794873e-06,8.3600301e-06,6.7330032e-06,5.8690615e-05,3.4965771e-07,3.3613233e-07,2.74471e-07,9.1188754e-08,3,3,3,3,0.00023299322,-1.7110356e-06,0.59143699
624,8.7701346e-06,8.1925357e-06,6.5883874e-06,5.7569895e-05,3.4147872e-07,3.299514e-07,2.6894035e-07,9.0068365e-08,3,3,3,3,0.00023013063,-1.7440479e-06,0.59143525
625,8.566991e-06,8.0296031e-06,6.4475662e-06,5.6483022e-05,3.335375e-07,3.23892e-07,2.6356348e-07,8.8011733e-08,3,3,3,3,0.00022487588,-1.9292994e-06,0.59143332
626,8.3700339e-06,7.8716464e-06,6.3110187e-06,5.5431487e-05,3.258521e-07,3.1799662e-07,2.5838418e-07,8.7952852e-08,3,3,3,3,0.00022472552,-1.7481693e-06,0.59143157
627,8.1779378e-06,7.7158778e-06,6.1762872e-06,5.4391555e-05,3.1838799e-07,3.12096e-07,2.5323768e-07,8.5876289e-08,3,3,3,3,0.00021941985,-1.8108175e-06,0.59142976
628,7.9918343e-06,7.5653222e-06,6.046383e-06,5.3384533e-05,3.1118248e-07,3.063995e-07,2.4831445e-07,8.4726059e-08,3,3,3,3,0.00021648103,-1.6410021e-06,0.59142812
629,7.8114588e-06,7.4188326e-06,5.9198664e-06,5.24013e-05,3.0420913e-07,3.0080013e-07,2.4355639e-07,7.2418486e-08,3,3,3,3,0.0001850344,-2.4881691e-06,0.59142563
630,7.6372879e-06,7.2781712e-06,5.7975389e-06,5.1436872e-05,2.9754974e-07,2.9539469e-07,2.3896021e-07,7.6150072e-08,3,3,3,3,0.00019456898,-2.0961912e-06,0.59142353
631,7.4669111e-06,7.1381058e-06,5.6764177e-06,5.0483625e-05,2.9108109e-07,2.8996289e-07,2.3436915e-07,7.5275164e-08,3,3,3,3,0.00019233362,-2.0226319e-06,0.59142151
632,7.303945e-06,7.0038359e-06,5.5611002e-06,4.9557812e-05,2.848727e-07,2.848264e-07,2.3002182e-07,7.6891352e-08,3,3,3,3,0.0001964632,-2.0135789e-06,0.5914195
633,7.1465257e-06,6.8727838e-06,5.448406e-06,4.8652605e-05,2.788847e-07,2.7983115e-07,2.2573761e-07,7.8303571e-08,3,3,3,3,0.00020007163,-1.9923234e-06,0.5914175
634,6.9953637e-06,6.7447741e-06,5.3378212e-06,4.7773352e-05,2.731412e-07,2.7496495e-07,2.2149559e-07,6.9082108e-08,3,3,3,3,0.00017651019,-2.4802642e-06,0.59141502
635,6.8510967e-06,6.6228734e-06,5.2312045e-06,4.6929039e-05,2.6769646e-07,2.7037514e-07,2.1740437e-07,7.1856953e-08,3,3,3,3,0.00018360027,-2.0217523e-06,0.591413
636,6.7100638e-06,6.5022337e-06,5.1263992e-06,4.6092507e-05,2.6242928e-07,2.6582381e-07,2.1337786e-07,6.9146527e-08,3,3,3,3,0.00017667502,-1.9225232e-06,0.59141108
637,6.5747636e-06,6.3851526e-06,5.0240109e-06,4.5279111e-05,2.5740721e-07,2.6140334e-07,2.0941969e-07,6.8292889e-08,3,3,3,3,0.00017449402,-1.8671963e-06,0.59140921
638,6.4451974e-06,6.2728498e-06,4.9260805e-06,4.4494123e-05,2.5263839e-07,2.5722326e-07,2.0562388e-07,6.8544315e-08,3,3,3,3,0.00017513654,-1.7995595e-06,0.59140741
639,6.3201418e-06,6.1647872e-06,4.8310722e-06,4.3732115e-05,2.4815551e-07,2.5322691e-07,2.0192323e-07,6.8726034e-08,3,3,3,3,0.00017560097,-1.7582482e-06,0.59140566
640,6.1998377e-06,6.0597718e-06,4.7387331e-06,4.2991623e-05,2.438809e-07,2.4940178e-07,1.9827762e-07,6.7940921e-08,3,3,3,3,0.00017359507,-1.7198602e-06,0.59140394
641,6.0838871e-06,5.9579691e-06,4.6493435e-06,4.2276081e-05,2.3977694e-07,2.4572947e-07,1.9470192e-07,6.6350497e-08,3,3,3,3,0.00016953152,-1.6490958e-06,0.59140229
642,5.9726121e-06,5.8591522e-06,4.5633679e-06,4.1583529e-05,2.3584251e-07,2.422189e-07,1.9125745e-07,6.4336807e-08,3,3,3,3,0.00016438648,-1.587699e-06,0.5914007
643,5.8656877e-06,5.7635951e-06,4.47995e-06,4.0913659e-05,2.3206363e-07,2.3881572e-07,1.8790069e-07,6.2702981e-08,3,3,3,3,0.00016021202,-1.4506872e-06,0.59139925
644,5.7629195e-06,5.6714207e-06,4.3992012e-06,4.0263904e-05,2.2842979e-07,2.3552144e-07,1.8461716e-07,6.0861507e-08,3,3,3,3,0.000155507,-1.6341038e-06,0.59139761
645,5.6636024e-06,5.5819852e-06,4.3202416e-06,3.9635405e-05,2.2493877e-07,2.3228927e-07,1.8137762e-07,5.9902291e-08,3,3,3,3,0.00015305623,-1.5839173e-06,0.59139603
646,5.5669435e-06,5.4958016e-06,4.2437119e-06,3.9029967e-05,2.2157766e-07,2.2917426e-07,1.7826135e-07,5.908822e-08,3,3,3,3,0.00015097631,-1.6374239e-06,0.59139439
647,5.4733722e-06,5.4121047e-06,4.1694155e-06,3.8445231e-05,2.1832989e-07,2.2614017e-07,1.7524989e-07,5.8471905e-08,3,3,3,3,0.00014940168,-1.6722345e-06,0.59139272
648,5.3828531e-06,5.3308101e-06,4.0975881e-06,3.788208e-05,2.1517206e-07,2.2319188e-07,1.7233284e-07,5.7733945e-08,3,3,3,3,0.00014751624,-1.6753532e-06,0.59139104
649,5.2951182e-06,5.2515129e-06,4.0279236e-06,3.7337629e-05,2.1208567e-07,2.2030543e-07,1.6950113e-07,5.6816221e-08,3,3,3,3,0.00014517148,-1.6593922e-06,0.59138939
650,5.2101245e-06,5.1744752e-06,3.960082e-06,3.6809325e-05,2.0910403e-07,2.1746248e-07,1.6672815e-07,5.5721864e-08,3,3,3,3,0.0001423754,-1.6335234e-06,0.59138775
651,5.1271211e-06,5.0994644e-06,3.8940617e-06,3.629621e-05,2.0620555e-07,2.1464098e-07,1.640313e-07,5.4526996e-08,3,3,3,3,0.0001393225,-1.605994e-06,0.59138615
652,5.0460416e-06,5.0262854e-06,3.8297928e-06,3.5793797e-05,2.0335672e-07,2.1187267e-07,1.6140016e-07,5.3613826e-08,3,3,3,3,0.00013698936,-1.5842056e-06,0.59138456
653,4.9669897e-06,4.9546921e-06,3.7674151e-06,3.5298634e-05,2.006016e-07,2.0910715e-07,1.5882905e-07,5.2638525e-08,3,3,3,3,0.00013449747,-1.5302701e-06,0.59138303
654,4.8901329e-06,4.8842418e-06,3.7066879e-06,3.4816791e-05,1.9791478e-07,2.0632242e-07,1.5631635e-07,4.7576269e-08,3,3,3,3,0.00012156293,-3.6605407e-06,0.59137937
655,4.8153363e-06,4.8163696e-06,3.6497447e-06,3.4340442e-05,1.9525095e-07,2.0360525e-07,1.5398184e-07,5.988518e-08,3,3,3,3,0.00015301374,-1.1602458e-06,0.59137821
656,4.7428417e-06,4.7471498e-06,3.5901587e-06,3.3881959e-05,1.9273644e-07,2.0076281e-07,1.5151309e-07,5.9313626e-08,3,3,3,3,0.00015155349,-1.0370559e-06,0.59137717
657,4.6732027e-06,4.6811158e-06,3.5333453e-06,3.3437626e-05,1.9033949e-07,1.9802862e-07,1.4917296e-07,5.3972521e-08,3,3,3,3,0.00013790646,-1.3164267e-06,0.59137586
658,4.6046692e-06,4.6164018e-06,3.4793654e-06,3.2993219e-05,1.8796295e-07,1.9534178e-07,1.4695984e-07,4.4345719e-08,3,3,3,3,0.00011330889,-3.1284902e-06,0.59137273
659,4.53594e-06,4.5492393e-06,3.423621e-06,3.2533111e-05,1.8550059e-07,1.9242577e-07,1.4458485e-07,5.0359336e-08,3,3,3,3,0.00012867453,-1.3078866e-06,0.59137142
660,4.4710577e-06,4.4852077e-06,3.3707673e-06,3.2097441e-05,1.8317004e-07,1.8967774e-07,1.4233468e-07,4.4278562e-08,3,3,3,3,0.00011313748,-3.0830893e-06,0.59136834
661,4.408528e-06,4.4236743e-06,3.3213345e-06,3.1658792e-05,1.8080974e-07,1.8699408e-07,1.402216e-07,5.4934416e-08,3,3,3,3,0.00014036467,-9.5226955e-07,0.59136739
662,4.3476918e-06,4.3607774e-06,3.2687793e-06,3.1231771e-05,1.7846372e-07,1.8414712e-07,1.3791378e-07,5.1081241e-08,3,3,3,3,0.00013051943,-5.9346526e-07,0.59136679
663,4.2883585e-06,4.3000623e-06,3.2187469e-06,3.0805295e-05,1.7612006e-07,1.8136907e-07,1.357213e-07,4.1539035e-08,3,3,3,3,0.00010613791,-2.5185702e-06,0.59136427
664,4.2290148e-06,4.2395763e-06,3.1707852e-06,3.0369366e-05,1.7370985e-07,1.7856014e-07,1.3363667e-07,5.2236819e-08,3,3,3,3,0.0001334723,-7.5789544e-07,0.59136352
665,4.1717028e-06,4.1791488e-06,3.1210535e-06,2.9955346e-05,1.7137857e-07,1.7566491e-07,1.3142297e-07,4.8547072e-08,3,3,3,3,0.0001240446,-7.5575312e-07,0.59136276
666,4.1157396e-06,4.122005e-06,3.0748865e-06,2.9539885e-05,1.690889e-07,1.729428e-07,1.2937008e-07,4.0253355e-08,3,3,3,3,0.00010285308,-1.6427192e-06,0.59136112
667,4.0585982e-06,4.0600844e-06,3.0245368e-06,2.9104466e-05,1.6665038e-07,1.6990322e-07,1.2705886e-07,4.0158263e-08,3,3,3,3,0.00010261018,-1.7964316e-06,0.59135932
668,4.0033493e-06,4.0011185e-06,2.977266e-06,2.8683665e-05,1.6422725e-07,1.6702584e-07,1.2490382e-07,4.0115134e-08,3,3,3,3,0.00010250006,-2.3585816e-06,0.59135696
669,3.9488541e-06,3.9436217e-06,2.93225e-06,2.8270664e-05,1.6179723e-07,1.6425051e-07,1.2283888e-07,5.5466431e-08,3,3,3,3,0.00014172498,-4.6916869e-07,0.59135649
670,3.8952458e-06,3.8830459e-06,2.8816007e-06,2.7852542e-05,1.5935987e-07,1.6121837e-07,1.2044975e-07,5.0671075e-08,3,3,3,3,0.00012947226,-4.5420959e-07,0.59135604
671,3.841935e-06,3.827147e-06,2.8360251e-06,2.7444124e-05,1.5695007e-07,1.5848732e-07,1.18404e-07,3.6920522e-08,3,3,3,3,9.4337605e-05,-1.6727847e-06,0.59135437
672,3.7851012e-06,3.7658714e-06,2.7861143e-06,2.700689e-05,1.5434471e-07,1.5543018e-07,1.1612598e-07,3.6831097e-08,3,3,3,3,9.410918e-05,-1.1734962e-06,0.59135319
673,3.7297106e-06,3.7069279e-06,2.7375328e-06,2.6578161e-05,1.5177573e-07,1.5247039e-07,1.1392017e-07,3.6992305e-08,3,3,3,3,9.452116e-05,-9.5600994e-07,0.59135224
674,3.673957e-06,3.6496235e-06,2.6908554e-06,2.6158506e-05,1.4921198e-07,1.4964019e-07,1.1183431e-07,4.5067078e-08,3,3,3,3,0.00011515356,-8.5282402e-08,0.59135215
675,3.6177364e-06,3.5912367e-06,2.6415776e-06,2.5739337e-05,1.4666193e-07,1.4672342e-07,1.0958803e-07,3.6809264e-08,3,3,3,3,9.4053611e-05,-1.3791377e-06,0.59135077
676,3.5595903e-06,3.5328555e-06,2.5932908e-06,2.5313722e-05,1.4407123e-07,1.4386463e-07,1.0742923e-07,3.4886346e-08,3,3,3,3,8.914031e-05,-1.0996091e-06,0.59134967
677,3.5015178e-06,3.4754735e-06,2.5462347e-06,2.4884394e-05,1.4149593e-07,1.410829e-07,1.0534007e-07,4.3100176e-08,3,3,3,3,0.00011012806,-1.5419586e-07,0.59134952
678,3.4445865e-06,3.4191715e-06,2.4994256e-06,2.4471345e-05,1.3897657e-07,1.3839071e-07,1.0325385e-07,3.3761921e-08,3,3,3,3,8.6267357e-05,-1.166426e-06,0.59134835
679,3.3861351e-06,3.3601821e-06,2.4510009e-06,2.4042469e-05,1.3637681e-07,1.3558247e-07,1.0109749e-07,3.3500713e-08,3,3,3,3,8.559999e-05,-1.1470044e-06,0.5913472
680,3.328625e-06,3.303784e-06,2.4054562e-06,2.3621747e-05,1.3381001e-07,1.3293976e-07,9.9105536e-08,4.2059646e-08,3,3,3,3,0.00010746959,1.1002534e-07,0.59134731
681,3.2718158e-06,3.2473798e-06,2.3588259e-06,2.3206658e-05,1.3128194e-07,1.3030789e-07,9.7037311e-08,3.2037299e-08,3,3,3,3,8.1860847e-05,-5.6483891e-07,0.59134675
682,3.2133192e-06,3.1890616e-06,2.3115219e-06,2.277404e-05,1.2866755e-07,1.2762162e-07,9.4942774e-08,3.2792836e-08,3,3,3,3,8.3791435e-05,-9.1526244e-07,0.59134583
683,3.1555885e-06,3.1321751e-06,2.2654974e-06,2.2351676e-05,1.2607412e-07,1.2506581e-07,9.291588e-08,3.2105638e-08,3,3,3,3,8.2035583e-05,-9.1678169e-07,0.59134492
684,3.0982787e-06,3.0757909e-06,2.2201612e-06,2.1929229e-05,1.2350131e-07,1.225891e-07,9.0940363e-08,3.0308644e-08,3,3,3,3,7.7444e-05,-6.1229392e-07,0.59134431
685,3.0415486e-06,3.0200581e-06,2.1755819e-06,2.1502967e-05,1.2096485e-07,1.2015721e-07,8.8994105e-08,3.6439038e-08,3,3,3,3,9.3108315e-05,2.2001421e-07,0.59134453
686,2.9858827e-06,2.966108e-06,2.1318494e-06,2.1088274e-05,1.1850278e-07,1.1783447e-07,8.7085529e-08,2.8853294e-08,3,3,3,3,7.3725432e-05,-4.0847539e-07,0.59134412
687,2.9283342e-06,2.909794e-06,2.0864469e-06,2.066034e-05,1.1597913e-07,1.1541171e-07,8.5094573e-08,2.8231627e-08,3,3,3,3,7.2137007e-05,-1.9266374e-07,0.59134392
688,2.8718829e-06,2.8553872e-06,2.042863e-06,2.0242459e-05,1.1354163e-07,1.1312028e-07,8.320333e-08,2.9183838e-08,3,3,3,3,7.4570133e-05,-6.2933758e-07,0.59134329
689,2.8153455e-06,2.8004398e-06,1.9987718e-06,1.9828977e-05,1.1112651e-07,1.1085054e-07,8.1280938e-08,3.2501136e-08,3,3,3,3,8.3046501e-05,4.3142948e-07,0.59134373
690,2.7608801e-06,2.7481318e-06,1.9563135e-06,1.9424147e-05,1.0879268e-07,1.0872955e-07,7.9448417e-08,2.6274051e-08,3,3,3,3,6.713518e-05,1.5178508e-07,0.59134388
691,2.7050598e-06,2.6931794e-06,1.9123005e-06,1.9008079e-05,1.0642246e-07,1.0650403e-07,7.7535361e-08,2.5660355e-08,3,3,3,3,6.5567115e-05,3.386802e-07,0.59134422
692,2.6505532e-06,2.6396628e-06,1.8696235e-06,1.8598912e-05,1.0410068e-07,1.0435325e-07,7.5682179e-08,2.6452016e-08,3,3,3,3,6.7590003e-05,6.4234057e-08,0.59134428
693,2.5961878e-06,2.5866362e-06,1.8275772e-06,1.8196866e-05,1.0180666e-07,1.0224456e-07,7.3869411e-08,2.5523406e-08,3,3,3,3,6.5217266e-05,3.5177635e-08,0.59134432
694,2.542356e-06,2.5343341e-06,1.7860023e-06,1.7797775e-05,9.9553037e-08,1.0015068e-07,7.2083304e-08,2.4075723e-08,3,3,3,3,6.1518192e-05,1.8059592e-07,0.5913445
695,2.4897112e-06,2.4827722e-06,1.7454093e-06,1.739881e-05,9.7349347e-08,9.8094963e-08,7.0361898e-08,2.8354296e-08,3,3,3,3,7.2450826e-05,6.229138e-07,0.59134512
696,2.4384773e-06,2.4324547e-06,1.7053257e-06,1.7012431e-05,9.5216644e-08,9.6100285e-08,6.8670779e-08,2.2682048e-08,3,3,3,3,5.795715e-05,1.9872976e-07,0.59134532
697,2.3869335e-06,2.3808599e-06,1.6647618e-06,1.6622566e-05,9.3078862e-08,9.4052885e-08,6.6955683e-08,2.2361855e-08,3,3,3,3,5.7139026e-05,3.0851444e-07,0.59134563
698,2.3371357e-06,2.3306106e-06,1.6252723e-06,1.6239418e-05,9.1019845e-08,9.208067e-08,6.52958e-08,2.2774662e-08,3,3,3,3,5.8193864e-05,9.0143694e-08,0.59134572
699,2.2877994e-06,2.2804389e-06,1.5858354e-06,1.5865276e-05,8.9007232e-08,9.0106632e-08,6.363766e-08,2.2147814e-08,3,3,3,3,5.6592172e-05,6.464398e-08,0.59134578
700,2.2395282e-06,2.2312385e-06,1.5475505e-06,1.5494928e-05,8.7069249e-08,8.8166659e-08,6.2043785e-08,2.3720175e-08,3,3,3,3,6.0609905e-05,6.425399e-07,0.59134642
701,2.1927387e-06,2.1840578e-06,1.5112659e-06,1.513292e-05,8.5234101e-08,8.6299887e-08,6.0541126e-08,1.9857477e-08,3,3,3,3,5.073995e-05,4.4150661e-07,0.59134687
702,2.1458966e-06,2.1352805e-06,1.4742404e-06,1.476844e-05,8.3416646e-08,8.4336004e-08,5.8988007e-08,1.9446298e-08,3,3,3,3,4.9689327e-05,6.5595122e-07,0.59134752
703,2.1006256e-06,2.0873056e-06,1.4380963e-06,1.4413978e-05,8.1675156e-08,8.239529e-08,5.7477243e-08,1.8927819e-08,3,3,3,3,4.8364531e-05,9.3367155e-07,0.59134846
704,2.0568448e-06,2.0401726e-06,1.4034314e-06,1.4068844e-05,7.9998707e-08,8.0497265e-08,5.6039338e-08,1.9228114e-08,3,3,3,3,4.913187e-05,8.8144846e-07,0.59134934
705,2.0143973e-06,1.9934152e-06,1.3693777e-06,1.3732369e-05,7.8358605e-08,7.8603782e-08,5.4629846e-08,1.8631755e-08,3,3,3,3,4.7608067e-05,9.8969878e-07,0.59135033
706,1.9731616e-06,1.9479215e-06,1.3366882e-06,1.3405335e-05,7.6772664e-08,7.6756231e-08,5.3312881e-08,1.8077421e-08,3,3,3,3,4.6191647e-05,1.0575858e-06,0.59135138
707,1.9330573e-06,1.902929e-06,1.3048302e-06,1.3085769e-05,7.5241698e-08,7.4943466e-08,5.2027839e-08,1.7154749e-08,3,3,3,3,4.3834043e-05,1.4602244e-06,0.59135284
708,1.8944655e-06,1.858539e-06,1.2737887e-06,1.2773884e-05,7.3763153e-08,7.3149268e-08,5.0776545e-08,1.7051909e-08,3,3,3,3,4.3571281e-05,1.2441969e-06,0.59135409
709,1.8570351e-06,1.8156655e-06,1.2440035e-06,1.247089e-05,7.2338506e-08,7.1407604e-08,4.9591266e-08,1.6824464e-08,3,3,3,3,4.2990128e-05,1.3257097e-06,0.59135541
710,1.8210602e-06,1.7741206e-06,1.2150759e-06,1.2177065e-05,7.0952626e-08,6.9721469e-08,4.8454294e-08,1.816005e-08,3,3,3,3,4.6402854e-05,9.1865219e-07,0.59135633
711,1.7866659e-06,1.7338723e-06,1.1871686e-06,1.1898635e-05,6.9610583e-08,6.8072146e-08,4.7348072e-08,1.6024606e-08,3,3,3,3,4.0946345e-05,1.3471266e-06,0.59135768
712,1.753737e-06,1.6954413e-06,1.1605369e-06,1.1630633e-05,6.8345655e-08,6.6516593e-08,4.629919e-08,1.5594039e-08,3,3,3,3,3.9846167e-05,1.3359725e-06,0.59135902
713,1.722333e-06,1.6586816e-06,1.1351674e-06,1.1383152e-05,6.7133556e-08,6.5012094e-08,4.5297146e-08,1.5319908e-08,3,3,3,3,3.9145713e-05,1.3450056e-06,0.59136036
714,1.6922127e-06,1.6232733e-06,1.1108263e-06,1.1152107e-05,6.5978525e-08,6.3552622e-08,4.4343483e-08,1.5237257e-08,3,3,3,3,3.8934533e-05,1.3899171e-06,0.59136175
715,1.6630483e-06,1.5898367e-06,1.0879761e-06,1.0934105e-05,6.4857235e-08,6.2171761e-08,4.3456254e-08,1.4892422e-08,3,3,3,3,3.8053415e-05,1.488618e-06,0.59136324
716,1.6354298e-06,1.5587731e-06,1.0668977e-06,1.0730789e-05,6.3774622e-08,6.0912394e-08,4.26539e-08,1.61194e-08,3,3,3,3,4.1188624e-05,9.7042221e-07,0.59136421
717,1.6087193e-06,1.5283738e-06,1.0462935e-06,1.0537708e-05,6.2700531e-08,5.9651124e-08,4.184409e-08,1.5257238e-08,3,3,3,3,3.8985617e-05,1.0221709e-06,0.59136523
718,1.5833616e-06,1.5006814e-06,1.0279557e-06,1.0359979e-05,6.1673141e-08,5.8534e-08,4.1142358e-08,1.3983769e-08,3,3,3,3,3.5731629e-05,1.3985867e-06,0.59136663
719,1.5589654e-06,1.4746835e-06,1.009998e-06,1.0190414e-05,6.0667998e-08,5.7456534e-08,4.0439258e-08,1.4045143e-08,3,3,3,3,3.5888462e-05,1.3209473e-06,0.59136795
720,1.5358322e-06,1.4512679e-06,9.9325148e-07,1.0030073e-05,5.9719248e-08,5.6494624e-08,3.9780577e-08,1.4119226e-08,3,3,3,3,3.6077767e-05,1.2932988e-06,0.59136925
721,1.5139227e-06,1.4300602e-06,9.7778705e-07,9.8797085e-06,5.8805382e-08,5.5640397e-08,3.9181198e-08,1.3999779e-08,3,3,3,3,3.577256e-05,1.3848452e-06,0.59137063
722,1.4930932e-06,1.4113385e-06,9.6403535e-07,9.7424128e-06,5.7932392e-08,5.4882351e-08,3.86567e-08,1.4944007e-08,3,3,3,3,3.818528e-05,7.814386e-07,0.59137141
723,1.4730614e-06,1.3932397e-06,9.4999772e-07,9.6106975e-06,5.7082389e-08,5.4127884e-08,3.8113024e-08,1.4642259e-08,3,3,3,3,3.741425e-05,7.5748993e-07,0.59137217
724,1.4541428e-06,1.3772577e-06,9.3772628e-07,9.4914401e-06,5.6288946e-08,5.3487485e-08,3.7645069e-08,1.3161785e-08,3,3,3,3,3.3631311e-05,1.2213963e-06,0.59137339
725,1.435645e-06,1.3624292e-06,9.2595639e-07,9.3768824e-06,5.5531819e-08,5.2887037e-08,3.7193974e-08,1.3330213e-08,3,3,3,3,3.4061685e-05,1.1211329e-06,0.59137451
726,1.4184572e-06,1.3497012e-06,9.1557128e-07,9.2732825e-06,5.4830117e-08,5.2388365e-08,3.6800693e-08,1.4994986e-08,3,3,3,3,3.8315559e-05,5.1203702e-07,0.59137502
727,1.4024716e-06,1.338119e-06,9.0585774e-07,9.1778552e-06,5.4157847e-08,5.192689e-08,3.6416862e-08,1.3443964e-08,3,3,3,3,3.4352352e-05,9.7652407e-07,0.591376
728,1.3872403e-06,1.3272566e-06,8.9663958e-07,9.0863622e-06,5.3521627e-08,5.1510957e-08,3.6051535e-08,1.3632418e-08,3,3,3,3,3.4833897e-05,9.4498154e-07,0.59137694
729,1.3731254e-06,1.3181767e-06,8.8877508e-07,9.0036764e-06,5.2942303e-08,5.1161454e-08,3.5755207e-08,1.5627748e-08,3,3,3,3,3.9932417e-05,3.1764645e-07,0.59137726
730,1.3595816e-06,1.309379e-06,8.8049589e-07,8.9247287e-06,5.2408789e-08,5.0815346e-08,3.5432287e-08,1.3509076e-08,3,3,3,3,3.4518733e-05,7.7490024e-07,0.59137804
731,1.3464304e-06,1.3009221e-06,8.7303127e-07,8.8502966e-06,5.1921495e-08,5.0492665e-08,3.5139452e-08,1.5269649e-08,3,3,3,3,3.9017396e-05,2.5079114e-07,0.59137829
732,1.3344536e-06,1.2936995e-06,8.6661639e-07,8.7847122e-06,5.1503064e-08,5.0243814e-08,3.4895022e-08,1.3273602e-08,3,3,3,3,3.3917046e-05,5.4877294e-07,0.59137884
733,1.3228563e-06,1.2858217e-06,8.5964199e-07,8.7182604e-06,5.1103138e-08,4.9958858e-08,3.461358e-08,1.2490131e-08,3,3,3,3,3.1915102e-05,7.2979924e-07,0.59137957
734,1.3124017e-06,1.2787794e-06,8.5356295e-07,8.6584381e-06,5.0752215e-08,4.9725524e-08,3.4376991e-08,1.3468072e-08,3,3,3,3,3.4413962e-05,4.664972e-07,0.59138003
735,1.3026101e-06,1.2724632e-06,8.4836144e-07,8.604039e-06,5.0442033e-08,4.9539324e-08,3.4180328e-08,1.4904407e-08,3,3,3,3,3.8084124e-05,1.0777237e-07,0.59138014
736,1.2932003e-06,1.2655095e-06,8.4256136e-07,8.5519392e-06,5.0149809e-08,4.9322167e-08,3.3941491e-08,1.2438244e-08,3,3,3,3,3.178252e-05,6.580046e-07,0.5913808
737,1.2840898e-06,1.2585036e-06,8.3728407e-07,8.5022835e-06,4.9871498e-08,4.9119971e-08,3.3726427e-08,1.3497341e-08,3,3,3,3,3.4488752e-05,3.6056496e-07,0.59138116
738,1.276124e-06,1.2520609e-06,8.3278766e-07,8.4553645e-06,4.9637132e-08,4.8950809e-08,3.3547631e-08,1.2534095e-08,3,3,3,3,3.2027442e-05,6.3867523e-07,0.5913818
739,1.2685583e-06,1.2453136e-06,8.2832943e-07,8.4095623e-06,4.9431091e-08,4.8772961e-08,3.3361263e-08,1.5996079e-08,3,3,3,3,4.0873592e-05,-4.0962894e-08,0.59138176
740,1.26192e-06,1.2383193e-06,8.233672e-07,8.3661522e-06,4.9256811e-08,4.8571608e-08,3.3149764e-08,1.2451952e-08,3,3,3,3,3.1817545e-05,4.3688739e-07,0.59138219
741,1.2550842e-06,1.230874e-06,8.1870377e-07,8.3178802e-06,4.9089043e-08,4.8353952e-08,3.2964133e-08,1.2406536e-08,3,3,3,3,3.1701497e-05,3.2328112e-07,0.59138252
742,1.2488979e-06,1.223496e-06,8.1419507e-07,8.2694581e-06,4.8934476e-08,4.8129553e-08,3.2789003e-08,1.2388452e-08,3,3,3,3,3.165529e-05,2.3595442e-07,0.59138275
743,1.243175e-06,1.2160873e-06,8.0988213e-07,8.2227907e-06,4.8797726e-08,4.7893571e-08,3.2616728e-08,1.2367977e-08,3,3,3,3,3.1602971e-05,1.551914e-07,0.59138291
744,1.2377979e-06,1.2087431e-06,8.057539e-07,8.1755451e-06,4.8674493e-08,4.7648975e-08,3.2455727e-08,1.2302151e-08,3,3,3,3,3.1434769e-05,8.2152649e-08,0.59138299
745,1.2327874e-06,1.2013407e-06,8.0188995e-07,8.1271811e-06,4.8553245e-08,4.7396735e-08,3.230988e-08,1.2222029e-08,3,3,3,3,3.1230039e-05,-5.4196312e-09,0.59138299
746,1.2279093e-06,1.1937195e-06,7.9798522e-07,8.0784475e-06,4.8424776e-08,4.7129362e-08,3.21643e-08,1.3061054e-08,3,3,3,3,3.3373936e-05,1.4729426e-07,0.59138313
747,1.2231116e-06,1.1854891e-06,7.936822e-07,8.0272128e-06,4.8284555e-08,4.6826849e-08,3.1998101e-08,1.3011237e-08,3,3,3,3,3.3246641e-05,1.2643671e-07,0.59138326
748,1.218487e-06,1.1772537e-06,7.899784e-07,7.9744508e-06,4.8147135e-08,4.6532601e-08,3.1860074e-08,1.200278e-08,3,3,3,3,3.0669807e-05,-1.1587158e-07,0.59138314
749,1.2135862e-06,1.1682188e-06,7.8606993e-07,7.9174067e-06,4.7993035e-08,4.6197384e-08,3.1705461e-08,1.1884648e-08,3,3,3,3,3.0367951e-05,-2.2501717e-07,0.59138292
750,1.2085314e-06,1.1589064e-06,7.8220062e-07,7.8579046e-06,4.7821005e-08,4.5845404e-08,3.1546077e-08,1.2710893e-08,3,3,3,3,3.2479192e-05,-1.2415918e-07,0.59138279
751,1.2031205e-06,1.1496613e-06,7.7851219e-07,7.7974793e-06,4.7636084e-08,4.5499416e-08,3.1399615e-08,1.2574382e-08,3,3,3,3,3.2130376e-05,-2.5649866e-07,0.59138254
752,1.1973281e-06,1.1400159e-06,7.7471288e-07,7.7340715e-06,4.7431153e-08,4.5132458e-08,3.1242294e-08,1.1468181e-08,3,3,3,3,2.9303781e-05,-7.6264105e-07,0.59138177
753,1.1907898e-06,1.1294309e-06,7.70291e-07,7.6660853e-06,4.7192361e-08,4.4711384e-08,3.1051196e-08,1.3060915e-08,3,3,3,3,3.3373574e-05,-6.1347051e-07,0.59138116
754,1.184068e-06,1.1192534e-06,7.6644228e-07,7.5988509e-06,4.6936726e-08,4.4311979e-08,3.0890478e-08,1.5750727e-08,3,3,3,3,4.0246647e-05,-2.1800765e-07,0.59138094
755,1.1764798e-06,1.1069004e-06,7.60825e-07,7.5263497e-06,4.6613637e-08,4.3783529e-08,3.0630923e-08,1.443398e-08,3,3,3,3,3.6882064e-05,-2.4988822e-07,0.59138069
756,1.1686478e-06,1.0957197e-06,7.568359e-07,7.4557223e-06,4.6293044e-08,4.3349453e-08,3.0472375e-08,1.1770307e-08,3,3,3,3,3.0075782e-05,-4.6321325e-07,0.59138023
757,1.1597381e-06,1.0830716e-06,7.5131137e-07,7.3759167e-06,4.5927232e-08,4.2832099e-08,3.0221553e-08,1.0865066e-08,3,3,3,3,2.7762687e-05,-6.606884e-07,0.59137957
758,1.1505553e-06,1.0705102e-06,7.4584815e-07,7.2953931e-06,4.5546425e-08,4.232231e-08,2.997276e-08,1.2396961e-08,3,3,3,3,3.167702e-05,-2.9020235e-07,0.59137928
759,1.1407879e-06,1.0571515e-06,7.3946433e-07,7.2125313e-06,4.512573e-08,4.1764275e-08,2.9666449e-08,1.2143578e-08,3,3,3,3,3.102957e-05,-3.6973577e-07,0.59137891
760,1.130506e-06,1.0441995e-06,7.3351944e-07,7.1293997e-06,4.4683681e-08,4.1231301e-08,2.9384583e-08,1.2212894e-08,3,3,3,3,3.1206688e-05,-4.3493998e-07,0.59137847
761,1.1194676e-06,1.03121e-06,7.2783082e-07,7.0432842e-06,4.4219164e-08,4.0708978e-08,2.9118267e-08,1.263704e-08,3,3,3,3,3.2290475e-05,-2.0223601e-07,0.59137827
762,1.1073742e-06,1.0165165e-06,7.2056246e-07,6.9496774e-06,4.3702228e-08,4.0094931e-08,2.8770618e-08,1.267782e-08,3,3,3,3,3.2394676e-05,-2.0190905e-07,0.59137807
763,1.094892e-06,1.0020495e-06,7.1347626e-07,6.857495e-06,4.3169999e-08,3.9493829e-08,2.8437988e-08,1.1014095e-08,3,3,3,3,2.8143486e-05,-5.1692368e-07,0.59137755
764,1.0815725e-06,9.8715374e-07,7.0579498e-07,6.7612673e-06,4.2614853e-08,3.8881213e-08,2.8082542e-08,1.195709e-08,3,3,3,3,3.0553049e-05,-2.2712589e-07,0.59137733
765,1.0678161e-06,9.7246895e-07,6.9843826e-07,6.6655348e-06,4.2036004e-08,3.8278474e-08,2.7753669e-08,1.0549623e-08,3,3,3,3,2.6956655e-05,-5.0353112e-07,0.59137682
766,1.0535122e-06,9.5726757e-07,6.900713e-07,6.5662267e-06,4.143091e-08,3.764668e-08,2.7376732e-08,1.1208056e-08,3,3,3,3,2.86391e-05,-2.0132225e-07,0.59137662
767,1.0384499e-06,9.4190911e-07,6.8181106e-07,6.4658649e-06,4.0794978e-08,3.7015351e-08,2.701848e-08,1.019678e-08,3,3,3,3,2.6055062e-05,-4.8043639e-07,0.59137614
768,1.0229819e-06,9.2656811e-07,6.7318888e-07,6.3650143e-06,4.0146984e-08,3.6383154e-08,2.6653495e-08,1.1034341e-08,3,3,3,3,2.8195219e-05,-1.8553269e-07,0.59137596
769,1.0069111e-06,9.1079395e-07,6.6426192e-07,6.261387e-06,3.9474758e-08,3.5725418e-08,2.6277906e-08,1.0459697e-08,3,3,3,3,2.6726875e-05,-1.8466936e-07,0.59137577
770,9.9070348e-07,8.9528657e-07,6.5553087e-07,6.1583924e-06,3.8794894e-08,3.5093002e-08,2.5921172e-08,9.5655404e-09,3,3,3,3,2.4442105e-05,-4.4879548e-07,0.59137532
