(0 " 0.0 export file")

(0 "Dimension:")
(2 3)

(1 "Materialise generated surface mesh")
(1 "NG exporter (A)")

(0 "Nodes:")
(10 (0 1 1856 1 3))
(10 (1 1 1856 1 3)(
-1.836770e+01 -1.008563e+02 1.309504e+03
-1.836220e+01 -1.008483e+02 1.309504e+03
-1.835700e+01 -1.008408e+02 1.309504e+03
-1.830630e+01 -1.007683e+02 1.309505e+03
-1.843550e+01 -1.009453e+02 1.309507e+03
-1.827390e+01 -1.007154e+02 1.309511e+03
-1.823590e+01 -1.006522e+02 1.309516e+03
-1.818020e+01 -1.005693e+02 1.309519e+03
-1.853580e+01 -1.010618e+02 1.309524e+03
-1.813950e+01 -1.004957e+02 1.309529e+03
-1.859270e+01 -1.011282e+02 1.309533e+03
-1.863390e+01 -1.011688e+02 1.309544e+03
-1.863820e+01 -1.011730e+02 1.309545e+03
-1.806880e+01 -1.003690e+02 1.309547e+03
-1.805750e+01 -1.003488e+02 1.309550e+03
-1.804710e+01 -1.003260e+02 1.309555e+03
-1.869480e+01 -1.012288e+02 1.309561e+03
-1.870860e+01 -1.012423e+02 1.309565e+03
-1.877290e+01 -1.013051e+02 1.309583e+03
-1.870860e+01 -1.012146e+02 1.309583e+03
-1.860050e+01 -1.010618e+02 1.309583e+03
-1.836220e+01 -1.007269e+02 1.309583e+03
-1.835410e+01 -1.007154e+02 1.309583e+03
-1.810770e+01 -1.003690e+02 1.309583e+03
-1.804200e+01 -1.002771e+02 1.309583e+03
-1.836220e+01 -1.007154e+02 1.309590e+03
-1.880640e+01 -1.013381e+02 1.309592e+03
-1.882380e+01 -1.013521e+02 1.309599e+03
-1.803840e+01 -1.002443e+02 1.309601e+03
-1.884090e+01 -1.013657e+02 1.309606e+03
-1.802390e+01 -1.001772e+02 1.309633e+03
-1.891600e+01 -1.014082e+02 1.309649e+03
-1.892990e+01 -1.014162e+02 1.309657e+03
-1.801580e+01 -1.001018e+02 1.309676e+03
-1.870860e+01 -1.010618e+02 1.309685e+03
-1.801350e+01 -1.000808e+02 1.309688e+03
-1.903260e+01 -1.014672e+02 1.309722e+03
-1.801580e+01 -1.000301e+02 1.309725e+03
-1.801610e+01 -1.000237e+02 1.309729e+03
-1.801580e+01 -1.000226e+02 1.309730e+03
-1.905500e+01 -1.014735e+02 1.309739e+03
-1.905770e+01 -1.014743e+02 1.309741e+03
-1.905910e+01 -1.014747e+02 1.309743e+03
-1.905500e+01 -1.014082e+02 1.309780e+03
-1.914190e+01 -1.014951e+02 1.309807e+03
-1.836220e+01 -1.003690e+02 1.309824e+03
-1.919030e+01 -1.015073e+02 1.309845e+03
-1.802700e+01 -9.978190e+01 1.309903e+03
-1.927300e+01 -1.015202e+02 1.309915e+03
-1.870860e+01 -1.007154e+02 1.309919e+03
-1.929020e+01 -1.015227e+02 1.309929e+03
-1.921170e+01 -1.014082e+02 1.309929e+03
-1.905500e+01 -1.011881e+02 1.309929e+03
-1.896520e+01 -1.010618e+02 1.309929e+03
-1.871880e+01 -1.007154e+02 1.309929e+03
-1.870860e+01 -1.007011e+02 1.309929e+03
-1.847250e+01 -1.003690e+02 1.309929e+03
-1.836220e+01 -1.002141e+02 1.309929e+03
-1.822610e+01 -1.000226e+02 1.309929e+03
-1.802450e+01 -9.973940e+01 1.309929e+03
-1.802130e+01 -9.968520e+01 1.309963e+03
-1.802110e+01 -9.968150e+01 1.309965e+03
-1.802080e+01 -9.967620e+01 1.309968e+03
-1.905500e+01 -1.010618e+02 1.310014e+03
-1.801580e+01 -9.959350e+01 1.310020e+03
-1.939930e+01 -1.015397e+02 1.310022e+03
-1.940140e+01 -1.015402e+02 1.310023e+03
-1.942010e+01 -1.015446e+02 1.310038e+03
-1.836220e+01 -1.000226e+02 1.310058e+03
-1.940140e+01 -1.014082e+02 1.310109e+03
-1.800550e+01 -9.942420e+01 1.310125e+03
-1.954340e+01 -1.015732e+02 1.310137e+03
-1.870860e+01 -1.003690e+02 1.310153e+03
-1.956910e+01 -1.015759e+02 1.310159e+03
-1.800130e+01 -9.935730e+01 1.310166e+03
-1.958150e+01 -1.015772e+02 1.310170e+03
-1.800040e+01 -9.932980e+01 1.310184e+03
-1.799980e+01 -9.931380e+01 1.310195e+03
-1.801580e+01 -9.932980e+01 1.310198e+03
-1.799940e+01 -9.929790e+01 1.310205e+03
-1.799900e+01 -9.928510e+01 1.310213e+03
-1.962720e+01 -1.015517e+02 1.310230e+03
-1.905500e+01 -1.007154e+02 1.310248e+03
-1.964590e+01 -1.015487e+02 1.310250e+03
-1.967050e+01 -1.015448e+02 1.310275e+03
-1.957640e+01 -1.014082e+02 1.310275e+03
-1.940140e+01 -1.011623e+02 1.310275e+03
-1.933000e+01 -1.010618e+02 1.310275e+03
-1.908360e+01 -1.007154e+02 1.310275e+03
-1.905500e+01 -1.006753e+02 1.310275e+03
-1.883720e+01 -1.003690e+02 1.310275e+03
-1.870860e+01 -1.001883e+02 1.310275e+03
-1.859080e+01 -1.000226e+02 1.310275e+03
-1.836220e+01 -9.970130e+01 1.310275e+03
-1.834440e+01 -9.967620e+01 1.310275e+03
-1.809800e+01 -9.932980e+01 1.310275e+03
-1.801580e+01 -9.921540e+01 1.310275e+03
-1.801500e+01 -9.921430e+01 1.310275e+03
-1.801580e+01 -9.921080e+01 1.310279e+03
-1.836220e+01 -9.967620e+01 1.310292e+03
-1.970350e+01 -1.015396e+02 1.310310e+03
-1.803190e+01 -9.913810e+01 1.310343e+03
-1.940140e+01 -1.010618e+02 1.310343e+03
-1.804270e+01 -9.909690e+01 1.310381e+03
-1.974780e+01 -1.014925e+02 1.310383e+03
-1.870860e+01 -1.000226e+02 1.310387e+03
-1.976080e+01 -1.014786e+02 1.310405e+03
-1.805630e+01 -9.904480e+01 1.310429e+03
-1.977790e+01 -1.014602e+02 1.310435e+03
-1.974780e+01 -1.014082e+02 1.310438e+03
-1.806550e+01 -9.903310e+01 1.310446e+03
-1.978860e+01 -1.014490e+02 1.310453e+03
-1.979170e+01 -1.014458e+02 1.310458e+03
-1.905500e+01 -1.003690e+02 1.310482e+03
-1.982140e+01 -1.014082e+02 1.310509e+03
-1.810430e+01 -9.898340e+01 1.310516e+03
-1.836220e+01 -9.932980e+01 1.310526e+03
-1.983190e+01 -1.013946e+02 1.310529e+03
-1.940140e+01 -1.007154e+02 1.310577e+03
-1.814760e+01 -9.892740e+01 1.310597e+03
-1.870860e+01 -9.967620e+01 1.310621e+03
-1.988450e+01 -1.013320e+02 1.310622e+03
-1.974780e+01 -1.011365e+02 1.310622e+03
-1.969470e+01 -1.010618e+02 1.310622e+03
-1.944830e+01 -1.007154e+02 1.310622e+03
-1.940140e+01 -1.006495e+02 1.310622e+03
-1.920190e+01 -1.003690e+02 1.310622e+03
-1.905500e+01 -1.001626e+02 1.310622e+03
-1.895550e+01 -1.000226e+02 1.310622e+03
-1.870920e+01 -9.967620e+01 1.310622e+03
-1.870860e+01 -9.967550e+01 1.310622e+03
-1.846280e+01 -9.932980e+01 1.310622e+03
-1.836220e+01 -9.918850e+01 1.310622e+03
-1.821620e+01 -9.898340e+01 1.310622e+03
-1.816730e+01 -9.891900e+01 1.310622e+03
-1.817670e+01 -9.891510e+01 1.310634e+03
-1.989150e+01 -1.013238e+02 1.310634e+03
-1.989320e+01 -1.013217e+02 1.310637e+03
-1.974780e+01 -1.010618e+02 1.310672e+03
-1.990900e+01 -1.012714e+02 1.310688e+03
-1.905500e+01 -1.000226e+02 1.310716e+03
-1.991890e+01 -1.012329e+02 1.310724e+03
-1.825890e+01 -9.888010e+01 1.310737e+03
-1.836220e+01 -9.898340e+01 1.310760e+03
-1.830810e+01 -9.885910e+01 1.310797e+03
-1.940140e+01 -1.003690e+02 1.310811e+03
-1.834830e+01 -9.885570e+01 1.310837e+03
-1.836220e+01 -9.885440e+01 1.310851e+03
-1.870860e+01 -9.932980e+01 1.310855e+03
-1.838050e+01 -9.885300e+01 1.310869e+03
-1.996340e+01 -1.010698e+02 1.310874e+03
-1.996430e+01 -1.010618e+02 1.310880e+03
-1.974780e+01 -1.007154e+02 1.310906e+03
-1.997260e+01 -1.009823e+02 1.310941e+03
-1.905500e+01 -9.967620e+01 1.310950e+03
-1.997360e+01 -1.009686e+02 1.310952e+03
-1.997540e+01 -1.009462e+02 1.310968e+03
-1.981310e+01 -1.007154e+02 1.310968e+03
-1.974780e+01 -1.006238e+02 1.310968e+03
-1.956670e+01 -1.003690e+02 1.310968e+03
-1.940140e+01 -1.001368e+02 1.310968e+03
-1.932030e+01 -1.000226e+02 1.310968e+03
-1.907390e+01 -9.967620e+01 1.310968e+03
-1.905500e+01 -9.964980e+01 1.310968e+03
-1.882750e+01 -9.932980e+01 1.310968e+03
-1.870860e+01 -9.916270e+01 1.310968e+03
-1.858110e+01 -9.898340e+01 1.310968e+03
-1.848930e+01 -9.885880e+01 1.310968e+03
-1.850290e+01 -9.885970e+01 1.310981e+03
-1.940140e+01 -1.000226e+02 1.311045e+03
-1.858950e+01 -9.886430e+01 1.311060e+03
-1.870860e+01 -9.898340e+01 1.311089e+03
-1.866280e+01 -9.886830e+01 1.311127e+03
-1.999280e+01 -1.007175e+02 1.311139e+03
-1.974780e+01 -1.003690e+02 1.311140e+03
-1.999310e+01 -1.007154e+02 1.311141e+03
-1.869960e+01 -9.887020e+01 1.311161e+03
-1.870160e+01 -9.887060e+01 1.311163e+03
-1.870860e+01 -9.887190e+01 1.311168e+03
-1.872100e+01 -9.887440e+01 1.311178e+03
-1.905500e+01 -9.932980e+01 1.311184e+03
-2.000470e+01 -1.006259e+02 1.311213e+03
-2.001010e+01 -1.005849e+02 1.311245e+03
-1.940140e+01 -9.967620e+01 1.311279e+03
-2.000470e+01 -1.005252e+02 1.311280e+03
-1.999930e+01 -1.004662e+02 1.311315e+03
-1.993120e+01 -1.003690e+02 1.311315e+03
-1.974780e+01 -1.001110e+02 1.311315e+03
-1.968500e+01 -1.000226e+02 1.311315e+03
-1.943860e+01 -9.967620e+01 1.311315e+03
-1.940140e+01 -9.962400e+01 1.311315e+03
-1.919220e+01 -9.932980e+01 1.311315e+03
-1.905500e+01 -9.913700e+01 1.311315e+03
-1.894590e+01 -9.898340e+01 1.311315e+03
-1.888080e+01 -9.889600e+01 1.311315e+03
-1.888660e+01 -9.889690e+01 1.311320e+03
-1.999370e+01 -1.004090e+02 1.311349e+03
-1.892270e+01 -9.890180e+01 1.311351e+03
-1.998420e+01 -1.003690e+02 1.311367e+03
-1.974780e+01 -1.000226e+02 1.311374e+03
-1.899640e+01 -9.892480e+01 1.311405e+03
-1.905500e+01 -9.898340e+01 1.311419e+03
-1.994950e+01 -1.002243e+02 1.311433e+03
-1.903950e+01 -9.893860e+01 1.311437e+03
-1.905350e+01 -9.894470e+01 1.311446e+03
-1.905500e+01 -9.894530e+01 1.311447e+03
-1.906710e+01 -9.895050e+01 1.311455e+03
-1.992870e+01 -1.001368e+02 1.311473e+03
-1.911500e+01 -9.898340e+01 1.311477e+03
-1.918570e+01 -9.903320e+01 1.311510e+03
-1.940140e+01 -9.932980e+01 1.311513e+03
-1.989390e+01 -1.000249e+02 1.311515e+03
-1.989290e+01 -1.000226e+02 1.311516e+03
-1.985580e+01 -9.993660e+01 1.311538e+03
-1.980320e+01 -9.979460e+01 1.311583e+03
-1.935120e+01 -9.914630e+01 1.311592e+03
-1.974780e+01 -9.968810e+01 1.311601e+03
-1.974620e+01 -9.968500e+01 1.311601e+03
-1.974150e+01 -9.967620e+01 1.311603e+03
-1.973460e+01 -9.966300e+01 1.311605e+03
-1.938710e+01 -9.917090e+01 1.311609e+03
-1.971100e+01 -9.961840e+01 1.311613e+03
-1.940140e+01 -9.918440e+01 1.311613e+03
-1.969680e+01 -9.959350e+01 1.311616e+03
-1.967130e+01 -9.953800e+01 1.311630e+03
-1.965340e+01 -9.949920e+01 1.311639e+03
-1.959740e+01 -9.940450e+01 1.311650e+03
-1.952410e+01 -9.930040e+01 1.311651e+03
-1.952960e+01 -9.930550e+01 1.311653e+03
-1.955310e+01 -9.932980e+01 1.311658e+03
-1.954820e+01 -9.932250e+01 1.311659e+03
-1.527690e+01 -1.030554e+02 1.312758e+03
-1.521620e+01 -1.029670e+02 1.312760e+03
-1.534430e+01 -1.031445e+02 1.312762e+03
-1.514620e+01 -1.028509e+02 1.312772e+03
-1.509070e+01 -1.027681e+02 1.312775e+03
-1.550150e+01 -1.033271e+02 1.312788e+03
-1.554690e+01 -1.033718e+02 1.312801e+03
-1.496880e+01 -1.025476e+02 1.312808e+03
-1.495860e+01 -1.025248e+02 1.312814e+03
-1.560340e+01 -1.034276e+02 1.312816e+03
-1.571470e+01 -1.035370e+02 1.312848e+03
-1.494910e+01 -1.024434e+02 1.312860e+03
-1.574920e+01 -1.035645e+02 1.312863e+03
-1.493420e+01 -1.023763e+02 1.312891e+03
-1.583840e+01 -1.036148e+02 1.312913e+03
-1.545700e+01 -1.034238e+02 1.312936e+03
-1.492330e+01 -1.022799e+02 1.312946e+03
-1.566450e+01 -1.035745e+02 1.312959e+03
-1.521740e+01 -1.032246e+02 1.312967e+03
-1.594200e+01 -1.036650e+02 1.312978e+03
-1.596720e+01 -1.036720e+02 1.312997e+03
-1.500760e+01 -1.030000e+02 1.313034e+03
-1.484680e+01 -1.024257e+02 1.313055e+03
-1.609980e+01 -1.037051e+02 1.313101e+03
-1.493600e+01 -1.019813e+02 1.313160e+03
-1.552420e+01 -1.036610e+02 1.313160e+03
-1.577680e+01 -1.037329e+02 1.313173e+03
-1.479390e+01 -1.027204e+02 1.313185e+03
-1.630880e+01 -1.037378e+02 1.313277e+03
-1.526010e+01 -1.036115e+02 1.313287e+03
-1.603250e+01 -1.037745e+02 1.313288e+03
-1.497910e+01 -1.033904e+02 1.313350e+03
-1.478570e+01 -1.020331e+02 1.313368e+03
-1.645320e+01 -1.037712e+02 1.313391e+03
-1.491000e+01 -1.015565e+02 1.313422e+03
-1.649120e+01 -1.037754e+02 1.313425e+03
-1.549490e+01 -1.038488e+02 1.313446e+03
-1.490790e+01 -1.014842e+02 1.313469e+03
-1.653660e+01 -1.037504e+02 1.313485e+03
-1.503630e+01 -1.036763e+02 1.313527e+03
-1.454950e+01 -1.027566e+02 1.313546e+03
-1.627270e+01 -1.038199e+02 1.313551e+03
-1.661280e+01 -1.037388e+02 1.313565e+03
-1.463300e+01 -1.031069e+02 1.313574e+03
-1.581590e+01 -1.039219e+02 1.313593e+03
-1.494050e+01 -1.013375e+02 1.313599e+03
-1.482350e+01 -1.016029e+02 1.313615e+03
-1.452010e+01 -1.023803e+02 1.313664e+03
-1.496500e+01 -1.012442e+02 1.313685e+03
-1.517310e+01 -1.039029e+02 1.313686e+03
-1.668780e+01 -1.036595e+02 1.313690e+03
-1.651880e+01 -1.037461e+02 1.313690e+03
3.024300e+00 -1.007522e+02 1.313699e+03
3.040200e+00 -1.007719e+02 1.313701e+03
2.926000e+00 -1.006109e+02 1.313712e+03
-1.670190e+01 -1.036450e+02 1.313713e+03
2.875400e+00 -1.005217e+02 1.313736e+03
3.160900e+00 -1.008860e+02 1.313745e+03
-1.465470e+01 -1.018917e+02 1.313745e+03
-1.489290e+01 -1.013782e+02 1.313756e+03
-1.547680e+01 -1.040469e+02 1.313776e+03
-1.674140e+01 -1.035944e+02 1.313785e+03
3.012700e+00 -1.008454e+02 1.313786e+03
3.279900e+00 -1.009952e+02 1.313791e+03
-1.478880e+01 -1.036821e+02 1.313804e+03
3.323900e+00 -1.010336e+02 1.313810e+03
3.355800e+00 -1.010585e+02 1.313827e+03
-1.434050e+01 -1.027795e+02 1.313829e+03
-1.505700e+01 -1.011264e+02 1.313852e+03
2.815700e+00 -1.003231e+02 1.313857e+03
-1.630910e+01 -1.038409e+02 1.313858e+03
2.792700e+00 -1.002662e+02 1.313884e+03
-1.680330e+01 -1.035213e+02 1.313893e+03
2.789100e+00 -1.002474e+02 1.313898e+03
-1.603090e+01 -1.039578e+02 1.313899e+03
2.800000e+00 -1.008013e+02 1.313911e+03
3.041500e+00 -1.010430e+02 1.313929e+03
3.527700e+00 -1.011755e+02 1.313936e+03
-1.681970e+01 -1.034706e+02 1.313943e+03
-1.478150e+01 -1.015230e+02 1.313946e+03
2.785500e+00 -1.001931e+02 1.313948e+03
2.731400e+00 -1.002937e+02 1.313948e+03
-1.500860e+01 -1.012377e+02 1.313950e+03
-1.653110e+01 -1.036978e+02 1.313953e+03
-1.445750e+01 -1.034123e+02 1.313955e+03
3.304200e+00 -1.011794e+02 1.313967e+03
2.656900e+00 -1.004931e+02 1.313980e+03
-1.546890e+01 -1.041474e+02 1.313981e+03
-1.568980e+01 -1.040937e+02 1.313984e+03
-1.496700e+01 -1.040215e+02 1.313984e+03
3.605300e+00 -1.012186e+02 1.313994e+03
-1.426210e+01 -1.030873e+02 1.314003e+03
-1.671300e+01 -1.035231e+02 1.314003e+03
-1.524290e+01 -1.041417e+02 1.314029e+03
2.760000e+00 -1.000641e+02 1.314044e+03
-1.420120e+01 -1.025418e+02 1.314045e+03
-1.521820e+01 -1.010579e+02 1.314052e+03
2.754700e+00 -1.000277e+02 1.314073e+03
3.548000e+00 -1.012971e+02 1.314096e+03
-1.529010e+01 -1.010522e+02 1.314124e+03
-1.687360e+01 -1.032697e+02 1.314130e+03
2.455100e+00 -1.007522e+02 1.314143e+03
-1.451160e+01 -1.018563e+02 1.314146e+03
-1.425840e+01 -1.022671e+02 1.314151e+03
3.786300e+00 -1.012973e+02 1.314153e+03
2.568200e+00 -1.002493e+02 1.314163e+03
-1.444960e+01 -1.037248e+02 1.314166e+03
2.507200e+00 -1.009911e+02 1.314166e+03
-1.407730e+01 -1.027813e+02 1.314171e+03
3.804700e+00 -1.013035e+02 1.314171e+03
-1.620850e+01 -1.038788e+02 1.314180e+03
2.764000e+00 -9.992720e+01 1.314187e+03
3.821500e+00 -1.013072e+02 1.314189e+03
-1.522560e+01 -1.011385e+02 1.314194e+03
-1.688260e+01 -1.031822e+02 1.314197e+03
2.706400e+00 -1.012140e+02 1.314197e+03
-1.658610e+01 -1.035539e+02 1.314201e+03
-1.546140e+01 -1.041930e+02 1.314202e+03
-1.467940e+01 -1.040153e+02 1.314209e+03
2.770300e+00 -9.991070e+01 1.314212e+03
-1.498750e+01 -1.013009e+02 1.314213e+03
3.730200e+00 -1.013425e+02 1.314217e+03
2.394500e+00 -1.005130e+02 1.314220e+03
3.351000e+00 -1.014305e+02 1.314225e+03
2.659300e+00 -1.000274e+02 1.314226e+03
3.054600e+00 -1.013999e+02 1.314226e+03
-1.589450e+01 -1.040570e+02 1.314227e+03
3.855800e+00 -1.013087e+02 1.314233e+03
-1.475370e+01 -1.014934e+02 1.314240e+03
-1.417650e+01 -1.034058e+02 1.314241e+03
2.781600e+00 -9.989170e+01 1.314246e+03
-1.495750e+01 -1.041868e+02 1.314255e+03
-1.642010e+01 -1.037006e+02 1.314265e+03
3.560300e+00 -1.014292e+02 1.314275e+03
-1.566620e+01 -1.041613e+02 1.314280e+03
2.795800e+00 -9.986810e+01 1.314288e+03
-1.400200e+01 -1.030514e+02 1.314290e+03
2.292800e+00 -1.009490e+02 1.314291e+03
-1.672560e+01 -1.032837e+02 1.314315e+03
-1.439510e+01 -1.039566e+02 1.314366e+03
2.308600e+00 -1.012016e+02 1.314378e+03
-1.557230e+01 -1.010673e+02 1.314381e+03
-1.690200e+01 -1.029173e+02 1.314395e+03
2.668900e+00 -9.993900e+01 1.314396e+03
-1.402210e+01 -1.024649e+02 1.314409e+03
2.785500e+00 -1.015268e+02 1.314411e+03
-1.560920e+01 -1.010691e+02 1.314415e+03
2.118900e+00 -1.010209e+02 1.314422e+03
3.229000e+00 -1.016031e+02 1.314424e+03
2.130400e+00 -1.007273e+02 1.314424e+03
-1.465740e+01 -1.015654e+02 1.314425e+03
-1.562070e+01 -1.010710e+02 1.314425e+03
-1.393210e+01 -1.032524e+02 1.314428e+03
-1.415700e+01 -1.037719e+02 1.314431e+03
-1.563050e+01 -1.010734e+02 1.314433e+03
4.025600e+00 -1.013266e+02 1.314438e+03
2.837900e+00 -9.977000e+01 1.314442e+03
3.451200e+00 -1.015750e+02 1.314451e+03
-1.518410e+01 -1.042628e+02 1.314452e+03
3.732800e+00 -1.014444e+02 1.314459e+03
-1.470980e+01 -1.042409e+02 1.314461e+03
-1.386260e+01 -1.027799e+02 1.314470e+03
-1.422140e+01 -1.020696e+02 1.314485e+03
-1.532360e+01 -1.012023e+02 1.314486e+03
-1.574380e+01 -1.041365e+02 1.314490e+03
-1.444810e+01 -1.041573e+02 1.314493e+03
2.483100e+00 -1.014978e+02 1.314494e+03
2.242400e+00 -1.003557e+02 1.314500e+03
-1.691900e+01 -1.027845e+02 1.314500e+03
-1.394850e+01 -1.035087e+02 1.314504e+03
-1.491800e+01 -1.043002e+02 1.314506e+03
-1.623060e+01 -1.037787e+02 1.314521e+03
-1.381280e+01 -1.030251e+02 1.314523e+03
2.444000e+00 -1.001092e+02 1.314524e+03
2.023500e+00 -1.012093e+02 1.314533e+03
-1.492640e+01 -1.013900e+02 1.314547e+03
3.008500e+00 -1.016897e+02 1.314551e+03
2.768000e+00 -9.984240e+01 1.314557e+03
-1.445760e+01 -1.017437e+02 1.314566e+03
-1.417760e+01 -1.040653e+02 1.314568e+03
4.083800e+00 -1.012739e+02 1.314568e+03
-1.548700e+01 -1.042242e+02 1.314579e+03
1.887900e+00 -1.010046e+02 1.314581e+03
-1.640950e+01 -1.035411e+02 1.314587e+03
-1.390910e+01 -1.037384e+02 1.314601e+03
-1.690210e+01 -1.026086e+02 1.314603e+03
-1.583170e+01 -1.011008e+02 1.314605e+03
-1.375130e+01 -1.028456e+02 1.314619e+03
-1.594330e+01 -1.039804e+02 1.314625e+03
-1.376520e+01 -1.027336e+02 1.314632e+03
2.106100e+00 -1.015022e+02 1.314643e+03
-1.393240e+01 -1.039556e+02 1.314650e+03
2.955000e+00 -9.970950e+01 1.314657e+03
3.544200e+00 -1.016264e+02 1.314658e+03
2.699600e+00 -1.017439e+02 1.314670e+03
-1.382220e+01 -1.025794e+02 1.314678e+03
1.984600e+00 -1.005026e+02 1.314680e+03
-1.594900e+01 -1.011372e+02 1.314692e+03
-1.574310e+01 -1.011952e+02 1.314694e+03
3.290600e+00 -1.017498e+02 1.314699e+03
-1.447810e+01 -1.043488e+02 1.314699e+03
3.961500e+00 -1.013332e+02 1.314702e+03
-1.372620e+01 -1.032790e+02 1.314703e+03
-1.472720e+01 -1.043798e+02 1.314705e+03
4.142700e+00 -1.012107e+02 1.314709e+03
-1.597670e+01 -1.011491e+02 1.314710e+03
2.245800e+00 -1.002024e+02 1.314716e+03
-1.668270e+01 -1.028701e+02 1.314722e+03
-1.683720e+01 -1.023356e+02 1.314726e+03
-1.469400e+01 -1.015438e+02 1.314728e+03
-1.420430e+01 -1.042990e+02 1.314732e+03
3.713500e+00 -1.015298e+02 1.314733e+03
2.582300e+00 -9.996620e+01 1.314739e+03
1.760200e+00 -1.007267e+02 1.314743e+03
-1.371530e+01 -1.036126e+02 1.314746e+03
-1.369380e+01 -1.029556e+02 1.314750e+03
1.736900e+00 -1.013470e+02 1.314752e+03
2.364300e+00 -1.017533e+02 1.314753e+03
3.020400e+00 -9.969370e+01 1.314759e+03
-1.372260e+01 -1.038531e+02 1.314760e+03
-1.372150e+01 -1.027361e+02 1.314760e+03
-1.495820e+01 -1.043678e+02 1.314762e+03
-1.609570e+01 -1.012317e+02 1.314767e+03
-1.680230e+01 -1.022236e+02 1.314769e+03
-1.676420e+01 -1.021354e+02 1.314792e+03
-1.425160e+01 -1.019241e+02 1.314801e+03
1.572400e+00 -1.010279e+02 1.314811e+03
-1.388570e+01 -1.042294e+02 1.314815e+03
-1.371200e+01 -1.040548e+02 1.314817e+03
-1.398540e+01 -1.022584e+02 1.314830e+03
-1.645810e+01 -1.032419e+02 1.314833e+03
-1.671160e+01 -1.019935e+02 1.314838e+03
-1.550720e+01 -1.013156e+02 1.314838e+03
-1.563490e+01 -1.041484e+02 1.314839e+03
2.107400e+00 -1.017950e+02 1.314841e+03
-1.626190e+01 -1.013440e+02 1.314850e+03
2.822700e+00 -9.983170e+01 1.314853e+03
4.183800e+00 -1.011182e+02 1.314856e+03
-1.629850e+01 -1.013685e+02 1.314868e+03
-1.661960e+01 -1.018174e+02 1.314869e+03
3.089800e+00 -9.967310e+01 1.314870e+03
-1.660550e+01 -1.017924e+02 1.314873e+03
1.844600e+00 -1.017256e+02 1.314875e+03
-1.666570e+01 -1.023945e+02 1.314882e+03
-1.625160e+01 -1.014038e+02 1.314886e+03
-1.656250e+01 -1.016979e+02 1.314896e+03
-1.595340e+01 -1.013483e+02 1.314897e+03
2.055200e+00 -1.003087e+02 1.314898e+03
3.791200e+00 -1.014679e+02 1.314900e+03
-1.518820e+01 -1.014110e+02 1.314907e+03
-1.643490e+01 -1.014983e+02 1.314910e+03
-1.644040e+01 -1.015035e+02 1.314911e+03
-1.543980e+01 -1.042357e+02 1.314914e+03
-1.426920e+01 -1.044773e+02 1.314916e+03
-1.646380e+01 -1.015283e+02 1.314917e+03
-1.645880e+01 -1.015206e+02 1.314917e+03
2.997100e+00 -1.019090e+02 1.314918e+03
-1.355100e+01 -1.039823e+02 1.314920e+03
-1.353900e+01 -1.037900e+02 1.314922e+03
-1.570560e+01 -1.013466e+02 1.314923e+03
-1.446970e+01 -1.017215e+02 1.314929e+03
-1.475490e+01 -1.044622e+02 1.314933e+03
3.266600e+00 -1.018609e+02 1.314935e+03
4.211800e+00 -1.010746e+02 1.314936e+03
-1.375640e+01 -1.025394e+02 1.314936e+03
1.785700e+00 -1.004859e+02 1.314940e+03
-1.520920e+01 -1.043120e+02 1.314941e+03
3.154500e+00 -9.968740e+01 1.314941e+03
-1.492690e+01 -1.014985e+02 1.314941e+03
3.513600e+00 -1.016940e+02 1.314949e+03
3.994400e+00 -1.012658e+02 1.314949e+03
2.608000e+00 -1.019467e+02 1.314952e+03
-1.645570e+01 -1.017084e+02 1.314955e+03
-1.365180e+01 -1.027754e+02 1.314967e+03
-1.450610e+01 -1.045168e+02 1.314970e+03
1.447000e+00 -1.008039e+02 1.314979e+03
2.317800e+00 -1.001357e+02 1.314980e+03
-1.627430e+01 -1.015566e+02 1.314981e+03
1.349700e+00 -1.012953e+02 1.314983e+03
4.225200e+00 -1.010446e+02 1.314984e+03
1.578600e+00 -1.006147e+02 1.314986e+03
2.302500e+00 -1.019737e+02 1.314992e+03
-1.399290e+01 -1.044877e+02 1.315001e+03
3.053400e+00 -9.977140e+01 1.315018e+03
2.036700e+00 -1.019892e+02 1.315027e+03
-1.353870e+01 -1.042181e+02 1.315033e+03
-1.601760e+01 -1.037297e+02 1.315036e+03
1.283700e+00 -1.010286e+02 1.315041e+03
-1.355940e+01 -1.030732e+02 1.315047e+03
1.423700e+00 -1.017078e+02 1.315048e+03
-1.371370e+01 -1.044451e+02 1.315065e+03
4.239400e+00 -1.009789e+02 1.315069e+03
3.267500e+00 -9.970470e+01 1.315072e+03
-1.619360e+01 -1.034573e+02 1.315083e+03
1.755700e+00 -1.020005e+02 1.315086e+03
-1.642920e+01 -1.021776e+02 1.315112e+03
-1.473170e+01 -1.016264e+02 1.315119e+03
-1.535240e+01 -1.014877e+02 1.315125e+03
4.066100e+00 -1.011157e+02 1.315125e+03
-1.636370e+01 -1.030308e+02 1.315125e+03
2.594700e+00 -1.000030e+02 1.315126e+03
-1.489850e+01 -1.044531e+02 1.315130e+03
-1.342140e+01 -1.035421e+02 1.315137e+03
2.834500e+00 -9.989420e+01 1.315139e+03
3.324500e+00 -9.970830e+01 1.315144e+03
-1.597050e+01 -1.016187e+02 1.315145e+03
-1.367230e+01 -1.025979e+02 1.315151e+03
1.598800e+00 -1.005127e+02 1.315152e+03
-1.336040e+01 -1.039610e+02 1.315154e+03
3.752900e+00 -1.014385e+02 1.315157e+03
3.236600e+00 -1.019054e+02 1.315163e+03
-1.621040e+01 -1.018624e+02 1.315172e+03
-1.641770e+01 -1.024561e+02 1.315173e+03
3.032800e+00 -1.020041e+02 1.315176e+03
1.095800e+00 -1.011879e+02 1.315178e+03
-1.570510e+01 -1.039948e+02 1.315179e+03
-1.464280e+01 -1.045697e+02 1.315182e+03
1.131000e+00 -1.010260e+02 1.315182e+03
1.478700e+00 -1.020786e+02 1.315188e+03
-1.445910e+01 -1.046310e+02 1.315190e+03
1.406700e+00 -1.006496e+02 1.315193e+03
2.825500e+00 -1.020471e+02 1.315193e+03
4.260200e+00 -1.008826e+02 1.315193e+03
1.245300e+00 -1.019597e+02 1.315197e+03
-1.561070e+01 -1.015563e+02 1.315198e+03
4.260100e+00 -1.008731e+02 1.315202e+03
2.531200e+00 -1.021025e+02 1.315209e+03
-1.382170e+01 -1.023753e+02 1.315214e+03
3.403600e+00 -9.973930e+01 1.315216e+03
1.311000e+00 -1.020843e+02 1.315220e+03
1.045200e+00 -1.014701e+02 1.315221e+03
2.267900e+00 -1.021543e+02 1.315223e+03
-1.357900e+01 -1.027869e+02 1.315226e+03
-1.634450e+01 -1.027289e+02 1.315242e+03
1.188300e+00 -1.008549e+02 1.315246e+03
2.018500e+00 -1.022031e+02 1.315246e+03
1.220900e+00 -1.020777e+02 1.315249e+03
-1.418000e+01 -1.020137e+02 1.315250e+03
2.090900e+00 -1.002621e+02 1.315259e+03
-1.419870e+01 -1.046793e+02 1.315262e+03
-1.450790e+01 -1.017610e+02 1.315264e+03
1.804800e+00 -1.004007e+02 1.315268e+03
-1.618360e+01 -1.032569e+02 1.315269e+03
4.252100e+00 -1.007951e+02 1.315270e+03
-1.539040e+01 -1.042018e+02 1.315277e+03
1.768200e+00 -1.022536e+02 1.315280e+03
4.245400e+00 -1.007733e+02 1.315283e+03
1.003500e+00 -1.017863e+02 1.315283e+03
2.978200e+00 -9.990900e+01 1.315284e+03
-1.346810e+01 -1.044883e+02 1.315285e+03
3.264100e+00 -9.986740e+01 1.315295e+03
4.073800e+00 -1.009492e+02 1.315295e+03
3.525200e+00 -9.981240e+01 1.315303e+03
4.223600e+00 -1.007204e+02 1.315308e+03
1.009600e+00 -1.010425e+02 1.315310e+03
1.032100e+00 -1.020534e+02 1.315327e+03
1.276300e+00 -1.022359e+02 1.315330e+03
1.557000e+00 -1.023104e+02 1.315332e+03
3.449300e+00 -1.017085e+02 1.315340e+03
4.096800e+00 -1.007910e+02 1.315357e+03
-1.374340e+01 -1.046899e+02 1.315370e+03
3.812400e+00 -1.012072e+02 1.315373e+03
-1.337980e+01 -1.032197e+02 1.315376e+03
-1.613400e+01 -1.021749e+02 1.315389e+03
-1.347890e+01 -1.029448e+02 1.315389e+03
-1.323470e+01 -1.042431e+02 1.315390e+03
-1.582180e+01 -1.018200e+02 1.315392e+03
-1.364140e+01 -1.025993e+02 1.315395e+03
3.255100e+00 -1.018874e+02 1.315395e+03
-1.446000e+01 -1.047006e+02 1.315396e+03
1.496800e+00 -1.005487e+02 1.315402e+03
3.044000e+00 -1.020031e+02 1.315402e+03
4.153000e+00 -1.005303e+02 1.315406e+03
8.378000e-01 -1.012357e+02 1.315410e+03
2.738500e+00 -1.000327e+02 1.315411e+03
-1.354110e+01 -1.027682e+02 1.315416e+03
3.734300e+00 -9.997020e+01 1.315419e+03
2.471000e+00 -1.022165e+02 1.315421e+03
4.127400e+00 -1.004776e+02 1.315426e+03
8.871000e-01 -1.010556e+02 1.315429e+03
8.456000e-01 -1.021227e+02 1.315430e+03
1.248700e+00 -1.006916e+02 1.315435e+03
3.614400e+00 -1.014578e+02 1.315436e+03
-1.508880e+01 -1.017122e+02 1.315441e+03
1.107500e+00 -1.007888e+02 1.315446e+03
3.786300e+00 -1.000074e+02 1.315450e+03
-1.505160e+01 -1.043885e+02 1.315453e+03
9.601000e-01 -1.022787e+02 1.315454e+03
3.798500e+00 -1.000192e+02 1.315454e+03
3.995600e+00 -1.005744e+02 1.315454e+03
2.261300e+00 -1.023051e+02 1.315460e+03
3.881200e+00 -1.001209e+02 1.315461e+03
3.759000e+00 -1.000702e+02 1.315464e+03
4.040200e+00 -1.003252e+02 1.315464e+03
-1.595270e+01 -1.020316e+02 1.315468e+03
3.553100e+00 -1.000548e+02 1.315468e+03
-1.469790e+01 -1.017610e+02 1.315472e+03
9.633000e-01 -1.009057e+02 1.315473e+03
2.010600e+00 -1.023979e+02 1.315474e+03
-1.614570e+01 -1.024740e+02 1.315475e+03
4.013400e+00 -1.002762e+02 1.315478e+03
2.734200e+00 -1.021370e+02 1.315480e+03
1.753400e+00 -1.024628e+02 1.315485e+03
1.467700e+00 -1.024872e+02 1.315496e+03
3.824700e+00 -1.009003e+02 1.315509e+03
3.806900e+00 -1.002816e+02 1.315513e+03
6.922000e-01 -1.019764e+02 1.315517e+03
7.333000e-01 -1.022250e+02 1.315536e+03
1.979500e+00 -1.003505e+02 1.315537e+03
-1.342550e+01 -1.046921e+02 1.315543e+03
-1.470960e+01 -1.046072e+02 1.315545e+03
-1.569400e+01 -1.037984e+02 1.315546e+03
1.140500e+00 -1.024997e+02 1.315550e+03
6.412000e-01 -1.015799e+02 1.315552e+03
2.346200e+00 -1.002300e+02 1.315553e+03
-1.603550e+01 -1.030599e+02 1.315563e+03
2.986400e+00 -1.000844e+02 1.315578e+03
7.433000e-01 -1.010423e+02 1.315585e+03
-1.319340e+01 -1.045078e+02 1.315591e+03
-1.445330e+01 -1.019011e+02 1.315592e+03
-1.424990e+01 -1.048331e+02 1.315596e+03
-1.549680e+01 -1.018816e+02 1.315605e+03
-1.353410e+01 -1.027488e+02 1.315605e+03
3.279200e+00 -1.001433e+02 1.315606e+03
3.693200e+00 -1.005786e+02 1.315618e+03
3.424500e+00 -1.015789e+02 1.315620e+03
-1.572770e+01 -1.020225e+02 1.315622e+03
3.510500e+00 -1.003159e+02 1.315643e+03
-1.581970e+01 -1.034564e+02 1.315643e+03
3.190000e+00 -1.018326e+02 1.315649e+03
1.029200e+00 -1.007533e+02 1.315658e+03
-1.304750e+01 -1.039098e+02 1.315665e+03
3.540900e+00 -1.012663e+02 1.315675e+03
-1.381690e+01 -1.024051e+02 1.315676e+03
1.658100e+00 -1.026219e+02 1.315684e+03
1.295000e+00 -1.006463e+02 1.315686e+03
2.222700e+00 -1.024334e+02 1.315687e+03
-1.443840e+01 -1.047941e+02 1.315691e+03
1.653800e+00 -1.005255e+02 1.315694e+03
-1.544460e+01 -1.040138e+02 1.315694e+03
-1.583370e+01 -1.022716e+02 1.315697e+03
2.746200e+00 -1.021556e+02 1.315698e+03
2.691000e+00 -1.001899e+02 1.315699e+03
2.910500e+00 -1.020434e+02 1.315700e+03
7.441000e-01 -1.025132e+02 1.315704e+03
-1.596700e+01 -1.027958e+02 1.315709e+03
2.521600e+00 -1.022747e+02 1.315721e+03
1.353100e+00 -1.026740e+02 1.315725e+03
7.665000e-01 -1.008593e+02 1.315733e+03
1.032400e+00 -1.026809e+02 1.315734e+03
4.752000e-01 -1.022306e+02 1.315737e+03
5.207000e-01 -1.012305e+02 1.315739e+03
-1.418950e+01 -1.021006e+02 1.315742e+03
-1.333100e+01 -1.030434e+02 1.315744e+03
1.961500e+00 -1.025746e+02 1.315764e+03
3.525200e+00 -1.008842e+02 1.315765e+03
-1.312020e+01 -1.034493e+02 1.315778e+03
3.277100e+00 -1.003558e+02 1.315783e+03
3.090300e+00 -1.002748e+02 1.315788e+03
3.411200e+00 -1.005699e+02 1.315800e+03
-1.517000e+01 -1.042495e+02 1.315806e+03
-1.391510e+01 -1.049444e+02 1.315807e+03
-1.555300e+01 -1.021327e+02 1.315816e+03
-1.293710e+01 -1.042672e+02 1.315824e+03
1.985900e+00 -1.004526e+02 1.315842e+03
-1.319110e+01 -1.047527e+02 1.315851e+03
-1.470160e+01 -1.019614e+02 1.315859e+03
-1.350360e+01 -1.049156e+02 1.315862e+03
2.746500e+00 -1.021338e+02 1.315862e+03
8.354000e-01 -1.027599e+02 1.315869e+03
2.851500e+00 -1.003187e+02 1.315873e+03
5.145000e-01 -1.009664e+02 1.315886e+03
-1.442430e+01 -1.020490e+02 1.315911e+03
-1.487590e+01 -1.044941e+02 1.315916e+03
-1.573830e+01 -1.026242e+02 1.315926e+03
-1.421200e+01 -1.049458e+02 1.315926e+03
7.821000e-01 -1.007372e+02 1.315939e+03
2.346000e-01 -1.022368e+02 1.315941e+03
1.028400e+00 -1.007071e+02 1.315943e+03
-1.523410e+01 -1.021124e+02 1.315946e+03
2.227800e+00 -1.004338e+02 1.315951e+03
2.931000e-01 -1.014501e+02 1.315954e+03
-1.495340e+01 -1.020219e+02 1.315956e+03
2.523700e+00 -1.004017e+02 1.315961e+03
-1.292100e+01 -1.045295e+02 1.315962e+03
-1.350980e+01 -1.027440e+02 1.315968e+03
3.167300e+00 -1.015866e+02 1.315968e+03
5.832000e-01 -1.008013e+02 1.315969e+03
1.130100e+00 -1.028225e+02 1.315974e+03
3.070800e+00 -1.005446e+02 1.315976e+03
3.249500e+00 -1.008258e+02 1.315983e+03
3.044000e-01 -1.025018e+02 1.315984e+03
2.049000e-01 -1.018931e+02 1.316006e+03
-1.401840e+01 -1.023028e+02 1.316009e+03
2.884300e+00 -1.019483e+02 1.316021e+03
1.297900e+00 -1.007106e+02 1.316022e+03
-1.548450e+01 -1.023891e+02 1.316033e+03
-1.425680e+01 -1.021809e+02 1.316033e+03
3.229800e+00 -1.011910e+02 1.316033e+03
5.411000e-01 -1.027946e+02 1.316035e+03
-1.544630e+01 -1.037265e+02 1.316035e+03
1.995800e+00 -1.026508e+02 1.316038e+03
2.274000e+00 -1.024699e+02 1.316058e+03
1.654500e+00 -1.027555e+02 1.316060e+03
-1.312560e+01 -1.031972e+02 1.316069e+03
8.092000e-01 -1.028967e+02 1.316070e+03
-1.450490e+01 -1.047985e+02 1.316075e+03
2.755700e+00 -1.005297e+02 1.316079e+03
2.601100e+00 -1.022004e+02 1.316090e+03
-1.551030e+01 -1.034448e+02 1.316105e+03
3.052500e+00 -1.007879e+02 1.316111e+03
1.660100e+00 -1.006979e+02 1.316131e+03
-1.554390e+01 -1.030726e+02 1.316135e+03
2.000800e+00 -1.006146e+02 1.316144e+03
-1.274120e+01 -1.040592e+02 1.316155e+03
-1.478480e+01 -1.021592e+02 1.316157e+03
-1.327300e+01 -1.029656e+02 1.316166e+03
-1.499500e+01 -1.043305e+02 1.316167e+03
5.580000e-01 -1.006982e+02 1.316172e+03
-1.497520e+01 -1.022202e+02 1.316179e+03
3.824000e-01 -1.008178e+02 1.316182e+03
2.267000e+00 -1.006025e+02 1.316191e+03
-1.376990e+01 -1.025444e+02 1.316192e+03
9.973000e-01 -1.029369e+02 1.316192e+03
1.017500e+00 -1.007427e+02 1.316193e+03
-1.517560e+01 -1.040544e+02 1.316198e+03
-1.396930e+01 -1.024065e+02 1.316203e+03
-1.288520e+01 -1.047750e+02 1.316203e+03
7.702000e-01 -1.006841e+02 1.316211e+03
2.996300e+00 -1.010143e+02 1.316213e+03
2.813300e+00 -1.007759e+02 1.316221e+03
1.153800e+00 -1.007923e+02 1.316228e+03
2.056000e-01 -1.027958e+02 1.316231e+03
2.527300e+00 -1.006611e+02 1.316232e+03
-1.539640e+01 -1.026876e+02 1.316239e+03
-2.100000e-02 -1.022988e+02 1.316241e+03
-1.419290e+01 -1.050335e+02 1.316241e+03
-1.414540e+01 -1.023468e+02 1.316243e+03
2.173000e-01 -1.010713e+02 1.316245e+03
-1.394840e+01 -1.051237e+02 1.316245e+03
8.304000e-01 -1.029982e+02 1.316264e+03
-1.450460e+01 -1.022846e+02 1.316269e+03
2.987500e+00 -1.012426e+02 1.316270e+03
-1.315990e+01 -1.050344e+02 1.316274e+03
6.316000e-01 -1.030123e+02 1.316277e+03
-1.269300e+01 -1.045629e+02 1.316279e+03
-3.100000e-03 -1.026107e+02 1.316287e+03
-1.265170e+01 -1.043137e+02 1.316290e+03
-1.511230e+01 -1.024583e+02 1.316298e+03
2.836500e+00 -1.017725e+02 1.316308e+03
-1.277240e+01 -1.037500e+02 1.316317e+03
-1.482440e+01 -1.023391e+02 1.316324e+03
1.992100e+00 -1.026639e+02 1.316342e+03
-1.294200e+01 -1.033985e+02 1.316343e+03
5.612000e-01 -1.006324e+02 1.316358e+03
2.878700e+00 -1.014809e+02 1.316359e+03
1.281800e+00 -1.029159e+02 1.316370e+03
3.661000e-01 -1.030289e+02 1.316373e+03
1.054100e+00 -1.008180e+02 1.316374e+03
1.814500e+00 -1.008119e+02 1.316375e+03
-1.472540e+01 -1.045717e+02 1.316376e+03
-1.530110e+01 -1.034660e+02 1.316377e+03
-1.395770e+01 -1.025021e+02 1.316380e+03
1.767600e+00 -1.027794e+02 1.316381e+03
2.724200e+00 -1.010034e+02 1.316382e+03
1.280900e+00 -1.008587e+02 1.316385e+03
2.642500e+00 -1.020220e+02 1.316388e+03
9.884000e-01 -1.030108e+02 1.316393e+03
3.925000e-01 -1.006781e+02 1.316399e+03
2.454800e+00 -1.022753e+02 1.316400e+03
2.041800e+00 -1.007970e+02 1.316404e+03
-1.310950e+01 -1.031258e+02 1.316409e+03
2.525100e+00 -1.008882e+02 1.316410e+03
-1.345300e+01 -1.028160e+02 1.316412e+03
-2.130000e-02 -1.028280e+02 1.316413e+03
2.286100e+00 -1.008127e+02 1.316413e+03
1.601200e+00 -1.028341e+02 1.316423e+03
-1.325030e+01 -1.029569e+02 1.316426e+03
3.200000e-03 -1.014445e+02 1.316426e+03
-1.450570e+01 -1.048055e+02 1.316433e+03
2.356000e-01 -1.007991e+02 1.316438e+03
8.543000e-01 -1.007506e+02 1.316444e+03
2.736000e+00 -1.012301e+02 1.316456e+03
-1.516130e+01 -1.037552e+02 1.316466e+03
6.612000e-01 -1.006600e+02 1.316467e+03
-1.402990e+01 -1.051522e+02 1.316469e+03
-1.785000e-01 -1.020418e+02 1.316472e+03
2.263300e+00 -1.024717e+02 1.316474e+03
-1.490980e+01 -1.042749e+02 1.316498e+03
-1.478430e+01 -1.025531e+02 1.316500e+03
7.984000e-01 -1.031036e+02 1.316503e+03
-1.356510e+01 -1.052346e+02 1.316509e+03
-1.904000e-01 -1.027430e+02 1.316510e+03
-1.508630e+01 -1.028392e+02 1.316510e+03
9.100000e-02 -1.030298e+02 1.316512e+03
-1.250690e+01 -1.044796e+02 1.316520e+03
-1.426690e+01 -1.049996e+02 1.316524e+03
-1.300610e+01 -1.051573e+02 1.316525e+03
2.511300e+00 -1.010812e+02 1.316536e+03
1.561500e+00 -1.009405e+02 1.316545e+03
-2.849000e-01 -1.025347e+02 1.316548e+03
-1.383340e+01 -1.052336e+02 1.316549e+03
-1.416320e+01 -1.025454e+02 1.316567e+03
2.308700e+00 -1.009895e+02 1.316568e+03
-1.254910e+01 -1.040368e+02 1.316568e+03
-1.679000e-01 -1.017573e+02 1.316568e+03
4.928000e-01 -1.006412e+02 1.316569e+03
-1.252850e+01 -1.047285e+02 1.316589e+03
-1.512430e+01 -1.032080e+02 1.316591e+03
-1.276900e+01 -1.050470e+02 1.316598e+03
2.101800e+00 -1.009648e+02 1.316600e+03
5.488000e-01 -1.032049e+02 1.316612e+03
1.492300e+00 -1.028737e+02 1.316612e+03
-1.447760e+01 -1.025892e+02 1.316630e+03
2.355700e+00 -1.023249e+02 1.316638e+03
2.465000e+00 -1.012380e+02 1.316645e+03
9.963000e-01 -1.008857e+02 1.316651e+03
-1.314230e+01 -1.052797e+02 1.316656e+03
2.565400e+00 -1.017964e+02 1.316661e+03
2.331500e+00 -1.011264e+02 1.316662e+03
1.058000e-01 -1.008409e+02 1.316663e+03
-1.495060e+01 -1.039834e+02 1.316668e+03
2.778000e-01 -1.006911e+02 1.316670e+03
-3.775000e-01 -1.022739e+02 1.316674e+03
-1.375520e+01 -1.027478e+02 1.316676e+03
-1.952000e-01 -1.029912e+02 1.316676e+03
2.255400e+00 -1.024287e+02 1.316684e+03
-1.503830e+01 -1.035031e+02 1.316690e+03
-1.242240e+01 -1.042760e+02 1.316691e+03
2.189700e+00 -1.010829e+02 1.316691e+03
2.434400e+00 -1.021152e+02 1.316692e+03
1.842000e+00 -1.010239e+02 1.316695e+03
-1.736000e-01 -1.015447e+02 1.316697e+03
-1.326170e+01 -1.030321e+02 1.316697e+03
2.082800e+00 -1.025504e+02 1.316699e+03
1.743800e+00 -1.027579e+02 1.316699e+03
1.319700e+00 -1.029474e+02 1.316702e+03
-1.375630e+01 -1.052804e+02 1.316705e+03
-1.347580e+01 -1.028816e+02 1.316705e+03
2.503800e+00 -1.014688e+02 1.316707e+03
1.063100e+00 -1.030684e+02 1.316717e+03
-1.291870e+01 -1.052521e+02 1.316731e+03
-1.300340e+01 -1.032993e+02 1.316743e+03
-1.470030e+01 -1.028180e+02 1.316746e+03
-1.490210e+01 -1.030417e+02 1.316748e+03
-4.281000e-01 -1.027803e+02 1.316756e+03
-1.395900e+01 -1.052048e+02 1.316756e+03
-1.278380e+01 -1.035553e+02 1.316757e+03
-1.495830e+01 -1.037198e+02 1.316758e+03
2.055000e+00 -1.011114e+02 1.316761e+03
-1.444900e+01 -1.047843e+02 1.316761e+03
6.485000e-01 -1.007488e+02 1.316766e+03
-2.160000e-02 -1.010580e+02 1.316767e+03
2.544000e-01 -1.032927e+02 1.316773e+03
4.360000e-01 -1.006674e+02 1.316774e+03
-1.427580e+01 -1.026818e+02 1.316780e+03
-2.040000e-02 -1.032251e+02 1.316786e+03
2.244100e+00 -1.012547e+02 1.316789e+03
-1.466120e+01 -1.044547e+02 1.316793e+03
1.256000e+00 -1.010348e+02 1.316804e+03
-1.231780e+01 -1.045057e+02 1.316813e+03
-1.443940e+01 -1.027529e+02 1.316818e+03
-1.477680e+01 -1.042053e+02 1.316828e+03
1.475900e+00 -1.028791e+02 1.316841e+03
-1.257940e+01 -1.038052e+02 1.316845e+03
-1.242200e+01 -1.049556e+02 1.316855e+03
-1.484290e+01 -1.032738e+02 1.316861e+03
7.749000e-01 -1.032585e+02 1.316876e+03
2.202500e+00 -1.023197e+02 1.316882e+03
-1.418090e+01 -1.050429e+02 1.316883e+03
1.219000e-01 -1.007158e+02 1.316885e+03
-1.667000e-01 -1.013619e+02 1.316903e+03
1.552200e+00 -1.011338e+02 1.316905e+03
-1.468640e+01 -1.030656e+02 1.316908e+03
4.458000e-01 -1.007049e+02 1.316916e+03
-1.325470e+01 -1.054286e+02 1.316924e+03
-1.373910e+01 -1.053209e+02 1.316924e+03
-1.240260e+01 -1.040477e+02 1.316924e+03
-1.404790e+01 -1.028067e+02 1.316925e+03
-1.272540e+01 -1.052834e+02 1.316928e+03
-4.509000e-01 -1.019814e+02 1.316931e+03
2.351300e+00 -1.016989e+02 1.316931e+03
-1.427560e+01 -1.028211e+02 1.316932e+03
1.530000e-02 -1.008100e+02 1.316933e+03
-3.086000e-01 -1.016553e+02 1.316936e+03
2.802000e-01 -1.006833e+02 1.316936e+03
-5.805000e-01 -1.022619e+02 1.316942e+03
-6.329000e-01 -1.025344e+02 1.316945e+03
1.749100e+00 -1.011821e+02 1.316947e+03
1.964400e+00 -1.012667e+02 1.316952e+03
-1.477880e+01 -1.035301e+02 1.316956e+03
-5.030000e-01 -1.030631e+02 1.316959e+03
-1.446170e+01 -1.029448e+02 1.316960e+03
-1.348120e+01 -1.030183e+02 1.316968e+03
-1.476960e+01 -1.037926e+02 1.316972e+03
2.214500e+00 -1.014922e+02 1.316973e+03
-2.489000e-01 -1.032804e+02 1.316977e+03
-1.226540e+01 -1.042789e+02 1.316979e+03
1.275700e+00 -1.029879e+02 1.316983e+03
-1.473280e+01 -1.040253e+02 1.316983e+03
5.135000e-01 -1.034121e+02 1.316996e+03
-1.247960e+01 -1.051790e+02 1.317008e+03
-6.827000e-01 -1.028589e+02 1.317014e+03
1.887600e+00 -1.025494e+02 1.317030e+03
-1.291750e+01 -1.034562e+02 1.317055e+03
2.219800e+00 -1.019659e+02 1.317055e+03
-4.253000e-01 -1.017853e+02 1.317069e+03
-1.293140e+01 -1.054475e+02 1.317075e+03
-6.974000e-01 -1.030282e+02 1.317078e+03
8.626000e-01 -1.010100e+02 1.317085e+03
-1.396840e+01 -1.052038e+02 1.317085e+03
-1.444950e+01 -1.046012e+02 1.317086e+03
-1.062000e-01 -1.011139e+02 1.317089e+03
-1.213940e+01 -1.044690e+02 1.317094e+03
-1.214720e+01 -1.047559e+02 1.317104e+03
2.890000e-02 -1.034775e+02 1.317111e+03
-1.318970e+01 -1.032783e+02 1.317117e+03
2.166600e+00 -1.016971e+02 1.317120e+03
-3.510000e-02 -1.008909e+02 1.317127e+03
-1.223880e+01 -1.050435e+02 1.317130e+03
2.997000e-01 -1.035127e+02 1.317133e+03
-1.447120e+01 -1.032797e+02 1.317135e+03
-1.417050e+01 -1.030158e+02 1.317136e+03
-1.376780e+01 -1.030071e+02 1.317137e+03
-1.271820e+01 -1.036400e+02 1.317137e+03
-1.397670e+01 -1.029639e+02 1.317146e+03
3.857000e-01 -1.007991e+02 1.317148e+03
-1.347680e+01 -1.054702e+02 1.317151e+03
-1.228370e+01 -1.040932e+02 1.317153e+03
1.684100e+00 -1.013378e+02 1.317159e+03
1.504900e+00 -1.028084e+02 1.317163e+03
-4.902000e-01 -1.033504e+02 1.317169e+03
1.973200e+00 -1.015170e+02 1.317175e+03
-4.114000e-01 -1.017058e+02 1.317181e+03
2.440000e-02 -1.006255e+02 1.317189e+03
-4.905000e-01 -1.018383e+02 1.317193e+03
-1.422130e+01 -1.049184e+02 1.317193e+03
-7.057000e-01 -1.032081e+02 1.317195e+03
-3.126000e-01 -1.015367e+02 1.317202e+03
7.077000e-01 -1.034119e+02 1.317202e+03
-1.317230e+01 -1.055400e+02 1.317203e+03
-1.453650e+01 -1.036285e+02 1.317211e+03
-1.376040e+01 -1.053624e+02 1.317212e+03
1.263600e+00 -1.029981e+02 1.317213e+03
-1.456780e+01 -1.039021e+02 1.317214e+03
1.287500e+00 -1.012627e+02 1.317215e+03
-8.426000e-01 -1.030300e+02 1.317221e+03
-7.469000e-01 -1.022691e+02 1.317221e+03
-1.451210e+01 -1.042394e+02 1.317224e+03
-8.801000e-01 -1.027864e+02 1.317225e+03
-1.246230e+01 -1.038657e+02 1.317228e+03
1.964400e+00 -1.022808e+02 1.317231e+03
-1.212760e+01 -1.042727e+02 1.317245e+03
-8.836000e-01 -1.025562e+02 1.317266e+03
-6.092000e-01 -1.019891e+02 1.317271e+03
9.964000e-01 -1.031891e+02 1.317276e+03
-1.393540e+01 -1.030980e+02 1.317286e+03
-1.893000e-01 -1.013038e+02 1.317293e+03
1.979200e+00 -1.017577e+02 1.317296e+03
-2.857000e-01 -1.035499e+02 1.317307e+03
-1.254530e+01 -1.054350e+02 1.317315e+03
-1.348350e+01 -1.032365e+02 1.317315e+03
-4.903000e-01 -1.035138e+02 1.317317e+03
1.782500e+00 -1.015702e+02 1.317338e+03
2.259000e-01 -1.036229e+02 1.317366e+03
-6.770000e-02 -1.010739e+02 1.317369e+03
4.847000e-01 -1.035614e+02 1.317369e+03
-1.222480e+01 -1.052633e+02 1.317370e+03
-1.443650e+01 -1.039909e+02 1.317380e+03
2.450000e-02 -1.007742e+02 1.317382e+03
1.681500e+00 -1.025304e+02 1.317385e+03
1.905100e+00 -1.020161e+02 1.317389e+03
-6.866000e-01 -1.034932e+02 1.317399e+03
-1.322930e+01 -1.055980e+02 1.317403e+03
-1.221810e+01 -1.040606e+02 1.317410e+03
-1.298750e+01 -1.056019e+02 1.317412e+03
2.651000e-01 -1.009261e+02 1.317414e+03
-1.367060e+01 -1.054536e+02 1.317414e+03
-1.432130e+01 -1.045947e+02 1.317415e+03
1.536500e+00 -1.015286e+02 1.317417e+03
5.414000e-01 -1.010537e+02 1.317421e+03
-1.403380e+01 -1.033165e+02 1.317422e+03
-1.194200e+01 -1.044805e+02 1.317424e+03
-1.275300e+01 -1.055719e+02 1.317430e+03
-1.393210e+01 -1.052403e+02 1.317431e+03
-1.199700e+01 -1.050329e+02 1.317431e+03
-1.297430e+01 -1.035363e+02 1.317431e+03
-1.267460e+01 -1.036959e+02 1.317432e+03
1.245400e+00 -1.029645e+02 1.317435e+03
-1.373650e+01 -1.032629e+02 1.317436e+03
-1.436250e+01 -1.038090e+02 1.317436e+03
-1.424180e+01 -1.035561e+02 1.317445e+03
-9.555000e-01 -1.033164e+02 1.317452e+03
-1.326920e+01 -1.034130e+02 1.317455e+03
-3.122000e-01 -1.015046e+02 1.317457e+03
-1.048800e+00 -1.030278e+02 1.317457e+03
-8.790000e-01 -1.022884e+02 1.317457e+03
7.210000e-01 -1.034470e+02 1.317460e+03
-9.571000e-01 -1.024530e+02 1.317463e+03
-4.940000e-01 -1.036376e+02 1.317471e+03
1.737300e+00 -1.017742e+02 1.317475e+03
-1.417000e-01 -1.012443e+02 1.317479e+03
-5.041000e-01 -1.017711e+02 1.317480e+03
5.600000e-03 -1.036858e+02 1.317489e+03
-1.201640e+01 -1.042460e+02 1.317491e+03
1.732500e+00 -1.022738e+02 1.317513e+03
9.069000e-01 -1.013139e+02 1.317516e+03
-1.064000e+00 -1.027391e+02 1.317519e+03
9.800000e-02 -1.010522e+02 1.317543e+03
-7.829000e-01 -1.021261e+02 1.317547e+03
-1.342140e+01 -1.055890e+02 1.317556e+03
-1.428890e+01 -1.040542e+02 1.317568e+03
1.249700e+00 -1.015474e+02 1.317570e+03
3.232000e-01 -1.010880e+02 1.317572e+03
-2.164000e-01 -1.013865e+02 1.317593e+03
-1.348620e+01 -1.034434e+02 1.317601e+03
1.664100e+00 -1.020282e+02 1.317605e+03
-9.312000e-01 -1.036283e+02 1.317621e+03
-1.427240e+01 -1.043533e+02 1.317626e+03
-1.415070e+01 -1.048846e+02 1.317628e+03
-9.536000e-01 -1.023355e+02 1.317629e+03
-1.282110e+01 -1.056616e+02 1.317633e+03
1.369500e+00 -1.027387e+02 1.317633e+03
1.491700e+00 -1.017946e+02 1.317635e+03
-7.130000e-02 -1.012417e+02 1.317645e+03
-1.397270e+01 -1.035877e+02 1.317647e+03
1.534600e+00 -1.024764e+02 1.317650e+03
5.764000e-01 -1.035521e+02 1.317654e+03
-1.308820e+01 -1.056727e+02 1.317660e+03
-6.766000e-01 -1.037488e+02 1.317661e+03
3.136000e-01 -1.036799e+02 1.317661e+03
-1.423970e+01 -1.046017e+02 1.317662e+03
-1.176710e+01 -1.047727e+02 1.317668e+03
-1.374270e+01 -1.035073e+02 1.317671e+03
-1.410900e+01 -1.038176e+02 1.317674e+03
-1.228000e+00 -1.032706e+02 1.317676e+03
-1.257850e+01 -1.056381e+02 1.317676e+03
-1.193930e+01 -1.052803e+02 1.317688e+03
-1.243090e+01 -1.038596e+02 1.317694e+03
6.150000e-02 -1.011909e+02 1.317694e+03
-1.169200e+00 -1.035356e+02 1.317698e+03
-1.279240e+01 -1.036789e+02 1.317709e+03
-1.206450e+01 -1.041045e+02 1.317718e+03
-1.323910e+01 -1.035710e+02 1.317721e+03
-1.078500e+00 -1.025327e+02 1.317721e+03
-1.248600e+00 -1.030100e+02 1.317723e+03
-1.185710e+01 -1.043120e+02 1.317725e+03
-3.603000e-01 -1.015797e+02 1.317725e+03
-1.177730e+01 -1.050644e+02 1.317728e+03
7.839000e-01 -1.033647e+02 1.317735e+03
-2.965000e-01 -1.038145e+02 1.317735e+03
1.529300e+00 -1.022659e+02 1.317739e+03
2.127000e-01 -1.012214e+02 1.317743e+03
-1.370230e+01 -1.054860e+02 1.317743e+03
1.038100e+00 -1.015941e+02 1.317744e+03
-1.174440e+01 -1.044975e+02 1.317749e+03
-1.419480e+01 -1.046894e+02 1.317760e+03
6.280000e-02 -1.037872e+02 1.317762e+03
1.473100e+00 -1.020439e+02 1.317766e+03
-1.221080e+01 -1.055710e+02 1.317774e+03
-1.396090e+01 -1.052218e+02 1.317777e+03
-1.104800e+00 -1.037509e+02 1.317778e+03
5.414000e-01 -1.013586e+02 1.317784e+03
-1.302960e+01 -1.036378e+02 1.317789e+03
8.383000e-01 -1.015243e+02 1.317803e+03
-7.134000e-01 -1.019881e+02 1.317817e+03
-1.230600e+00 -1.027728e+02 1.317819e+03
-9.194000e-01 -1.038602e+02 1.317827e+03
1.037000e+00 -1.030328e+02 1.317845e+03
-1.417230e+01 -1.045150e+02 1.317846e+03
3.360000e-02 -1.013346e+02 1.317867e+03
1.214300e+00 -1.019000e+02 1.317867e+03
-1.349420e+01 -1.036548e+02 1.317873e+03
-1.302900e+00 -1.037185e+02 1.317876e+03
-1.379630e+01 -1.037996e+02 1.317890e+03
-5.292000e-01 -1.017757e+02 1.317892e+03
1.357000e+00 -1.022063e+02 1.317892e+03
-1.422600e+00 -1.032067e+02 1.317894e+03
-1.413410e+01 -1.047465e+02 1.317906e+03
-1.170140e+01 -1.052311e+02 1.317910e+03
1.203800e+00 -1.027733e+02 1.317911e+03
-1.404610e+01 -1.041725e+02 1.317913e+03
1.296400e+00 -1.025120e+02 1.317926e+03
-1.279340e+01 -1.057718e+02 1.317928e+03
-1.406410e+01 -1.049927e+02 1.317929e+03
-1.466100e+00 -1.034803e+02 1.317931e+03
-2.146000e-01 -1.014989e+02 1.317934e+03
-1.186800e+00 -1.025928e+02 1.317936e+03
9.500000e-01 -1.017407e+02 1.317938e+03
-3.926000e-01 -1.016345e+02 1.317943e+03
-1.245860e+01 -1.057630e+02 1.317953e+03
5.325000e-01 -1.035623e+02 1.317955e+03
2.763000e-01 -1.037437e+02 1.317958e+03
-1.171810e+01 -1.043730e+02 1.317963e+03
-1.158020e+01 -1.047788e+02 1.317964e+03
-6.381000e-01 -1.039714e+02 1.317971e+03
-9.984000e-01 -1.023199e+02 1.317977e+03
-1.157740e+01 -1.049950e+02 1.317986e+03
1.550000e-02 -1.038503e+02 1.317987e+03
-1.294040e+01 -1.037120e+02 1.317994e+03
7.498000e-01 -1.016662e+02 1.317994e+03
-1.328150e+01 -1.057334e+02 1.317996e+03
-1.178590e+01 -1.054981e+02 1.318011e+03
-1.215500e+01 -1.040086e+02 1.318013e+03
-1.189300e+00 -1.039743e+02 1.318020e+03
-1.429600e+00 -1.029754e+02 1.318020e+03
-1.317800e+00 -1.027559e+02 1.318022e+03
-1.397500e+01 -1.051841e+02 1.318028e+03
-1.161150e+01 -1.045797e+02 1.318029e+03
-3.805000e-01 -1.039747e+02 1.318029e+03
-1.946000e-01 -1.039304e+02 1.318030e+03
-1.270580e+01 -1.037671e+02 1.318036e+03
-1.385400e+01 -1.053860e+02 1.318041e+03
-9.035000e-01 -1.040423e+02 1.318047e+03
2.388000e-01 -1.014907e+02 1.318064e+03
7.462000e-01 -1.033128e+02 1.318075e+03
-1.187630e+01 -1.041945e+02 1.318076e+03
1.142800e+00 -1.022512e+02 1.318079e+03
-1.354100e+01 -1.038490e+02 1.318110e+03
-1.225620e+01 -1.058316e+02 1.318111e+03
-1.406090e+01 -1.048215e+02 1.318118e+03
-1.323330e+01 -1.037675e+02 1.318120e+03
-1.990000e-02 -1.015170e+02 1.318122e+03
4.122000e-01 -1.036584e+02 1.318130e+03
-1.404520e+01 -1.045457e+02 1.318131e+03
-7.240000e-01 -1.020053e+02 1.318135e+03
1.046300e+00 -1.027811e+02 1.318140e+03
-1.365300e+01 -1.056077e+02 1.318141e+03
-1.276700e+00 -1.026187e+02 1.318149e+03
-1.609700e+00 -1.038327e+02 1.318152e+03
-1.196860e+01 -1.057806e+02 1.318161e+03
5.361000e-01 -1.017088e+02 1.318161e+03
-1.401150e+01 -1.050079e+02 1.318162e+03
-4.560000e-01 -1.017633e+02 1.318174e+03
8.577000e-01 -1.019928e+02 1.318180e+03
-1.374810e+01 -1.040549e+02 1.318181e+03
-1.423600e+00 -1.028137e+02 1.318183e+03
-1.149430e+01 -1.052977e+02 1.318184e+03
-1.662000e+00 -1.032278e+02 1.318185e+03
-1.148360e+01 -1.047930e+02 1.318187e+03
-1.242340e+01 -1.038878e+02 1.318196e+03
-2.560000e-01 -1.039972e+02 1.318199e+03
-1.002100e+00 -1.041805e+02 1.318212e+03
2.419000e-01 -1.037539e+02 1.318217e+03
-1.390620e+01 -1.042969e+02 1.318229e+03
1.034900e+00 -1.025198e+02 1.318230e+03
-1.154430e+01 -1.055606e+02 1.318236e+03
-1.250530e+01 -1.059258e+02 1.318237e+03
-1.169520e+01 -1.057189e+02 1.318240e+03
-3.170000e-02 -1.039024e+02 1.318247e+03
-1.813100e+00 -1.035234e+02 1.318249e+03
-4.583000e-01 -1.040758e+02 1.318261e+03
-1.285400e+01 -1.059153e+02 1.318262e+03
-1.475200e+00 -1.041364e+02 1.318263e+03
-1.168490e+01 -1.043596e+02 1.318270e+03
-1.139250e+01 -1.050285e+02 1.318287e+03
9.368000e-01 -1.023126e+02 1.318290e+03
-1.680000e+00 -1.040610e+02 1.318295e+03
-2.136000e-01 -1.016852e+02 1.318300e+03
-1.574100e+00 -1.029462e+02 1.318309e+03
-7.490000e-01 -1.041936e+02 1.318311e+03
4.973000e-01 -1.034960e+02 1.318315e+03
-1.345060e+01 -1.057790e+02 1.318322e+03
-1.210400e+00 -1.042744e+02 1.318324e+03
-1.392590e+01 -1.051732e+02 1.318334e+03
7.692000e-01 -1.030871e+02 1.318336e+03
-1.433300e+00 -1.027400e+02 1.318340e+03
2.914000e-01 -1.017751e+02 1.318369e+03
-1.250700e+00 -1.025292e+02 1.318373e+03
-1.349160e+01 -1.039994e+02 1.318376e+03
3.950000e-02 -1.017083e+02 1.318376e+03
-1.294730e+01 -1.038240e+02 1.318388e+03
-1.182160e+01 -1.042229e+02 1.318390e+03
-1.390850e+01 -1.044843e+02 1.318396e+03
-1.267850e+01 -1.038354e+02 1.318399e+03
-1.381170e+01 -1.054569e+02 1.318404e+03
-1.396260e+01 -1.047950e+02 1.318407e+03
-1.147730e+01 -1.057392e+02 1.318407e+03
-1.215960e+01 -1.059956e+02 1.318409e+03
8.306000e-01 -1.027438e+02 1.318428e+03
-1.151200e+01 -1.045876e+02 1.318431e+03
8.328000e-01 -1.024973e+02 1.318431e+03
-9.471000e-01 -1.022494e+02 1.318435e+03
-1.131700e+01 -1.055143e+02 1.318438e+03
-1.310340e+01 -1.059335e+02 1.318440e+03
-6.468000e-01 -1.020021e+02 1.318442e+03
-2.023300e+00 -1.035279e+02 1.318444e+03
-1.135840e+01 -1.048504e+02 1.318446e+03
-2.123000e-01 -1.040042e+02 1.318458e+03
4.844000e-01 -1.020172e+02 1.318462e+03
-4.158000e-01 -1.018634e+02 1.318467e+03
-1.209730e+01 -1.040945e+02 1.318467e+03
-9.741000e-01 -1.043644e+02 1.318468e+03
-1.128890e+01 -1.050207e+02 1.318469e+03
-1.918200e+00 -1.040642e+02 1.318474e+03
-2.025800e+00 -1.037499e+02 1.318476e+03
-1.763800e+00 -1.030670e+02 1.318477e+03
6.908000e-01 -1.022944e+02 1.318481e+03
-1.371930e+01 -1.042538e+02 1.318483e+03
-1.721500e+00 -1.042650e+02 1.318485e+03
-1.957600e+00 -1.033169e+02 1.318501e+03
-1.124110e+01 -1.052244e+02 1.318502e+03
-1.170030e+01 -1.059498e+02 1.318505e+03
-1.365140e+01 -1.056813e+02 1.318523e+03
-1.141310e+01 -1.058663e+02 1.318553e+03
-1.547000e+00 -1.027879e+02 1.318569e+03
-1.165800e+00 -1.044814e+02 1.318594e+03
-2.073000e-01 -1.018945e+02 1.318594e+03
1.265000e-01 -1.037329e+02 1.318597e+03
-1.452700e+00 -1.044655e+02 1.318604e+03
-7.738000e-01 -1.043725e+02 1.318620e+03
-1.325360e+01 -1.039786e+02 1.318620e+03
6.270000e-01 -1.029485e+02 1.318620e+03
-5.121000e-01 -1.042039e+02 1.318626e+03
-1.121410e+01 -1.057322e+02 1.318637e+03
-7.675000e-01 -1.021531e+02 1.318643e+03
-1.349510e+01 -1.041315e+02 1.318646e+03
-1.135430e+01 -1.047420e+02 1.318649e+03
-1.253630e+01 -1.061100e+02 1.318651e+03
-1.337410e+01 -1.058913e+02 1.318661e+03
-2.157500e+00 -1.035281e+02 1.318664e+03
-1.390740e+01 -1.049714e+02 1.318668e+03
-1.122050e+01 -1.049799e+02 1.318672e+03
-1.240400e+00 -1.025064e+02 1.318672e+03
8.740000e-02 -1.020297e+02 1.318673e+03
-1.389920e+01 -1.047726e+02 1.318674e+03
-1.977700e+00 -1.043290e+02 1.318679e+03
5.688000e-01 -1.026473e+02 1.318681e+03
-1.249800e+01 -1.039678e+02 1.318688e+03
-1.176470e+01 -1.043447e+02 1.318688e+03
-1.382690e+01 -1.045499e+02 1.318690e+03
4.321000e-01 -1.032904e+02 1.318695e+03
-1.387390e+01 -1.052436e+02 1.318709e+03
-2.211600e+00 -1.040133e+02 1.318719e+03
-1.148240e+01 -1.045741e+02 1.318734e+03
-2.153400e+00 -1.042306e+02 1.318740e+03
-5.325000e-01 -1.020855e+02 1.318742e+03
-9.621000e-01 -1.023139e+02 1.318749e+03
-1.280350e+01 -1.039183e+02 1.318757e+03
3.174000e-01 -1.023538e+02 1.318765e+03
-1.106790e+01 -1.052038e+02 1.318770e+03
-1.102340e+01 -1.054670e+02 1.318775e+03
-1.199780e+01 -1.061829e+02 1.318791e+03
-1.303160e+01 -1.039541e+02 1.318796e+03
-1.379510e+01 -1.054997e+02 1.318803e+03
-9.432000e-01 -1.045233e+02 1.318813e+03
-7.650000e-01 -1.022146e+02 1.318813e+03
-2.128300e+00 -1.033143e+02 1.318814e+03
-1.125670e+01 -1.059655e+02 1.318819e+03
-2.293000e+00 -1.037743e+02 1.318830e+03
-1.361620e+01 -1.043012e+02 1.318833e+03
-1.881000e+00 -1.030305e+02 1.318835e+03
-1.295500e+01 -1.061024e+02 1.318840e+03
-2.326000e-01 -1.039819e+02 1.318841e+03
-6.991000e-01 -1.043921e+02 1.318853e+03
-2.607000e-01 -1.021368e+02 1.318856e+03
-1.840800e+00 -1.045810e+02 1.318858e+03
4.023000e-01 -1.029867e+02 1.318866e+03
-1.340920e+01 -1.041454e+02 1.318873e+03
-1.385960e+01 -1.047650e+02 1.318890e+03
-1.223200e+00 -1.046589e+02 1.318894e+03
-1.513500e+00 -1.027107e+02 1.318897e+03
-3.770000e-02 -1.037734e+02 1.318918e+03
-2.347800e+00 -1.042121e+02 1.318920e+03
-1.107170e+01 -1.050394e+02 1.318926e+03
-8.957000e-01 -1.023402e+02 1.318931e+03
-1.159250e+01 -1.045030e+02 1.318933e+03
-1.157690e+01 -1.061890e+02 1.318939e+03
-7.158000e-01 -1.022706e+02 1.318948e+03
-1.168000e+00 -1.025003e+02 1.318966e+03
-2.413900e+00 -1.040209e+02 1.318969e+03
-1.387760e+01 -1.050047e+02 1.318970e+03
-1.131340e+01 -1.047566e+02 1.318971e+03
-1.362870e+01 -1.057708e+02 1.318984e+03
2.615000e-01 -1.032145e+02 1.318989e+03
-1.089260e+01 -1.057466e+02 1.319000e+03
-2.250600e+00 -1.045014e+02 1.319002e+03
-1.182030e+01 -1.043800e+02 1.319019e+03
-1.321590e+01 -1.040826e+02 1.319019e+03
-1.090150e+01 -1.052488e+02 1.319021e+03
7.850000e-02 -1.035165e+02 1.319021e+03
-5.372000e-01 -1.023193e+02 1.319042e+03
-2.301000e+00 -1.035024e+02 1.319046e+03
-5.185000e-01 -1.042163e+02 1.319052e+03
2.223000e-01 -1.030468e+02 1.319061e+03
-2.048100e+00 -1.047140e+02 1.319064e+03
-1.220220e+01 -1.063184e+02 1.319067e+03
1.233000e-01 -1.027898e+02 1.319081e+03
-1.323140e+01 -1.060553e+02 1.319086e+03
-1.923000e-01 -1.024434e+02 1.319090e+03
-1.270060e+01 -1.040471e+02 1.319095e+03
-1.538500e+00 -1.048101e+02 1.319097e+03
-1.297110e+01 -1.040354e+02 1.319098e+03
-3.591000e-01 -1.040174e+02 1.319100e+03
-1.387160e+01 -1.052363e+02 1.319100e+03
-2.154400e+00 -1.032232e+02 1.319100e+03
-1.374230e+01 -1.045066e+02 1.319104e+03
-8.961000e-01 -1.024565e+02 1.319135e+03
-1.253570e+01 -1.063083e+02 1.319137e+03
-1.423900e+00 -1.026624e+02 1.319139e+03
-7.656000e-01 -1.044712e+02 1.319141e+03
-9.985000e-01 -1.046691e+02 1.319153e+03
-1.381920e+01 -1.055093e+02 1.319160e+03
-1.227630e+01 -1.042237e+02 1.319169e+03
-1.071890e+01 -1.054988e+02 1.319170e+03
-1.997100e+00 -1.030429e+02 1.319196e+03
-1.347780e+01 -1.042609e+02 1.319196e+03
-2.184900e+00 -1.047920e+02 1.319198e+03
-1.720700e+00 -1.028484e+02 1.319198e+03
-1.386220e+01 -1.047708e+02 1.319201e+03
-2.493800e+00 -1.038304e+02 1.319212e+03
-1.118290e+01 -1.062189e+02 1.319215e+03
-1.208900e+00 -1.025891e+02 1.319217e+03
-2.468000e-01 -1.038070e+02 1.319222e+03
-1.285320e+01 -1.062603e+02 1.319224e+03
-1.238100e+00 -1.048306e+02 1.319231e+03
-1.389220e+01 -1.049812e+02 1.319239e+03
-2.602600e+00 -1.042477e+02 1.319244e+03
5.400000e-03 -1.031957e+02 1.319244e+03
-1.099360e+01 -1.049849e+02 1.319245e+03
-1.376970e+01 -1.056788e+02 1.319251e+03
-1.083200e+01 -1.060062e+02 1.319253e+03
-2.588300e+00 -1.045673e+02 1.319278e+03
-1.169790e+01 -1.045194e+02 1.319278e+03
-1.368290e+01 -1.058058e+02 1.319290e+03
-2.422700e+00 -1.047749e+02 1.319300e+03
-1.302240e+01 -1.062150e+02 1.319312e+03
-1.182630e+01 -1.064227e+02 1.319314e+03
-2.273300e+00 -1.033397e+02 1.319327e+03
-2.351000e-01 -1.027410e+02 1.319331e+03
-1.269530e+01 -1.041365e+02 1.319332e+03
-1.349330e+01 -1.059424e+02 1.319335e+03
-1.950500e+00 -1.049445e+02 1.319338e+03
-1.289010e+01 -1.041113e+02 1.319339e+03
-1.071110e+01 -1.052491e+02 1.319349e+03
-6.832000e-01 -1.025895e+02 1.319352e+03
-2.146100e+00 -1.031722e+02 1.319362e+03
-4.708000e-01 -1.040308e+02 1.319371e+03
-1.143130e+01 -1.064012e+02 1.319374e+03
-1.392400e+01 -1.050696e+02 1.319389e+03
-1.425200e+00 -1.049711e+02 1.319398e+03
-4.459000e-01 -1.026828e+02 1.319401e+03
-1.047400e+00 -1.047762e+02 1.319403e+03
-1.451900e+00 -1.027492e+02 1.319407e+03
-2.114000e-01 -1.035152e+02 1.319407e+03
-2.405500e+00 -1.035417e+02 1.319408e+03
-1.391080e+01 -1.052844e+02 1.319410e+03
-1.316770e+01 -1.041729e+02 1.319414e+03
-1.130810e+01 -1.047365e+02 1.319417e+03
-1.084400e+00 -1.026555e+02 1.319418e+03
-1.366550e+01 -1.043959e+02 1.319423e+03
-2.286000e-01 -1.029786e+02 1.319425e+03
-2.257900e+00 -1.049674e+02 1.319430e+03
-1.385810e+01 -1.055181e+02 1.319435e+03
-1.707000e+00 -1.028642e+02 1.319449e+03
-8.596000e-01 -1.045938e+02 1.319453e+03
-1.377880e+01 -1.056985e+02 1.319462e+03
-1.382900e+01 -1.045649e+02 1.319468e+03
-1.220050e+01 -1.064868e+02 1.319477e+03
-1.937400e+00 -1.030218e+02 1.319486e+03
-2.694100e+00 -1.047734e+02 1.319489e+03
-2.831500e+00 -1.045268e+02 1.319495e+03
-1.153900e+01 -1.046257e+02 1.319496e+03
-1.051640e+01 -1.054604e+02 1.319496e+03
-1.088220e+01 -1.062625e+02 1.319505e+03
-1.049590e+01 -1.057501e+02 1.319505e+03
-4.273000e-01 -1.028490e+02 1.319507e+03
-6.692000e-01 -1.042997e+02 1.319518e+03
-1.053450e+01 -1.059933e+02 1.319526e+03
-1.233100e+00 -1.049273e+02 1.319529e+03
-1.649800e+00 -1.050680e+02 1.319531e+03
-1.285710e+01 -1.063264e+02 1.319534e+03
-1.394940e+01 -1.048194e+02 1.319534e+03
-1.367040e+01 -1.058229e+02 1.319547e+03
-3.763000e-01 -1.037037e+02 1.319549e+03
-2.560100e+00 -1.037294e+02 1.319553e+03
-4.472000e-01 -1.038577e+02 1.319555e+03
-3.265000e-01 -1.032655e+02 1.319563e+03
-1.282490e+01 -1.042112e+02 1.319571e+03
-2.488700e+00 -1.050029e+02 1.319574e+03
-1.104160e+01 -1.048659e+02 1.319576e+03
-1.063560e+01 -1.061590e+02 1.319580e+03
-1.316930e+01 -1.061528e+02 1.319582e+03
-2.720200e+00 -1.039848e+02 1.319591e+03
-6.609000e-01 -1.028314e+02 1.319593e+03
-1.079770e+01 -1.050306e+02 1.319610e+03
-1.254220e+01 -1.064603e+02 1.319611e+03
-1.385990e+01 -1.055591e+02 1.319629e+03
-2.237400e+00 -1.033071e+02 1.319637e+03
-5.192000e-01 -1.030431e+02 1.319647e+03
-1.350940e+01 -1.043076e+02 1.319649e+03
-1.400750e+01 -1.050585e+02 1.319652e+03
-9.662000e-01 -1.028104e+02 1.319653e+03
-1.209800e+01 -1.044231e+02 1.319655e+03
-1.046830e+01 -1.060916e+02 1.319669e+03
-1.374480e+01 -1.044259e+02 1.319671e+03
-1.022500e+00 -1.047722e+02 1.319673e+03
-1.379020e+01 -1.056838e+02 1.319673e+03
-1.448100e+00 -1.050802e+02 1.319675e+03
-2.995900e+00 -1.045250e+02 1.319682e+03
-1.145960e+01 -1.046783e+02 1.319689e+03
-2.460400e+00 -1.035550e+02 1.319689e+03
-2.937400e+00 -1.043116e+02 1.319691e+03
-1.396080e+01 -1.053343e+02 1.319701e+03
-1.309000e+00 -1.028433e+02 1.319702e+03
-1.669200e+00 -1.029403e+02 1.319710e+03
-4.596000e-01 -1.035371e+02 1.319712e+03
-1.172430e+01 -1.045798e+02 1.319713e+03
-2.754500e+00 -1.050094e+02 1.319727e+03
-2.964300e+00 -1.047427e+02 1.319731e+03
-5.064000e-01 -1.037592e+02 1.319732e+03
-1.052950e+01 -1.052532e+02 1.319733e+03
-1.251330e+01 -1.043206e+02 1.319757e+03
-1.351430e+01 -1.059305e+02 1.319768e+03
-5.868000e-01 -1.032864e+02 1.319789e+03
-2.556000e+00 -1.051891e+02 1.319801e+03
-1.123060e+01 -1.047664e+02 1.319803e+03
-8.482000e-01 -1.045296e+02 1.319805e+03
-6.362000e-01 -1.039681e+02 1.319819e+03
-1.877200e+00 -1.052301e+02 1.319823e+03
-1.104740e+01 -1.065434e+02 1.319826e+03
-1.224870e+01 -1.066210e+02 1.319834e+03
-1.968300e+00 -1.031227e+02 1.319835e+03
-2.252300e+00 -1.052566e+02 1.319838e+03
-1.389290e+01 -1.055275e+02 1.319841e+03
-1.029960e+01 -1.060108e+02 1.319842e+03
-1.394940e+01 -1.045595e+02 1.319850e+03
-1.032210e+01 -1.055023e+02 1.319853e+03
-1.375070e+01 -1.057238e+02 1.319862e+03
-8.628000e-01 -1.030778e+02 1.319866e+03
-1.277600e+00 -1.050034e+02 1.319869e+03
-1.623400e+00 -1.052071e+02 1.319870e+03
-1.322750e+01 -1.042818e+02 1.319872e+03
-1.147740e+01 -1.066713e+02 1.319873e+03
-1.462400e+00 -1.051472e+02 1.319878e+03
-1.095720e+01 -1.048763e+02 1.319883e+03
-3.108500e+00 -1.045344e+02 1.319894e+03
-6.320000e-01 -1.034750e+02 1.319895e+03
-1.192330e+01 -1.066890e+02 1.319899e+03
-1.176400e+00 -1.029706e+02 1.319902e+03
-2.396300e+00 -1.034698e+02 1.319903e+03
-6.276000e-01 -1.036801e+02 1.319907e+03
-1.374240e+01 -1.043943e+02 1.319927e+03
-1.039360e+01 -1.062526e+02 1.319928e+03
-1.413610e+01 -1.048192e+02 1.319937e+03
-1.411650e+01 -1.051175e+02 1.319939e+03
-1.232090e+01 -1.044198e+02 1.319950e+03
-1.287950e+01 -1.043102e+02 1.319953e+03
-7.632000e-01 -1.033270e+02 1.319956e+03
-1.063010e+01 -1.064372e+02 1.319958e+03
-3.028600e+00 -1.050531e+02 1.319968e+03
-1.402860e+01 -1.053399e+02 1.319969e+03
-2.797200e+00 -1.052803e+02 1.319974e+03
-1.353680e+01 -1.043334e+02 1.319974e+03
-7.796000e-01 -1.042689e+02 1.319976e+03
-1.776300e+00 -1.030730e+02 1.319998e+03
-2.553900e+00 -1.053784e+02 1.320000e+03
-2.626000e+00 -1.037177e+02 1.320008e+03
-1.055200e+00 -1.047649e+02 1.320014e+03
-1.068200e+01 -1.050164e+02 1.320021e+03
-2.196900e+00 -1.033059e+02 1.320021e+03
-1.241010e+01 -1.066160e+02 1.320021e+03
-3.178000e+00 -1.047784e+02 1.320033e+03
-7.937000e-01 -1.035154e+02 1.320058e+03
-1.013910e+01 -1.057384e+02 1.320059e+03
-2.937600e+00 -1.040745e+02 1.320066e+03
-3.116900e+00 -1.043330e+02 1.320072e+03
-1.516500e+00 -1.030628e+02 1.320074e+03
-3.005600e+00 -1.052774e+02 1.320077e+03
-1.507500e+00 -1.051952e+02 1.320084e+03
-1.277870e+01 -1.064076e+02 1.320088e+03
-1.149740e+01 -1.047000e+02 1.320106e+03
-1.217400e+01 -1.067234e+02 1.320113e+03
-9.746000e-01 -1.033134e+02 1.320115e+03
-2.003900e+00 -1.053900e+02 1.320116e+03
-1.210000e+00 -1.031628e+02 1.320139e+03
-1.089570e+01 -1.048744e+02 1.320140e+03
-1.968900e+00 -1.031857e+02 1.320144e+03
-1.766000e+00 -1.053360e+02 1.320144e+03
-8.335000e-01 -1.037556e+02 1.320144e+03
-1.016550e+01 -1.055106e+02 1.320148e+03
-1.395680e+01 -1.055126e+02 1.320149e+03
-1.112250e+01 -1.048023e+02 1.320163e+03
-3.247600e+00 -1.049911e+02 1.320175e+03
-1.418280e+01 -1.045683e+02 1.320178e+03
-1.014430e+01 -1.062359e+02 1.320179e+03
-2.392300e+00 -1.034724e+02 1.320182e+03
-1.396780e+01 -1.044376e+02 1.320182e+03
-1.417290e+01 -1.052493e+02 1.320184e+03
-1.431680e+01 -1.049739e+02 1.320190e+03
-9.518000e-01 -1.045001e+02 1.320190e+03
-1.373320e+01 -1.043773e+02 1.320197e+03
-1.432410e+01 -1.047288e+02 1.320200e+03
-1.204410e+01 -1.045604e+02 1.320203e+03
-1.778600e+00 -1.031352e+02 1.320204e+03
-1.370040e+01 -1.057652e+02 1.320207e+03
-2.996600e+00 -1.054739e+02 1.320207e+03
-2.770700e+00 -1.055701e+02 1.320218e+03
-1.347860e+01 -1.043486e+02 1.320221e+03
-2.179500e+00 -1.054892e+02 1.320224e+03
-1.000690e+01 -1.060175e+02 1.320230e+03
-1.033770e+01 -1.052640e+02 1.320232e+03
-8.990000e-01 -1.042845e+02 1.320239e+03
-2.471700e+00 -1.055879e+02 1.320254e+03
-1.077600e+01 -1.049113e+02 1.320267e+03
-3.226900e+00 -1.052933e+02 1.320270e+03
-1.314640e+01 -1.043555e+02 1.320270e+03
-9.201000e-01 -1.040556e+02 1.320272e+03
-1.332040e+01 -1.060429e+02 1.320272e+03
-1.021800e+00 -1.035272e+02 1.320273e+03
-3.265100e+00 -1.045509e+02 1.320289e+03
-1.321100e+00 -1.050177e+02 1.320295e+03
-1.264430e+01 -1.044259e+02 1.320296e+03
-3.328700e+00 -1.048102e+02 1.320302e+03
-1.193400e+00 -1.033505e+02 1.320306e+03
-1.121100e+00 -1.047566e+02 1.320318e+03
-1.450320e+01 -1.047610e+02 1.320333e+03
-1.095140e+01 -1.048477e+02 1.320342e+03
-1.195450e+01 -1.068542e+02 1.320343e+03
-1.451260e+01 -1.049591e+02 1.320362e+03
-1.159720e+01 -1.069318e+02 1.320370e+03
-1.919000e+00 -1.032284e+02 1.320370e+03
-1.729300e+00 -1.032055e+02 1.320372e+03
-1.441670e+01 -1.045489e+02 1.320379e+03
-1.629900e+00 -1.052967e+02 1.320387e+03
-1.061100e+01 -1.050004e+02 1.320390e+03
-9.906300e+00 -1.058077e+02 1.320393e+03
-2.173800e+00 -1.033474e+02 1.320396e+03
-3.012600e+00 -1.057285e+02 1.320400e+03
-1.438710e+01 -1.051601e+02 1.320401e+03
-1.393470e+01 -1.043863e+02 1.320418e+03
-3.215600e+00 -1.056270e+02 1.320418e+03
-1.003030e+01 -1.055329e+02 1.320425e+03
-2.249300e+00 -1.056298e+02 1.320428e+03
-1.950700e+00 -1.054925e+02 1.320432e+03
-1.467080e+01 -1.048169e+02 1.320433e+03
-1.233800e+00 -1.048802e+02 1.320441e+03
-1.232120e+01 -1.067064e+02 1.320448e+03
-1.251500e+00 -1.034977e+02 1.320450e+03
-1.495100e+00 -1.033277e+02 1.320453e+03
-3.360800e+00 -1.055069e+02 1.320459e+03
-1.418180e+01 -1.053830e+02 1.320462e+03
-3.419300e+00 -1.050345e+02 1.320463e+03
-1.083130e+01 -1.048903e+02 1.320465e+03
-1.132800e+00 -1.046087e+02 1.320480e+03
-1.151300e+00 -1.037456e+02 1.320480e+03
-1.373360e+01 -1.043739e+02 1.320482e+03
-9.874900e+00 -1.062732e+02 1.320491e+03
-1.421150e+01 -1.043963e+02 1.320497e+03
-1.394720e+01 -1.055794e+02 1.320527e+03
-1.061620e+01 -1.068044e+02 1.320528e+03
-3.169000e+00 -1.042590e+02 1.320528e+03
-1.119200e+00 -1.043498e+02 1.320528e+03
-1.178260e+01 -1.069789e+02 1.320529e+03
-1.473380e+01 -1.045462e+02 1.320538e+03
-1.226100e+00 -1.047784e+02 1.320540e+03
-1.466210e+01 -1.050352e+02 1.320541e+03
-1.489360e+01 -1.047930e+02 1.320558e+03
-1.168590e+01 -1.047095e+02 1.320561e+03
-9.741400e+00 -1.060142e+02 1.320565e+03
-2.858400e+00 -1.059139e+02 1.320571e+03
-2.492900e+00 -1.058146e+02 1.320574e+03
-1.106660e+01 -1.069866e+02 1.320583e+03
-2.502100e+00 -1.035865e+02 1.320584e+03
-1.348010e+01 -1.043784e+02 1.320587e+03
-1.448920e+01 -1.043740e+02 1.320592e+03
-1.361100e+00 -1.049444e+02 1.320613e+03
-3.537000e+00 -1.053782e+02 1.320620e+03
-3.328400e+00 -1.044766e+02 1.320623e+03
-1.118340e+01 -1.048228e+02 1.320623e+03
-1.410800e+00 -1.035705e+02 1.320624e+03
-3.467600e+00 -1.057167e+02 1.320629e+03
-1.745600e+00 -1.053859e+02 1.320630e+03
-1.545600e+00 -1.051866e+02 1.320631e+03
-1.017090e+01 -1.052919e+02 1.320635e+03
-3.250100e+00 -1.059386e+02 1.320639e+03
-1.009350e+01 -1.066258e+02 1.320656e+03
-1.301080e+01 -1.062405e+02 1.320659e+03
-2.869500e+00 -1.039229e+02 1.320660e+03
-1.509270e+01 -1.047978e+02 1.320660e+03
-1.926600e+00 -1.033781e+02 1.320662e+03
-1.436850e+01 -1.043120e+02 1.320674e+03
-3.445000e+00 -1.047205e+02 1.320678e+03
-1.511540e+01 -1.045897e+02 1.320681e+03
-2.181100e+00 -1.056911e+02 1.320689e+03
-1.275100e+00 -1.040366e+02 1.320693e+03
-1.076780e+01 -1.049337e+02 1.320696e+03
-1.237240e+01 -1.045624e+02 1.320699e+03
-1.267250e+01 -1.064804e+02 1.320710e+03
-9.745900e+00 -1.057219e+02 1.320711e+03
-1.163740e+01 -1.070858e+02 1.320716e+03
-1.912200e+00 -1.055130e+02 1.320716e+03
-1.470210e+01 -1.051545e+02 1.320724e+03
-1.044520e+01 -1.050913e+02 1.320735e+03
-1.137020e+01 -1.071192e+02 1.320736e+03
-1.444990e+01 -1.052826e+02 1.320737e+03
-2.250200e+00 -1.034622e+02 1.320743e+03
-3.507000e+00 -1.059597e+02 1.320747e+03
-1.401480e+01 -1.043496e+02 1.320747e+03
-1.469380e+01 -1.043122e+02 1.320749e+03
-1.314320e+01 -1.044153e+02 1.320762e+03
-3.618300e+00 -1.058514e+02 1.320766e+03
-1.495740e+01 -1.050139e+02 1.320767e+03
-1.370910e+01 -1.057449e+02 1.320769e+03
-1.193480e+01 -1.069654e+02 1.320771e+03
-1.203470e+01 -1.046584e+02 1.320777e+03
-2.711400e+00 -1.060329e+02 1.320779e+03
-1.678200e+00 -1.035406e+02 1.320789e+03
-1.375750e+01 -1.043739e+02 1.320793e+03
-9.953300e+00 -1.054405e+02 1.320796e+03
-9.546000e+00 -1.062488e+02 1.320801e+03
-1.482900e+00 -1.037675e+02 1.320803e+03
-1.450000e+01 -1.042629e+02 1.320812e+03
-1.401100e+00 -1.047176e+02 1.320816e+03
-9.664200e+00 -1.064673e+02 1.320816e+03
-1.429090e+01 -1.042913e+02 1.320817e+03
-1.394980e+01 -1.055915e+02 1.320818e+03
-1.526450e+01 -1.043876e+02 1.320829e+03
-1.527600e+01 -1.048193e+02 1.320835e+03
-1.539830e+01 -1.045509e+02 1.320836e+03
-1.415040e+01 -1.054687e+02 1.320839e+03
-1.551100e+00 -1.050518e+02 1.320851e+03
-2.477500e+00 -1.059282e+02 1.320855e+03
-3.195000e+00 -1.062255e+02 1.320865e+03
-1.500850e+01 -1.043017e+02 1.320867e+03
-3.709200e+00 -1.060136e+02 1.320879e+03
-3.789900e+00 -1.057045e+02 1.320880e+03
-1.772800e+00 -1.053343e+02 1.320887e+03
-2.007000e+00 -1.055723e+02 1.320896e+03
-3.508900e+00 -1.062211e+02 1.320898e+03
-3.676900e+00 -1.050751e+02 1.320904e+03
-1.275660e+01 -1.044990e+02 1.320912e+03
-3.794700e+00 -1.053873e+02 1.320919e+03
-2.949400e+00 -1.062181e+02 1.320927e+03
-9.450000e+00 -1.059740e+02 1.320934e+03
-1.559890e+01 -1.044767e+02 1.320948e+03
-1.144880e+01 -1.072082e+02 1.320953e+03
-1.471450e+01 -1.052234e+02 1.320956e+03
-1.096340e+01 -1.049116e+02 1.320957e+03
-1.922600e+00 -1.035579e+02 1.320960e+03
-1.492400e+00 -1.043408e+02 1.320964e+03
-1.548740e+01 -1.042988e+02 1.320967e+03
-2.420600e+00 -1.036135e+02 1.320975e+03
-1.432120e+01 -1.053908e+02 1.320980e+03
-9.735100e+00 -1.055519e+02 1.320983e+03
-9.548800e+00 -1.057277e+02 1.320985e+03
-1.558030e+01 -1.047124e+02 1.320989e+03
-1.529430e+01 -1.042163e+02 1.320993e+03
-2.236400e+00 -1.057596e+02 1.320993e+03
-3.117000e+00 -1.041631e+02 1.320994e+03
-3.350500e+00 -1.044311e+02 1.320995e+03
-1.166130e+01 -1.071587e+02 1.320998e+03
-1.518450e+01 -1.050426e+02 1.320999e+03
-1.333720e+01 -1.059728e+02 1.321003e+03
-3.822000e+00 -1.062733e+02 1.321023e+03
-1.796000e+00 -1.037246e+02 1.321029e+03
-1.579250e+01 -1.044962e+02 1.321030e+03
-2.158500e+00 -1.035933e+02 1.321034e+03
-1.030900e+01 -1.069913e+02 1.321035e+03
-1.017730e+01 -1.052390e+02 1.321036e+03
-1.653200e+00 -1.040055e+02 1.321044e+03
-2.726700e+00 -1.061534e+02 1.321051e+03
-1.071440e+01 -1.049920e+02 1.321051e+03
-1.573430e+01 -1.042722e+02 1.321051e+03
-1.444810e+01 -1.042231e+02 1.321055e+03
-1.086230e+01 -1.072104e+02 1.321066e+03
-2.657500e+00 -1.037869e+02 1.321068e+03
-9.364600e+00 -1.064277e+02 1.321070e+03
-1.113730e+01 -1.072432e+02 1.321073e+03
-3.968700e+00 -1.055302e+02 1.321075e+03
-3.162600e+00 -1.064066e+02 1.321076e+03
-3.392600e+00 -1.064649e+02 1.321077e+03
-9.921300e+00 -1.053910e+02 1.321082e+03
-1.472980e+01 -1.041918e+02 1.321084e+03
-4.027600e+00 -1.060457e+02 1.321085e+03
-1.235480e+01 -1.066881e+02 1.321093e+03
-1.395390e+01 -1.043409e+02 1.321096e+03
-1.582100e+01 -1.046826e+02 1.321099e+03
-9.268500e+00 -1.062318e+02 1.321100e+03
-1.360620e+01 -1.043860e+02 1.321101e+03
-1.170640e+01 -1.047653e+02 1.321105e+03
-1.598650e+01 -1.042533e+02 1.321108e+03
-4.019900e+00 -1.062828e+02 1.321108e+03
-1.991800e+00 -1.036667e+02 1.321108e+03
-1.546000e+01 -1.041221e+02 1.321110e+03
-1.519110e+01 -1.041402e+02 1.321119e+03
-1.498510e+01 -1.051672e+02 1.321123e+03
-1.446610e+01 -1.053404e+02 1.321131e+03
-1.060230e+01 -1.071563e+02 1.321133e+03
-1.608180e+01 -1.044867e+02 1.321137e+03
-1.422850e+01 -1.042713e+02 1.321138e+03
-3.693200e+00 -1.065412e+02 1.321139e+03
-1.623710e+01 -1.042249e+02 1.321142e+03
-1.395950e+01 -1.055751e+02 1.321143e+03
-2.484500e+00 -1.059820e+02 1.321156e+03
-1.779400e+00 -1.050717e+02 1.321164e+03
-1.564000e+01 -1.040832e+02 1.321164e+03
-1.570840e+01 -1.048446e+02 1.321173e+03
-9.558400e+00 -1.056128e+02 1.321174e+03
-1.644810e+01 -1.040655e+02 1.321178e+03
-1.534820e+01 -1.040849e+02 1.321179e+03
-1.124890e+01 -1.048802e+02 1.321183e+03
-3.964100e+00 -1.053180e+02 1.321187e+03
-1.648430e+01 -1.043058e+02 1.321190e+03
-1.674160e+01 -1.040134e+02 1.321192e+03
-2.041500e+00 -1.055068e+02 1.321193e+03
-1.542250e+01 -1.049920e+02 1.321196e+03
-1.502690e+01 -1.041302e+02 1.321197e+03
-1.047100e+01 -1.050915e+02 1.321199e+03
-1.518780e+01 -1.051234e+02 1.321202e+03
-4.018600e+00 -1.065014e+02 1.321202e+03
-1.716900e+00 -1.046732e+02 1.321206e+03
-9.366800e+00 -1.057786e+02 1.321213e+03
-4.148300e+00 -1.057245e+02 1.321214e+03
-1.715770e+01 -1.039138e+02 1.321214e+03
-2.970000e+00 -1.063781e+02 1.321215e+03
-1.589590e+01 -1.040312e+02 1.321215e+03
-1.290600e+01 -1.062496e+02 1.321218e+03
-1.621190e+01 -1.039843e+02 1.321219e+03
-4.085800e+00 -1.055206e+02 1.321219e+03
-1.690160e+01 -1.037495e+02 1.321225e+03
-1.421760e+01 -1.054439e+02 1.321233e+03
-1.760940e+01 -1.036621e+02 1.321235e+03
-1.687510e+01 -1.042377e+02 1.321236e+03
-3.495400e+00 -1.066545e+02 1.321238e+03
-2.286300e+00 -1.057851e+02 1.321241e+03
-1.143720e+01 -1.072647e+02 1.321245e+03
-9.444700e+00 -1.066868e+02 1.321246e+03
-2.042600e+00 -1.038815e+02 1.321249e+03
-3.644300e+00 -1.047635e+02 1.321249e+03
-1.656050e+01 -1.038073e+02 1.321254e+03
-1.752170e+01 -1.039820e+02 1.321263e+03
-1.723830e+01 -1.034981e+02 1.321267e+03
-4.259000e+00 -1.063164e+02 1.321277e+03
-9.740000e+00 -1.054715e+02 1.321279e+03
-1.597740e+01 -1.047639e+02 1.321281e+03
-1.549610e+01 -1.039966e+02 1.321284e+03
-1.785950e+01 -1.038147e+02 1.321284e+03
-1.773610e+01 -1.033104e+02 1.321287e+03
-1.633290e+01 -1.045837e+02 1.321290e+03
-3.244100e+00 -1.065881e+02 1.321290e+03
-9.138500e+00 -1.060279e+02 1.321298e+03
-1.722120e+01 -1.042173e+02 1.321300e+03
-1.183020e+01 -1.070778e+02 1.321302e+03
-1.005970e+01 -1.070546e+02 1.321304e+03
-3.873600e+00 -1.050579e+02 1.321306e+03
-1.097450e+01 -1.049675e+02 1.321307e+03
-4.229300e+00 -1.065335e+02 1.321311e+03
-1.772340e+01 -1.040137e+02 1.321315e+03
-1.816200e+01 -1.034651e+02 1.321315e+03
-3.661200e+00 -1.067668e+02 1.321318e+03
-1.805840e+01 -1.032240e+02 1.321320e+03
-2.882800e+00 -1.040473e+02 1.321321e+03
-1.667830e+01 -1.044714e+02 1.321324e+03
-1.412170e+01 -1.042960e+02 1.321327e+03
-2.440900e+00 -1.038399e+02 1.321328e+03
-1.746710e+01 -1.032316e+02 1.321330e+03
-1.821460e+01 -1.032419e+02 1.321336e+03
-1.682290e+01 -1.035550e+02 1.321343e+03
-1.631740e+01 -1.037553e+02 1.321350e+03
-2.681200e+00 -1.038972e+02 1.321351e+03
-1.697020e+01 -1.044061e+02 1.321354e+03
-1.240150e+01 -1.046187e+02 1.321354e+03
-1.471450e+01 -1.052783e+02 1.321354e+03
-1.925200e+00 -1.043522e+02 1.321364e+03
-3.917000e+00 -1.068020e+02 1.321366e+03
-1.726110e+01 -1.032615e+02 1.321368e+03
-1.837680e+01 -1.032377e+02 1.321374e+03
-1.081160e+01 -1.073151e+02 1.321376e+03
-3.187700e+00 -1.042940e+02 1.321379e+03
-1.823470e+01 -1.037611e+02 1.321382e+03
-1.793960e+01 -1.030826e+02 1.321385e+03
-1.850380e+01 -1.032743e+02 1.321386e+03
-1.850550e+01 -1.033402e+02 1.321388e+03
-1.850050e+01 -1.032476e+02 1.321392e+03
-2.711600e+00 -1.062064e+02 1.321395e+03
-1.850860e+01 -1.034997e+02 1.321395e+03
-1.366610e+01 -1.057125e+02 1.321396e+03
-1.528060e+01 -1.040032e+02 1.321400e+03
-1.572400e+01 -1.049506e+02 1.321403e+03
-1.796150e+01 -1.040071e+02 1.321406e+03
-1.850590e+01 -1.035577e+02 1.321407e+03
-1.571770e+01 -1.038899e+02 1.321413e+03
-1.425300e+01 -1.042458e+02 1.321420e+03
-4.211300e+00 -1.067420e+02 1.321420e+03
-1.703630e+01 -1.033511e+02 1.321423e+03
-4.454400e+00 -1.059892e+02 1.321431e+03
-2.127400e+00 -1.055056e+02 1.321432e+03
-1.001460e+01 -1.053272e+02 1.321433e+03
-1.606700e+01 -1.037920e+02 1.321433e+03
-4.208000e+00 -1.054861e+02 1.321434e+03
-1.550120e+01 -1.039166e+02 1.321435e+03
-1.770480e+01 -1.030507e+02 1.321435e+03
-9.036900e+00 -1.063796e+02 1.321438e+03
-1.847450e+01 -1.030523e+02 1.321439e+03
-1.849770e+01 -1.036995e+02 1.321440e+03
-1.652080e+01 -1.035991e+02 1.321443e+03
-2.467900e+00 -1.059276e+02 1.321443e+03
-1.824050e+01 -1.030259e+02 1.321445e+03
-1.847070e+01 -1.030263e+02 1.321446e+03
-1.761120e+01 -1.042279e+02 1.321446e+03
-1.397210e+01 -1.043210e+02 1.321447e+03
-2.261300e+00 -1.056764e+02 1.321450e+03
-3.444000e+00 -1.068076e+02 1.321450e+03
-9.728900e+00 -1.070157e+02 1.321450e+03
-1.652850e+01 -1.046365e+02 1.321451e+03
-1.839670e+01 -1.038232e+02 1.321453e+03
-1.849450e+01 -1.037729e+02 1.321455e+03
-1.050010e+01 -1.051025e+02 1.321457e+03
-2.058600e+00 -1.053071e+02 1.321457e+03
-3.444200e+00 -1.045090e+02 1.321461e+03
-1.415270e+01 -1.042756e+02 1.321471e+03
-1.449900e+01 -1.041713e+02 1.321472e+03
-1.031930e+01 -1.051825e+02 1.321474e+03
-1.722290e+01 -1.044165e+02 1.321478e+03
-4.060500e+00 -1.052232e+02 1.321482e+03
-4.440600e+00 -1.065893e+02 1.321490e+03
-4.406400e+00 -1.057213e+02 1.321491e+03
-9.180700e+00 -1.057881e+02 1.321491e+03
-1.719090e+01 -1.032002e+02 1.321494e+03
-3.225800e+00 -1.067115e+02 1.321495e+03
-8.936300e+00 -1.061142e+02 1.321498e+03
-3.703800e+00 -1.069414e+02 1.321499e+03
-1.829380e+01 -1.039731e+02 1.321503e+03
-1.319840e+01 -1.044583e+02 1.321503e+03
-1.629410e+01 -1.036437e+02 1.321507e+03
-1.742700e+01 -1.030800e+02 1.321508e+03
-9.485900e+00 -1.055920e+02 1.321510e+03
-1.111750e+01 -1.073522e+02 1.321511e+03
-2.646600e+00 -1.040010e+02 1.321512e+03
-1.622780e+01 -1.047779e+02 1.321514e+03
-1.594770e+01 -1.048958e+02 1.321517e+03
-1.027120e+01 -1.072460e+02 1.321524e+03
-1.847160e+01 -1.039244e+02 1.321526e+03
-1.072070e+01 -1.050548e+02 1.321529e+03
-8.973400e+00 -1.059573e+02 1.321533e+03
-1.438170e+01 -1.053749e+02 1.321536e+03
-1.511640e+01 -1.051762e+02 1.321553e+03
-2.489800e+00 -1.040159e+02 1.321553e+03
-2.988700e+00 -1.065238e+02 1.321553e+03
-2.312100e+00 -1.041486e+02 1.321556e+03
-1.841840e+01 -1.028303e+02 1.321557e+03
-1.493470e+01 -1.040610e+02 1.321564e+03
-3.902700e+00 -1.070329e+02 1.321566e+03
-1.845720e+01 -1.040157e+02 1.321570e+03
-2.077900e+00 -1.049379e+02 1.321576e+03
-1.369840e+01 -1.043758e+02 1.321579e+03
-1.218620e+01 -1.067800e+02 1.321582e+03
-1.797010e+01 -1.028625e+02 1.321583e+03
-4.131200e+00 -1.070124e+02 1.321585e+03
-1.549720e+01 -1.050691e+02 1.321587e+03
-1.685320e+01 -1.045736e+02 1.321590e+03
-4.667500e+00 -1.063029e+02 1.321596e+03
-1.844580e+01 -1.040546e+02 1.321602e+03
-1.703500e+01 -1.032568e+02 1.321602e+03
-1.328810e+01 -1.059039e+02 1.321605e+03
-1.260320e+01 -1.063975e+02 1.321607e+03
-1.678230e+01 -1.034042e+02 1.321614e+03
-2.245800e+00 -1.055101e+02 1.321617e+03
-2.756500e+00 -1.041501e+02 1.321624e+03
-1.153000e+01 -1.048413e+02 1.321626e+03
-9.772100e+00 -1.054406e+02 1.321628e+03
-1.838700e+01 -1.027598e+02 1.321629e+03
-1.745730e+01 -1.044341e+02 1.321630e+03
-1.122060e+01 -1.049374e+02 1.321632e+03
-1.053840e+01 -1.073560e+02 1.321640e+03
-1.552250e+01 -1.038575e+02 1.321643e+03
-2.612400e+00 -1.060552e+02 1.321645e+03
-1.810910e+01 -1.042205e+02 1.321646e+03
-1.422650e+01 -1.042319e+02 1.321648e+03
-1.145520e+01 -1.072927e+02 1.321649e+03
-1.400770e+01 -1.055024e+02 1.321655e+03
-2.559100e+00 -1.041460e+02 1.321657e+03
-3.518500e+00 -1.069925e+02 1.321661e+03
-1.617870e+01 -1.036279e+02 1.321663e+03
-1.052030e+01 -1.051240e+02 1.321663e+03
-3.281800e+00 -1.044354e+02 1.321677e+03
-1.722370e+01 -1.031264e+02 1.321681e+03
-1.836280e+01 -1.026915e+02 1.321683e+03
-1.649950e+01 -1.047293e+02 1.321685e+03
-2.216400e+00 -1.052999e+02 1.321690e+03
-9.025100e+00 -1.067634e+02 1.321690e+03
-1.100280e+01 -1.050112e+02 1.321692e+03
-1.823350e+01 -1.027090e+02 1.321694e+03
-3.949200e+00 -1.049919e+02 1.321696e+03
-2.758900e+00 -1.062761e+02 1.321699e+03
-3.673600e+00 -1.047110e+02 1.321703e+03
-1.603380e+01 -1.049052e+02 1.321707e+03
-9.326500e+00 -1.070114e+02 1.321708e+03
-8.992000e+00 -1.058444e+02 1.321711e+03
-1.769520e+01 -1.028447e+02 1.321719e+03
-3.721400e+00 -1.071240e+02 1.321721e+03
-1.019840e+01 -1.052675e+02 1.321724e+03
-4.673100e+00 -1.057717e+02 1.321727e+03
-3.252600e+00 -1.068364e+02 1.321727e+03
-4.463400e+00 -1.055505e+02 1.321728e+03
-1.195020e+01 -1.047404e+02 1.321731e+03
-4.479300e+00 -1.070049e+02 1.321733e+03
-2.286700e+00 -1.045818e+02 1.321734e+03
-1.839750e+01 -1.042312e+02 1.321738e+03
-1.644980e+01 -1.035088e+02 1.321743e+03
-2.978200e+00 -1.043440e+02 1.321743e+03
-1.773360e+01 -1.044178e+02 1.321746e+03
-1.081480e+01 -1.074018e+02 1.321748e+03
-1.743010e+01 -1.029773e+02 1.321750e+03
-1.295150e+01 -1.060849e+02 1.321754e+03
-1.722540e+01 -1.045308e+02 1.321757e+03
-3.957900e+00 -1.072051e+02 1.321759e+03
-3.471300e+00 -1.045662e+02 1.321759e+03
-2.691600e+00 -1.042878e+02 1.321760e+03
-4.236600e+00 -1.052933e+02 1.321764e+03
-1.588690e+01 -1.037178e+02 1.321765e+03
-2.860400e+00 -1.064415e+02 1.321768e+03
-2.491900e+00 -1.043647e+02 1.321770e+03
-1.577140e+01 -1.049946e+02 1.321772e+03
-2.488500e+00 -1.057543e+02 1.321774e+03
-1.525330e+01 -1.039225e+02 1.321781e+03
-1.837930e+01 -1.042889e+02 1.321788e+03
-4.920400e+00 -1.059839e+02 1.321803e+03
-4.212000e+00 -1.072387e+02 1.321805e+03
-8.717700e+00 -1.061367e+02 1.321805e+03
-4.807100e+00 -1.066807e+02 1.321810e+03
-1.177780e+01 -1.071034e+02 1.321826e+03
-1.622560e+01 -1.048470e+02 1.321827e+03
-9.236100e+00 -1.056756e+02 1.321829e+03
-2.384500e+00 -1.054636e+02 1.321838e+03
-1.463860e+01 -1.052840e+02 1.321839e+03
-1.040400e+01 -1.051927e+02 1.321840e+03
-1.748820e+01 -1.045112e+02 1.321841e+03
-1.699900e+01 -1.032470e+02 1.321855e+03
-1.443370e+01 -1.041563e+02 1.321856e+03
-1.828550e+01 -1.025006e+02 1.321857e+03
-8.695200e+00 -1.065730e+02 1.321858e+03
-2.341500e+00 -1.052376e+02 1.321862e+03
-1.399570e+01 -1.043079e+02 1.321864e+03
-2.477700e+00 -1.045916e+02 1.321882e+03
-4.413200e+00 -1.072976e+02 1.321887e+03
-9.948200e+00 -1.073418e+02 1.321888e+03
-1.425310e+01 -1.053766e+02 1.321891e+03
-1.002110e+01 -1.053520e+02 1.321903e+03
-1.820180e+01 -1.024861e+02 1.321904e+03
-2.674600e+00 -1.060525e+02 1.321905e+03
-1.802480e+01 -1.025848e+02 1.321905e+03
-2.420200e+00 -1.047355e+02 1.321906e+03
-1.238260e+01 -1.064962e+02 1.321908e+03
-2.987800e+00 -1.066141e+02 1.321908e+03
-3.479000e+00 -1.071054e+02 1.321911e+03
-5.117200e+00 -1.062983e+02 1.321920e+03
-2.701000e+00 -1.045172e+02 1.321930e+03
-1.059720e+01 -1.074450e+02 1.321933e+03
-1.666280e+01 -1.046936e+02 1.321937e+03
-1.824900e+01 -1.023975e+02 1.321938e+03
-2.417600e+00 -1.049713e+02 1.321944e+03
-1.599030e+01 -1.049330e+02 1.321948e+03
-1.426080e+01 -1.042110e+02 1.321950e+03
-1.832180e+01 -1.045095e+02 1.321951e+03
-1.620890e+01 -1.035586e+02 1.321951e+03
-3.595200e+00 -1.046775e+02 1.321958e+03
-9.045900e+00 -1.070370e+02 1.321959e+03
-1.026070e+01 -1.052674e+02 1.321962e+03
-1.365830e+01 -1.044016e+02 1.321963e+03
-9.267200e+00 -1.071758e+02 1.321963e+03
-5.262900e+00 -1.059708e+02 1.321964e+03
-1.725550e+01 -1.030750e+02 1.321965e+03
-1.641130e+01 -1.047887e+02 1.321966e+03
-4.608700e+00 -1.072972e+02 1.321966e+03
-4.720700e+00 -1.055739e+02 1.321973e+03
-2.810000e+00 -1.063361e+02 1.321973e+03
-4.973400e+00 -1.057175e+02 1.321974e+03
-1.823350e+01 -1.023895e+02 1.321975e+03
-1.090230e+01 -1.050521e+02 1.321976e+03
-5.663400e+00 -1.057700e+02 1.321976e+03
-1.805310e+01 -1.044882e+02 1.321979e+03
-8.779000e+00 -1.068533e+02 1.321979e+03
-1.232490e+01 -1.046526e+02 1.321981e+03
-1.766680e+01 -1.045324e+02 1.321986e+03
-5.492800e+00 -1.058853e+02 1.321987e+03
-5.920000e+00 -1.057272e+02 1.321989e+03
-5.177000e+00 -1.058121e+02 1.321990e+03
-3.729200e+00 -1.072982e+02 1.321990e+03
-1.753980e+01 -1.028669e+02 1.321990e+03
-1.358180e+01 -1.056396e+02 1.321997e+03
-9.526200e+00 -1.072927e+02 1.321998e+03
-1.110320e+01 -1.074099e+02 1.321999e+03
-1.206590e+01 -1.067816e+02 1.322004e+03
-5.417200e+00 -1.060984e+02 1.322004e+03
-1.471770e+01 -1.040961e+02 1.322005e+03
-5.500100e+00 -1.057081e+02 1.322006e+03
-1.674060e+01 -1.033704e+02 1.322008e+03
-4.237600e+00 -1.074498e+02 1.322009e+03
-1.779070e+01 -1.026798e+02 1.322009e+03
-3.991900e+00 -1.074065e+02 1.322011e+03
-1.066090e+01 -1.051156e+02 1.322014e+03
-5.355700e+00 -1.057884e+02 1.322014e+03
-1.695740e+01 -1.046109e+02 1.322016e+03
-2.568000e+00 -1.047671e+02 1.322020e+03
-1.505500e+01 -1.039797e+02 1.322026e+03
-4.479000e+00 -1.053861e+02 1.322026e+03
-5.689400e+00 -1.060340e+02 1.322027e+03
-1.525690e+01 -1.038894e+02 1.322033e+03
-1.140540e+01 -1.048867e+02 1.322034e+03
-3.321300e+00 -1.045829e+02 1.322034e+03
-6.149700e+00 -1.055115e+02 1.322042e+03
-5.916300e+00 -1.054481e+02 1.322043e+03
-1.079900e+01 -1.074560e+02 1.322044e+03
-1.820400e+01 -1.023791e+02 1.322048e+03
-1.032920e+01 -1.074692e+02 1.322049e+03
-6.249100e+00 -1.058133e+02 1.322050e+03
-5.656800e+00 -1.055425e+02 1.322051e+03
-8.893200e+00 -1.058115e+02 1.322053e+03
-4.456400e+00 -1.074805e+02 1.322058e+03
-1.543040e+01 -1.050900e+02 1.322064e+03
-1.144900e+01 -1.073071e+02 1.322079e+03
-6.024700e+00 -1.060786e+02 1.322083e+03
-9.648200e+00 -1.054938e+02 1.322084e+03
-1.501740e+01 -1.051711e+02 1.322095e+03
-5.466900e+00 -1.063661e+02 1.322101e+03
-8.539100e+00 -1.059709e+02 1.322102e+03
-2.663900e+00 -1.058080e+02 1.322103e+03
-4.906400e+00 -1.071911e+02 1.322103e+03
-1.826240e+01 -1.045637e+02 1.322103e+03
-3.211700e+00 -1.069248e+02 1.322106e+03
-1.553990e+01 -1.037979e+02 1.322106e+03
-5.297100e+00 -1.055954e+02 1.322107e+03
-1.314840e+01 -1.058481e+02 1.322110e+03
-8.312100e+00 -1.064964e+02 1.322113e+03
-6.236900e+00 -1.060921e+02 1.322114e+03
-3.834100e+00 -1.048526e+02 1.322120e+03
-2.990800e+00 -1.046045e+02 1.322120e+03
-1.733810e+01 -1.045759e+02 1.322131e+03
-1.825110e+01 -1.045740e+02 1.322132e+03
-1.816900e+01 -1.023583e+02 1.322132e+03
-1.445380e+01 -1.041740e+02 1.322138e+03
-1.162510e+01 -1.072027e+02 1.322142e+03
-6.495900e+00 -1.058100e+02 1.322143e+03
-5.234600e+00 -1.067580e+02 1.322144e+03
-1.044610e+01 -1.052007e+02 1.322146e+03
-2.596800e+00 -1.054475e+02 1.322148e+03
-1.648240e+01 -1.034550e+02 1.322149e+03
-1.115420e+01 -1.049753e+02 1.322149e+03
-6.266100e+00 -1.053619e+02 1.322158e+03
-6.054600e+00 -1.052943e+02 1.322160e+03
-6.426000e+00 -1.060524e+02 1.322161e+03
-2.780700e+00 -1.047430e+02 1.322161e+03
-1.024000e+01 -1.052805e+02 1.322164e+03
-1.336090e+01 -1.044575e+02 1.322165e+03
-1.431930e+01 -1.052779e+02 1.322165e+03
-6.435900e+00 -1.055644e+02 1.322168e+03
-1.393930e+01 -1.054075e+02 1.322171e+03
-4.282400e+00 -1.075996e+02 1.322171e+03
-4.692700e+00 -1.075088e+02 1.322172e+03
-8.231300e+00 -1.061917e+02 1.322173e+03
-4.977600e+00 -1.055122e+02 1.322181e+03
-1.420100e+01 -1.042866e+02 1.322183e+03
-1.799640e+01 -1.025073e+02 1.322185e+03
-8.664200e+00 -1.058486e+02 1.322185e+03
-1.578420e+01 -1.049769e+02 1.322189e+03
-1.814610e+01 -1.023591e+02 1.322189e+03
-1.822630e+01 -1.046024e+02 1.322196e+03
-5.791500e+00 -1.063871e+02 1.322197e+03
-1.282430e+01 -1.045353e+02 1.322200e+03
-1.090050e+01 -1.074737e+02 1.322205e+03
-1.060780e+01 -1.075136e+02 1.322206e+03
-1.392080e+01 -1.043898e+02 1.322206e+03
-1.612970e+01 -1.048631e+02 1.322206e+03
-1.077050e+01 -1.074943e+02 1.322212e+03
-8.448000e+00 -1.068483e+02 1.322213e+03
-4.214500e+00 -1.051320e+02 1.322214e+03
-3.594700e+00 -1.047285e+02 1.322219e+03
-1.468120e+01 -1.051885e+02 1.322219e+03
-4.724200e+00 -1.054236e+02 1.322221e+03
-1.206430e+01 -1.047117e+02 1.322225e+03
-1.770980e+01 -1.045859e+02 1.322227e+03
-1.270240e+01 -1.060836e+02 1.322230e+03
-2.688300e+00 -1.056855e+02 1.322232e+03
-5.484600e+00 -1.053775e+02 1.322234e+03
-1.599710e+01 -1.036292e+02 1.322238e+03
-9.184200e+00 -1.072961e+02 1.322240e+03
-1.802820e+01 -1.046033e+02 1.322241e+03
-6.678000e+00 -1.059431e+02 1.322242e+03
-3.468600e+00 -1.072390e+02 1.322244e+03
-1.176140e+01 -1.070347e+02 1.322248e+03
-9.261400e+00 -1.056406e+02 1.322250e+03
-5.759400e+00 -1.052702e+02 1.322253e+03
-1.626790e+01 -1.035188e+02 1.322254e+03
-1.644790e+01 -1.047510e+02 1.322258e+03
-8.795300e+00 -1.071033e+02 1.322259e+03
-6.663000e+00 -1.057212e+02 1.322260e+03
-2.708000e+00 -1.050220e+02 1.322262e+03
-1.670570e+01 -1.046671e+02 1.322263e+03
-4.077800e+00 -1.076118e+02 1.322266e+03
-1.703230e+01 -1.032394e+02 1.322267e+03
-2.770300e+00 -1.060723e+02 1.322267e+03
-1.169730e+01 -1.047951e+02 1.322271e+03
-8.284100e+00 -1.059922e+02 1.322276e+03
-5.563500e+00 -1.066596e+02 1.322279e+03
-1.819150e+01 -1.046243e+02 1.322284e+03
-6.435500e+00 -1.053600e+02 1.322290e+03
-4.447500e+00 -1.076974e+02 1.322294e+03
-1.738530e+01 -1.030101e+02 1.322297e+03
-7.926600e+00 -1.064258e+02 1.322302e+03
-4.521000e+00 -1.053031e+02 1.322302e+03
-6.663400e+00 -1.062263e+02 1.322303e+03
-2.730300e+00 -1.058053e+02 1.322305e+03
-1.524320e+01 -1.039033e+02 1.322307e+03
-4.910000e+00 -1.075641e+02 1.322313e+03
-7.940200e+00 -1.062333e+02 1.322315e+03
-8.487500e+00 -1.058747e+02 1.322317e+03
-4.226900e+00 -1.077033e+02 1.322318e+03
-1.426270e+01 -1.051863e+02 1.322325e+03
-1.778100e+01 -1.027117e+02 1.322326e+03
-6.250300e+00 -1.052277e+02 1.322328e+03
-1.445200e+01 -1.051385e+02 1.322333e+03
-6.880100e+00 -1.060550e+02 1.322334e+03
-1.006590e+01 -1.053307e+02 1.322339e+03
-1.099780e+01 -1.074763e+02 1.322341e+03
-1.443610e+01 -1.042530e+02 1.322345e+03
-3.205100e+00 -1.047011e+02 1.322349e+03
-1.408330e+01 -1.044328e+02 1.322355e+03
-3.764200e+00 -1.074982e+02 1.322356e+03
-9.721100e+00 -1.075353e+02 1.322358e+03
-1.521910e+01 -1.050823e+02 1.322360e+03
-1.427610e+01 -1.043575e+02 1.322361e+03
-1.365950e+01 -1.044715e+02 1.322363e+03
-2.716900e+00 -1.056529e+02 1.322364e+03
-1.063370e+01 -1.051321e+02 1.322365e+03
-1.807830e+01 -1.024521e+02 1.322366e+03
-1.465080e+01 -1.041780e+02 1.322373e+03
-2.961900e+00 -1.065643e+02 1.322377e+03
-6.260000e+00 -1.065346e+02 1.322382e+03
-5.805900e+00 -1.066935e+02 1.322382e+03
-6.934600e+00 -1.058143e+02 1.322383e+03
-5.212900e+00 -1.053484e+02 1.322386e+03
-9.023800e+00 -1.057131e+02 1.322387e+03
-4.928200e+00 -1.053773e+02 1.322388e+03
-6.987200e+00 -1.062700e+02 1.322389e+03
-5.300900e+00 -1.072039e+02 1.322391e+03
-1.407150e+01 -1.052153e+02 1.322392e+03
-5.640900e+00 -1.067948e+02 1.322393e+03
-1.361340e+01 -1.054968e+02 1.322395e+03
-7.672400e+00 -1.062205e+02 1.322395e+03
-8.748200e+00 -1.057805e+02 1.322403e+03
-1.806360e+01 -1.024837e+02 1.322405e+03
-1.120070e+01 -1.074109e+02 1.322406e+03
-7.132100e+00 -1.060393e+02 1.322407e+03
-5.521600e+00 -1.069426e+02 1.322409e+03
-7.963900e+00 -1.060226e+02 1.322412e+03
-1.677480e+01 -1.033726e+02 1.322413e+03
-1.077290e+01 -1.075409e+02 1.322414e+03
-1.558070e+01 -1.050036e+02 1.322415e+03
-1.388980e+01 -1.044962e+02 1.322416e+03
-1.467860e+01 -1.050612e+02 1.322417e+03
-7.312000e+00 -1.062632e+02 1.322418e+03
-1.344740e+01 -1.044749e+02 1.322419e+03
-1.621070e+01 -1.035502e+02 1.322424e+03
-6.004200e+00 -1.051341e+02 1.322425e+03
-7.535000e+00 -1.065121e+02 1.322426e+03
-4.128300e+00 -1.077356e+02 1.322426e+03
-1.192120e+01 -1.067711e+02 1.322427e+03
-3.443300e+00 -1.047381e+02 1.322430e+03
-7.901000e+00 -1.068035e+02 1.322430e+03
-6.737400e+00 -1.055053e+02 1.322431e+03
-5.495600e+00 -1.052210e+02 1.322434e+03
-9.460800e+00 -1.075081e+02 1.322436e+03
-1.779020e+01 -1.046292e+02 1.322437e+03
-1.813060e+01 -1.046653e+02 1.322439e+03
-1.221830e+01 -1.064138e+02 1.322440e+03
-3.004100e+00 -1.048471e+02 1.322443e+03
-1.322740e+01 -1.044875e+02 1.322444e+03
-5.143300e+00 -1.075313e+02 1.322444e+03
-1.539690e+01 -1.050374e+02 1.322446e+03
-1.800390e+01 -1.046502e+02 1.322446e+03
-7.415000e+00 -1.060232e+02 1.322448e+03
-4.739800e+00 -1.078006e+02 1.322451e+03
-1.426630e+01 -1.050231e+02 1.322453e+03
-1.235280e+01 -1.046352e+02 1.322453e+03
-7.170700e+00 -1.064859e+02 1.322453e+03
-2.759000e+00 -1.052780e+02 1.322456e+03
-1.494690e+01 -1.050328e+02 1.322457e+03
-1.040620e+01 -1.051996e+02 1.322458e+03
-6.478600e+00 -1.052817e+02 1.322459e+03
-1.424280e+01 -1.045086e+02 1.322461e+03
-7.653400e+00 -1.059821e+02 1.322467e+03
-7.231200e+00 -1.058525e+02 1.322468e+03
-6.835100e+00 -1.065589e+02 1.322471e+03
-3.222000e+00 -1.070299e+02 1.322471e+03
-1.498390e+01 -1.040669e+02 1.322473e+03
-1.456870e+01 -1.042645e+02 1.322474e+03
-5.718900e+00 -1.068832e+02 1.322475e+03
-1.445270e+01 -1.043674e+02 1.322478e+03
-1.088890e+01 -1.050419e+02 1.322478e+03
-4.252900e+00 -1.078037e+02 1.322478e+03
-1.001830e+01 -1.076181e+02 1.322485e+03
-1.146790e+01 -1.072466e+02 1.322485e+03
-1.453400e+01 -1.049553e+02 1.322492e+03
-8.241400e+00 -1.058784e+02 1.322493e+03
-1.330530e+01 -1.056207e+02 1.322494e+03
-1.691690e+01 -1.045832e+02 1.322496e+03
-4.735100e+00 -1.053105e+02 1.322497e+03
-8.966100e+00 -1.073457e+02 1.322500e+03
-3.988100e+00 -1.049682e+02 1.322500e+03
-1.298580e+01 -1.057877e+02 1.322503e+03
-1.400740e+01 -1.045981e+02 1.322504e+03
-1.302140e+01 -1.044993e+02 1.322509e+03
-8.500700e+00 -1.071626e+02 1.322512e+03
-5.001200e+00 -1.077661e+02 1.322513e+03
-1.802290e+01 -1.025684e+02 1.322514e+03
-8.206900e+00 -1.070671e+02 1.322524e+03
-1.648910e+01 -1.034854e+02 1.322527e+03
-2.764500e+00 -1.055051e+02 1.322528e+03
-7.466800e+00 -1.058205e+02 1.322534e+03
-1.138200e+01 -1.048764e+02 1.322534e+03
-1.442220e+01 -1.048107e+02 1.322538e+03
-1.418560e+01 -1.047596e+02 1.322539e+03
-7.171100e+00 -1.056665e+02 1.322544e+03
-3.720100e+00 -1.048455e+02 1.322545e+03
-4.467800e+00 -1.079029e+02 1.322550e+03
-9.530200e+00 -1.055250e+02 1.322551e+03
-7.732000e+00 -1.058467e+02 1.322559e+03
-1.580430e+01 -1.037376e+02 1.322559e+03
-1.743440e+01 -1.045813e+02 1.322559e+03
-8.743600e+00 -1.072904e+02 1.322562e+03
-1.698930e+01 -1.033094e+02 1.322564e+03
-2.791100e+00 -1.057935e+02 1.322566e+03
-5.537400e+00 -1.072267e+02 1.322568e+03
-1.618930e+01 -1.047653e+02 1.322572e+03
-1.475630e+01 -1.049101e+02 1.322572e+03
-1.650490e+01 -1.046582e+02 1.322576e+03
-1.524020e+01 -1.039403e+02 1.322579e+03
-1.448560e+01 -1.045740e+02 1.322579e+03
-7.279400e+00 -1.068074e+02 1.322580e+03
-4.485400e+00 -1.052118e+02 1.322585e+03
-1.375080e+01 -1.046066e+02 1.322588e+03
-1.806850e+01 -1.046855e+02 1.322595e+03
-5.716100e+00 -1.070928e+02 1.322595e+03
-5.934500e+00 -1.069640e+02 1.322596e+03
-1.580280e+01 -1.048723e+02 1.322597e+03
-1.548280e+01 -1.038577e+02 1.322600e+03
-1.396710e+01 -1.050241e+02 1.322602e+03
-8.495100e+00 -1.057985e+02 1.322606e+03
-2.914100e+00 -1.051131e+02 1.322609e+03
-1.348550e+01 -1.054749e+02 1.322612e+03
-1.045810e+01 -1.076369e+02 1.322614e+03
-1.094480e+01 -1.075257e+02 1.322619e+03
-1.345050e+01 -1.045493e+02 1.322619e+03
-1.369770e+01 -1.052993e+02 1.322620e+03
-1.065410e+01 -1.051007e+02 1.322621e+03
-1.524060e+01 -1.049464e+02 1.322622e+03
-1.472520e+01 -1.043193e+02 1.322626e+03
-1.765410e+01 -1.029220e+02 1.322629e+03
-5.014100e+00 -1.052577e+02 1.322630e+03
-1.464860e+01 -1.047524e+02 1.322631e+03
-1.723290e+01 -1.032031e+02 1.322631e+03
-6.306600e+00 -1.051547e+02 1.322632e+03
-1.116040e+01 -1.049468e+02 1.322634e+03
-1.257690e+01 -1.045743e+02 1.322634e+03
-3.301500e+00 -1.048294e+02 1.322638e+03
-1.617530e+01 -1.036237e+02 1.322643e+03
-6.011200e+00 -1.050513e+02 1.322651e+03
-9.263800e+00 -1.056156e+02 1.322654e+03
-5.730800e+00 -1.050758e+02 1.322655e+03
-1.549260e+01 -1.049293e+02 1.322655e+03
-6.666000e+00 -1.053188e+02 1.322656e+03
-4.008700e+00 -1.077595e+02 1.322658e+03
-3.448500e+00 -1.073292e+02 1.322662e+03
-1.073410e+01 -1.076033e+02 1.322662e+03
-9.218300e+00 -1.075364e+02 1.322663e+03
-9.858300e+00 -1.053798e+02 1.322666e+03
-5.336700e+00 -1.051599e+02 1.322669e+03
-1.386590e+01 -1.047954e+02 1.322670e+03
-4.273500e+00 -1.079150e+02 1.322671e+03
-8.977200e+00 -1.056999e+02 1.322677e+03
-1.314320e+01 -1.045289e+02 1.322681e+03
-2.861200e+00 -1.053265e+02 1.322682e+03
-1.796010e+01 -1.027033e+02 1.322682e+03
-1.783950e+01 -1.046431e+02 1.322685e+03
-7.980600e+00 -1.057998e+02 1.322689e+03
-7.569500e+00 -1.070600e+02 1.322690e+03
-1.283600e+01 -1.045428e+02 1.322692e+03
-1.802970e+01 -1.047058e+02 1.322693e+03
-4.220300e+00 -1.050927e+02 1.322695e+03
-3.522000e+00 -1.048341e+02 1.322702e+03
-7.550200e+00 -1.056774e+02 1.322707e+03
-5.208300e+00 -1.078467e+02 1.322708e+03
-2.855700e+00 -1.061410e+02 1.322711e+03
-5.475200e+00 -1.075794e+02 1.322719e+03
-5.684700e+00 -1.073424e+02 1.322721e+03
-1.475040e+01 -1.045542e+02 1.322723e+03
-7.065100e+00 -1.054848e+02 1.322728e+03
-3.243300e+00 -1.071021e+02 1.322734e+03
-3.698700e+00 -1.075868e+02 1.322737e+03
-7.889000e+00 -1.071957e+02 1.322739e+03
-1.277730e+01 -1.057796e+02 1.322739e+03
-1.499460e+01 -1.047271e+02 1.322749e+03
-4.643800e+00 -1.080423e+02 1.322750e+03
-1.022290e+01 -1.052226e+02 1.322751e+03
-4.946700e+00 -1.080224e+02 1.322753e+03
-8.283300e+00 -1.057891e+02 1.322755e+03
-8.736900e+00 -1.057396e+02 1.322756e+03
-1.201610e+01 -1.047232e+02 1.322756e+03
-1.699280e+01 -1.033694e+02 1.322758e+03
-1.792990e+01 -1.027754e+02 1.322764e+03
-1.050140e+01 -1.051192e+02 1.322776e+03
-3.098200e+00 -1.068426e+02 1.322777e+03
-4.421900e+00 -1.080205e+02 1.322780e+03
-1.502560e+01 -1.042055e+02 1.322784e+03
-1.532800e+01 -1.040241e+02 1.322788e+03
-1.559130e+01 -1.048370e+02 1.322789e+03
-1.791910e+01 -1.028013e+02 1.322793e+03
-1.624650e+01 -1.046423e+02 1.322794e+03
-1.599590e+01 -1.047226e+02 1.322798e+03
-5.890900e+00 -1.072999e+02 1.322798e+03
-8.618500e+00 -1.074092e+02 1.322799e+03
-1.574170e+01 -1.038485e+02 1.322802e+03
-1.723220e+01 -1.032680e+02 1.322803e+03
-6.802900e+00 -1.070786e+02 1.322812e+03
-8.905800e+00 -1.075095e+02 1.322812e+03
-1.301580e+01 -1.056081e+02 1.322818e+03
-1.160720e+01 -1.069897e+02 1.322821e+03
-7.249700e+00 -1.071442e+02 1.322824e+03
-1.330420e+01 -1.054335e+02 1.322828e+03
-1.797280e+01 -1.046734e+02 1.322831e+03
-1.559410e+01 -1.039241e+02 1.322836e+03
-1.351100e+01 -1.047612e+02 1.322837e+03
-1.602280e+01 -1.037784e+02 1.322838e+03
-1.326320e+01 -1.046297e+02 1.322839e+03
-1.498600e+01 -1.044101e+02 1.322841e+03
-1.235370e+01 -1.046482e+02 1.322846e+03
-3.190100e+00 -1.050452e+02 1.322853e+03
-4.789700e+00 -1.052090e+02 1.322854e+03
-1.359920e+01 -1.050475e+02 1.322857e+03
-1.652040e+01 -1.044765e+02 1.322857e+03
-2.916400e+00 -1.055393e+02 1.322858e+03
-1.115630e+01 -1.074130e+02 1.322859e+03
-1.185920e+01 -1.066139e+02 1.322859e+03
-1.139010e+01 -1.072338e+02 1.322860e+03
-1.705370e+01 -1.044351e+02 1.322861e+03
-3.012000e+00 -1.052614e+02 1.322865e+03
-1.545710e+01 -1.047188e+02 1.322866e+03
-1.257830e+01 -1.045959e+02 1.322866e+03
-3.678200e+00 -1.049167e+02 1.322866e+03
-1.628140e+01 -1.036884e+02 1.322867e+03
-2.870900e+00 -1.058396e+02 1.322868e+03
-1.574560e+01 -1.047311e+02 1.322870e+03
-3.944700e+00 -1.049989e+02 1.322873e+03
-1.664090e+01 -1.035956e+02 1.322874e+03
-1.346030e+01 -1.052573e+02 1.322889e+03
-1.126690e+01 -1.048786e+02 1.322890e+03
-6.084700e+00 -1.050687e+02 1.322894e+03
-9.577300e+00 -1.077379e+02 1.322900e+03
-5.781900e+00 -1.075603e+02 1.322904e+03
-1.104260e+01 -1.049399e+02 1.322904e+03
-8.256800e+00 -1.074086e+02 1.322907e+03
-8.923600e+00 -1.056870e+02 1.322910e+03
-1.751920e+01 -1.031968e+02 1.322911e+03
-1.297610e+01 -1.046282e+02 1.322913e+03
-1.527380e+01 -1.042215e+02 1.322916e+03
-3.473700e+00 -1.049434e+02 1.322919e+03
-7.846000e+00 -1.056924e+02 1.322921e+03
-2.963500e+00 -1.064776e+02 1.322922e+03
-1.244090e+01 -1.059159e+02 1.322922e+03
-4.483200e+00 -1.051702e+02 1.322924e+03
-1.758220e+01 -1.045003e+02 1.322930e+03
-5.161000e+00 -1.051345e+02 1.322931e+03
-1.075400e+01 -1.050125e+02 1.322933e+03
-1.535640e+01 -1.044263e+02 1.322935e+03
-5.410600e+00 -1.079575e+02 1.322935e+03
-1.603000e+01 -1.045563e+02 1.322937e+03
-7.519300e+00 -1.073271e+02 1.322939e+03
-1.792750e+01 -1.046413e+02 1.322940e+03
-1.786210e+01 -1.029441e+02 1.322947e+03
-4.219000e+00 -1.079678e+02 1.322950e+03
-5.501700e+00 -1.050437e+02 1.322951e+03
-1.583970e+01 -1.040719e+02 1.322955e+03
-5.967000e+00 -1.074987e+02 1.322955e+03
-1.573270e+01 -1.046084e+02 1.322958e+03
-5.199800e+00 -1.081184e+02 1.322959e+03
-1.076580e+01 -1.076136e+02 1.322963e+03
-1.271460e+01 -1.046288e+02 1.322963e+03
-3.785900e+00 -1.076894e+02 1.322973e+03
-1.642120e+01 -1.038214e+02 1.322980e+03
-1.576430e+01 -1.044354e+02 1.322983e+03
-1.005510e+01 -1.077882e+02 1.322985e+03
-1.619210e+01 -1.043175e+02 1.322992e+03
-6.228200e+00 -1.074134e+02 1.322993e+03
-8.781300e+00 -1.057003e+02 1.322995e+03
-1.304180e+01 -1.054633e+02 1.322996e+03
-1.716580e+01 -1.034908e+02 1.322997e+03
-2.906800e+00 -1.059903e+02 1.323006e+03
-8.540200e+00 -1.057308e+02 1.323008e+03
-5.792300e+00 -1.050158e+02 1.323009e+03
-5.003800e+00 -1.082181e+02 1.323016e+03
-9.146400e+00 -1.077002e+02 1.323020e+03
-4.240700e+00 -1.051114e+02 1.323024e+03
-1.313070e+01 -1.047908e+02 1.323028e+03
-7.467700e+00 -1.055700e+02 1.323030e+03
-9.175000e+00 -1.055972e+02 1.323035e+03
-1.328820e+01 -1.049711e+02 1.323036e+03
-2.925900e+00 -1.061973e+02 1.323037e+03
-1.153670e+01 -1.048079e+02 1.323037e+03
-1.673210e+01 -1.041382e+02 1.323039e+03
-8.183600e+00 -1.057394e+02 1.323040e+03
-1.782400e+01 -1.031284e+02 1.323058e+03
-4.769600e+00 -1.082223e+02 1.323061e+03
-1.314570e+01 -1.052504e+02 1.323067e+03
-9.604100e+00 -1.054370e+02 1.323069e+03
-1.203440e+01 -1.062555e+02 1.323070e+03
-6.723800e+00 -1.053151e+02 1.323071e+03
-1.248520e+01 -1.046897e+02 1.323072e+03
-1.278390e+01 -1.055392e+02 1.323077e+03
-1.735280e+01 -1.042855e+02 1.323088e+03
-3.557700e+00 -1.074830e+02 1.323092e+03
-1.043680e+01 -1.050823e+02 1.323092e+03
-5.952500e+00 -1.077103e+02 1.323098e+03
-1.708350e+01 -1.037618e+02 1.323106e+03
-4.473100e+00 -1.081432e+02 1.323109e+03
-1.119370e+01 -1.048601e+02 1.323109e+03
-3.275600e+00 -1.070926e+02 1.323109e+03
-5.692700e+00 -1.079264e+02 1.323110e+03
-7.151800e+00 -1.074386e+02 1.323113e+03
-1.041990e+01 -1.077483e+02 1.323115e+03
-1.222220e+01 -1.047353e+02 1.323118e+03
-7.795500e+00 -1.075208e+02 1.323122e+03
-3.972300e+00 -1.078356e+02 1.323124e+03
-1.784660e+01 -1.044618e+02 1.323125e+03
-8.945300e+00 -1.056459e+02 1.323126e+03
-3.423400e+00 -1.051149e+02 1.323130e+03
-3.005700e+00 -1.057420e+02 1.323137e+03
-4.713300e+00 -1.051782e+02 1.323140e+03
-1.779490e+01 -1.032477e+02 1.323141e+03
-1.783110e+01 -1.043961e+02 1.323157e+03
-1.097730e+01 -1.049039e+02 1.323162e+03
-1.756110e+01 -1.035271e+02 1.323173e+03
-1.162680e+01 -1.067684e+02 1.323173e+03
-3.075200e+00 -1.066958e+02 1.323174e+03
-3.002000e+00 -1.065111e+02 1.323179e+03
-1.005440e+01 -1.052215e+02 1.323186e+03
-1.269820e+01 -1.048149e+02 1.323189e+03
-3.723700e+00 -1.050802e+02 1.323191e+03
-3.212900e+00 -1.053802e+02 1.323193e+03
-1.781280e+01 -1.043272e+02 1.323196e+03
-1.293940e+01 -1.050216e+02 1.323196e+03
-5.672100e+00 -1.050195e+02 1.323203e+03
-4.496200e+00 -1.051668e+02 1.323205e+03
-5.011400e+00 -1.051384e+02 1.323205e+03
-4.062800e+00 -1.051074e+02 1.323210e+03
-8.792700e+00 -1.056613e+02 1.323211e+03
-7.912400e+00 -1.056881e+02 1.323215e+03
-1.764970e+01 -1.042191e+02 1.323221e+03
-1.194730e+01 -1.047855e+02 1.323223e+03
-7.448600e+00 -1.075745e+02 1.323224e+03
-9.764000e+00 -1.078804e+02 1.323230e+03
-5.138000e+00 -1.083170e+02 1.323230e+03
-1.776450e+01 -1.034460e+02 1.323235e+03
-4.936900e+00 -1.083335e+02 1.323238e+03
-1.744280e+01 -1.040163e+02 1.323239e+03
-5.414900e+00 -1.082299e+02 1.323240e+03
-1.128290e+01 -1.072273e+02 1.323242e+03
-4.293800e+00 -1.051508e+02 1.323254e+03
-5.384800e+00 -1.050576e+02 1.323255e+03
-1.778390e+01 -1.042485e+02 1.323261e+03
-8.737000e+00 -1.077313e+02 1.323262e+03
-3.030400e+00 -1.065555e+02 1.323269e+03
-1.775330e+01 -1.035118e+02 1.323269e+03
-1.756050e+01 -1.037877e+02 1.323271e+03
-1.237850e+01 -1.048041e+02 1.323277e+03
-9.949200e+00 -1.078845e+02 1.323280e+03
-9.216400e+00 -1.078418e+02 1.323281e+03
-3.765300e+00 -1.076955e+02 1.323287e+03
-3.028900e+00 -1.060037e+02 1.323287e+03
-3.022300e+00 -1.064787e+02 1.323301e+03
-1.272720e+01 -1.052677e+02 1.323302e+03
-1.145820e+01 -1.069674e+02 1.323305e+03
-4.615100e+00 -1.082839e+02 1.323309e+03
-1.015740e+01 -1.078455e+02 1.323310e+03
-8.421800e+00 -1.057133e+02 1.323311e+03
-1.172350e+01 -1.065098e+02 1.323314e+03
-3.040700e+00 -1.063169e+02 1.323338e+03
-1.773230e+01 -1.037646e+02 1.323344e+03
-1.773210e+01 -1.037667e+02 1.323345e+03
-1.217350e+01 -1.048276e+02 1.323346e+03
-6.762400e+00 -1.076844e+02 1.323355e+03
-6.042100e+00 -1.051199e+02 1.323355e+03
-7.675400e+00 -1.056418e+02 1.323358e+03
-3.510200e+00 -1.052529e+02 1.323363e+03
-1.772940e+01 -1.038955e+02 1.323363e+03
-1.076110e+01 -1.049339e+02 1.323365e+03
-6.993500e+00 -1.054453e+02 1.323365e+03
-1.262390e+01 -1.050638e+02 1.323366e+03
-1.095870e+01 -1.074940e+02 1.323367e+03
-7.312500e+00 -1.055371e+02 1.323369e+03
-1.772980e+01 -1.040366e+02 1.323375e+03
-1.116640e+01 -1.048426e+02 1.323375e+03
-9.393100e+00 -1.054737e+02 1.323382e+03
-1.772630e+01 -1.040241e+02 1.323383e+03
-1.242500e+01 -1.055310e+02 1.323392e+03
-6.770200e+00 -1.054013e+02 1.323417e+03
-6.422300e+00 -1.078465e+02 1.323420e+03
-4.481000e+00 -1.051812e+02 1.323425e+03
-9.453100e+00 -1.079279e+02 1.323426e+03
-5.682300e+00 -1.082532e+02 1.323429e+03
-3.930900e+00 -1.078396e+02 1.323433e+03
-1.210640e+01 -1.058969e+02 1.323438e+03
-8.670700e+00 -1.056556e+02 1.323441e+03
-8.211200e+00 -1.057131e+02 1.323443e+03
-1.063710e+01 -1.076831e+02 1.323446e+03
-9.991900e+00 -1.079018e+02 1.323448e+03
-1.144380e+01 -1.048230e+02 1.323458e+03
-3.622100e+00 -1.075565e+02 1.323464e+03
-4.804400e+00 -1.051682e+02 1.323465e+03
-1.200710e+01 -1.048783e+02 1.323465e+03
-5.647100e+00 -1.050561e+02 1.323467e+03
-1.183570e+01 -1.062295e+02 1.323469e+03
-4.259300e+00 -1.051837e+02 1.323471e+03
-1.036830e+01 -1.077993e+02 1.323472e+03
-4.149500e+00 -1.080282e+02 1.323473e+03
-1.171680e+01 -1.048547e+02 1.323477e+03
-1.246260e+01 -1.052367e+02 1.323481e+03
-3.981100e+00 -1.051957e+02 1.323485e+03
-7.576100e+00 -1.077785e+02 1.323489e+03
-3.296400e+00 -1.070587e+02 1.323490e+03
-6.483000e+00 -1.053226e+02 1.323491e+03
-3.222700e+00 -1.057287e+02 1.323493e+03
-3.110700e+00 -1.065260e+02 1.323500e+03
-1.227630e+01 -1.050159e+02 1.323503e+03
-5.449000e+00 -1.050633e+02 1.323509e+03
-7.209100e+00 -1.077851e+02 1.323509e+03
-9.047000e+00 -1.055571e+02 1.323512e+03
-5.008800e+00 -1.084509e+02 1.323516e+03
-3.439400e+00 -1.072935e+02 1.323516e+03
-6.074700e+00 -1.081028e+02 1.323524e+03
-5.218000e+00 -1.051090e+02 1.323531e+03
-1.147750e+01 -1.067582e+02 1.323536e+03
-1.037730e+01 -1.050351e+02 1.323546e+03
-4.772200e+00 -1.084155e+02 1.323548e+03
-9.616100e+00 -1.053684e+02 1.323563e+03
-3.727000e+00 -1.052930e+02 1.323563e+03
-6.934600e+00 -1.054948e+02 1.323568e+03
-9.844300e+00 -1.052640e+02 1.323573e+03
-9.735400e+00 -1.079554e+02 1.323575e+03
-8.046000e+00 -1.078503e+02 1.323588e+03
-5.482600e+00 -1.084360e+02 1.323589e+03
-9.067200e+00 -1.079479e+02 1.323589e+03
-3.223600e+00 -1.068191e+02 1.323591e+03
-5.231800e+00 -1.084740e+02 1.323593e+03
-7.168800e+00 -1.055511e+02 1.323595e+03
-7.935300e+00 -1.056987e+02 1.323596e+03
-3.476000e+00 -1.054802e+02 1.323599e+03
-3.966900e+00 -1.078961e+02 1.323607e+03
-8.469600e+00 -1.056744e+02 1.323619e+03
-1.216020e+01 -1.056032e+02 1.323632e+03
-3.805800e+00 -1.077549e+02 1.323637e+03
-1.222240e+01 -1.053531e+02 1.323642e+03
-1.150920e+01 -1.048750e+02 1.323649e+03
-7.626300e+00 -1.056573e+02 1.323657e+03
-1.008770e+01 -1.051416e+02 1.323659e+03
-1.128820e+01 -1.048634e+02 1.323663e+03
-1.100370e+01 -1.048756e+02 1.323666e+03
-1.105820e+01 -1.073365e+02 1.323671e+03
-7.396600e+00 -1.056128e+02 1.323676e+03
-1.187370e+01 -1.050143e+02 1.323681e+03
-6.002100e+00 -1.051880e+02 1.323688e+03
-3.233700e+00 -1.060204e+02 1.323696e+03
-1.123800e+01 -1.070611e+02 1.323701e+03
-5.805100e+00 -1.051402e+02 1.323710e+03
-1.069250e+01 -1.049243e+02 1.323716e+03
-6.212800e+00 -1.052966e+02 1.323719e+03
-4.462000e+00 -1.083261e+02 1.323724e+03
-1.196650e+01 -1.057679e+02 1.323730e+03
-3.941900e+00 -1.053201e+02 1.323738e+03
-1.163410e+01 -1.049667e+02 1.323742e+03
-6.437400e+00 -1.054082e+02 1.323751e+03
-6.683500e+00 -1.054980e+02 1.323752e+03
-1.176510e+01 -1.060454e+02 1.323755e+03
-6.585000e+00 -1.081072e+02 1.323756e+03
-4.589800e+00 -1.052241e+02 1.323759e+03
-1.152030e+01 -1.064356e+02 1.323764e+03
-5.489600e+00 -1.051252e+02 1.323765e+03
-4.213600e+00 -1.052729e+02 1.323771e+03
-5.707500e+00 -1.084732e+02 1.323788e+03
-1.006460e+01 -1.079032e+02 1.323790e+03
-6.965000e+00 -1.080311e+02 1.323791e+03
-3.346900e+00 -1.070387e+02 1.323797e+03
-1.194500e+01 -1.052650e+02 1.323806e+03
-9.420800e+00 -1.054083e+02 1.323815e+03
-1.048220e+01 -1.049731e+02 1.323818e+03
-1.196670e+01 -1.055407e+02 1.323821e+03
-3.634900e+00 -1.075462e+02 1.323827e+03
-3.967300e+00 -1.079516e+02 1.323837e+03
-1.044830e+01 -1.077587e+02 1.323838e+03
-1.141000e+01 -1.049662e+02 1.323853e+03
-1.117840e+01 -1.049175e+02 1.323860e+03
-7.007300e+00 -1.056214e+02 1.323878e+03
-3.266300e+00 -1.062870e+02 1.323881e+03
-9.235700e+00 -1.080525e+02 1.323882e+03
-3.476500e+00 -1.057551e+02 1.323893e+03
-7.297000e+00 -1.056502e+02 1.323893e+03
-1.075960e+01 -1.075442e+02 1.323900e+03
-5.092000e+00 -1.051984e+02 1.323905e+03
-7.531900e+00 -1.056787e+02 1.323907e+03
-8.272900e+00 -1.056768e+02 1.323909e+03
-3.764100e+00 -1.055039e+02 1.323919e+03
-1.094680e+01 -1.049224e+02 1.323921e+03
-1.125870e+01 -1.067801e+02 1.323933e+03
-3.807700e+00 -1.077935e+02 1.323943e+03
-3.483600e+00 -1.072630e+02 1.323944e+03
-9.977500e+00 -1.051741e+02 1.323946e+03
-8.625200e+00 -1.080651e+02 1.323950e+03
-1.171550e+01 -1.057927e+02 1.323957e+03
-5.959600e+00 -1.053051e+02 1.323973e+03
-4.059500e+00 -1.053931e+02 1.323977e+03
-5.687500e+00 -1.052179e+02 1.323983e+03
-5.379200e+00 -1.086389e+02 1.323983e+03
-8.748500e+00 -1.055829e+02 1.323985e+03
-2.499510e+01 -1.030364e+02 1.323992e+03
-4.240500e+00 -1.053418e+02 1.323994e+03
-2.499620e+01 -1.031021e+02 1.323995e+03
-2.499650e+01 -1.031343e+02 1.323997e+03
-2.499180e+01 -1.030098e+02 1.323997e+03
-1.155160e+01 -1.051886e+02 1.323998e+03
-2.499780e+01 -1.032610e+02 1.324006e+03
-1.065780e+01 -1.049518e+02 1.324007e+03
-9.729200e+00 -1.052816e+02 1.324008e+03
-2.498360e+01 -1.029530e+02 1.324013e+03
-2.499590e+01 -1.032994e+02 1.324014e+03
-7.846700e+00 -1.057098e+02 1.324014e+03
-3.305500e+00 -1.065504e+02 1.324015e+03
-1.096020e+01 -1.072734e+02 1.324016e+03
-2.499480e+01 -1.033189e+02 1.324018e+03
-2.499420e+01 -1.033275e+02 1.324020e+03
-1.167420e+01 -1.055116e+02 1.324034e+03
-5.965100e+00 -1.085453e+02 1.324038e+03
-2.498680e+01 -1.034388e+02 1.324047e+03
-1.029420e+01 -1.050620e+02 1.324048e+03
-2.496350e+01 -1.028146e+02 1.324051e+03
-2.498550e+01 -1.034605e+02 1.324053e+03
-2.495940e+01 -1.027886e+02 1.324059e+03
-7.408100e+00 -1.081569e+02 1.324064e+03
-4.446500e+00 -1.053227e+02 1.324066e+03
-2.498230e+01 -1.035338e+02 1.324068e+03
-1.118690e+01 -1.050339e+02 1.324076e+03
-5.000500e+00 -1.086639e+02 1.324086e+03
-1.106100e+01 -1.070291e+02 1.324088e+03
-4.149800e+00 -1.081935e+02 1.324089e+03
-3.354000e+00 -1.068083e+02 1.324091e+03
-6.327900e+00 -1.055275e+02 1.324102e+03
-9.567800e+00 -1.080571e+02 1.324112e+03
-1.091440e+01 -1.049746e+02 1.324120e+03
-2.496560e+01 -1.036458e+02 1.324122e+03
-7.182200e+00 -1.057139e+02 1.324122e+03
-4.674800e+00 -1.085735e+02 1.324130e+03
-5.450100e+00 -1.052521e+02 1.324134e+03
-2.495900e+01 -1.036850e+02 1.324140e+03
-2.495870e+01 -1.036868e+02 1.324141e+03
-2.491790e+01 -1.026355e+02 1.324149e+03
-3.432100e+00 -1.070381e+02 1.324157e+03
-7.014000e+00 -1.057241e+02 1.324160e+03
-3.744000e+00 -1.076945e+02 1.324166e+03
-2.490990e+01 -1.026066e+02 1.324167e+03
-9.183500e+00 -1.054561e+02 1.324167e+03
-1.051030e+01 -1.076903e+02 1.324167e+03
-3.613100e+00 -1.074342e+02 1.324168e+03
-2.490610e+01 -1.025926e+02 1.324175e+03
-6.349900e+00 -1.085096e+02 1.324176e+03
-1.119080e+01 -1.065575e+02 1.324178e+03
-2.494750e+01 -1.037610e+02 1.324178e+03
-2.494380e+01 -1.036458e+02 1.324178e+03
-2.493110e+01 -1.032994e+02 1.324178e+03
-2.491830e+01 -1.029530e+02 1.324178e+03
-2.490540e+01 -1.026066e+02 1.324178e+03
-2.490460e+01 -1.025892e+02 1.324178e+03
-1.078900e+01 -1.074018e+02 1.324184e+03
-2.494490e+01 -1.037762e+02 1.324186e+03
-3.508800e+00 -1.060226e+02 1.324193e+03
-1.146490e+01 -1.057624e+02 1.324193e+03
-4.811400e+00 -1.053072e+02 1.324196e+03
-6.844400e+00 -1.083649e+02 1.324197e+03
-1.133740e+01 -1.061444e+02 1.324202e+03
-6.772900e+00 -1.057051e+02 1.324213e+03
-9.221700e+00 -1.081345e+02 1.324213e+03
-2.493320e+01 -1.038150e+02 1.324218e+03
-3.520200e+00 -1.072203e+02 1.324220e+03
-1.055840e+01 -1.050172e+02 1.324222e+03
-1.075920e+01 -1.050015e+02 1.324223e+03
-4.250900e+00 -1.054286e+02 1.324226e+03
-3.903300e+00 -1.079625e+02 1.324233e+03
-1.025730e+01 -1.078263e+02 1.324242e+03
-7.510100e+00 -1.057354e+02 1.324246e+03
-2.487390e+01 -1.025221e+02 1.324248e+03
-5.711200e+00 -1.053565e+02 1.324249e+03
-1.120820e+01 -1.052359e+02 1.324277e+03
-4.001100e+00 -1.055607e+02 1.324277e+03
-2.491160e+01 -1.038929e+02 1.324278e+03
-1.101950e+01 -1.068296e+02 1.324278e+03
-9.495800e+00 -1.053543e+02 1.324280e+03
-5.649500e+00 -1.087587e+02 1.324289e+03
-8.907600e+00 -1.081858e+02 1.324294e+03
-3.757800e+00 -1.057632e+02 1.324298e+03
-8.159700e+00 -1.056939e+02 1.324298e+03
-1.096310e+01 -1.051020e+02 1.324299e+03
-5.961400e+00 -1.054825e+02 1.324301e+03
-2.484900e+01 -1.024539e+02 1.324303e+03
-1.062940e+01 -1.075222e+02 1.324314e+03
-1.129900e+01 -1.055205e+02 1.324327e+03
-5.198400e+00 -1.053320e+02 1.324333e+03
-9.995100e+00 -1.051956e+02 1.324341e+03
-8.015700e+00 -1.082570e+02 1.324345e+03
-2.488480e+01 -1.039922e+02 1.324354e+03
-9.312900e+00 -1.081512e+02 1.324376e+03
-1.042850e+01 -1.051021e+02 1.324383e+03
-3.522800e+00 -1.070881e+02 1.324389e+03
-1.079110e+01 -1.071711e+02 1.324398e+03
-2.486560e+01 -1.040493e+02 1.324404e+03
-3.799000e+00 -1.077957e+02 1.324408e+03
-5.489900e+00 -1.053888e+02 1.324410e+03
-9.737000e+00 -1.052824e+02 1.324411e+03
-3.607600e+00 -1.072819e+02 1.324422e+03
-1.042240e+01 -1.076883e+02 1.324427e+03
-1.120670e+01 -1.058527e+02 1.324427e+03
-7.898400e+00 -1.057368e+02 1.324429e+03
-2.485530e+01 -1.040860e+02 1.324431e+03
-9.095700e+00 -1.081991e+02 1.324440e+03
-3.495700e+00 -1.068860e+02 1.324440e+03
-1.067900e+01 -1.051430e+02 1.324446e+03
-1.024340e+01 -1.051546e+02 1.324446e+03
-3.708500e+00 -1.075446e+02 1.324452e+03
-8.525300e+00 -1.056213e+02 1.324455e+03
-3.495200e+00 -1.066300e+02 1.324475e+03
-2.477210e+01 -1.022624e+02 1.324476e+03
-2.477130e+01 -1.022602e+02 1.324478e+03
-3.566200e+00 -1.063185e+02 1.324493e+03
-7.152100e+00 -1.058020e+02 1.324497e+03
-4.552700e+00 -1.054693e+02 1.324501e+03
-2.482460e+01 -1.042118e+02 1.324525e+03
-2.481690e+01 -1.039922e+02 1.324525e+03
-2.480410e+01 -1.036458e+02 1.324525e+03
-2.479130e+01 -1.032994e+02 1.324525e+03
-2.477850e+01 -1.029530e+02 1.324525e+03
-2.476580e+01 -1.026066e+02 1.324525e+03
-2.475290e+01 -1.022602e+02 1.324525e+03
-2.474980e+01 -1.021994e+02 1.324525e+03
-1.094280e+01 -1.053618e+02 1.324525e+03
-9.470500e+00 -1.081318e+02 1.324526e+03
-5.742300e+00 -1.055282e+02 1.324528e+03
-6.094700e+00 -1.056580e+02 1.324536e+03
-3.859300e+00 -1.079528e+02 1.324541e+03
-9.840600e+00 -1.080042e+02 1.324542e+03
-2.473520e+01 -1.021590e+02 1.324556e+03
-5.268300e+00 -1.088993e+02 1.324557e+03
-8.480700e+00 -1.083111e+02 1.324558e+03
-2.480940e+01 -1.042698e+02 1.324568e+03
-9.350400e+00 -1.054019e+02 1.324572e+03
-2.472680e+01 -1.021546e+02 1.324576e+03
-6.002800e+00 -1.088522e+02 1.324577e+03
-4.237800e+00 -1.055943e+02 1.324578e+03
-6.299000e+00 -1.087893e+02 1.324581e+03
-2.472300e+01 -1.021526e+02 1.324585e+03
-2.471980e+01 -1.021509e+02 1.324593e+03
-6.468000e+00 -1.057894e+02 1.324594e+03
-4.008600e+00 -1.057393e+02 1.324594e+03
-2.472300e+01 -1.022602e+02 1.324599e+03
-4.959400e+00 -1.054674e+02 1.324600e+03
-3.679000e+00 -1.073313e+02 1.324612e+03
-5.011000e+00 -1.088836e+02 1.324613e+03
-2.472300e+01 -1.026066e+02 1.324631e+03
-1.011850e+01 -1.052374e+02 1.324636e+03
-9.605400e+00 -1.053429e+02 1.324639e+03
-1.020060e+01 -1.077972e+02 1.324644e+03
-6.803600e+00 -1.058518e+02 1.324648e+03
-3.629200e+00 -1.070917e+02 1.324648e+03
-4.397700e+00 -1.085630e+02 1.324653e+03
-9.209400e+00 -1.082130e+02 1.324657e+03
-2.472300e+01 -1.029530e+02 1.324662e+03
-9.880500e+00 -1.052860e+02 1.324664e+03
-2.469060e+01 -1.021401e+02 1.324665e+03
-4.793400e+00 -1.088139e+02 1.324668e+03
-1.046230e+01 -1.074874e+02 1.324671e+03
-4.000800e+00 -1.081991e+02 1.324680e+03
-5.403200e+00 -1.055441e+02 1.324687e+03
-1.079100e+01 -1.066209e+02 1.324691e+03
-3.786200e+00 -1.077286e+02 1.324694e+03
-2.472300e+01 -1.032994e+02 1.324694e+03
-1.037600e+01 -1.052677e+02 1.324699e+03
-2.467580e+01 -1.021310e+02 1.324700e+03
-1.091710e+01 -1.061063e+02 1.324701e+03
-7.087400e+00 -1.085995e+02 1.324708e+03
-1.091180e+01 -1.057335e+02 1.324710e+03
-3.733000e+00 -1.074751e+02 1.324711e+03
-6.597300e+00 -1.087612e+02 1.324714e+03
-8.870400e+00 -1.082987e+02 1.324716e+03
-1.065100e+01 -1.053567e+02 1.324716e+03
-3.869100e+00 -1.059946e+02 1.324716e+03
-2.475010e+01 -1.043240e+02 1.324720e+03
-8.219600e+00 -1.057034e+02 1.324725e+03
-2.472300e+01 -1.036458e+02 1.324726e+03
-2.465600e+01 -1.021189e+02 1.324748e+03
-2.473890e+01 -1.043342e+02 1.324749e+03
-2.472300e+01 -1.039922e+02 1.324758e+03
-2.473500e+01 -1.043386e+02 1.324759e+03
-6.217700e+00 -1.058025e+02 1.324765e+03
-3.851500e+00 -1.079651e+02 1.324770e+03
-1.057110e+01 -1.070992e+02 1.324785e+03
-3.648700e+00 -1.068144e+02 1.324788e+03
-2.472300e+01 -1.043386e+02 1.324789e+03
-2.472300e+01 -1.043520e+02 1.324790e+03
-1.073940e+01 -1.055365e+02 1.324798e+03
-3.716800e+00 -1.072829e+02 1.324801e+03
-2.463320e+01 -1.021195e+02 1.324805e+03
-9.080200e+00 -1.055075e+02 1.324810e+03
-2.471380e+01 -1.043622e+02 1.324813e+03
-5.893800e+00 -1.057368e+02 1.324834e+03
-7.716400e+00 -1.057984e+02 1.324860e+03
-2.469340e+01 -1.043746e+02 1.324864e+03
-4.434300e+00 -1.056809e+02 1.324866e+03
-1.047710e+01 -1.054060e+02 1.324868e+03
-2.469060e+01 -1.043764e+02 1.324871e+03
-2.469000e+01 -1.043386e+02 1.324871e+03
-2.467720e+01 -1.039922e+02 1.324871e+03
-2.466440e+01 -1.036458e+02 1.324871e+03
-2.465160e+01 -1.032994e+02 1.324871e+03
-2.463880e+01 -1.029530e+02 1.324871e+03
-2.462600e+01 -1.026066e+02 1.324871e+03
-2.461320e+01 -1.022602e+02 1.324871e+03
-2.460810e+01 -1.021543e+02 1.324871e+03
-1.005730e+01 -1.053470e+02 1.324883e+03
-7.615600e+00 -1.085653e+02 1.324888e+03
-9.476500e+00 -1.054078e+02 1.324891e+03
-6.400600e+00 -1.058878e+02 1.324893e+03
-7.316100e+00 -1.058607e+02 1.324895e+03
-4.194800e+00 -1.058195e+02 1.324900e+03
-2.467890e+01 -1.043836e+02 1.324901e+03
-8.117000e+00 -1.084940e+02 1.324906e+03
-5.293500e+00 -1.090693e+02 1.324906e+03
-5.564200e+00 -1.090828e+02 1.324909e+03
-9.763400e+00 -1.053705e+02 1.324915e+03
-9.983100e+00 -1.079216e+02 1.324915e+03
-3.730600e+00 -1.065480e+02 1.324916e+03
-1.054880e+01 -1.055097e+02 1.324921e+03
-2.458030e+01 -1.021910e+02 1.324940e+03
-6.209100e+00 -1.058666e+02 1.324951e+03
-9.077200e+00 -1.082939e+02 1.324965e+03
-5.131200e+00 -1.056765e+02 1.324967e+03
-7.038500e+00 -1.059066e+02 1.324982e+03
-2.456490e+01 -1.022126e+02 1.324982e+03
-6.243800e+00 -1.090185e+02 1.324989e+03
-3.876400e+00 -1.080522e+02 1.324989e+03
-5.058300e+00 -1.090428e+02 1.324999e+03
-3.753900e+00 -1.070828e+02 1.325015e+03
-3.782400e+00 -1.074620e+02 1.325019e+03
-2.455100e+01 -1.022441e+02 1.325022e+03
-4.752700e+00 -1.057256e+02 1.325032e+03
-1.063090e+01 -1.060052e+02 1.325034e+03
-8.492300e+00 -1.084624e+02 1.325037e+03
-2.454360e+01 -1.022602e+02 1.325042e+03
-3.821100e+00 -1.078082e+02 1.325043e+03
-9.384200e+00 -1.081940e+02 1.325047e+03
-1.016240e+01 -1.076792e+02 1.325049e+03
-2.461740e+01 -1.044241e+02 1.325055e+03
-3.917500e+00 -1.062800e+02 1.325055e+03
-8.644500e+00 -1.056411e+02 1.325067e+03
-1.025790e+01 -1.055143e+02 1.325078e+03
-1.056750e+01 -1.062808e+02 1.325082e+03
-1.050940e+01 -1.057491e+02 1.325083e+03
-1.032490e+01 -1.072674e+02 1.325084e+03
-6.642300e+00 -1.059449e+02 1.325084e+03
-6.366300e+00 -1.059373e+02 1.325092e+03
-1.042320e+01 -1.068926e+02 1.325098e+03
-4.133600e+00 -1.084683e+02 1.325106e+03
-2.458990e+01 -1.044328e+02 1.325123e+03
-9.657800e+00 -1.054348e+02 1.325124e+03
-4.136800e+00 -1.060520e+02 1.325125e+03
-2.451030e+01 -1.023288e+02 1.325130e+03
-5.294600e+00 -1.091683e+02 1.325133e+03
-8.808900e+00 -1.083976e+02 1.325137e+03
-2.450650e+01 -1.023370e+02 1.325141e+03
-9.449100e+00 -1.054660e+02 1.325144e+03
-6.074300e+00 -1.059035e+02 1.325151e+03
-3.811900e+00 -1.067936e+02 1.325152e+03
-9.900900e+00 -1.054590e+02 1.325156e+03
-5.572800e+00 -1.058381e+02 1.325172e+03
-9.731800e+00 -1.080478e+02 1.325176e+03
-8.232800e+00 -1.085747e+02 1.325180e+03
-3.960900e+00 -1.082448e+02 1.325203e+03
-2.455570e+01 -1.044439e+02 1.325210e+03
-2.455290e+01 -1.044454e+02 1.325218e+03
-2.455030e+01 -1.043386e+02 1.325218e+03
-2.453750e+01 -1.039922e+02 1.325218e+03
-2.452470e+01 -1.036458e+02 1.325218e+03
-2.451190e+01 -1.032994e+02 1.325218e+03
-2.449910e+01 -1.029530e+02 1.325218e+03
-2.448630e+01 -1.026066e+02 1.325218e+03
-2.447800e+01 -1.023986e+02 1.325218e+03
-9.942500e+00 -1.079002e+02 1.325220e+03
-6.838800e+00 -1.089370e+02 1.325230e+03
-5.895600e+00 -1.092279e+02 1.325265e+03
-4.427500e+00 -1.059680e+02 1.325274e+03
-3.836500e+00 -1.069879e+02 1.325296e+03
-5.416300e+00 -1.092650e+02 1.325297e+03
-2.444770e+01 -1.024637e+02 1.325299e+03
-8.283100e+00 -1.057547e+02 1.325299e+03
-2.451670e+01 -1.044641e+02 1.325309e+03
-7.991100e+00 -1.086715e+02 1.325309e+03
-8.586400e+00 -1.084946e+02 1.325313e+03
-7.422100e+00 -1.059023e+02 1.325324e+03
-1.032980e+01 -1.065521e+02 1.325325e+03
-6.491300e+00 -1.091102e+02 1.325338e+03
-9.342600e+00 -1.055434e+02 1.325340e+03
-3.875200e+00 -1.079769e+02 1.325341e+03
-7.224300e+00 -1.088655e+02 1.325346e+03
-4.698600e+00 -1.089839e+02 1.325360e+03
-5.609400e+00 -1.093094e+02 1.325361e+03
-8.998300e+00 -1.083616e+02 1.325367e+03
-2.441760e+01 -1.025358e+02 1.325380e+03
-9.654800e+00 -1.055355e+02 1.325381e+03
-6.351500e+00 -1.059988e+02 1.325386e+03
-3.985800e+00 -1.065681e+02 1.325403e+03
-9.945600e+00 -1.056180e+02 1.325407e+03
-3.846800e+00 -1.072220e+02 1.325410e+03
-2.440680e+01 -1.025617e+02 1.325410e+03
-8.341600e+00 -1.086056e+02 1.325418e+03
-1.014770e+01 -1.057985e+02 1.325424e+03
-4.206300e+00 -1.062715e+02 1.325443e+03
-2.446020e+01 -1.044315e+02 1.325447e+03
-1.009170e+01 -1.073857e+02 1.325456e+03
-2.438890e+01 -1.026066e+02 1.325458e+03
-1.024150e+01 -1.061382e+02 1.325458e+03
-8.719700e+00 -1.084727e+02 1.325462e+03
-4.328600e+00 -1.087324e+02 1.325465e+03
-9.490300e+00 -1.081499e+02 1.325481e+03
-2.444600e+01 -1.044213e+02 1.325481e+03
-3.879700e+00 -1.070252e+02 1.325481e+03
-3.918900e+00 -1.068583e+02 1.325485e+03
-9.971300e+00 -1.077183e+02 1.325487e+03
-3.862200e+00 -1.076228e+02 1.325490e+03
-2.437660e+01 -1.026375e+02 1.325492e+03
-9.044200e+00 -1.056541e+02 1.325494e+03
-5.125600e+00 -1.059833e+02 1.325500e+03
-8.541300e+00 -1.085444e+02 1.325511e+03
-5.961600e+00 -1.060082e+02 1.325511e+03
-2.437660e+01 -1.029530e+02 1.325521e+03
-7.903300e+00 -1.058572e+02 1.325531e+03
-6.172300e+00 -1.093010e+02 1.325542e+03
-1.011700e+01 -1.069286e+02 1.325543e+03
-9.800200e+00 -1.079346e+02 1.325549e+03
-2.437660e+01 -1.032994e+02 1.325553e+03
-2.435380e+01 -1.026944e+02 1.325553e+03
-2.441510e+01 -1.043993e+02 1.325556e+03
-2.441170e+01 -1.043915e+02 1.325564e+03
-2.441060e+01 -1.043386e+02 1.325564e+03
-2.439770e+01 -1.039922e+02 1.325564e+03
-2.438490e+01 -1.036458e+02 1.325564e+03
-2.437660e+01 -1.034219e+02 1.325564e+03
-2.437210e+01 -1.032994e+02 1.325564e+03
-2.435930e+01 -1.029530e+02 1.325564e+03
-2.434980e+01 -1.027045e+02 1.325564e+03
-2.440650e+01 -1.043803e+02 1.325575e+03
-6.995200e+00 -1.060000e+02 1.325579e+03
-7.629200e+00 -1.088638e+02 1.325584e+03
-2.437660e+01 -1.036458e+02 1.325584e+03
-4.086800e+00 -1.084749e+02 1.325585e+03
-8.666800e+00 -1.057351e+02 1.325587e+03
-9.641300e+00 -1.080583e+02 1.325589e+03
-9.733900e+00 -1.056741e+02 1.325604e+03
-5.109900e+00 -1.092852e+02 1.325605e+03
-5.426200e+00 -1.093927e+02 1.325606e+03
-2.437660e+01 -1.039922e+02 1.325616e+03
-2.438820e+01 -1.043386e+02 1.325618e+03
-6.620100e+00 -1.060390e+02 1.325620e+03
-8.453100e+00 -1.057758e+02 1.325621e+03
-8.611600e+00 -1.085363e+02 1.325623e+03
-3.962500e+00 -1.081859e+02 1.325628e+03
-4.744600e+00 -1.060944e+02 1.325636e+03
-2.437800e+01 -1.043162e+02 1.325641e+03
-7.631600e+00 -1.059104e+02 1.325643e+03
-2.437660e+01 -1.043132e+02 1.325644e+03
-9.884800e+00 -1.058077e+02 1.325653e+03
-2.431550e+01 -1.028602e+02 1.325657e+03
-5.945100e+00 -1.094059e+02 1.325664e+03
-9.448800e+00 -1.056946e+02 1.325672e+03
-2.431010e+01 -1.028888e+02 1.325674e+03
-6.682900e+00 -1.091957e+02 1.325685e+03
-9.983700e+00 -1.059950e+02 1.325690e+03
-8.290700e+00 -1.058244e+02 1.325696e+03
-3.916200e+00 -1.078957e+02 1.325696e+03
-8.462800e+00 -1.086193e+02 1.325697e+03
-5.567700e+00 -1.060950e+02 1.325719e+03
-2.429550e+01 -1.029530e+02 1.325719e+03
-2.433970e+01 -1.042309e+02 1.325728e+03
-2.433460e+01 -1.042196e+02 1.325740e+03
-2.433200e+01 -1.042086e+02 1.325745e+03
-8.740000e+00 -1.085028e+02 1.325748e+03
-8.444700e+00 -1.058082e+02 1.325753e+03
-2.428190e+01 -1.030081e+02 1.325757e+03
-4.027800e+00 -1.083556e+02 1.325765e+03
-8.554800e+00 -1.057957e+02 1.325766e+03
-2.431920e+01 -1.041539e+02 1.325772e+03
-9.665200e+00 -1.058134e+02 1.325778e+03
-9.984600e+00 -1.065092e+02 1.325780e+03
-2.427150e+01 -1.030748e+02 1.325789e+03
-3.922900e+00 -1.073599e+02 1.325797e+03
-3.968600e+00 -1.070667e+02 1.325798e+03
-6.951000e+00 -1.091430e+02 1.325799e+03
-9.486300e+00 -1.081123e+02 1.325805e+03
-4.483800e+00 -1.063063e+02 1.325805e+03
-2.430100e+01 -1.040852e+02 1.325812e+03
-9.930200e+00 -1.071351e+02 1.325832e+03
-5.684400e+00 -1.094894e+02 1.325833e+03
-9.167600e+00 -1.082820e+02 1.325838e+03
-9.894800e+00 -1.074537e+02 1.325839e+03
-8.915100e+00 -1.058000e+02 1.325841e+03
-4.085400e+00 -1.067872e+02 1.325848e+03
-2.425220e+01 -1.032063e+02 1.325851e+03
-4.253900e+00 -1.065438e+02 1.325854e+03
-7.787400e+00 -1.059309e+02 1.325855e+03
-7.439700e+00 -1.059918e+02 1.325866e+03
-8.105500e+00 -1.088085e+02 1.325867e+03
-9.745800e+00 -1.060055e+02 1.325870e+03
-9.866100e+00 -1.062287e+02 1.325873e+03
-5.902200e+00 -1.061224e+02 1.325876e+03
-2.427220e+01 -1.040068e+02 1.325876e+03
-2.426840e+01 -1.039922e+02 1.325884e+03
-2.424140e+01 -1.032721e+02 1.325885e+03
-2.423930e+01 -1.032994e+02 1.325893e+03
-2.423880e+01 -1.033050e+02 1.325895e+03
-2.423810e+01 -1.033136e+02 1.325897e+03
-3.981900e+00 -1.080012e+02 1.325902e+03
-9.777000e+00 -1.077467e+02 1.325905e+03
-2.425600e+01 -1.039437e+02 1.325910e+03
-2.424520e+01 -1.036458e+02 1.325910e+03
-2.423440e+01 -1.033583e+02 1.325910e+03
-9.179300e+00 -1.058610e+02 1.325917e+03
-9.626200e+00 -1.079637e+02 1.325920e+03
-8.708100e+00 -1.058498e+02 1.325926e+03
-4.032200e+00 -1.082228e+02 1.325932e+03
-6.294800e+00 -1.061034e+02 1.325932e+03
-8.467000e+00 -1.058671e+02 1.325941e+03
-6.414300e+00 -1.094000e+02 1.325945e+03
-9.475700e+00 -1.059549e+02 1.325953e+03
-2.421940e+01 -1.035245e+02 1.325959e+03
-4.099100e+00 -1.084440e+02 1.325960e+03
-6.038300e+00 -1.095087e+02 1.325967e+03
-8.481600e+00 -1.086623e+02 1.325967e+03
-2.421770e+01 -1.035877e+02 1.325968e+03
-4.479500e+00 -1.090029e+02 1.325973e+03
-2.421690e+01 -1.036458e+02 1.325977e+03
-2.421660e+01 -1.036550e+02 1.325979e+03
-2.421680e+01 -1.037956e+02 1.325990e+03
-4.748800e+00 -1.092239e+02 1.325995e+03
-8.134500e+00 -1.059260e+02 1.325997e+03
-2.421320e+01 -1.037832e+02 1.325998e+03
-3.980200e+00 -1.076682e+02 1.326031e+03
-7.298600e+00 -1.091285e+02 1.326034e+03
-5.304300e+00 -1.062509e+02 1.326037e+03
-5.728300e+00 -1.061990e+02 1.326037e+03
-5.000200e+00 -1.062738e+02 1.326044e+03
-4.241200e+00 -1.087272e+02 1.326045e+03
-9.765500e+00 -1.067782e+02 1.326064e+03
-9.719000e+00 -1.064547e+02 1.326069e+03
-5.540800e+00 -1.062531e+02 1.326081e+03
-9.579200e+00 -1.062284e+02 1.326083e+03
-5.294100e+00 -1.095334e+02 1.326085e+03
-6.720900e+00 -1.093543e+02 1.326099e+03
-7.111700e+00 -1.060818e+02 1.326103e+03
-4.742500e+00 -1.063793e+02 1.326137e+03
-4.259400e+00 -1.067408e+02 1.326142e+03
-9.415300e+00 -1.080614e+02 1.326148e+03
-8.739700e+00 -1.085365e+02 1.326156e+03
-7.680800e+00 -1.090614e+02 1.326157e+03
-8.926400e+00 -1.060097e+02 1.326160e+03
-4.053900e+00 -1.079884e+02 1.326163e+03
-6.747900e+00 -1.061168e+02 1.326177e+03
-4.028600e+00 -1.073042e+02 1.326183e+03
-9.708500e+00 -1.075097e+02 1.326185e+03
-7.797500e+00 -1.060339e+02 1.326203e+03
-8.637700e+00 -1.059910e+02 1.326204e+03
-4.105200e+00 -1.082525e+02 1.326207e+03
-9.706700e+00 -1.071617e+02 1.326211e+03
-9.248000e+00 -1.061785e+02 1.326211e+03
-8.400700e+00 -1.059734e+02 1.326212e+03
-9.475100e+00 -1.064976e+02 1.326274e+03
-5.696800e+00 -1.062909e+02 1.326284e+03
-4.162300e+00 -1.085085e+02 1.326322e+03
-5.981300e+00 -1.062334e+02 1.326330e+03
-6.973400e+00 -1.093569e+02 1.326344e+03
-8.959000e+00 -1.083851e+02 1.326353e+03
-4.361600e+00 -1.089736e+02 1.326361e+03
-6.221400e+00 -1.096286e+02 1.326363e+03
-8.380800e+00 -1.087653e+02 1.326364e+03
-4.934700e+00 -1.064374e+02 1.326368e+03
-5.497600e+00 -1.063606e+02 1.326371e+03
-4.204100e+00 -1.070040e+02 1.326372e+03
-9.008200e+00 -1.062304e+02 1.326372e+03
-4.551000e+00 -1.066317e+02 1.326391e+03
-4.055800e+00 -1.075013e+02 1.326401e+03
-9.199400e+00 -1.081798e+02 1.326409e+03
-4.785700e+00 -1.065041e+02 1.326414e+03
-9.369700e+00 -1.080093e+02 1.326417e+03
-8.483900e+00 -1.060945e+02 1.326419e+03
-4.074800e+00 -1.077427e+02 1.326421e+03
-7.412100e+00 -1.061506e+02 1.326427e+03
-5.489900e+00 -1.097081e+02 1.326429e+03
-9.462500e+00 -1.077820e+02 1.326444e+03
-4.922400e+00 -1.094949e+02 1.326447e+03
-7.482900e+00 -1.092236e+02 1.326447e+03
-9.450500e+00 -1.068347e+02 1.326450e+03
-4.113300e+00 -1.080118e+02 1.326450e+03
-8.165700e+00 -1.060987e+02 1.326450e+03
-5.223800e+00 -1.064386e+02 1.326500e+03
-4.139600e+00 -1.082576e+02 1.326510e+03
-7.245600e+00 -1.093217e+02 1.326511e+03
-9.125500e+00 -1.064986e+02 1.326513e+03
-5.855000e+00 -1.097494e+02 1.326517e+03
-9.517000e+00 -1.073792e+02 1.326518e+03
-8.734600e+00 -1.062652e+02 1.326522e+03
-9.502500e+00 -1.071230e+02 1.326522e+03
-7.681900e+00 -1.091794e+02 1.326531e+03
-6.611500e+00 -1.095752e+02 1.326540e+03
-4.544900e+00 -1.092273e+02 1.326543e+03
-4.116500e+00 -1.073164e+02 1.326544e+03
-7.034100e+00 -1.061858e+02 1.326546e+03
-7.967200e+00 -1.090327e+02 1.326549e+03
-5.747300e+00 -1.063651e+02 1.326591e+03
-7.813100e+00 -1.061897e+02 1.326605e+03
-4.366800e+00 -1.090370e+02 1.326608e+03
-4.926200e+00 -1.065489e+02 1.326611e+03
-8.679000e+00 -1.085727e+02 1.326636e+03
-7.577700e+00 -1.092523e+02 1.326657e+03
-8.383800e+00 -1.062465e+02 1.326660e+03
-4.160800e+00 -1.084641e+02 1.326668e+03
-5.528100e+00 -1.064438e+02 1.326677e+03
-9.243400e+00 -1.080094e+02 1.326680e+03
-4.116800e+00 -1.075318e+02 1.326685e+03
-8.025400e+00 -1.062128e+02 1.326686e+03
-4.116500e+00 -1.077849e+02 1.326705e+03
-9.311300e+00 -1.070386e+02 1.326708e+03
-8.950300e+00 -1.083437e+02 1.326709e+03
-9.158500e+00 -1.068131e+02 1.326710e+03
-6.421200e+00 -1.062339e+02 1.326718e+03
-4.127900e+00 -1.080171e+02 1.326725e+03
-9.364300e+00 -1.072445e+02 1.326728e+03
-8.157400e+00 -1.062509e+02 1.326736e+03
-4.250800e+00 -1.088120e+02 1.326737e+03
-9.113600e+00 -1.081700e+02 1.326737e+03
-7.419800e+00 -1.093351e+02 1.326752e+03
-6.778200e+00 -1.062228e+02 1.326757e+03
-7.236800e+00 -1.062753e+02 1.326812e+03
-5.196600e+00 -1.097879e+02 1.326830e+03
-4.132800e+00 -1.082178e+02 1.326847e+03
-8.464800e+00 -1.064420e+02 1.326851e+03
-6.030300e+00 -1.063445e+02 1.326853e+03
-7.064800e+00 -1.095100e+02 1.326854e+03
-5.157400e+00 -1.065769e+02 1.326873e+03
-7.675200e+00 -1.092541e+02 1.326874e+03
-8.774500e+00 -1.066705e+02 1.326875e+03
-8.228000e+00 -1.063840e+02 1.326893e+03
-4.387300e+00 -1.091227e+02 1.326898e+03
-9.186200e+00 -1.072022e+02 1.326908e+03
-7.951200e+00 -1.063542e+02 1.326910e+03
-4.125800e+00 -1.078305e+02 1.326915e+03
-4.498700e+00 -1.069501e+02 1.326916e+03
-4.243400e+00 -1.072953e+02 1.326918e+03
-5.736500e+00 -1.064496e+02 1.326923e+03
-7.543600e+00 -1.063405e+02 1.326938e+03
-9.028400e+00 -1.069994e+02 1.326942e+03
-5.453500e+00 -1.065287e+02 1.326949e+03
-9.068200e+00 -1.080921e+02 1.326962e+03
-8.956900e+00 -1.082588e+02 1.326967e+03
-4.124100e+00 -1.079852e+02 1.326970e+03
-4.153100e+00 -1.076166e+02 1.326977e+03
-4.689700e+00 -1.095204e+02 1.326984e+03
-4.869400e+00 -1.067259e+02 1.326995e+03
-6.282000e+00 -1.098687e+02 1.327008e+03
-9.127700e+00 -1.074441e+02 1.327030e+03
-7.015500e+00 -1.063153e+02 1.327045e+03
-7.922200e+00 -1.091427e+02 1.327072e+03
-7.395600e+00 -1.094342e+02 1.327097e+03
-6.719800e+00 -1.097497e+02 1.327103e+03
-8.283200e+00 -1.088578e+02 1.327108e+03
-4.508800e+00 -1.093503e+02 1.327109e+03
-4.142400e+00 -1.084486e+02 1.327117e+03
-7.271300e+00 -1.063833e+02 1.327130e+03
-8.685200e+00 -1.084844e+02 1.327131e+03
-5.698300e+00 -1.065141e+02 1.327139e+03
-6.485000e+00 -1.062939e+02 1.327149e+03
-4.143800e+00 -1.078005e+02 1.327150e+03
-8.947100e+00 -1.071959e+02 1.327152e+03
-6.284200e+00 -1.063359e+02 1.327160e+03
-4.901200e+00 -1.097711e+02 1.327183e+03
-9.002700e+00 -1.078624e+02 1.327192e+03
-7.769500e+00 -1.064947e+02 1.327207e+03
-4.121900e+00 -1.080695e+02 1.327212e+03
-8.191200e+00 -1.066357e+02 1.327220e+03
-4.602700e+00 -1.095197e+02 1.327228e+03
-5.521500e+00 -1.100313e+02 1.327231e+03
-5.570000e+00 -1.065773e+02 1.327245e+03
-6.724600e+00 -1.063280e+02 1.327246e+03
-5.702700e+00 -1.065420e+02 1.327250e+03
-5.964200e+00 -1.064543e+02 1.327257e+03
-5.784000e+00 -1.065184e+02 1.327257e+03
-8.642800e+00 -1.069721e+02 1.327267e+03
-8.846700e+00 -1.081962e+02 1.327277e+03
-5.901600e+00 -1.100645e+02 1.327294e+03
-4.703800e+00 -1.069447e+02 1.327303e+03
-5.267000e+00 -1.067008e+02 1.327337e+03
-4.195600e+00 -1.087588e+02 1.327347e+03
-4.247000e+00 -1.075587e+02 1.327359e+03
-7.174000e+00 -1.064345e+02 1.327361e+03
-4.469000e+00 -1.072069e+02 1.327370e+03
-4.686200e+00 -1.096596e+02 1.327373e+03
-4.158500e+00 -1.078259e+02 1.327386e+03
-4.541700e+00 -1.094876e+02 1.327412e+03
-6.996200e+00 -1.064089e+02 1.327412e+03
-7.963000e+00 -1.091348e+02 1.327416e+03
-5.777400e+00 -1.065537e+02 1.327419e+03
-8.459500e+00 -1.086458e+02 1.327427e+03
-6.492100e+00 -1.063609e+02 1.327430e+03
-7.467200e+00 -1.065260e+02 1.327444e+03
-7.622300e+00 -1.093766e+02 1.327449e+03
-4.940600e+00 -1.068737e+02 1.327465e+03
-7.798000e+00 -1.066311e+02 1.327472e+03
-7.105700e+00 -1.096813e+02 1.327480e+03
-6.267900e+00 -1.064125e+02 1.327487e+03
-5.564000e+00 -1.066445e+02 1.327493e+03
-4.130200e+00 -1.079792e+02 1.327514e+03
-4.106700e+00 -1.082164e+02 1.327540e+03
-4.343800e+00 -1.091738e+02 1.327550e+03
-8.628700e+00 -1.072523e+02 1.327559e+03
-8.707400e+00 -1.080578e+02 1.327634e+03
-4.119800e+00 -1.085070e+02 1.327635e+03
-7.955600e+00 -1.067763e+02 1.327641e+03
-4.796400e+00 -1.098713e+02 1.327647e+03
-6.630700e+00 -1.099746e+02 1.327648e+03
-6.926100e+00 -1.064575e+02 1.327652e+03
-4.208400e+00 -1.077821e+02 1.327665e+03
-7.169700e+00 -1.065252e+02 1.327694e+03
-4.737400e+00 -1.071204e+02 1.327707e+03
-8.650900e+00 -1.075546e+02 1.327717e+03
-8.294900e+00 -1.087375e+02 1.327723e+03
-7.821200e+00 -1.092462e+02 1.327735e+03
-8.204000e+00 -1.069838e+02 1.327742e+03
-6.712500e+00 -1.064512e+02 1.327742e+03
-8.503300e+00 -1.083943e+02 1.327747e+03
-5.771100e+00 -1.066324e+02 1.327757e+03
-4.565000e+00 -1.096549e+02 1.327771e+03
-8.050300e+00 -1.090116e+02 1.327781e+03
-4.172300e+00 -1.087881e+02 1.327794e+03
-7.686500e+00 -1.067345e+02 1.327797e+03
-4.135600e+00 -1.080136e+02 1.327800e+03
-6.095900e+00 -1.065289e+02 1.327800e+03
-8.636900e+00 -1.078239e+02 1.327804e+03
-7.419100e+00 -1.066403e+02 1.327819e+03
-7.029600e+00 -1.065231e+02 1.327821e+03
-5.479800e+00 -1.067844e+02 1.327832e+03
-6.455300e+00 -1.064753e+02 1.327847e+03
-5.098500e+00 -1.101742e+02 1.327898e+03
-7.916300e+00 -1.068859e+02 1.327902e+03
-4.443000e+00 -1.075294e+02 1.327914e+03
-7.334900e+00 -1.096341e+02 1.327921e+03
-6.199900e+00 -1.102455e+02 1.327937e+03
-5.096500e+00 -1.070115e+02 1.327942e+03
-7.593500e+00 -1.094395e+02 1.327947e+03
-7.113700e+00 -1.065878e+02 1.327958e+03
-6.945700e+00 -1.065551e+02 1.327972e+03
-5.449100e+00 -1.103376e+02 1.327976e+03
-7.276400e+00 -1.066460e+02 1.327984e+03
-4.232500e+00 -1.078538e+02 1.327996e+03
-4.128600e+00 -1.082319e+02 1.328016e+03
-5.945600e+00 -1.066151e+02 1.328032e+03
-4.109800e+00 -1.085339e+02 1.328065e+03
-4.703000e+00 -1.099837e+02 1.328074e+03
-7.502400e+00 -1.067717e+02 1.328081e+03
-7.751200e+00 -1.068842e+02 1.328082e+03
-4.172300e+00 -1.080150e+02 1.328082e+03
-4.208300e+00 -1.089581e+02 1.328093e+03
-8.133200e+00 -1.088176e+02 1.328093e+03
-8.436800e+00 -1.080379e+02 1.328094e+03
-5.746300e+00 -1.067361e+02 1.328111e+03
-7.939200e+00 -1.070144e+02 1.328112e+03
-6.970200e+00 -1.099084e+02 1.328120e+03
-4.133400e+00 -1.087312e+02 1.328139e+03
-4.780900e+00 -1.073066e+02 1.328142e+03
-5.742900e+00 -1.104249e+02 1.328159e+03
-7.761500e+00 -1.092507e+02 1.328168e+03
-4.274200e+00 -1.091950e+02 1.328176e+03
-4.362600e+00 -1.094896e+02 1.328193e+03
-4.492600e+00 -1.097910e+02 1.328196e+03
-8.223400e+00 -1.085967e+02 1.328198e+03
-5.927100e+00 -1.066673e+02 1.328228e+03
-6.588500e+00 -1.101764e+02 1.328251e+03
-8.096900e+00 -1.073169e+02 1.328283e+03
-8.306300e+00 -1.077101e+02 1.328286e+03
-7.201000e+00 -1.067631e+02 1.328325e+03
-7.954200e+00 -1.089716e+02 1.328330e+03
-6.366300e+00 -1.066257e+02 1.328347e+03
-6.081600e+00 -1.066623e+02 1.328348e+03
-4.120200e+00 -1.085828e+02 1.328358e+03
-6.742600e+00 -1.066586e+02 1.328359e+03
-7.656700e+00 -1.069966e+02 1.328367e+03
-8.234100e+00 -1.083028e+02 1.328395e+03
-8.063900e+00 -1.087521e+02 1.328423e+03
-4.161400e+00 -1.087718e+02 1.328432e+03
-4.647700e+00 -1.075714e+02 1.328437e+03
-5.460200e+00 -1.070388e+02 1.328457e+03
-7.351200e+00 -1.096301e+02 1.328471e+03
-4.174900e+00 -1.083595e+02 1.328472e+03
-5.849600e+00 -1.068079e+02 1.328472e+03
-4.213600e+00 -1.090172e+02 1.328475e+03
-4.351200e+00 -1.079564e+02 1.328477e+03
-4.500900e+00 -1.100161e+02 1.328513e+03
-4.250700e+00 -1.092809e+02 1.328522e+03
-4.346200e+00 -1.097460e+02 1.328524e+03
-4.993300e+00 -1.073604e+02 1.328552e+03
-8.175400e+00 -1.079981e+02 1.328565e+03
-4.768100e+00 -1.102978e+02 1.328586e+03
-4.272200e+00 -1.095150e+02 1.328589e+03
-8.036200e+00 -1.076136e+02 1.328651e+03
-4.186200e+00 -1.085580e+02 1.328666e+03
-8.087500e+00 -1.077954e+02 1.328677e+03
-7.401100e+00 -1.070222e+02 1.328682e+03
-6.001500e+00 -1.068274e+02 1.328689e+03
-6.008600e+00 -1.105845e+02 1.328690e+03
-7.924100e+00 -1.088360e+02 1.328702e+03
-5.425100e+00 -1.106297e+02 1.328710e+03
-6.985700e+00 -1.068583e+02 1.328724e+03
-8.023700e+00 -1.085615e+02 1.328730e+03
-4.215000e+00 -1.090935e+02 1.328749e+03
-6.846300e+00 -1.100983e+02 1.328771e+03
-7.187400e+00 -1.069579e+02 1.328774e+03
-6.358200e+00 -1.104484e+02 1.328779e+03
-4.242100e+00 -1.096593e+02 1.328780e+03
-7.698800e+00 -1.091658e+02 1.328806e+03
-7.601400e+00 -1.072572e+02 1.328813e+03
-6.516800e+00 -1.068234e+02 1.328826e+03
-4.228000e+00 -1.087946e+02 1.328838e+03
-7.991300e+00 -1.079534e+02 1.328873e+03
-4.208600e+00 -1.093751e+02 1.328887e+03
-7.173900e+00 -1.098159e+02 1.328892e+03
-7.930000e+00 -1.077742e+02 1.328896e+03
-6.206800e+00 -1.069016e+02 1.328905e+03
-4.743300e+00 -1.077325e+02 1.328909e+03
-7.978800e+00 -1.082231e+02 1.328926e+03
-4.271000e+00 -1.099256e+02 1.328930e+03
-4.488600e+00 -1.102619e+02 1.328963e+03
-7.754600e+00 -1.075905e+02 1.328983e+03
-4.190000e+00 -1.096613e+02 1.328985e+03
-4.223400e+00 -1.090477e+02 1.329017e+03
-7.401000e+00 -1.095573e+02 1.329025e+03
-7.046300e+00 -1.070443e+02 1.329027e+03
-6.580900e+00 -1.103619e+02 1.329030e+03
-7.274300e+00 -1.071739e+02 1.329034e+03
-5.796600e+00 -1.071397e+02 1.329040e+03
-4.542400e+00 -1.080006e+02 1.329043e+03
-5.084000e+00 -1.106762e+02 1.329052e+03
-6.784100e+00 -1.070149e+02 1.329082e+03
-4.389000e+00 -1.083584e+02 1.329131e+03
-4.166200e+00 -1.095150e+02 1.329156e+03
-7.799500e+00 -1.087771e+02 1.329160e+03
-7.850900e+00 -1.084788e+02 1.329197e+03
-4.150700e+00 -1.097411e+02 1.329205e+03
-4.738500e+00 -1.105665e+02 1.329208e+03
-7.775500e+00 -1.079698e+02 1.329209e+03
-7.576900e+00 -1.092971e+02 1.329214e+03
-5.228300e+00 -1.075529e+02 1.329223e+03
-6.274600e+00 -1.106308e+02 1.329223e+03
-6.090500e+00 -1.107339e+02 1.329235e+03
-7.116600e+00 -1.099014e+02 1.329276e+03
-6.466300e+00 -1.105061e+02 1.329293e+03
-4.205800e+00 -1.092308e+02 1.329307e+03
-6.758200e+00 -1.102675e+02 1.329308e+03
-7.674200e+00 -1.090525e+02 1.329311e+03
-4.149700e+00 -1.099447e+02 1.329317e+03
-7.341900e+00 -1.074823e+02 1.329335e+03
-4.265000e+00 -1.101857e+02 1.329342e+03
-4.302200e+00 -1.088087e+02 1.329344e+03
-7.033100e+00 -1.072860e+02 1.329356e+03
-6.470700e+00 -1.071675e+02 1.329377e+03
-7.759100e+00 -1.082816e+02 1.329377e+03
-4.144600e+00 -1.095303e+02 1.329416e+03
-4.777800e+00 -1.079954e+02 1.329444e+03
-4.467800e+00 -1.104708e+02 1.329453e+03
-7.427500e+00 -1.095163e+02 1.329456e+03
-5.752100e+00 -1.108947e+02 1.329459e+03
-7.580100e+00 -1.092349e+02 1.329462e+03
-4.104300e+00 -1.097619e+02 1.329504e+03
-7.477700e+00 -1.078160e+02 1.329517e+03
-7.669900e+00 -1.088655e+02 1.329555e+03
-5.367400e+00 -1.109753e+02 1.329577e+03
-4.936900e+00 -1.108330e+02 1.329581e+03
-7.614500e+00 -1.090634e+02 1.329603e+03
-4.443600e+00 -1.085586e+02 1.329652e+03
-4.120000e+00 -1.095765e+02 1.329660e+03
-7.056700e+00 -1.075503e+02 1.329662e+03
-6.023000e+00 -1.108841e+02 1.329666e+03
-7.651700e+00 -1.085821e+02 1.329675e+03
-6.090600e+00 -1.074265e+02 1.329678e+03
-4.177100e+00 -1.093500e+02 1.329679e+03
-6.283800e+00 -1.107273e+02 1.329683e+03
-6.964300e+00 -1.101446e+02 1.329686e+03
-4.270100e+00 -1.090383e+02 1.329701e+03
-6.765000e+00 -1.074604e+02 1.329701e+03
-5.143100e+00 -1.109806e+02 1.329715e+03
-7.217000e+00 -1.077247e+02 1.329722e+03
-7.431800e+00 -1.095336e+02 1.329729e+03
-7.536200e+00 -1.081900e+02 1.329737e+03
-7.526000e+00 -1.092886e+02 1.329740e+03
-4.106600e+00 -1.099921e+02 1.329741e+03
-4.375500e+00 -1.087660e+02 1.329759e+03
-6.665400e+00 -1.104461e+02 1.329772e+03
-4.083300e+00 -1.097282e+02 1.329777e+03
-4.449500e+00 -1.105875e+02 1.329782e+03
-4.668700e+00 -1.107560e+02 1.329792e+03
-7.261300e+00 -1.098106e+02 1.329803e+03
-5.642200e+00 -1.076522e+02 1.329817e+03
-4.259800e+00 -1.103781e+02 1.329883e+03
-7.579000e+00 -1.089532e+02 1.329889e+03
-6.422100e+00 -1.075695e+02 1.329919e+03
-4.124000e+00 -1.095224e+02 1.329938e+03
-4.642900e+00 -1.083856e+02 1.329958e+03
-6.979500e+00 -1.077869e+02 1.329972e+03
-7.443700e+00 -1.095246e+02 1.329977e+03
-7.249100e+00 -1.080158e+02 1.329986e+03
-4.469600e+00 -1.086494e+02 1.330005e+03
-4.217600e+00 -1.092383e+02 1.330040e+03
-5.251800e+00 -1.111293e+02 1.330047e+03
-4.350300e+00 -1.089204e+02 1.330085e+03
-7.479100e+00 -1.084896e+02 1.330102e+03
-7.534200e+00 -1.087394e+02 1.330109e+03
-5.874100e+00 -1.077499e+02 1.330110e+03
-7.518600e+00 -1.092468e+02 1.330111e+03
-4.987600e+00 -1.110486e+02 1.330115e+03
-4.066500e+00 -1.097592e+02 1.330123e+03
-7.364800e+00 -1.082807e+02 1.330127e+03
-4.431600e+00 -1.106928e+02 1.330134e+03
-5.460300e+00 -1.111627e+02 1.330138e+03
-5.714600e+00 -1.078073e+02 1.330144e+03
-5.157100e+00 -1.080637e+02 1.330184e+03
-6.055000e+00 -1.109699e+02 1.330203e+03
-5.558800e+00 -1.078989e+02 1.330213e+03
-6.643000e+00 -1.078584e+02 1.330221e+03
-7.007500e+00 -1.102199e+02 1.330247e+03
-7.470000e+00 -1.094818e+02 1.330273e+03
-7.514700e+00 -1.089829e+02 1.330292e+03
-7.334800e+00 -1.097816e+02 1.330300e+03
-5.757300e+00 -1.079029e+02 1.330314e+03
-6.524400e+00 -1.106856e+02 1.330338e+03
-6.950500e+00 -1.080896e+02 1.330342e+03
-4.147100e+00 -1.094637e+02 1.330354e+03
-7.338400e+00 -1.084709e+02 1.330378e+03
-7.187500e+00 -1.082912e+02 1.330384e+03
-4.661500e+00 -1.109854e+02 1.330406e+03
-4.278100e+00 -1.091514e+02 1.330416e+03
-6.094800e+00 -1.079397e+02 1.330423e+03
-5.246700e+00 -1.112204e+02 1.330441e+03
-4.059400e+00 -1.100760e+02 1.330444e+03
-7.424600e+00 -1.087242e+02 1.330450e+03
-5.670900e+00 -1.111816e+02 1.330479e+03
-5.570500e+00 -1.080599e+02 1.330512e+03
-7.441700e+00 -1.095665e+02 1.330518e+03
-4.197200e+00 -1.105306e+02 1.330523e+03
-5.438700e+00 -1.112529e+02 1.330535e+03
-4.480000e+00 -1.088105e+02 1.330537e+03
-4.400000e+00 -1.108302e+02 1.330538e+03
-7.486000e+00 -1.092694e+02 1.330543e+03
-7.217600e+00 -1.100277e+02 1.330556e+03
-4.079900e+00 -1.097009e+02 1.330598e+03
-7.460100e+00 -1.089760e+02 1.330607e+03
-6.975000e+00 -1.083313e+02 1.330654e+03
-4.773400e+00 -1.085051e+02 1.330657e+03
-7.099600e+00 -1.102306e+02 1.330676e+03
-4.964200e+00 -1.112131e+02 1.330677e+03
-6.252100e+00 -1.109522e+02 1.330689e+03
-6.619000e+00 -1.082202e+02 1.330722e+03
-7.443300e+00 -1.094901e+02 1.330761e+03
-4.707400e+00 -1.111702e+02 1.330775e+03
-7.338300e+00 -1.097778e+02 1.330790e+03
-7.178000e+00 -1.085819e+02 1.330796e+03
-4.029200e+00 -1.102977e+02 1.330799e+03
-6.864500e+00 -1.105033e+02 1.330800e+03
-7.359300e+00 -1.088379e+02 1.330804e+03
-4.486100e+00 -1.110406e+02 1.330811e+03
-5.317400e+00 -1.082574e+02 1.330814e+03
-7.211700e+00 -1.100690e+02 1.330820e+03
-4.277900e+00 -1.108323e+02 1.330877e+03
-5.933200e+00 -1.111498e+02 1.330880e+03
-6.511300e+00 -1.108134e+02 1.330885e+03
-5.040200e+00 -1.084056e+02 1.330897e+03
-5.675400e+00 -1.112493e+02 1.330901e+03
-7.444200e+00 -1.093173e+02 1.330904e+03
-4.621900e+00 -1.087427e+02 1.330938e+03
-3.990300e+00 -1.100980e+02 1.330942e+03
-5.358500e+00 -1.113016e+02 1.330947e+03
-7.402100e+00 -1.090825e+02 1.330950e+03
-4.814900e+00 -1.112769e+02 1.330955e+03
-5.719700e+00 -1.082678e+02 1.330972e+03
-4.263000e+00 -1.093265e+02 1.330979e+03
-6.865900e+00 -1.084638e+02 1.330989e+03
-7.101300e+00 -1.102664e+02 1.330996e+03
-6.193300e+00 -1.082944e+02 1.331005e+03
-4.350400e+00 -1.110066e+02 1.331014e+03
-4.999600e+00 -1.113209e+02 1.331026e+03
-4.622600e+00 -1.112247e+02 1.331044e+03
-3.988300e+00 -1.102617e+02 1.331080e+03
-7.384100e+00 -1.094941e+02 1.331094e+03
-4.435100e+00 -1.111202e+02 1.331104e+03
-6.237000e+00 -1.110237e+02 1.331114e+03
-4.513600e+00 -1.089509e+02 1.331123e+03
-4.084800e+00 -1.105433e+02 1.331127e+03
-4.067400e+00 -1.098093e+02 1.331130e+03
-5.690300e+00 -1.112697e+02 1.331148e+03
-7.392200e+00 -1.092592e+02 1.331158e+03
-7.228300e+00 -1.100034e+02 1.331163e+03
-7.309300e+00 -1.097328e+02 1.331194e+03
-7.228200e+00 -1.088805e+02 1.331205e+03
-6.454300e+00 -1.109068e+02 1.331206e+03
-6.979700e+00 -1.104685e+02 1.331208e+03
-6.557000e+00 -1.084822e+02 1.331266e+03
-5.109100e+00 -1.113855e+02 1.331271e+03
-3.999400e+00 -1.103167e+02 1.331280e+03
-6.711100e+00 -1.107291e+02 1.331281e+03
-4.825000e+00 -1.113701e+02 1.331312e+03
-4.259400e+00 -1.109746e+02 1.331313e+03
-4.815500e+00 -1.087369e+02 1.331321e+03
-5.278000e+00 -1.113944e+02 1.331353e+03
-7.127200e+00 -1.102649e+02 1.331362e+03
-7.342300e+00 -1.093379e+02 1.331369e+03
-7.304500e+00 -1.091355e+02 1.331375e+03
-4.003800e+00 -1.101012e+02 1.331378e+03
-5.343100e+00 -1.085159e+02 1.331378e+03
-5.509600e+00 -1.113553e+02 1.331410e+03
-4.496300e+00 -1.112683e+02 1.331421e+03
-5.905200e+00 -1.112274e+02 1.331423e+03
-7.311900e+00 -1.095466e+02 1.331425e+03
-6.902500e+00 -1.087059e+02 1.331467e+03
-7.261400e+00 -1.098130e+02 1.331487e+03
-6.687100e+00 -1.085975e+02 1.331501e+03
-6.034500e+00 -1.085144e+02 1.331515e+03
-7.210800e+00 -1.100542e+02 1.331519e+03
-4.089500e+00 -1.107142e+02 1.331614e+03
-4.028500e+00 -1.103768e+02 1.331616e+03
-6.518900e+00 -1.085969e+02 1.331620e+03
-6.710900e+00 -1.086506e+02 1.331634e+03
-4.299500e+00 -1.111847e+02 1.331638e+03
-7.239900e+00 -1.099327e+02 1.331640e+03
-7.009100e+00 -1.105115e+02 1.331641e+03
-7.171500e+00 -1.102305e+02 1.331653e+03
-7.274300e+00 -1.096001e+02 1.331654e+03
-6.369400e+00 -1.110275e+02 1.331655e+03
-7.266700e+00 -1.093468e+02 1.331660e+03
-4.526200e+00 -1.091204e+02 1.331677e+03
-6.738800e+00 -1.107839e+02 1.331679e+03
-5.617500e+00 -1.113963e+02 1.331709e+03
-5.366300e+00 -1.086342e+02 1.331723e+03
-7.141000e+00 -1.090671e+02 1.331731e+03
-4.086800e+00 -1.098480e+02 1.331737e+03
-4.155400e+00 -1.109970e+02 1.331745e+03
-5.169100e+00 -1.115215e+02 1.331747e+03
-7.237400e+00 -1.100405e+02 1.331760e+03
-7.263200e+00 -1.098015e+02 1.331771e+03
-4.411500e+00 -1.113563e+02 1.331778e+03
-5.628400e+00 -1.086211e+02 1.331780e+03
-5.162800e+00 -1.087492e+02 1.331820e+03
-4.823600e+00 -1.089142e+02 1.331827e+03
-4.247700e+00 -1.095284e+02 1.331839e+03
-7.259700e+00 -1.095525e+02 1.331873e+03
-4.035700e+00 -1.105505e+02 1.331882e+03
-4.641800e+00 -1.115268e+02 1.331886e+03
-5.916900e+00 -1.113337e+02 1.331887e+03
-5.437400e+00 -1.086891e+02 1.331887e+03
-6.360200e+00 -1.086751e+02 1.331895e+03
-6.888300e+00 -1.107211e+02 1.331905e+03
-6.679800e+00 -1.087635e+02 1.331907e+03
-6.675500e+00 -1.108844e+02 1.331923e+03
-4.093500e+00 -1.110081e+02 1.331964e+03
-7.233100e+00 -1.102399e+02 1.331969e+03
-4.058900e+00 -1.100709e+02 1.331972e+03
-4.039000e+00 -1.107783e+02 1.331983e+03
-4.193600e+00 -1.112340e+02 1.331989e+03
-7.282400e+00 -1.097285e+02 1.331992e+03
-7.292700e+00 -1.099447e+02 1.331994e+03
-7.211300e+00 -1.093577e+02 1.331999e+03
-6.934400e+00 -1.089747e+02 1.332018e+03
-5.620800e+00 -1.087229e+02 1.332043e+03
-5.549600e+00 -1.115615e+02 1.332045e+03
-5.412300e+00 -1.087672e+02 1.332060e+03
-4.378100e+00 -1.114744e+02 1.332061e+03
-4.012900e+00 -1.105442e+02 1.332085e+03
-7.263500e+00 -1.095736e+02 1.332095e+03
-5.008800e+00 -1.089115e+02 1.332117e+03
-4.030800e+00 -1.103357e+02 1.332133e+03
-5.260500e+00 -1.088401e+02 1.332148e+03
-7.092200e+00 -1.105777e+02 1.332148e+03
-6.824800e+00 -1.108351e+02 1.332166e+03
-5.996300e+00 -1.087712e+02 1.332166e+03
-7.102200e+00 -1.092198e+02 1.332170e+03
-4.734900e+00 -1.090714e+02 1.332170e+03
-6.189200e+00 -1.112765e+02 1.332178e+03
-6.520800e+00 -1.110458e+02 1.332184e+03
-3.979400e+00 -1.107829e+02 1.332203e+03
-4.002400e+00 -1.109833e+02 1.332206e+03
-3.978900e+00 -1.106342e+02 1.332225e+03
-7.323300e+00 -1.097759e+02 1.332230e+03
-7.361900e+00 -1.100409e+02 1.332259e+03
-3.993600e+00 -1.104689e+02 1.332264e+03
-6.473100e+00 -1.088631e+02 1.332274e+03
-4.205100e+00 -1.114634e+02 1.332278e+03
-5.854100e+00 -1.115397e+02 1.332284e+03
-4.165900e+00 -1.097777e+02 1.332294e+03
-4.481700e+00 -1.093041e+02 1.332295e+03
-7.228700e+00 -1.094976e+02 1.332325e+03
-6.765000e+00 -1.090011e+02 1.332325e+03
-5.234400e+00 -1.117957e+02 1.332326e+03
-5.517100e+00 -1.088722e+02 1.332345e+03
-6.965500e+00 -1.091500e+02 1.332349e+03
-5.187700e+00 -1.089355e+02 1.332358e+03
-7.327100e+00 -1.103009e+02 1.332383e+03
-6.721300e+00 -1.109720e+02 1.332396e+03
-4.958500e+00 -1.090322e+02 1.332415e+03
-3.988400e+00 -1.112864e+02 1.332435e+03
-6.367700e+00 -1.112371e+02 1.332439e+03
-7.398000e+00 -1.098935e+02 1.332440e+03
-3.956500e+00 -1.105446e+02 1.332446e+03
-3.921100e+00 -1.107566e+02 1.332454e+03
-6.947500e+00 -1.108301e+02 1.332460e+03
-7.090800e+00 -1.093276e+02 1.332465e+03
-5.516300e+00 -1.118126e+02 1.332474e+03
-7.332100e+00 -1.097151e+02 1.332487e+03
-6.555900e+00 -1.111127e+02 1.332488e+03
-4.361100e+00 -1.116999e+02 1.332494e+03
-4.313700e+00 -1.095315e+02 1.332511e+03
-4.003200e+00 -1.103616e+02 1.332549e+03
-4.810200e+00 -1.118951e+02 1.332554e+03
-7.429500e+00 -1.100610e+02 1.332557e+03
-4.082900e+00 -1.115474e+02 1.332569e+03
-3.861000e+00 -1.110111e+02 1.332591e+03
-6.628400e+00 -1.090637e+02 1.332599e+03
-6.169000e+00 -1.114945e+02 1.332623e+03
-7.201700e+00 -1.106200e+02 1.332645e+03
-6.745200e+00 -1.110523e+02 1.332657e+03
-6.901600e+00 -1.092403e+02 1.332659e+03
-4.115200e+00 -1.100393e+02 1.332664e+03
-5.809200e+00 -1.117874e+02 1.332669e+03
-7.394700e+00 -1.098406e+02 1.332684e+03
-6.346200e+00 -1.090359e+02 1.332690e+03
-4.715500e+00 -1.092604e+02 1.332693e+03
-4.453700e+00 -1.094157e+02 1.332711e+03
-6.499200e+00 -1.112691e+02 1.332727e+03
-7.199600e+00 -1.095470e+02 1.332749e+03
-5.189000e+00 -1.091281e+02 1.332769e+03
-3.896900e+00 -1.114696e+02 1.332784e+03
-6.972000e+00 -1.109182e+02 1.332785e+03
-3.830500e+00 -1.108232e+02 1.332788e+03
-4.264300e+00 -1.097001e+02 1.332792e+03
-4.358900e+00 -1.095364e+02 1.332818e+03
-7.450900e+00 -1.100115e+02 1.332831e+03
-7.413200e+00 -1.102928e+02 1.332835e+03
-5.537000e+00 -1.120237e+02 1.332844e+03
-3.910300e+00 -1.105808e+02 1.332847e+03
-5.813800e+00 -1.091127e+02 1.332877e+03
-3.774900e+00 -1.112330e+02 1.332886e+03
-3.763400e+00 -1.109917e+02 1.332929e+03
-6.675900e+00 -1.092224e+02 1.332929e+03
-7.305100e+00 -1.105688e+02 1.332932e+03
-6.766900e+00 -1.111737e+02 1.333011e+03
-5.175600e+00 -1.121801e+02 1.333012e+03
-4.009400e+00 -1.117402e+02 1.333018e+03
-4.456000e+00 -1.095635e+02 1.333037e+03
-6.952200e+00 -1.093931e+02 1.333042e+03
-5.747400e+00 -1.120419e+02 1.333053e+03
-4.028200e+00 -1.102936e+02 1.333062e+03
-7.456400e+00 -1.100786e+02 1.333072e+03
-7.360600e+00 -1.098295e+02 1.333074e+03
-6.058400e+00 -1.118349e+02 1.333079e+03
-4.269900e+00 -1.098218e+02 1.333096e+03
-6.437400e+00 -1.115112e+02 1.333103e+03
-7.110400e+00 -1.108584e+02 1.333132e+03
-3.741800e+00 -1.114739e+02 1.333165e+03
-7.156500e+00 -1.095884e+02 1.333180e+03
-3.780100e+00 -1.108278e+02 1.333184e+03
-6.759700e+00 -1.093419e+02 1.333186e+03
-3.676000e+00 -1.112786e+02 1.333197e+03
-7.446700e+00 -1.102460e+02 1.333202e+03
-7.352300e+00 -1.105010e+02 1.333226e+03
-4.359200e+00 -1.121148e+02 1.333230e+03
-3.690100e+00 -1.110975e+02 1.333244e+03
-6.425400e+00 -1.093190e+02 1.333272e+03
-4.182300e+00 -1.100475e+02 1.333289e+03
-5.330800e+00 -1.093985e+02 1.333339e+03
-4.821300e+00 -1.095306e+02 1.333344e+03
-4.742700e+00 -1.123429e+02 1.333348e+03
-5.494500e+00 -1.123103e+02 1.333354e+03
-6.902900e+00 -1.094973e+02 1.333417e+03
-7.399200e+00 -1.100669e+02 1.333422e+03
-3.754500e+00 -1.116930e+02 1.333428e+03
-3.653700e+00 -1.115101e+02 1.333437e+03
-7.413000e+00 -1.103074e+02 1.333444e+03
-7.234000e+00 -1.107230e+02 1.333465e+03
-7.094300e+00 -1.109502e+02 1.333494e+03
-3.632400e+00 -1.113072e+02 1.333504e+03
-4.082600e+00 -1.102588e+02 1.333505e+03
-4.429100e+00 -1.098307e+02 1.333507e+03
-3.909200e+00 -1.105559e+02 1.333533e+03
-7.204500e+00 -1.097771e+02 1.333544e+03
-6.789400e+00 -1.113337e+02 1.333589e+03
-3.942500e+00 -1.120147e+02 1.333594e+03
-6.299200e+00 -1.118716e+02 1.333604e+03
-7.178500e+00 -1.108331e+02 1.333621e+03
-5.802200e+00 -1.095070e+02 1.333624e+03
-7.329800e+00 -1.104737e+02 1.333630e+03
-5.854400e+00 -1.122643e+02 1.333634e+03
-7.372800e+00 -1.102421e+02 1.333664e+03
-4.938700e+00 -1.125660e+02 1.333665e+03
-6.296800e+00 -1.094988e+02 1.333700e+03
-3.620000e+00 -1.115275e+02 1.333701e+03
-3.700800e+00 -1.109752e+02 1.333729e+03
-6.649600e+00 -1.095437e+02 1.333730e+03
-7.176900e+00 -1.108281e+02 1.333739e+03
-7.232800e+00 -1.106917e+02 1.333744e+03
-7.080600e+00 -1.109849e+02 1.333766e+03
-3.691200e+00 -1.117704e+02 1.333770e+03
-4.455500e+00 -1.125417e+02 1.333791e+03
-4.069500e+00 -1.103435e+02 1.333798e+03
-5.198600e+00 -1.126285e+02 1.333804e+03
-4.248600e+00 -1.101381e+02 1.333805e+03
-6.958700e+00 -1.097002e+02 1.333833e+03
-7.271400e+00 -1.100708e+02 1.333837e+03
-4.680900e+00 -1.098419e+02 1.333838e+03
-4.147900e+00 -1.123879e+02 1.333845e+03
-7.302200e+00 -1.103140e+02 1.333866e+03
-4.705500e+00 -1.126673e+02 1.333870e+03
-7.168200e+00 -1.108050e+02 1.333901e+03
-7.133700e+00 -1.098673e+02 1.333912e+03
-7.252900e+00 -1.104981e+02 1.333928e+03
-3.740900e+00 -1.119560e+02 1.333945e+03
-6.429600e+00 -1.096354e+02 1.333955e+03
-4.478200e+00 -1.100075e+02 1.333960e+03
-7.208000e+00 -1.106539e+02 1.333971e+03
-3.974200e+00 -1.105046e+02 1.333980e+03
-3.635700e+00 -1.117769e+02 1.333984e+03
-6.065300e+00 -1.096782e+02 1.333988e+03
-3.893000e+00 -1.122273e+02 1.334005e+03
-3.606200e+00 -1.112855e+02 1.334023e+03
-5.502400e+00 -1.126653e+02 1.334024e+03
-5.089100e+00 -1.098623e+02 1.334056e+03
-6.964900e+00 -1.111768e+02 1.334076e+03
-3.821500e+00 -1.107423e+02 1.334091e+03
-7.099100e+00 -1.109191e+02 1.334105e+03
-6.990500e+00 -1.098955e+02 1.334110e+03
-3.596000e+00 -1.115791e+02 1.334111e+03
-7.120200e+00 -1.100439e+02 1.334111e+03
-6.517300e+00 -1.118168e+02 1.334120e+03
-7.191300e+00 -1.105393e+02 1.334122e+03
-4.135100e+00 -1.103647e+02 1.334130e+03
-7.156000e+00 -1.107085e+02 1.334143e+03
-7.173900e+00 -1.103098e+02 1.334151e+03
-6.781200e+00 -1.114653e+02 1.334162e+03
-6.698800e+00 -1.098322e+02 1.334163e+03
-4.217700e+00 -1.127277e+02 1.334183e+03
-4.673900e+00 -1.100410e+02 1.334190e+03
-5.601800e+00 -1.098675e+02 1.334191e+03
-3.630800e+00 -1.117992e+02 1.334195e+03
-3.825900e+00 -1.122834e+02 1.334220e+03
-4.501600e+00 -1.128762e+02 1.334231e+03
-3.726000e+00 -1.120593e+02 1.334235e+03
-6.287500e+00 -1.098391e+02 1.334242e+03
-6.141800e+00 -1.123095e+02 1.334249e+03
-4.864100e+00 -1.129157e+02 1.334259e+03
-3.929200e+00 -1.125167e+02 1.334267e+03
-5.768700e+00 -1.126759e+02 1.334320e+03
-7.127300e+00 -1.105359e+02 1.334322e+03
-5.912400e+00 -1.099200e+02 1.334324e+03
-3.971900e+00 -1.105943e+02 1.334336e+03
-3.693500e+00 -1.110284e+02 1.334347e+03
-7.098100e+00 -1.107590e+02 1.334379e+03
-4.403200e+00 -1.102766e+02 1.334381e+03
-7.076400e+00 -1.103839e+02 1.334394e+03
-6.946500e+00 -1.101943e+02 1.334402e+03
-7.045900e+00 -1.109933e+02 1.334407e+03
-3.632700e+00 -1.118440e+02 1.334426e+03
-3.739700e+00 -1.122751e+02 1.334448e+03
-6.448400e+00 -1.100191e+02 1.334456e+03
-5.234000e+00 -1.129712e+02 1.334466e+03
-3.991700e+00 -1.128572e+02 1.334485e+03
-4.148100e+00 -1.104832e+02 1.334488e+03
-3.774500e+00 -1.124987e+02 1.334497e+03
-6.672900e+00 -1.101098e+02 1.334498e+03
-3.597300e+00 -1.116308e+02 1.334503e+03
-3.662200e+00 -1.120029e+02 1.334503e+03
-5.279400e+00 -1.101064e+02 1.334504e+03
-4.230600e+00 -1.130296e+02 1.334512e+03
-3.828000e+00 -1.108226e+02 1.334515e+03
-6.927100e+00 -1.112397e+02 1.334528e+03
-5.511900e+00 -1.129305e+02 1.334552e+03
-7.032000e+00 -1.105544e+02 1.334561e+03
-3.792600e+00 -1.126882e+02 1.334593e+03
-3.626500e+00 -1.113375e+02 1.334600e+03
-5.590000e+00 -1.101395e+02 1.334606e+03
-7.049700e+00 -1.108129e+02 1.334608e+03
-4.772700e+00 -1.102524e+02 1.334617e+03
-6.050900e+00 -1.101350e+02 1.334622e+03
-5.041500e+00 -1.102099e+02 1.334627e+03
-6.722200e+00 -1.116203e+02 1.334630e+03
-7.014300e+00 -1.109790e+02 1.334676e+03
-3.611200e+00 -1.117983e+02 1.334682e+03
-6.742000e+00 -1.103163e+02 1.334688e+03
-6.448900e+00 -1.120874e+02 1.334699e+03
-6.888200e+00 -1.104744e+02 1.334727e+03
-3.985000e+00 -1.130872e+02 1.334743e+03
-5.961700e+00 -1.127161e+02 1.334745e+03
-3.817300e+00 -1.129181e+02 1.334748e+03
-6.439900e+00 -1.102805e+02 1.334754e+03
-4.504700e+00 -1.132393e+02 1.334758e+03
-5.692400e+00 -1.129300e+02 1.334768e+03
-3.614600e+00 -1.120642e+02 1.334783e+03
-3.642900e+00 -1.124342e+02 1.334790e+03
-4.179500e+00 -1.132285e+02 1.334791e+03
-4.259200e+00 -1.105519e+02 1.334808e+03
-4.006700e+00 -1.107600e+02 1.334834e+03
-6.965000e+00 -1.110627e+02 1.334834e+03
-6.222800e+00 -1.124698e+02 1.334845e+03
-3.775400e+00 -1.110561e+02 1.334862e+03
-6.947300e+00 -1.107828e+02 1.334862e+03
-3.607200e+00 -1.115610e+02 1.334873e+03
-5.228600e+00 -1.103302e+02 1.334873e+03
-4.939900e+00 -1.132533e+02 1.334880e+03
-6.886000e+00 -1.112917e+02 1.334884e+03
-4.955600e+00 -1.103835e+02 1.334920e+03
-6.083100e+00 -1.103691e+02 1.334941e+03
-3.642400e+00 -1.127459e+02 1.334954e+03
-3.585600e+00 -1.117811e+02 1.334959e+03
-3.994300e+00 -1.132466e+02 1.334969e+03
-4.808000e+00 -1.104456e+02 1.334998e+03
-6.674200e+00 -1.105719e+02 1.335004e+03
-6.808600e+00 -1.114996e+02 1.335008e+03
-4.560900e+00 -1.105393e+02 1.335039e+03
-5.637500e+00 -1.104122e+02 1.335046e+03
-6.326400e+00 -1.104798e+02 1.335053e+03
-3.550000e+00 -1.119576e+02 1.335058e+03
-6.909800e+00 -1.110433e+02 1.335072e+03
-5.406800e+00 -1.131765e+02 1.335075e+03
-5.810600e+00 -1.129595e+02 1.335087e+03
-3.736700e+00 -1.130731e+02 1.335101e+03
-4.168200e+00 -1.134048e+02 1.335106e+03
-3.599400e+00 -1.115958e+02 1.335132e+03
-3.515200e+00 -1.121768e+02 1.335135e+03
-6.687400e+00 -1.117908e+02 1.335154e+03
-6.826200e+00 -1.108426e+02 1.335157e+03
-6.861700e+00 -1.112797e+02 1.335168e+03
-4.667800e+00 -1.134783e+02 1.335175e+03
-3.681000e+00 -1.113811e+02 1.335175e+03
-3.553600e+00 -1.117782e+02 1.335204e+03
-3.900700e+00 -1.133242e+02 1.335209e+03
-4.418600e+00 -1.135157e+02 1.335209e+03
-6.808500e+00 -1.114851e+02 1.335228e+03
-6.096600e+00 -1.127559e+02 1.335244e+03
-3.509400e+00 -1.119628e+02 1.335247e+03
-6.018700e+00 -1.105538e+02 1.335247e+03
-3.475300e+00 -1.124609e+02 1.335278e+03
-6.378400e+00 -1.106534e+02 1.335302e+03
-4.233000e+00 -1.108439e+02 1.335340e+03
-3.601700e+00 -1.116065e+02 1.335351e+03
-6.644500e+00 -1.108201e+02 1.335352e+03
-3.483000e+00 -1.127770e+02 1.335356e+03
-6.797400e+00 -1.110777e+02 1.335358e+03
-6.814900e+00 -1.113267e+02 1.335373e+03
-3.467100e+00 -1.120487e+02 1.335383e+03
-6.454100e+00 -1.123111e+02 1.335384e+03
-5.032700e+00 -1.106547e+02 1.335409e+03
-3.436200e+00 -1.122085e+02 1.335424e+03
-6.770200e+00 -1.115346e+02 1.335425e+03
-4.937700e+00 -1.135276e+02 1.335440e+03
-3.920200e+00 -1.111660e+02 1.335461e+03
-6.656800e+00 -1.119578e+02 1.335462e+03
-3.525600e+00 -1.118280e+02 1.335467e+03
-3.669400e+00 -1.133150e+02 1.335468e+03
-6.731100e+00 -1.117391e+02 1.335477e+03
-3.911000e+00 -1.135223e+02 1.335488e+03
-4.194100e+00 -1.136356e+02 1.335491e+03
-5.785800e+00 -1.131034e+02 1.335508e+03
-3.473300e+00 -1.130455e+02 1.335517e+03
-6.129000e+00 -1.107517e+02 1.335542e+03
-6.414700e+00 -1.108363e+02 1.335552e+03
-3.440800e+00 -1.120409e+02 1.335600e+03
-6.602400e+00 -1.110346e+02 1.335603e+03
-6.719700e+00 -1.113152e+02 1.335607e+03
-6.614800e+00 -1.120813e+02 1.335626e+03
-5.681600e+00 -1.107739e+02 1.335629e+03
-3.390700e+00 -1.122663e+02 1.335640e+03
-3.359100e+00 -1.125192e+02 1.335646e+03
-4.491500e+00 -1.137334e+02 1.335650e+03
-6.729700e+00 -1.115912e+02 1.335663e+03
-6.260700e+00 -1.108700e+02 1.335676e+03
-6.691900e+00 -1.118446e+02 1.335677e+03
-5.309900e+00 -1.134645e+02 1.335693e+03
-6.559300e+00 -1.122197e+02 1.335705e+03
-3.676900e+00 -1.115888e+02 1.335706e+03
-3.322100e+00 -1.127703e+02 1.335720e+03
-6.390000e+00 -1.109836e+02 1.335727e+03
-4.995400e+00 -1.136393e+02 1.335733e+03
-3.509700e+00 -1.118628e+02 1.335739e+03
-4.202800e+00 -1.137880e+02 1.335752e+03
-4.533000e+00 -1.109358e+02 1.335755e+03
-3.410900e+00 -1.132965e+02 1.335761e+03
-6.662200e+00 -1.114681e+02 1.335818e+03
-6.112000e+00 -1.109805e+02 1.335823e+03
-6.171000e+00 -1.128558e+02 1.335845e+03
-3.421500e+00 -1.120652e+02 1.335854e+03
-3.267700e+00 -1.130267e+02 1.335858e+03
-6.479000e+00 -1.112595e+02 1.335877e+03
-3.569000e+00 -1.136078e+02 1.335880e+03
-6.606300e+00 -1.120424e+02 1.335891e+03
-4.792000e+00 -1.137856e+02 1.335900e+03
-6.481000e+00 -1.123923e+02 1.335907e+03
-3.337800e+00 -1.123006e+02 1.335914e+03
-6.638200e+00 -1.116967e+02 1.335919e+03
-3.276300e+00 -1.125304e+02 1.335924e+03
-3.908800e+00 -1.138439e+02 1.335944e+03
-5.034700e+00 -1.137081e+02 1.335952e+03
-6.587300e+00 -1.114989e+02 1.335959e+03
-5.721100e+00 -1.133174e+02 1.335975e+03
-3.899000e+00 -1.114550e+02 1.336011e+03
-3.208000e+00 -1.132652e+02 1.336021e+03
-3.531300e+00 -1.118892e+02 1.336030e+03
-3.291300e+00 -1.134870e+02 1.336047e+03
-5.780600e+00 -1.110916e+02 1.336062e+03
-4.196800e+00 -1.139850e+02 1.336097e+03
-3.398800e+00 -1.121195e+02 1.336101e+03
-3.178200e+00 -1.127210e+02 1.336115e+03
-4.149100e+00 -1.113204e+02 1.336119e+03
-5.296800e+00 -1.136427e+02 1.336140e+03
-6.117500e+00 -1.112892e+02 1.336146e+03
-4.817200e+00 -1.111150e+02 1.336153e+03
-6.474600e+00 -1.124161e+02 1.336158e+03
-6.519000e+00 -1.122039e+02 1.336163e+03
-6.362500e+00 -1.126492e+02 1.336170e+03
-6.413800e+00 -1.115830e+02 1.336175e+03
-6.512400e+00 -1.119112e+02 1.336197e+03
-3.280200e+00 -1.123610e+02 1.336223e+03
-3.086500e+00 -1.130488e+02 1.336232e+03
-5.966800e+00 -1.132154e+02 1.336237e+03
-5.333200e+00 -1.112020e+02 1.336271e+03
-3.744600e+00 -1.117441e+02 1.336288e+03
-3.947500e+00 -1.115577e+02 1.336304e+03
-6.180400e+00 -1.129812e+02 1.336310e+03
-5.783700e+00 -1.113317e+02 1.336343e+03
-3.267100e+00 -1.137658e+02 1.336343e+03
-3.522100e+00 -1.139936e+02 1.336350e+03
-6.399200e+00 -1.124300e+02 1.336381e+03
-4.924300e+00 -1.139313e+02 1.336386e+03
-6.422300e+00 -1.121353e+02 1.336402e+03
-3.940500e+00 -1.141660e+02 1.336408e+03
-3.049200e+00 -1.134201e+02 1.336412e+03
-4.512700e+00 -1.141065e+02 1.336414e+03
-3.478500e+00 -1.120713e+02 1.336425e+03
-3.141500e+00 -1.125398e+02 1.336444e+03
-6.281000e+00 -1.127558e+02 1.336447e+03
-6.047900e+00 -1.115718e+02 1.336456e+03
-5.608400e+00 -1.135509e+02 1.336457e+03
-4.467100e+00 -1.113831e+02 1.336466e+03
-3.715300e+00 -1.141797e+02 1.336486e+03
-5.233300e+00 -1.138090e+02 1.336502e+03
-3.030000e+00 -1.127804e+02 1.336510e+03
-6.242200e+00 -1.119328e+02 1.336573e+03
-3.954600e+00 -1.117121e+02 1.336587e+03
-6.162600e+00 -1.130056e+02 1.336592e+03
-2.941600e+00 -1.130647e+02 1.336630e+03
-3.267000e+00 -1.123325e+02 1.336631e+03
-5.672100e+00 -1.115630e+02 1.336646e+03
-6.294700e+00 -1.122948e+02 1.336649e+03
-6.216900e+00 -1.128219e+02 1.336656e+03
-6.269400e+00 -1.125930e+02 1.336661e+03
-4.176100e+00 -1.116457e+02 1.336706e+03
-2.915700e+00 -1.135046e+02 1.336715e+03
-5.965100e+00 -1.132935e+02 1.336733e+03
-2.887600e+00 -1.133004e+02 1.336744e+03
-5.928200e+00 -1.117857e+02 1.336745e+03
-3.718400e+00 -1.119712e+02 1.336753e+03
-3.087600e+00 -1.125551e+02 1.336767e+03
-4.136600e+00 -1.143702e+02 1.336768e+03
-3.236800e+00 -1.141382e+02 1.336776e+03
-3.003000e+00 -1.138134e+02 1.336777e+03
-6.163200e+00 -1.129493e+02 1.336787e+03
-5.353500e+00 -1.138286e+02 1.336802e+03
-4.842600e+00 -1.115884e+02 1.336849e+03
-6.102600e+00 -1.131050e+02 1.336859e+03
-6.164600e+00 -1.122162e+02 1.336866e+03
-6.188800e+00 -1.127580e+02 1.336879e+03
-2.955000e+00 -1.127983e+02 1.336896e+03
-5.065200e+00 -1.140561e+02 1.336910e+03
-2.986900e+00 -1.140090e+02 1.336919e+03
-3.477100e+00 -1.122060e+02 1.336934e+03
-3.464000e+00 -1.143953e+02 1.336935e+03
-5.324600e+00 -1.116829e+02 1.336937e+03
-6.187500e+00 -1.124821e+02 1.336942e+03
-2.938800e+00 -1.139344e+02 1.336969e+03
-3.045200e+00 -1.141849e+02 1.336988e+03
-2.869300e+00 -1.130774e+02 1.336997e+03
-2.966100e+00 -1.140385e+02 1.337004e+03
-5.969400e+00 -1.120657e+02 1.337010e+03
-5.665800e+00 -1.118523e+02 1.337012e+03
-2.847900e+00 -1.134355e+02 1.337016e+03
-3.986300e+00 -1.119407e+02 1.337026e+03
-2.869000e+00 -1.137404e+02 1.337062e+03
-4.350000e+00 -1.118151e+02 1.337067e+03
-4.747500e+00 -1.143114e+02 1.337068e+03
-3.243000e+00 -1.124214e+02 1.337072e+03
-5.620400e+00 -1.136843e+02 1.337083e+03
-6.086300e+00 -1.123117e+02 1.337093e+03
-3.757900e+00 -1.145686e+02 1.337099e+03
-3.057500e+00 -1.126068e+02 1.337100e+03
-6.130000e+00 -1.129384e+02 1.337101e+03
-6.143400e+00 -1.126761e+02 1.337158e+03
-3.734600e+00 -1.121550e+02 1.337195e+03
-2.812000e+00 -1.135493e+02 1.337197e+03
-6.104500e+00 -1.124751e+02 1.337205e+03
-2.892100e+00 -1.139672e+02 1.337209e+03
-5.285400e+00 -1.140143e+02 1.337271e+03
-6.039800e+00 -1.131725e+02 1.337274e+03
-2.842600e+00 -1.131326e+02 1.337299e+03
-4.407700e+00 -1.145783e+02 1.337300e+03
-5.438100e+00 -1.119602e+02 1.337309e+03
-2.946300e+00 -1.128417e+02 1.337324e+03
-5.956900e+00 -1.123386e+02 1.337371e+03
-5.871100e+00 -1.134480e+02 1.337373e+03
-5.697200e+00 -1.121164e+02 1.337375e+03
-2.944500e+00 -1.142502e+02 1.337376e+03
-2.808200e+00 -1.136377e+02 1.337377e+03
-6.070600e+00 -1.125628e+02 1.337380e+03
-5.111100e+00 -1.119513e+02 1.337382e+03
-2.806100e+00 -1.133584e+02 1.337407e+03
-6.095000e+00 -1.127622e+02 1.337407e+03
-3.139900e+00 -1.145226e+02 1.337422e+03
-6.092100e+00 -1.129575e+02 1.337432e+03
-3.149100e+00 -1.126179e+02 1.337482e+03
-4.669600e+00 -1.120325e+02 1.337487e+03
-2.832600e+00 -1.140531e+02 1.337499e+03
-5.004400e+00 -1.143259e+02 1.337540e+03
-5.710000e+00 -1.136674e+02 1.337568e+03
-5.501900e+00 -1.138996e+02 1.337622e+03
-2.782000e+00 -1.137872e+02 1.337627e+03
-2.835300e+00 -1.142176e+02 1.337634e+03
-2.871600e+00 -1.130742e+02 1.337642e+03
-6.047500e+00 -1.128191e+02 1.337643e+03
-4.026200e+00 -1.148595e+02 1.337650e+03
-3.399300e+00 -1.148474e+02 1.337670e+03
-5.955800e+00 -1.125904e+02 1.337674e+03
-4.119800e+00 -1.122544e+02 1.337677e+03
-3.500100e+00 -1.124790e+02 1.337685e+03
-2.910200e+00 -1.144343e+02 1.337691e+03
-6.022200e+00 -1.130130e+02 1.337699e+03
-5.385600e+00 -1.122027e+02 1.337722e+03
-3.009700e+00 -1.128405e+02 1.337729e+03
-5.714100e+00 -1.123671e+02 1.337752e+03
-5.942800e+00 -1.132533e+02 1.337755e+03
-5.011100e+00 -1.121923e+02 1.337776e+03
-5.258200e+00 -1.141787e+02 1.337779e+03
-2.751500e+00 -1.140008e+02 1.337817e+03
-4.706400e+00 -1.146528e+02 1.337824e+03
-5.821000e+00 -1.134944e+02 1.337848e+03
-2.788500e+00 -1.134018e+02 1.337855e+03
-5.934700e+00 -1.128017e+02 1.337915e+03
-2.837200e+00 -1.144961e+02 1.337921e+03
-2.763600e+00 -1.142857e+02 1.337942e+03
-5.668900e+00 -1.137325e+02 1.337944e+03
-2.917000e+00 -1.146749e+02 1.337970e+03
-4.705600e+00 -1.123427e+02 1.338006e+03
-2.933100e+00 -1.130648e+02 1.338042e+03
-5.902500e+00 -1.130289e+02 1.338043e+03
-3.163300e+00 -1.128130e+02 1.338044e+03
-3.108800e+00 -1.149498e+02 1.338046e+03
-3.610400e+00 -1.151176e+02 1.338063e+03
-2.707700e+00 -1.136823e+02 1.338084e+03
-5.727500e+00 -1.126209e+02 1.338088e+03
-2.765900e+00 -1.144992e+02 1.338098e+03
-5.137700e+00 -1.123844e+02 1.338101e+03
-5.461400e+00 -1.124538e+02 1.338110e+03
-5.833400e+00 -1.132700e+02 1.338140e+03
-4.352600e+00 -1.150041e+02 1.338156e+03
-5.470200e+00 -1.140176e+02 1.338161e+03
-2.733800e+00 -1.134580e+02 1.338182e+03
-5.805700e+00 -1.128348e+02 1.338186e+03
-2.663800e+00 -1.139906e+02 1.338198e+03
-5.750100e+00 -1.135158e+02 1.338201e+03
-5.653100e+00 -1.137308e+02 1.338248e+03
-5.073800e+00 -1.144947e+02 1.338260e+03
-2.892200e+00 -1.149238e+02 1.338272e+03
-2.804900e+00 -1.133200e+02 1.338293e+03
-2.643400e+00 -1.143018e+02 1.338307e+03
-2.710200e+00 -1.135166e+02 1.338355e+03
-3.240400e+00 -1.152383e+02 1.338356e+03
-2.701400e+00 -1.146643e+02 1.338358e+03
-5.649900e+00 -1.127881e+02 1.338358e+03
-5.251200e+00 -1.125533e+02 1.338360e+03
-5.718400e+00 -1.130211e+02 1.338377e+03
-4.690000e+00 -1.148853e+02 1.338382e+03
-5.469400e+00 -1.126606e+02 1.338389e+03
-4.937400e+00 -1.125676e+02 1.338407e+03
-5.595100e+00 -1.138177e+02 1.338424e+03
-2.648400e+00 -1.137214e+02 1.338441e+03
-5.703400e+00 -1.132961e+02 1.338450e+03
-2.954900e+00 -1.151760e+02 1.338473e+03
-4.435000e+00 -1.126233e+02 1.338474e+03
-3.869800e+00 -1.126942e+02 1.338482e+03
-5.522100e+00 -1.139792e+02 1.338494e+03
-2.996200e+00 -1.131431e+02 1.338497e+03
-5.652700e+00 -1.135688e+02 1.338518e+03
-5.387500e+00 -1.142122e+02 1.338520e+03
-2.723200e+00 -1.149925e+02 1.338542e+03
-5.477800e+00 -1.128825e+02 1.338579e+03
-2.555700e+00 -1.139985e+02 1.338591e+03
-5.213800e+00 -1.127406e+02 1.338595e+03
-4.258200e+00 -1.152541e+02 1.338600e+03
-4.488300e+00 -1.151197e+02 1.338608e+03
-2.756400e+00 -1.134742e+02 1.338635e+03
-5.539800e+00 -1.131285e+02 1.338674e+03
-5.494600e+00 -1.140497e+02 1.338677e+03
-2.489600e+00 -1.143907e+02 1.338687e+03
-5.592500e+00 -1.133470e+02 1.338699e+03
-3.879400e+00 -1.154194e+02 1.338709e+03
-2.518200e+00 -1.147817e+02 1.338713e+03
-2.611500e+00 -1.137242e+02 1.338716e+03
-5.558600e+00 -1.138179e+02 1.338720e+03
-5.418900e+00 -1.142177e+02 1.338760e+03
-4.871400e+00 -1.128202e+02 1.338774e+03
-3.376300e+00 -1.129946e+02 1.338790e+03
-2.732500e+00 -1.152619e+02 1.338793e+03
-5.237800e+00 -1.144871e+02 1.338804e+03
-2.555800e+00 -1.150495e+02 1.338807e+03
-3.336000e+00 -1.155480e+02 1.338842e+03
-2.988500e+00 -1.154704e+02 1.338843e+03
-4.808900e+00 -1.149294e+02 1.338849e+03
-5.540800e+00 -1.135382e+02 1.338863e+03
-2.440800e+00 -1.141030e+02 1.338876e+03
-5.241900e+00 -1.130336e+02 1.338878e+03
-2.514600e+00 -1.138689e+02 1.338924e+03
-5.441000e+00 -1.132959e+02 1.338925e+03
-5.395600e+00 -1.142993e+02 1.338932e+03
-5.481300e+00 -1.140637e+02 1.338936e+03
-4.159800e+00 -1.128862e+02 1.338975e+03
-2.666800e+00 -1.136345e+02 1.338988e+03
-2.347100e+00 -1.146117e+02 1.338998e+03
-4.323300e+00 -1.153491e+02 1.338999e+03
-4.515400e+00 -1.129192e+02 1.339009e+03
-2.379000e+00 -1.149150e+02 1.339045e+03
-2.348500e+00 -1.143083e+02 1.339046e+03
-5.327400e+00 -1.144583e+02 1.339074e+03
-2.954100e+00 -1.133800e+02 1.339080e+03
-5.479400e+00 -1.137835e+02 1.339111e+03
-5.422900e+00 -1.135034e+02 1.339115e+03
-2.397700e+00 -1.140461e+02 1.339139e+03
-5.425600e+00 -1.142704e+02 1.339145e+03
-2.476300e+00 -1.152361e+02 1.339146e+03
-2.715700e+00 -1.155438e+02 1.339173e+03
-5.245600e+00 -1.133380e+02 1.339198e+03
-5.465700e+00 -1.140595e+02 1.339224e+03
-2.513500e+00 -1.138420e+02 1.339230e+03
-2.257900e+00 -1.144763e+02 1.339242e+03
-5.135400e+00 -1.147258e+02 1.339246e+03
-3.994200e+00 -1.156423e+02 1.339261e+03
-4.859100e+00 -1.131693e+02 1.339266e+03
-5.347100e+00 -1.144643e+02 1.339278e+03
-3.811000e+00 -1.130755e+02 1.339295e+03
-2.401200e+00 -1.140075e+02 1.339344e+03
-2.222700e+00 -1.146958e+02 1.339355e+03
-5.346300e+00 -1.136307e+02 1.339359e+03
-2.308700e+00 -1.142164e+02 1.339364e+03
-2.706400e+00 -1.136627e+02 1.339373e+03
-3.727600e+00 -1.158063e+02 1.339394e+03
-2.255700e+00 -1.149964e+02 1.339415e+03
-5.419000e+00 -1.139265e+02 1.339434e+03
-2.965600e+00 -1.158526e+02 1.339440e+03
-5.414400e+00 -1.142612e+02 1.339463e+03
-2.210800e+00 -1.144444e+02 1.339467e+03
-5.304200e+00 -1.145575e+02 1.339479e+03
-4.666900e+00 -1.152419e+02 1.339488e+03
-2.471800e+00 -1.155326e+02 1.339495e+03
-4.225500e+00 -1.156075e+02 1.339501e+03
-5.111400e+00 -1.135191e+02 1.339549e+03
-3.383200e+00 -1.159634e+02 1.339553e+03
-3.241200e+00 -1.133606e+02 1.339564e+03
-2.660600e+00 -1.158011e+02 1.339578e+03
-2.485800e+00 -1.139414e+02 1.339580e+03
-2.280300e+00 -1.152536e+02 1.339585e+03
-4.296600e+00 -1.132345e+02 1.339601e+03
-3.522100e+00 -1.132640e+02 1.339603e+03
-5.295600e+00 -1.137785e+02 1.339619e+03
-2.704800e+00 -1.137388e+02 1.339671e+03
-2.271000e+00 -1.142439e+02 1.339671e+03
-2.138000e+00 -1.147667e+02 1.339677e+03
-2.163200e+00 -1.145076e+02 1.339681e+03
-5.349600e+00 -1.144611e+02 1.339697e+03
-5.405300e+00 -1.142659e+02 1.339700e+03
-2.934900e+00 -1.135897e+02 1.339707e+03
-5.112600e+00 -1.148273e+02 1.339709e+03
-5.357600e+00 -1.140566e+02 1.339742e+03
-2.149600e+00 -1.150028e+02 1.339755e+03
-3.922100e+00 -1.158958e+02 1.339764e+03
-3.611700e+00 -1.160385e+02 1.339781e+03
-4.748300e+00 -1.135191e+02 1.339869e+03
-2.450300e+00 -1.158036e+02 1.339874e+03
-5.364000e+00 -1.142892e+02 1.339888e+03
-2.250100e+00 -1.154824e+02 1.339901e+03
-2.108400e+00 -1.145747e+02 1.339902e+03
-2.410200e+00 -1.140609e+02 1.339908e+03
-2.145400e+00 -1.151831e+02 1.339929e+03
-5.285600e+00 -1.145495e+02 1.339941e+03
-5.112300e+00 -1.138107e+02 1.339942e+03
-2.082900e+00 -1.147803e+02 1.339947e+03
-4.320200e+00 -1.157078e+02 1.339967e+03
-2.088700e+00 -1.149686e+02 1.339991e+03
-2.217100e+00 -1.143059e+02 1.340010e+03
-3.432900e+00 -1.134635e+02 1.340011e+03
-3.050100e+00 -1.162499e+02 1.340015e+03
-2.707300e+00 -1.138371e+02 1.340031e+03
-3.246200e+00 -1.162866e+02 1.340051e+03
-5.122000e+00 -1.148457e+02 1.340057e+03
-3.205100e+00 -1.135742e+02 1.340066e+03
-4.773300e+00 -1.152971e+02 1.340070e+03
-5.266900e+00 -1.141201e+02 1.340084e+03
-5.310300e+00 -1.143467e+02 1.340107e+03
-2.664800e+00 -1.161832e+02 1.340118e+03
-3.722000e+00 -1.161792e+02 1.340130e+03
-3.003500e+00 -1.136992e+02 1.340137e+03
-2.049600e+00 -1.148251e+02 1.340150e+03
-3.439800e+00 -1.163101e+02 1.340169e+03
-2.402300e+00 -1.160005e+02 1.340176e+03
-2.060600e+00 -1.150312e+02 1.340181e+03
-3.771300e+00 -1.134916e+02 1.340182e+03
-5.253300e+00 -1.145538e+02 1.340183e+03
-2.098300e+00 -1.152916e+02 1.340183e+03
-2.138200e+00 -1.154907e+02 1.340191e+03
-2.224700e+00 -1.157268e+02 1.340206e+03
-2.075200e+00 -1.145676e+02 1.340211e+03
-5.175000e+00 -1.147572e+02 1.340254e+03
-5.010900e+00 -1.150327e+02 1.340289e+03
-2.444900e+00 -1.140529e+02 1.340290e+03
-4.807700e+00 -1.138006e+02 1.340299e+03
-2.405300e+00 -1.161783e+02 1.340357e+03
-5.206700e+00 -1.143232e+02 1.340362e+03
-3.172000e+00 -1.137003e+02 1.340368e+03
-5.047700e+00 -1.140324e+02 1.340368e+03
-5.214100e+00 -1.145760e+02 1.340371e+03
-3.170400e+00 -1.164918e+02 1.340390e+03
-2.019800e+00 -1.151051e+02 1.340395e+03
-3.395100e+00 -1.136336e+02 1.340397e+03
-2.241700e+00 -1.160027e+02 1.340413e+03
-2.001100e+00 -1.148156e+02 1.340418e+03
-2.984000e+00 -1.137966e+02 1.340434e+03
-4.028900e+00 -1.161418e+02 1.340440e+03
-2.912200e+00 -1.165059e+02 1.340446e+03
-5.130000e+00 -1.147854e+02 1.340449e+03
-2.109200e+00 -1.157842e+02 1.340496e+03
-2.200800e+00 -1.142706e+02 1.340508e+03
-4.348800e+00 -1.137359e+02 1.340509e+03
-4.800400e+00 -1.153715e+02 1.340510e+03
-2.029300e+00 -1.154138e+02 1.340515e+03
-2.446100e+00 -1.163630e+02 1.340523e+03
-2.736300e+00 -1.139163e+02 1.340557e+03
-5.007600e+00 -1.150440e+02 1.340562e+03
-4.459700e+00 -1.158049e+02 1.340571e+03
-2.019000e+00 -1.145355e+02 1.340594e+03
-5.127700e+00 -1.145366e+02 1.340602e+03
-3.229300e+00 -1.137594e+02 1.340605e+03
-2.242300e+00 -1.162143e+02 1.340618e+03
-1.952200e+00 -1.149853e+02 1.340650e+03
-3.665900e+00 -1.164871e+02 1.340654e+03
-2.087700e+00 -1.159741e+02 1.340680e+03
-1.944500e+00 -1.147305e+02 1.340700e+03
-2.009300e+00 -1.157128e+02 1.340702e+03
-5.073800e+00 -1.147869e+02 1.340704e+03
-3.339100e+00 -1.166404e+02 1.340704e+03
-4.992900e+00 -1.142780e+02 1.340706e+03
-4.744000e+00 -1.140229e+02 1.340707e+03
-5.023000e+00 -1.149869e+02 1.340777e+03
-3.072400e+00 -1.138658e+02 1.340797e+03
-3.480100e+00 -1.137805e+02 1.340798e+03
-4.909900e+00 -1.152459e+02 1.340802e+03
-2.610700e+00 -1.166545e+02 1.340808e+03
-3.889700e+00 -1.137904e+02 1.340823e+03
-1.961200e+00 -1.145821e+02 1.340856e+03
-2.229400e+00 -1.142156e+02 1.340856e+03
-2.271400e+00 -1.164621e+02 1.340865e+03
-2.082600e+00 -1.143798e+02 1.340865e+03
-2.466700e+00 -1.140890e+02 1.340869e+03
-1.903000e+00 -1.151042e+02 1.340904e+03
-1.958300e+00 -1.158276e+02 1.340908e+03
-5.027700e+00 -1.148298e+02 1.340908e+03
-1.914400e+00 -1.147900e+02 1.340912e+03
-4.700500e+00 -1.156129e+02 1.340919e+03
-1.911800e+00 -1.154910e+02 1.340924e+03
-3.026900e+00 -1.168043e+02 1.340929e+03
-4.973500e+00 -1.145911e+02 1.340976e+03
-2.825300e+00 -1.139778e+02 1.340977e+03
-3.935700e+00 -1.164948e+02 1.340983e+03
-4.981500e+00 -1.150334e+02 1.340994e+03
-2.017800e+00 -1.161470e+02 1.340997e+03
-4.513800e+00 -1.159119e+02 1.341036e+03
-4.473800e+00 -1.141021e+02 1.341065e+03
-3.247300e+00 -1.168884e+02 1.341097e+03
-4.741900e+00 -1.143260e+02 1.341102e+03
-4.978100e+00 -1.148087e+02 1.341105e+03
-1.885600e+00 -1.148669e+02 1.341125e+03
-1.981200e+00 -1.145870e+02 1.341129e+03
-3.444900e+00 -1.168506e+02 1.341135e+03
-3.689300e+00 -1.139422e+02 1.341149e+03
-4.874000e+00 -1.153412e+02 1.341154e+03
-4.280000e+00 -1.162512e+02 1.341194e+03
-4.927300e+00 -1.146882e+02 1.341197e+03
-2.512000e+00 -1.168980e+02 1.341198e+03
-4.084100e+00 -1.140582e+02 1.341216e+03
-2.301000e+00 -1.167682e+02 1.341223e+03
-3.716700e+00 -1.167810e+02 1.341237e+03
-2.225100e+00 -1.143228e+02 1.341246e+03
-1.824300e+00 -1.151872e+02 1.341257e+03
-1.820300e+00 -1.157235e+02 1.341259e+03
-4.943600e+00 -1.150129e+02 1.341270e+03
-4.919400e+00 -1.147837e+02 1.341278e+03
-3.235800e+00 -1.140290e+02 1.341284e+03
-2.461200e+00 -1.141694e+02 1.341285e+03
-2.032300e+00 -1.164947e+02 1.341295e+03
-1.900700e+00 -1.148114e+02 1.341355e+03
-4.807500e+00 -1.146490e+02 1.341396e+03
-2.730500e+00 -1.141431e+02 1.341414e+03
-4.896500e+00 -1.148506e+02 1.341417e+03
-2.031800e+00 -1.145907e+02 1.341452e+03
-2.696600e+00 -1.170840e+02 1.341452e+03
-2.429100e+00 -1.170131e+02 1.341461e+03
-4.898700e+00 -1.152999e+02 1.341469e+03
-3.693500e+00 -1.141419e+02 1.341473e+03
-3.975600e+00 -1.167147e+02 1.341479e+03
-1.826600e+00 -1.149987e+02 1.341496e+03
-1.804800e+00 -1.161607e+02 1.341509e+03
-4.702500e+00 -1.157616e+02 1.341514e+03
-4.921000e+00 -1.150314e+02 1.341522e+03
-1.704800e+00 -1.154419e+02 1.341523e+03
-1.750600e+00 -1.151952e+02 1.341523e+03
-3.520300e+00 -1.170564e+02 1.341556e+03
-2.064500e+00 -1.167706e+02 1.341585e+03
-4.430800e+00 -1.144531e+02 1.341593e+03
-4.853000e+00 -1.148783e+02 1.341629e+03
-2.232100e+00 -1.169750e+02 1.341639e+03
-1.931500e+00 -1.148000e+02 1.341641e+03
-4.903800e+00 -1.150211e+02 1.341680e+03
-3.981100e+00 -1.143395e+02 1.341687e+03
-4.916200e+00 -1.151792e+02 1.341696e+03
-2.462000e+00 -1.143281e+02 1.341697e+03
-1.676000e+00 -1.153022e+02 1.341699e+03
-4.875300e+00 -1.154191e+02 1.341703e+03
-3.752000e+00 -1.170211e+02 1.341717e+03
-3.182900e+00 -1.172514e+02 1.341732e+03
-3.717000e+00 -1.143051e+02 1.341732e+03
-1.631900e+00 -1.157710e+02 1.341747e+03
-3.449500e+00 -1.142733e+02 1.341753e+03
-4.484900e+00 -1.162304e+02 1.341763e+03
-1.773000e+00 -1.150699e+02 1.341768e+03
-1.849600e+00 -1.165494e+02 1.341777e+03
-1.611000e+00 -1.154817e+02 1.341785e+03
-3.062600e+00 -1.142826e+02 1.341836e+03
-4.692800e+00 -1.148066e+02 1.341844e+03
-4.224300e+00 -1.166315e+02 1.341852e+03
-4.846400e+00 -1.150314e+02 1.341854e+03
-3.962900e+00 -1.169368e+02 1.341880e+03
-2.155400e+00 -1.146091e+02 1.341899e+03
-4.839600e+00 -1.155220e+02 1.341908e+03
-2.397200e+00 -1.172461e+02 1.341917e+03
-4.869300e+00 -1.152651e+02 1.341936e+03
-1.917300e+00 -1.148628e+02 1.341943e+03
-4.785600e+00 -1.157281e+02 1.341972e+03
-1.534800e+00 -1.155791e+02 1.342016e+03
-1.623300e+00 -1.161967e+02 1.342020e+03
-3.579500e+00 -1.173019e+02 1.342031e+03
-4.150000e+00 -1.146067e+02 1.342036e+03
-1.605900e+00 -1.153291e+02 1.342038e+03
-2.744400e+00 -1.143817e+02 1.342038e+03
-3.755800e+00 -1.145052e+02 1.342060e+03
-4.691200e+00 -1.159808e+02 1.342077e+03
-2.003900e+00 -1.169940e+02 1.342083e+03
-3.851800e+00 -1.171817e+02 1.342132e+03
-4.834500e+00 -1.153519e+02 1.342145e+03
-3.344200e+00 -1.144634e+02 1.342162e+03
-4.828300e+00 -1.155469e+02 1.342173e+03
-4.500000e+00 -1.163907e+02 1.342177e+03
-4.440400e+00 -1.148224e+02 1.342178e+03
-4.085700e+00 -1.169702e+02 1.342179e+03
-1.720900e+00 -1.166077e+02 1.342179e+03
-1.494300e+00 -1.158145e+02 1.342180e+03
-1.751400e+00 -1.150805e+02 1.342197e+03
-4.794200e+00 -1.157331e+02 1.342207e+03
-4.719400e+00 -1.151105e+02 1.342223e+03
-2.692000e+00 -1.175649e+02 1.342244e+03
-2.447100e+00 -1.175124e+02 1.342261e+03
-4.312900e+00 -1.167273e+02 1.342265e+03
-1.955700e+00 -1.148839e+02 1.342338e+03
-2.237800e+00 -1.174395e+02 1.342348e+03
-1.475000e+00 -1.155486e+02 1.342367e+03
-3.037800e+00 -1.145043e+02 1.342368e+03
-1.567600e+00 -1.164090e+02 1.342378e+03
-4.803200e+00 -1.155889e+02 1.342379e+03
-4.782300e+00 -1.153827e+02 1.342386e+03
-2.502900e+00 -1.145761e+02 1.342407e+03
-1.469700e+00 -1.160763e+02 1.342409e+03
-4.768400e+00 -1.157960e+02 1.342417e+03
-4.023300e+00 -1.171960e+02 1.342421e+03
-4.695700e+00 -1.161184e+02 1.342490e+03
-3.299200e+00 -1.145993e+02 1.342500e+03
-3.456600e+00 -1.176559e+02 1.342505e+03
-4.246900e+00 -1.169700e+02 1.342509e+03
-3.590300e+00 -1.146874e+02 1.342515e+03
-2.789400e+00 -1.145601e+02 1.342537e+03
-1.565500e+00 -1.153221e+02 1.342537e+03
-4.480800e+00 -1.150850e+02 1.342546e+03
-1.413100e+00 -1.157828e+02 1.342579e+03
-3.848100e+00 -1.174805e+02 1.342584e+03
-4.647200e+00 -1.152783e+02 1.342586e+03
-4.077100e+00 -1.149078e+02 1.342588e+03
-2.401700e+00 -1.177302e+02 1.342602e+03
-1.951500e+00 -1.173673e+02 1.342621e+03
-2.201000e+00 -1.147820e+02 1.342621e+03
-4.532700e+00 -1.165821e+02 1.342624e+03
-4.722800e+00 -1.155548e+02 1.342636e+03
-4.754700e+00 -1.158363e+02 1.342652e+03
-1.641900e+00 -1.168551e+02 1.342655e+03
-3.066800e+00 -1.178615e+02 1.342695e+03
-1.743500e+00 -1.151309e+02 1.342695e+03
-2.158500e+00 -1.176708e+02 1.342709e+03
-3.176900e+00 -1.146515e+02 1.342718e+03
-1.395900e+00 -1.159934e+02 1.342730e+03
-4.171000e+00 -1.172500e+02 1.342744e+03
-4.750700e+00 -1.159993e+02 1.342745e+03
-1.439600e+00 -1.163262e+02 1.342753e+03
-4.719300e+00 -1.162399e+02 1.342768e+03
-1.962200e+00 -1.149848e+02 1.342826e+03
-2.979900e+00 -1.146580e+02 1.342829e+03
-1.434900e+00 -1.155555e+02 1.342829e+03
-3.397200e+00 -1.147614e+02 1.342841e+03
-4.412500e+00 -1.169731e+02 1.342868e+03
-3.689000e+00 -1.178182e+02 1.342892e+03
-4.756900e+00 -1.160506e+02 1.342903e+03
-4.437300e+00 -1.153724e+02 1.342935e+03
-4.690900e+00 -1.157773e+02 1.342941e+03
-4.698700e+00 -1.164349e+02 1.342961e+03
-4.755300e+00 -1.162129e+02 1.342977e+03
-1.377000e+00 -1.157843e+02 1.342987e+03
-1.940600e+00 -1.177083e+02 1.342996e+03
-4.145400e+00 -1.175123e+02 1.343011e+03
-3.681300e+00 -1.149562e+02 1.343011e+03
-2.752800e+00 -1.147335e+02 1.343034e+03
-4.605900e+00 -1.167141e+02 1.343043e+03
-2.451100e+00 -1.147903e+02 1.343046e+03
-1.355500e+00 -1.160394e+02 1.343063e+03
-3.948100e+00 -1.177691e+02 1.343069e+03
-2.598500e+00 -1.180996e+02 1.343069e+03
-1.549800e+00 -1.153868e+02 1.343070e+03
-1.672100e+00 -1.173745e+02 1.343071e+03
-2.181400e+00 -1.179874e+02 1.343089e+03
-3.428400e+00 -1.180537e+02 1.343095e+03
-4.737000e+00 -1.160337e+02 1.343115e+03
-1.371000e+00 -1.166198e+02 1.343121e+03
-3.175400e+00 -1.148151e+02 1.343144e+03
-4.373700e+00 -1.172650e+02 1.343161e+03
-2.970100e+00 -1.147812e+02 1.343178e+03
-4.532100e+00 -1.169641e+02 1.343188e+03
-4.743600e+00 -1.162744e+02 1.343188e+03
-1.311400e+00 -1.162967e+02 1.343202e+03
-3.425800e+00 -1.149443e+02 1.343233e+03
-1.424100e+00 -1.156052e+02 1.343238e+03
-4.716500e+00 -1.165139e+02 1.343244e+03
-1.795000e+00 -1.152159e+02 1.343245e+03
-4.516000e+00 -1.156724e+02 1.343245e+03
-2.164600e+00 -1.149832e+02 1.343250e+03
-3.980200e+00 -1.152588e+02 1.343257e+03
-4.641800e+00 -1.158665e+02 1.343261e+03
-4.300500e+00 -1.175094e+02 1.343277e+03
-1.903600e+00 -1.179556e+02 1.343286e+03
-3.765400e+00 -1.180522e+02 1.343295e+03
-1.403100e+00 -1.170150e+02 1.343299e+03
-4.193200e+00 -1.177123e+02 1.343347e+03
-1.687700e+00 -1.177315e+02 1.343360e+03
-1.371200e+00 -1.158064e+02 1.343367e+03
-1.268500e+00 -1.162350e+02 1.343375e+03
-1.255000e+00 -1.163125e+02 1.343380e+03
-2.415400e+00 -1.149023e+02 1.343387e+03
-4.660300e+00 -1.167367e+02 1.343396e+03
-4.022600e+00 -1.179519e+02 1.343409e+03
-1.299800e+00 -1.160689e+02 1.343415e+03
-4.677800e+00 -1.161002e+02 1.343422e+03
-4.727900e+00 -1.163602e+02 1.343437e+03
-4.722700e+00 -1.165316e+02 1.343444e+03
-3.037200e+00 -1.183544e+02 1.343444e+03
-1.237600e+00 -1.164368e+02 1.343451e+03
-2.606500e+00 -1.149017e+02 1.343476e+03
-4.241900e+00 -1.155952e+02 1.343489e+03
-4.566700e+00 -1.170663e+02 1.343498e+03
-1.243100e+00 -1.162396e+02 1.343512e+03
-3.280200e+00 -1.150251e+02 1.343517e+03
-2.243900e+00 -1.183585e+02 1.343521e+03
-3.561800e+00 -1.151905e+02 1.343549e+03
-1.714200e+00 -1.180047e+02 1.343551e+03
-1.923300e+00 -1.182499e+02 1.343582e+03
-4.484100e+00 -1.159098e+02 1.343600e+03
-1.210300e+00 -1.167060e+02 1.343603e+03
-4.679500e+00 -1.162735e+02 1.343625e+03
-2.955900e+00 -1.150082e+02 1.343635e+03
-1.350700e+00 -1.158554e+02 1.343637e+03
-4.658700e+00 -1.168085e+02 1.343648e+03
-4.444800e+00 -1.174722e+02 1.343652e+03
-4.688500e+00 -1.165260e+02 1.343667e+03
-3.944200e+00 -1.181773e+02 1.343671e+03
-1.524100e+00 -1.155886e+02 1.343674e+03
-2.352000e+00 -1.150449e+02 1.343678e+03
-1.169000e+00 -1.164991e+02 1.343694e+03
-4.599300e+00 -1.161502e+02 1.343713e+03
-1.349600e+00 -1.174257e+02 1.343716e+03
-1.269700e+00 -1.160596e+02 1.343717e+03
-1.494100e+00 -1.178315e+02 1.343731e+03
-4.231600e+00 -1.179191e+02 1.343736e+03
-1.196100e+00 -1.163086e+02 1.343739e+03
-1.574400e+00 -1.180212e+02 1.343741e+03
-3.546500e+00 -1.184236e+02 1.343744e+03
-4.634300e+00 -1.169663e+02 1.343745e+03
-4.587100e+00 -1.171680e+02 1.343752e+03
-1.655000e+00 -1.181907e+02 1.343786e+03
-3.276400e+00 -1.151980e+02 1.343804e+03
-4.625500e+00 -1.163254e+02 1.343819e+03
-3.812600e+00 -1.155380e+02 1.343824e+03
-1.960500e+00 -1.153016e+02 1.343838e+03
-1.161500e+00 -1.170038e+02 1.343873e+03
-1.350500e+00 -1.158636e+02 1.343878e+03
-4.653200e+00 -1.167433e+02 1.343901e+03
-1.114900e+00 -1.167633e+02 1.343904e+03
-2.586900e+00 -1.151062e+02 1.343907e+03
-2.523300e+00 -1.186988e+02 1.343907e+03
-3.454800e+00 -1.153864e+02 1.343930e+03
-4.620400e+00 -1.164841e+02 1.343938e+03
-4.636400e+00 -1.170035e+02 1.343945e+03
-4.135000e+00 -1.181746e+02 1.343949e+03
-1.716600e+00 -1.184557e+02 1.343965e+03
-4.597400e+00 -1.172374e+02 1.343973e+03
-3.927900e+00 -1.183696e+02 1.343998e+03
-1.112200e+00 -1.165230e+02 1.343999e+03
-1.426100e+00 -1.180654e+02 1.344003e+03
-1.537200e+00 -1.183058e+02 1.344023e+03
-1.984700e+00 -1.186771e+02 1.344030e+03
-4.481700e+00 -1.162673e+02 1.344037e+03
-4.148900e+00 -1.159219e+02 1.344039e+03
-1.232600e+00 -1.161218e+02 1.344059e+03
-1.117700e+00 -1.172254e+02 1.344089e+03
-4.462100e+00 -1.177231e+02 1.344101e+03
-4.630800e+00 -1.168273e+02 1.344118e+03
-2.280200e+00 -1.152681e+02 1.344121e+03
-4.319300e+00 -1.180097e+02 1.344124e+03
-4.575900e+00 -1.174256e+02 1.344128e+03
-3.062900e+00 -1.188389e+02 1.344128e+03
-3.136800e+00 -1.153849e+02 1.344136e+03
-1.046200e+00 -1.168009e+02 1.344138e+03
-4.584700e+00 -1.165984e+02 1.344143e+03
-1.225000e+00 -1.177581e+02 1.344147e+03
-1.410000e+00 -1.158313e+02 1.344165e+03
-4.627600e+00 -1.170200e+02 1.344177e+03
-2.762600e+00 -1.152938e+02 1.344187e+03
-3.761500e+00 -1.185806e+02 1.344188e+03
-3.478000e+00 -1.156036e+02 1.344189e+03
-1.374300e+00 -1.182825e+02 1.344224e+03
-4.623800e+00 -1.172082e+02 1.344224e+03
-3.458100e+00 -1.187784e+02 1.344230e+03
-1.491900e+00 -1.184986e+02 1.344235e+03
-3.965600e+00 -1.184632e+02 1.344242e+03
-1.658500e+00 -1.186959e+02 1.344256e+03
-3.764500e+00 -1.158135e+02 1.344262e+03
-2.491300e+00 -1.153098e+02 1.344265e+03
-1.663800e+00 -1.156332e+02 1.344274e+03
-4.170900e+00 -1.182745e+02 1.344331e+03
-4.577100e+00 -1.167879e+02 1.344335e+03
-1.037800e+00 -1.174450e+02 1.344351e+03
-4.478600e+00 -1.165399e+02 1.344365e+03
-1.089700e+00 -1.163468e+02 1.344390e+03
-3.253700e+00 -1.190072e+02 1.344414e+03
-4.600300e+00 -1.170206e+02 1.344420e+03
-4.618400e+00 -1.172624e+02 1.344425e+03
-9.784000e-01 -1.166576e+02 1.344428e+03
-1.252400e+00 -1.160603e+02 1.344433e+03
-4.585600e+00 -1.175179e+02 1.344437e+03
-1.146400e+00 -1.180972e+02 1.344460e+03
-3.488600e+00 -1.158037e+02 1.344464e+03
-1.267900e+00 -1.184176e+02 1.344468e+03
-3.698200e+00 -1.187929e+02 1.344481e+03
-9.339000e-01 -1.170480e+02 1.344485e+03
-2.871500e+00 -1.155368e+02 1.344491e+03
-1.992700e+00 -1.155380e+02 1.344504e+03
-3.469800e+00 -1.189680e+02 1.344507e+03
-3.177900e+00 -1.156859e+02 1.344515e+03
-4.251900e+00 -1.163497e+02 1.344527e+03
-1.449300e+00 -1.158645e+02 1.344532e+03
-3.044700e+00 -1.191761e+02 1.344538e+03
-2.135600e+00 -1.191342e+02 1.344544e+03
-3.931300e+00 -1.160852e+02 1.344550e+03
-3.974900e+00 -1.185839e+02 1.344550e+03
-2.285000e+00 -1.154880e+02 1.344557e+03
-1.705100e+00 -1.189927e+02 1.344579e+03
-2.564400e+00 -1.155219e+02 1.344590e+03
-9.743000e-01 -1.177546e+02 1.344597e+03
-3.652200e+00 -1.159659e+02 1.344605e+03
-4.480800e+00 -1.178595e+02 1.344626e+03
-1.345200e+00 -1.187258e+02 1.344638e+03
-4.460800e+00 -1.167713e+02 1.344649e+03
-2.673900e+00 -1.192983e+02 1.344653e+03
-4.571100e+00 -1.170751e+02 1.344654e+03
-9.568000e-01 -1.164940e+02 1.344675e+03
-1.281400e+00 -1.160297e+02 1.344687e+03
-4.599900e+00 -1.172870e+02 1.344696e+03
-3.309700e+00 -1.192188e+02 1.344709e+03
-4.603500e+00 -1.175030e+02 1.344710e+03
-3.859600e+00 -1.188197e+02 1.344741e+03
-1.088100e+00 -1.162497e+02 1.344743e+03
-3.655200e+00 -1.190361e+02 1.344774e+03
-3.026900e+00 -1.194047e+02 1.344803e+03
-1.664800e+00 -1.157884e+02 1.344806e+03
-2.132400e+00 -1.156300e+02 1.344810e+03
-1.415500e+00 -1.159335e+02 1.344812e+03
-3.320500e+00 -1.159574e+02 1.344836e+03
-8.733000e-01 -1.179884e+02 1.344859e+03
-9.831000e-01 -1.183942e+02 1.344877e+03
-4.007000e+00 -1.163355e+02 1.344885e+03
-8.188000e-01 -1.167104e+02 1.344914e+03
-4.587800e+00 -1.173410e+02 1.344918e+03
-4.594600e+00 -1.175550e+02 1.344933e+03
-9.087000e-01 -1.164511e+02 1.344960e+03
-1.238400e+00 -1.160819e+02 1.344969e+03
-2.786200e+00 -1.158321e+02 1.344970e+03
-3.889700e+00 -1.189579e+02 1.344977e+03
-4.275100e+00 -1.183740e+02 1.344982e+03
-4.048300e+00 -1.187494e+02 1.344985e+03
-3.535300e+00 -1.193306e+02 1.344999e+03
-4.575100e+00 -1.177431e+02 1.345015e+03
-3.671500e+00 -1.162147e+02 1.345015e+03
-2.248400e+00 -1.195293e+02 1.345020e+03
-1.956700e+00 -1.157566e+02 1.345028e+03
-2.272500e+00 -1.157537e+02 1.345053e+03
-4.449100e+00 -1.170721e+02 1.345056e+03
-3.260300e+00 -1.195363e+02 1.345057e+03
-4.188700e+00 -1.166460e+02 1.345063e+03
-7.008000e-01 -1.175483e+02 1.345069e+03
-1.333100e+00 -1.191177e+02 1.345087e+03
-6.928000e-01 -1.170305e+02 1.345089e+03
-2.905100e+00 -1.196586e+02 1.345114e+03
-1.455400e+00 -1.159561e+02 1.345117e+03
-1.775000e+00 -1.194475e+02 1.345144e+03
-3.810200e+00 -1.191861e+02 1.345148e+03
-1.021800e+00 -1.162655e+02 1.345149e+03
-4.491000e+00 -1.179816e+02 1.345158e+03
-3.483200e+00 -1.195196e+02 1.345171e+03
-4.585100e+00 -1.175886e+02 1.345175e+03
-2.552500e+00 -1.197125e+02 1.345201e+03
-6.945000e-01 -1.181194e+02 1.345209e+03
-3.913200e+00 -1.164669e+02 1.345212e+03
-4.529300e+00 -1.173829e+02 1.345217e+03
-9.414000e-01 -1.187801e+02 1.345241e+03
-4.563300e+00 -1.177438e+02 1.345246e+03
-1.698200e+00 -1.158999e+02 1.345279e+03
-4.039700e+00 -1.189884e+02 1.345293e+03
-7.328000e-01 -1.184557e+02 1.345299e+03
-4.210700e+00 -1.187192e+02 1.345356e+03
-4.404800e+00 -1.182271e+02 1.345360e+03
-1.249900e+00 -1.160928e+02 1.345365e+03
-3.699600e+00 -1.194781e+02 1.345374e+03
-7.948000e-01 -1.164722e+02 1.345399e+03
-3.124700e+00 -1.198138e+02 1.345405e+03
-4.518800e+00 -1.178337e+02 1.345414e+03
-1.497300e+00 -1.159913e+02 1.345431e+03
-4.184000e+00 -1.169263e+02 1.345466e+03
-4.470800e+00 -1.180232e+02 1.345466e+03
-4.332900e+00 -1.184641e+02 1.345469e+03
-1.935500e+00 -1.159353e+02 1.345471e+03
-3.434800e+00 -1.197301e+02 1.345476e+03
-6.048000e-01 -1.167773e+02 1.345480e+03
-4.498500e+00 -1.175926e+02 1.345480e+03
-3.956200e+00 -1.167076e+02 1.345517e+03
-9.989000e-01 -1.162358e+02 1.345522e+03
-3.650200e+00 -1.165118e+02 1.345524e+03
-9.881000e-01 -1.191309e+02 1.345524e+03
-3.097200e+00 -1.162910e+02 1.345535e+03
-5.472000e-01 -1.182916e+02 1.345549e+03
-4.919000e-01 -1.179631e+02 1.345553e+03
-2.157200e+00 -1.198799e+02 1.345557e+03
-1.663500e+00 -1.159877e+02 1.345583e+03
-4.704000e-01 -1.171278e+02 1.345591e+03
-6.198000e-01 -1.185608e+02 1.345595e+03
-3.994500e+00 -1.192876e+02 1.345609e+03
-1.255500e+00 -1.194860e+02 1.345633e+03
-4.304700e+00 -1.186606e+02 1.345648e+03
-1.185600e+00 -1.161310e+02 1.345662e+03
-4.408900e+00 -1.181934e+02 1.345666e+03
-4.294400e+00 -1.172802e+02 1.345680e+03
-2.748000e+00 -1.200297e+02 1.345689e+03
-3.863800e+00 -1.195301e+02 1.345690e+03
-4.450400e+00 -1.178457e+02 1.345692e+03
-1.659000e+00 -1.197994e+02 1.345696e+03
-1.440100e+00 -1.160672e+02 1.345701e+03
-4.223600e+00 -1.189299e+02 1.345710e+03
-4.364300e+00 -1.184566e+02 1.345737e+03
-2.283500e+00 -1.161429e+02 1.345746e+03
-3.713800e+00 -1.197145e+02 1.345788e+03
-1.038300e+00 -1.161974e+02 1.345793e+03
-6.522000e-01 -1.188633e+02 1.345806e+03
-4.378700e+00 -1.175890e+02 1.345818e+03
-1.755000e+00 -1.160803e+02 1.345819e+03
-8.405000e-01 -1.163222e+02 1.345820e+03
-3.756900e+00 -1.167855e+02 1.345851e+03
-3.992800e+00 -1.169942e+02 1.345856e+03
-3.203600e+00 -1.200584e+02 1.345886e+03
-2.955000e-01 -1.175829e+02 1.345908e+03
-4.387000e+00 -1.179934e+02 1.345939e+03
-4.381800e+00 -1.182719e+02 1.345939e+03
-3.508100e+00 -1.199452e+02 1.345950e+03
-4.357400e+00 -1.185986e+02 1.345959e+03
-1.258600e+00 -1.161654e+02 1.345964e+03
-4.359700e+00 -1.177545e+02 1.345968e+03
-3.876000e-01 -1.168439e+02 1.345968e+03
-7.925000e-01 -1.192775e+02 1.345973e+03
-1.521800e+00 -1.161463e+02 1.345995e+03
-3.423000e+00 -1.167166e+02 1.346018e+03
-5.773000e-01 -1.165366e+02 1.346043e+03
-4.332600e+00 -1.188814e+02 1.346053e+03
-3.975700e+00 -1.195776e+02 1.346065e+03
-1.008000e+00 -1.162492e+02 1.346069e+03
-1.816600e+00 -1.201650e+02 1.346079e+03
-3.060000e-01 -1.183068e+02 1.346080e+03
-9.758000e-01 -1.196158e+02 1.346082e+03
-2.289300e+00 -1.202917e+02 1.346095e+03
-2.637600e+00 -1.164562e+02 1.346095e+03
-4.225800e+00 -1.191894e+02 1.346106e+03
-4.039300e+00 -1.172610e+02 1.346110e+03
-4.217600e+00 -1.175505e+02 1.346114e+03
-2.955200e+00 -1.202713e+02 1.346116e+03
-1.329800e+00 -1.199541e+02 1.346128e+03
-4.348500e+00 -1.180798e+02 1.346137e+03
-8.055000e-01 -1.163433e+02 1.346147e+03
-3.003100e+00 -1.166260e+02 1.346156e+03
-4.297200e+00 -1.178488e+02 1.346175e+03
-4.363300e+00 -1.182926e+02 1.346184e+03
-1.994000e-01 -1.171158e+02 1.346189e+03
-1.771000e+00 -1.162647e+02 1.346195e+03
-4.388100e+00 -1.186894e+02 1.346213e+03
-3.761400e+00 -1.170703e+02 1.346226e+03
-1.458500e+00 -1.162456e+02 1.346233e+03
-2.671200e+00 -1.204020e+02 1.346244e+03
-4.389800e+00 -1.184870e+02 1.346248e+03
-3.734700e+00 -1.199399e+02 1.346284e+03
-3.144100e+00 -1.203260e+02 1.346306e+03
-4.366900e+00 -1.188895e+02 1.346338e+03
-3.041300e+00 -1.167505e+02 1.346347e+03
-1.240800e+00 -1.162972e+02 1.346355e+03
-3.413200e+00 -1.202165e+02 1.346359e+03
-3.200200e+00 -1.168170e+02 1.346359e+03
-4.151300e+00 -1.177271e+02 1.346390e+03
-4.264300e+00 -1.180266e+02 1.346391e+03
-4.355000e+00 -1.183042e+02 1.346393e+03
-3.975200e+00 -1.174473e+02 1.346401e+03
-9.814000e-01 -1.163344e+02 1.346412e+03
-7.374000e-01 -1.163974e+02 1.346414e+03
-2.930800e+00 -1.204655e+02 1.346417e+03
-2.699600e+00 -1.166691e+02 1.346426e+03
-2.917200e+00 -1.167575e+02 1.346443e+03
-1.810000e-02 -1.173785e+02 1.346461e+03
-9.136000e-01 -1.199202e+02 1.346476e+03
-3.475000e+00 -1.170329e+02 1.346477e+03
-2.369900e+00 -1.205918e+02 1.346478e+03
-3.123000e-01 -1.189651e+02 1.346478e+03
-4.331000e+00 -1.191255e+02 1.346482e+03
-5.977000e-01 -1.195181e+02 1.346485e+03
-3.974600e+00 -1.197835e+02 1.346487e+03
-4.378200e+00 -1.185352e+02 1.346492e+03
-1.541900e+00 -1.204178e+02 1.346506e+03
-3.034900e+00 -1.168436e+02 1.346524e+03
-4.894000e-01 -1.164977e+02 1.346539e+03
1.740000e-02 -1.177652e+02 1.346547e+03
-4.204400e+00 -1.194577e+02 1.346573e+03
-3.737900e+00 -1.173229e+02 1.346578e+03
-1.576100e+00 -1.164273e+02 1.346592e+03
-2.168400e+00 -1.165820e+02 1.346599e+03
-4.274900e+00 -1.181935e+02 1.346601e+03
-1.943900e+00 -1.206526e+02 1.346606e+03
-6.880000e-02 -1.185416e+02 1.346612e+03
-1.747000e-01 -1.167518e+02 1.346637e+03
-3.634800e+00 -1.202251e+02 1.346651e+03
-3.850400e+00 -1.200159e+02 1.346655e+03
-9.208000e-01 -1.163908e+02 1.346657e+03
-2.686300e+00 -1.207109e+02 1.346663e+03
-3.436300e+00 -1.203843e+02 1.346665e+03
3.060000e-02 -1.171174e+02 1.346668e+03
-3.157200e+00 -1.205467e+02 1.346670e+03
-3.210400e+00 -1.170219e+02 1.346698e+03
-7.165000e-01 -1.164122e+02 1.346703e+03
-1.181900e+00 -1.203842e+02 1.346707e+03
-4.384500e+00 -1.188291e+02 1.346708e+03
-3.451000e-01 -1.165359e+02 1.346712e+03
-4.349800e+00 -1.191589e+02 1.346723e+03
-3.980500e+00 -1.177715e+02 1.346766e+03
9.190000e-02 -1.182057e+02 1.346776e+03
-5.064000e-01 -1.164476e+02 1.346794e+03
-3.540700e+00 -1.173386e+02 1.346843e+03
-1.214300e+00 -1.164681e+02 1.346849e+03
-2.770900e+00 -1.169388e+02 1.346868e+03
-5.449000e-01 -1.198667e+02 1.346871e+03
-9.241000e-01 -1.164296e+02 1.346888e+03
-2.267400e+00 -1.209575e+02 1.346890e+03
-4.055400e+00 -1.198565e+02 1.346911e+03
-3.495500e+00 -1.205024e+02 1.346918e+03
-4.329200e+00 -1.192848e+02 1.346921e+03
-4.289300e+00 -1.183523e+02 1.346934e+03
-7.284000e-01 -1.164245e+02 1.346960e+03
-3.140000e-01 -1.165082e+02 1.346961e+03
-2.912600e+00 -1.209061e+02 1.346964e+03
1.944000e-01 -1.173682e+02 1.346968e+03
-3.803500e+00 -1.202258e+02 1.346969e+03
-7.843000e-01 -1.202905e+02 1.346974e+03
1.374000e-01 -1.170241e+02 1.346992e+03
-3.227700e+00 -1.207640e+02 1.346996e+03
-4.387500e+00 -1.190033e+02 1.346997e+03
-3.690200e+00 -1.175738e+02 1.346998e+03
-5.361000e-01 -1.164244e+02 1.347006e+03
-4.387100e+00 -1.186957e+02 1.347041e+03
-4.257600e+00 -1.195204e+02 1.347042e+03
2.630000e-01 -1.177987e+02 1.347083e+03
-2.555300e+00 -1.211349e+02 1.347091e+03
-3.211100e+00 -1.172730e+02 1.347105e+03
-1.664500e+00 -1.166910e+02 1.347124e+03
-3.510800e+00 -1.174830e+02 1.347126e+03
-1.448800e+00 -1.209746e+02 1.347141e+03
1.135000e-01 -1.168507e+02 1.347157e+03
1.907000e-01 -1.186532e+02 1.347167e+03
-6.999000e-01 -1.164368e+02 1.347178e+03
-4.870000e-02 -1.166473e+02 1.347188e+03
-1.015500e+00 -1.207626e+02 1.347211e+03
3.148000e-01 -1.181553e+02 1.347220e+03
-3.744000e+00 -1.177374e+02 1.347221e+03
-9.920000e-01 -1.165204e+02 1.347231e+03
-1.878000e+00 -1.212246e+02 1.347235e+03
-3.448500e+00 -1.207765e+02 1.347237e+03
-4.968000e-01 -1.164386e+02 1.347240e+03
-4.066000e+00 -1.180477e+02 1.347245e+03
-2.812300e+00 -1.212406e+02 1.347272e+03
-3.713000e+00 -1.205113e+02 1.347274e+03
-3.152700e+00 -1.210486e+02 1.347276e+03
-4.298600e+00 -1.195085e+02 1.347299e+03
-4.209600e+00 -1.197394e+02 1.347312e+03
-4.388500e+00 -1.187974e+02 1.347315e+03
-4.354100e+00 -1.185130e+02 1.347326e+03
-3.480000e-01 -1.201359e+02 1.347338e+03
-1.350600e+00 -1.166747e+02 1.347349e+03
-2.496000e-01 -1.164923e+02 1.347353e+03
2.617000e-01 -1.171008e+02 1.347360e+03
-2.000000e-04 -1.194856e+02 1.347363e+03
-4.348800e+00 -1.191950e+02 1.347374e+03
-4.250100e+00 -1.182940e+02 1.347386e+03
-3.385900e+00 -1.175567e+02 1.347395e+03
3.476000e-01 -1.174626e+02 1.347438e+03
-5.972000e-01 -1.206424e+02 1.347468e+03
-4.019400e+00 -1.201699e+02 1.347493e+03
4.240000e-01 -1.178512e+02 1.347503e+03
-1.094000e+00 -1.211487e+02 1.347509e+03
-4.301000e+00 -1.195288e+02 1.347511e+03
-3.869800e+00 -1.179544e+02 1.347519e+03
-7.664000e-01 -1.165212e+02 1.347521e+03
-1.595500e+00 -1.214203e+02 1.347527e+03
-8.442000e-01 -1.209791e+02 1.347527e+03
1.732000e-01 -1.168430e+02 1.347534e+03
-3.627400e+00 -1.177878e+02 1.347543e+03
-3.020500e+00 -1.213821e+02 1.347549e+03
-2.033100e+00 -1.170324e+02 1.347559e+03
-2.802300e+00 -1.215124e+02 1.347560e+03
-3.663000e+00 -1.207649e+02 1.347565e+03
-1.587100e+00 -1.168539e+02 1.347567e+03
-2.219100e+00 -1.215653e+02 1.347567e+03
-2.577700e+00 -1.215649e+02 1.347568e+03
-4.363900e+00 -1.186082e+02 1.347576e+03
3.379000e-01 -1.189506e+02 1.347578e+03
-3.455000e+00 -1.210257e+02 1.347583e+03
-3.833100e+00 -1.205435e+02 1.347596e+03
-4.367300e+00 -1.188046e+02 1.347606e+03
4.800000e-01 -1.182207e+02 1.347622e+03
-8.000000e-03 -1.166259e+02 1.347626e+03
-4.660000e-02 -1.200259e+02 1.347632e+03
-4.804000e-01 -1.164822e+02 1.347633e+03
-3.261400e+00 -1.212805e+02 1.347649e+03
-2.825700e+00 -1.174368e+02 1.347681e+03
-6.096000e-01 -1.209464e+02 1.347687e+03
-4.285300e+00 -1.184324e+02 1.347688e+03
-4.235200e+00 -1.197688e+02 1.347694e+03
5.110000e-01 -1.179642e+02 1.347708e+03
-3.353100e+00 -1.177091e+02 1.347715e+03
4.240000e-01 -1.175515e+02 1.347720e+03
-4.068800e+00 -1.182060e+02 1.347735e+03
-4.133000e-01 -1.207763e+02 1.347737e+03
5.187000e-01 -1.186184e+02 1.347775e+03
-2.248000e-01 -1.165226e+02 1.347792e+03
-2.937300e+00 -1.216472e+02 1.347805e+03
4.948000e-01 -1.177724e+02 1.347805e+03
-4.322900e+00 -1.186196e+02 1.347808e+03
-1.200300e+00 -1.167848e+02 1.347813e+03
-7.842000e-01 -1.212463e+02 1.347814e+03
-3.816700e+00 -1.207046e+02 1.347828e+03
-1.770400e+00 -1.217416e+02 1.347842e+03
3.464000e-01 -1.171903e+02 1.347845e+03
-4.311400e+00 -1.188888e+02 1.347859e+03
-4.304300e+00 -1.193484e+02 1.347866e+03
-1.571700e+00 -1.169887e+02 1.347880e+03
-1.260500e+00 -1.215994e+02 1.347881e+03
-1.000000e-01 -1.204782e+02 1.347890e+03
-3.668300e+00 -1.179894e+02 1.347892e+03
-3.960000e+00 -1.204880e+02 1.347895e+03
-4.189100e+00 -1.199982e+02 1.347901e+03
-2.740900e+00 -1.218389e+02 1.347945e+03
-3.604000e-01 -1.209739e+02 1.347956e+03
4.606000e-01 -1.175247e+02 1.347988e+03
1.985000e-01 -1.168468e+02 1.347990e+03
2.014000e-01 -1.200204e+02 1.347999e+03
5.707000e-01 -1.179450e+02 1.348002e+03
5.216000e-01 -1.177272e+02 1.348014e+03
-3.487200e+00 -1.213191e+02 1.348022e+03
5.557000e-01 -1.190592e+02 1.348042e+03
-4.116300e+00 -1.202418e+02 1.348053e+03
-3.747500e+00 -1.209601e+02 1.348056e+03
-4.259000e-01 -1.165661e+02 1.348072e+03
6.523000e-01 -1.182719e+02 1.348091e+03
-4.163900e+00 -1.185305e+02 1.348094e+03
-4.274500e+00 -1.196920e+02 1.348101e+03
-3.911300e+00 -1.206921e+02 1.348102e+03
-3.184800e+00 -1.216848e+02 1.348104e+03
-4.798000e-01 -1.213089e+02 1.348116e+03
1.180000e-02 -1.166780e+02 1.348119e+03
-3.157600e+00 -1.178685e+02 1.348134e+03
-1.377400e+00 -1.170129e+02 1.348150e+03
-2.932100e+00 -1.219219e+02 1.348164e+03
-7.436000e-01 -1.167114e+02 1.348182e+03
-7.546000e-01 -1.216202e+02 1.348185e+03
4.291000e-01 -1.173223e+02 1.348204e+03
7.283000e-01 -1.185927e+02 1.348209e+03
-4.272900e+00 -1.193377e+02 1.348220e+03
-3.868500e+00 -1.183069e+02 1.348235e+03
2.438000e-01 -1.203128e+02 1.348247e+03
-4.230900e+00 -1.199945e+02 1.348249e+03
-4.205300e+00 -1.189500e+02 1.348257e+03
4.844000e-01 -1.196631e+02 1.348269e+03
-1.593400e+00 -1.171882e+02 1.348271e+03
4.000000e-03 -1.208437e+02 1.348285e+03
5.228000e-01 -1.176004e+02 1.348291e+03
3.447000e-01 -1.170835e+02 1.348295e+03
-4.067600e+00 -1.204829e+02 1.348340e+03
-1.464000e-01 -1.211635e+02 1.348354e+03
-2.099000e-01 -1.166617e+02 1.348357e+03
-2.463100e+00 -1.221973e+02 1.348361e+03
-2.041100e+00 -1.222096e+02 1.348368e+03
-3.474300e+00 -1.181843e+02 1.348383e+03
-4.256100e+00 -1.194795e+02 1.348392e+03
-2.625300e+00 -1.178030e+02 1.348406e+03
-3.954400e+00 -1.184838e+02 1.348422e+03
7.782000e-01 -1.183252e+02 1.348439e+03
2.202000e-01 -1.169043e+02 1.348448e+03
-3.985400e+00 -1.207550e+02 1.348450e+03
-2.045000e+00 -1.175398e+02 1.348451e+03
4.389000e-01 -1.172950e+02 1.348453e+03
-2.780200e+00 -1.222079e+02 1.348457e+03
-4.253400e+00 -1.197291e+02 1.348463e+03
-4.016300e+00 -1.186499e+02 1.348472e+03
-4.187600e+00 -1.191781e+02 1.348496e+03
-3.314000e-01 -1.215611e+02 1.348498e+03
2.793000e-01 -1.205827e+02 1.348501e+03
-3.737400e+00 -1.213163e+02 1.348503e+03
8.404000e-01 -1.188628e+02 1.348504e+03
-4.187100e+00 -1.202139e+02 1.348517e+03
-1.019600e+00 -1.221067e+02 1.348530e+03
-3.504600e+00 -1.216665e+02 1.348542e+03
8.576000e-01 -1.185488e+02 1.348546e+03
-6.422000e-01 -1.219285e+02 1.348554e+03
6.690000e-01 -1.179359e+02 1.348573e+03
-1.563400e+00 -1.222979e+02 1.348577e+03
-4.239300e+00 -1.199598e+02 1.348578e+03
-1.163700e+00 -1.170991e+02 1.348580e+03
3.657000e-01 -1.171325e+02 1.348597e+03
-4.154400e+00 -1.203899e+02 1.348628e+03
4.982000e-01 -1.201955e+02 1.348633e+03
-3.008900e+00 -1.222194e+02 1.348646e+03
-1.830000e-02 -1.213214e+02 1.348652e+03
-4.371000e-01 -1.218690e+02 1.348659e+03
-3.946400e+00 -1.210257e+02 1.348667e+03
3.690000e-02 -1.168391e+02 1.348667e+03
-4.012500e+00 -1.189127e+02 1.348676e+03
-4.105700e+00 -1.191146e+02 1.348694e+03
-4.123200e+00 -1.205410e+02 1.348716e+03
4.856000e-01 -1.174267e+02 1.348724e+03
8.225000e-01 -1.193578e+02 1.348725e+03
-4.615000e-01 -1.168268e+02 1.348726e+03
-4.151100e+00 -1.193832e+02 1.348732e+03
-3.281100e+00 -1.220884e+02 1.348794e+03
-3.635100e+00 -1.186103e+02 1.348797e+03
-4.189200e+00 -1.197440e+02 1.348832e+03
-4.030100e+00 -1.191176e+02 1.348844e+03
-2.932000e+00 -1.182675e+02 1.348845e+03
-4.187000e+00 -1.203282e+02 1.348855e+03
9.596000e-01 -1.190190e+02 1.348861e+03
-1.488900e+00 -1.174563e+02 1.348865e+03
-4.101200e+00 -1.207647e+02 1.348880e+03
9.489000e-01 -1.187135e+02 1.348880e+03
2.758000e-01 -1.210708e+02 1.348881e+03
-7.898000e-01 -1.223479e+02 1.348888e+03
8.484000e-01 -1.183226e+02 1.348893e+03
2.776000e-01 -1.171148e+02 1.348895e+03
-3.738200e+00 -1.215956e+02 1.348909e+03
7.349000e-01 -1.198677e+02 1.348909e+03
-2.352000e-01 -1.219161e+02 1.348919e+03
-4.197400e+00 -1.200521e+02 1.348923e+03
-4.016800e+00 -1.192514e+02 1.348970e+03
-4.855000e-01 -1.222344e+02 1.348974e+03
5.855000e-01 -1.176531e+02 1.349016e+03
-3.932100e+00 -1.213198e+02 1.349032e+03
8.210000e-02 -1.216063e+02 1.349043e+03
-2.250400e+00 -1.180696e+02 1.349048e+03
-4.179400e+00 -1.205208e+02 1.349050e+03
-1.813000e-01 -1.169570e+02 1.349055e+03
-3.845200e+00 -1.190852e+02 1.349079e+03
9.980000e-01 -1.192234e+02 1.349088e+03
-3.555100e+00 -1.219819e+02 1.349116e+03
4.381000e-01 -1.174037e+02 1.349119e+03
-2.784200e+00 -1.226783e+02 1.349121e+03
-7.729000e-01 -1.171530e+02 1.349122e+03
8.876000e-01 -1.196901e+02 1.349137e+03
7.147000e-01 -1.179417e+02 1.349145e+03
6.129000e-01 -1.206172e+02 1.349150e+03
-3.861500e+00 -1.215453e+02 1.349150e+03
-3.127300e+00 -1.225110e+02 1.349157e+03
-4.013900e+00 -1.194930e+02 1.349161e+03
6.680000e-02 -1.170693e+02 1.349165e+03
-4.120600e+00 -1.198247e+02 1.349182e+03
-4.187100e+00 -1.202699e+02 1.349184e+03
-4.108400e+00 -1.209838e+02 1.349196e+03
-4.180500e+00 -1.207114e+02 1.349203e+03
-3.340100e+00 -1.223311e+02 1.349208e+03
9.837000e-01 -1.194726e+02 1.349223e+03
-2.142000e-01 -1.222907e+02 1.349275e+03
-3.789500e+00 -1.217434e+02 1.349295e+03
-6.731000e-01 -1.226700e+02 1.349300e+03
7.919000e-01 -1.202129e+02 1.349302e+03
-4.136600e+00 -1.200317e+02 1.349303e+03
-1.125500e+00 -1.228069e+02 1.349307e+03
-1.688300e+00 -1.178952e+02 1.349307e+03
1.030600e+00 -1.189563e+02 1.349313e+03
8.844000e-01 -1.199233e+02 1.349345e+03
2.370000e-02 -1.220883e+02 1.349362e+03
-4.198300e+00 -1.204906e+02 1.349375e+03
-3.494400e+00 -1.190236e+02 1.349382e+03
9.418000e-01 -1.185745e+02 1.349384e+03
2.557000e-01 -1.173424e+02 1.349418e+03
-3.296300e+00 -1.225837e+02 1.349440e+03
-4.073400e+00 -1.212414e+02 1.349445e+03
8.122000e-01 -1.182044e+02 1.349446e+03
-1.181400e+00 -1.176186e+02 1.349451e+03
1.058300e+00 -1.192902e+02 1.349461e+03
-3.953700e+00 -1.215261e+02 1.349462e+03
5.289000e-01 -1.176756e+02 1.349477e+03
9.889000e-01 -1.196950e+02 1.349483e+03
6.993000e-01 -1.179226e+02 1.349492e+03
1.045900e+00 -1.194978e+02 1.349507e+03
-3.508800e+00 -1.223532e+02 1.349509e+03
-4.201800e+00 -1.207465e+02 1.349512e+03
-4.139500e+00 -1.202038e+02 1.349526e+03
-3.020400e+00 -1.188670e+02 1.349541e+03
4.787000e-01 -1.215028e+02 1.349553e+03
-3.141600e+00 -1.228333e+02 1.349562e+03
-3.871000e+00 -1.217590e+02 1.349580e+03
-3.129000e-01 -1.226940e+02 1.349580e+03
-2.116300e+00 -1.231105e+02 1.349589e+03
-2.434500e+00 -1.186008e+02 1.349606e+03
3.053000e-01 -1.219366e+02 1.349616e+03
-3.686000e+00 -1.194060e+02 1.349622e+03
-3.986700e+00 -1.198524e+02 1.349640e+03
7.173000e-01 -1.210398e+02 1.349646e+03
-4.100000e-03 -1.224721e+02 1.349649e+03
6.347000e-01 -1.178459e+02 1.349656e+03
-4.174500e+00 -1.210308e+02 1.349671e+03
-3.757200e+00 -1.220327e+02 1.349671e+03
-3.920000e-02 -1.173352e+02 1.349671e+03
-4.204000e-01 -1.173432e+02 1.349677e+03
-1.659800e+00 -1.181669e+02 1.349683e+03
9.769000e-01 -1.199577e+02 1.349708e+03
-3.648000e+00 -1.222949e+02 1.349712e+03
-3.427000e+00 -1.226815e+02 1.349720e+03
-1.901900e+00 -1.183729e+02 1.349727e+03
2.089000e-01 -1.222792e+02 1.349739e+03
-1.445200e+00 -1.180368e+02 1.349745e+03
-4.174500e+00 -1.204525e+02 1.349762e+03
7.034000e-01 -1.180420e+02 1.349774e+03
-3.599900e+00 -1.224713e+02 1.349781e+03
9.884000e-01 -1.187786e+02 1.349787e+03
1.061600e+00 -1.195017e+02 1.349798e+03
-2.910900e+00 -1.231437e+02 1.349819e+03
-3.270900e+00 -1.192416e+02 1.349823e+03
1.054500e+00 -1.190895e+02 1.349826e+03
9.228000e-01 -1.204622e+02 1.349827e+03
-4.104900e+00 -1.213537e+02 1.349838e+03
-4.079500e+00 -1.201612e+02 1.349851e+03
-6.329000e-01 -1.231273e+02 1.349886e+03
-3.977300e+00 -1.217148e+02 1.349892e+03
5.446000e-01 -1.178608e+02 1.349892e+03
-4.208600e+00 -1.207683e+02 1.349901e+03
7.200000e-03 -1.227569e+02 1.349928e+03
-1.570600e+00 -1.182919e+02 1.349936e+03
-7.929000e-01 -1.176771e+02 1.349944e+03
5.556000e-01 -1.218673e+02 1.349953e+03
-3.754100e+00 -1.223179e+02 1.349965e+03
-3.340800e+00 -1.229810e+02 1.349973e+03
2.626000e-01 -1.176928e+02 1.349990e+03
2.454000e-01 -1.225555e+02 1.350027e+03
-2.918700e+00 -1.192128e+02 1.350036e+03
4.347000e-01 -1.222392e+02 1.350044e+03
8.004000e-01 -1.184464e+02 1.350050e+03
-4.096200e+00 -1.202949e+02 1.350065e+03
-3.414100e+00 -1.195140e+02 1.350095e+03
-3.671700e+00 -1.226467e+02 1.350110e+03
6.188000e-01 -1.181023e+02 1.350121e+03
-4.158300e+00 -1.205178e+02 1.350126e+03
-4.195800e+00 -1.210991e+02 1.350140e+03
8.008000e-01 -1.215214e+02 1.350148e+03
-3.685000e+00 -1.197590e+02 1.350155e+03
-1.569000e-01 -1.230646e+02 1.350168e+03
1.052900e+00 -1.192550e+02 1.350185e+03
1.062000e+00 -1.197901e+02 1.350196e+03
-3.210200e+00 -1.232586e+02 1.350205e+03
-1.175800e+00 -1.181754e+02 1.350214e+03
-3.949000e+00 -1.200918e+02 1.350222e+03
9.823000e-01 -1.209602e+02 1.350224e+03
-2.536000e+00 -1.191286e+02 1.350232e+03
4.477000e-01 -1.179776e+02 1.350250e+03
-3.865700e+00 -1.223581e+02 1.350254e+03
-2.047000e+00 -1.188602e+02 1.350258e+03
-4.187400e+00 -1.207664e+02 1.350275e+03
1.848000e-01 -1.228589e+02 1.350293e+03
-3.049200e+00 -1.194520e+02 1.350300e+03
9.471000e-01 -1.189083e+02 1.350310e+03
-1.620600e+00 -1.186120e+02 1.350316e+03
-4.067000e+00 -1.203400e+02 1.350328e+03
-2.834900e+00 -1.235344e+02 1.350330e+03
-4.143100e+00 -1.215300e+02 1.350351e+03
-2.765700e+00 -1.193595e+02 1.350361e+03
-3.939300e+00 -1.222665e+02 1.350363e+03
-3.919900e+00 -1.223486e+02 1.350368e+03
-3.982100e+00 -1.220818e+02 1.350369e+03
6.999000e-01 -1.220691e+02 1.350373e+03
-1.083000e-01 -1.178095e+02 1.350381e+03
-8.125000e-01 -1.180175e+02 1.350387e+03
-3.881400e+00 -1.224739e+02 1.350389e+03
1.067400e+00 -1.203886e+02 1.350394e+03
1.056500e+00 -1.193637e+02 1.350406e+03
-3.952100e+00 -1.223152e+02 1.350442e+03
-4.114700e+00 -1.205286e+02 1.350449e+03
-3.576900e+00 -1.230324e+02 1.350453e+03
1.006400e+00 -1.191406e+02 1.350475e+03
-3.819300e+00 -1.226853e+02 1.350478e+03
-4.204900e+00 -1.212642e+02 1.350488e+03
-3.259500e+00 -1.233952e+02 1.350489e+03
1.059300e+00 -1.210370e+02 1.350490e+03
1.017000e+00 -1.213055e+02 1.350499e+03
-5.291000e-01 -1.179544e+02 1.350501e+03
-1.118700e+00 -1.237365e+02 1.350529e+03
1.064200e+00 -1.195395e+02 1.350531e+03
2.480000e-01 -1.180400e+02 1.350538e+03
5.148000e-01 -1.226021e+02 1.350564e+03
-4.181400e+00 -1.209875e+02 1.350565e+03
-2.421200e+00 -1.238337e+02 1.350575e+03
5.233000e-01 -1.183106e+02 1.350576e+03
-4.330000e-01 -1.235266e+02 1.350589e+03
-4.137700e+00 -1.207025e+02 1.350593e+03
1.019200e+00 -1.192943e+02 1.350613e+03
1.079100e+00 -1.207563e+02 1.350646e+03
-3.292100e+00 -1.197770e+02 1.350654e+03
-4.082600e+00 -1.205381e+02 1.350659e+03
1.086200e+00 -1.198906e+02 1.350660e+03
-3.976700e+00 -1.224265e+02 1.350664e+03
-3.697400e+00 -1.200599e+02 1.350695e+03
1.098800e+00 -1.202170e+02 1.350697e+03
-3.971900e+00 -1.203699e+02 1.350715e+03
1.080700e+00 -1.210696e+02 1.350718e+03
-4.197700e+00 -1.212167e+02 1.350752e+03
-8.451000e-01 -1.183432e+02 1.350755e+03
1.095600e+00 -1.204115e+02 1.350763e+03
-4.213300e+00 -1.214380e+02 1.350766e+03
9.827000e-01 -1.217508e+02 1.350767e+03
-3.110200e+00 -1.236839e+02 1.350775e+03
1.069600e+00 -1.213562e+02 1.350785e+03
-3.878900e+00 -1.227450e+02 1.350786e+03
8.156000e-01 -1.222487e+02 1.350788e+03
9.227000e-01 -1.191304e+02 1.350790e+03
-3.457600e+00 -1.233753e+02 1.350800e+03
-1.721700e+00 -1.190265e+02 1.350803e+03
-1.904900e+00 -1.240281e+02 1.350806e+03
-2.769500e+00 -1.239154e+02 1.350827e+03
1.020000e+00 -1.194691e+02 1.350828e+03
-4.114600e+00 -1.208052e+02 1.350829e+03
-4.058500e+00 -1.206005e+02 1.350843e+03
-2.079700e+00 -1.193099e+02 1.350899e+03
1.734000e-01 -1.232458e+02 1.350908e+03
3.191000e-01 -1.183459e+02 1.350913e+03
7.190000e-01 -1.188222e+02 1.350920e+03
-3.751600e+00 -1.230401e+02 1.350944e+03
-4.197200e+00 -1.217371e+02 1.350944e+03
7.910000e-02 -1.182592e+02 1.350957e+03
-1.260900e+00 -1.188148e+02 1.350969e+03
-2.622300e+00 -1.196699e+02 1.351003e+03
1.102100e+00 -1.211263e+02 1.351014e+03
-2.262000e-01 -1.182738e+02 1.351019e+03
9.404000e-01 -1.193083e+02 1.351020e+03
1.068100e+00 -1.197307e+02 1.351020e+03
1.087200e+00 -1.216604e+02 1.351024e+03
-4.196800e+00 -1.213054e+02 1.351028e+03
-4.053500e+00 -1.224805e+02 1.351030e+03
1.100300e+00 -1.208210e+02 1.351072e+03
-4.111800e+00 -1.210086e+02 1.351079e+03
-4.035400e+00 -1.207124e+02 1.351080e+03
1.102000e+00 -1.214333e+02 1.351081e+03
-4.155600e+00 -1.221428e+02 1.351081e+03
5.961000e-01 -1.228714e+02 1.351082e+03
-3.961800e+00 -1.205374e+02 1.351088e+03
-2.591000e-01 -1.237643e+02 1.351091e+03
4.732000e-01 -1.186050e+02 1.351094e+03
-3.459100e+00 -1.201189e+02 1.351120e+03
8.061000e-01 -1.225416e+02 1.351120e+03
1.099700e+00 -1.204827e+02 1.351126e+03
-5.384000e-01 -1.184651e+02 1.351137e+03
-4.223300e+00 -1.214886e+02 1.351140e+03
-3.331400e+00 -1.237170e+02 1.351145e+03
-3.976200e+00 -1.227243e+02 1.351162e+03
1.118700e+00 -1.215924e+02 1.351162e+03
1.099300e+00 -1.200661e+02 1.351165e+03
-5.758000e-01 -1.240228e+02 1.351165e+03
9.873000e-01 -1.194912e+02 1.351171e+03
1.098400e+00 -1.217406e+02 1.351183e+03
-2.986100e+00 -1.240211e+02 1.351187e+03
8.628000e-01 -1.192215e+02 1.351192e+03
-3.627800e+00 -1.233635e+02 1.351197e+03
-3.974000e+00 -1.206243e+02 1.351209e+03
1.018500e+00 -1.220851e+02 1.351215e+03
-4.145400e+00 -1.223363e+02 1.351216e+03
-3.922900e+00 -1.205679e+02 1.351247e+03
-2.507300e+00 -1.242586e+02 1.351255e+03
-3.783300e+00 -1.204508e+02 1.351265e+03
-8.452000e-01 -1.187546e+02 1.351273e+03
-4.107800e+00 -1.224782e+02 1.351287e+03
1.050700e+00 -1.197307e+02 1.351312e+03
-3.957500e+00 -1.207163e+02 1.351316e+03
-1.417100e+00 -1.243878e+02 1.351337e+03
7.629000e-01 -1.227959e+02 1.351343e+03
2.815000e-01 -1.186335e+02 1.351345e+03
-4.257000e+00 -1.218506e+02 1.351365e+03
-3.323000e-01 -1.240226e+02 1.351376e+03
-3.091200e+00 -1.201071e+02 1.351396e+03
-3.898400e+00 -1.229812e+02 1.351414e+03
1.155300e+00 -1.214663e+02 1.351443e+03
8.967000e-01 -1.226209e+02 1.351452e+03
-4.242100e+00 -1.216191e+02 1.351474e+03
7.549000e-01 -1.191955e+02 1.351483e+03
1.112500e+00 -1.205821e+02 1.351487e+03
-3.530400e+00 -1.237052e+02 1.351506e+03
-4.206400e+00 -1.222605e+02 1.351508e+03
-4.264500e+00 -1.220045e+02 1.351514e+03
-4.138900e+00 -1.213052e+02 1.351516e+03
-1.612100e+00 -1.194458e+02 1.351516e+03
2.270000e-02 -1.186710e+02 1.351522e+03
1.036200e+00 -1.223469e+02 1.351533e+03
-3.868400e+00 -1.207136e+02 1.351534e+03
6.781000e-01 -1.230562e+02 1.351539e+03
1.143000e+00 -1.209824e+02 1.351543e+03
-1.370000e-02 -1.238751e+02 1.351544e+03
9.361000e-01 -1.195305e+02 1.351545e+03
1.058600e+00 -1.198257e+02 1.351555e+03
-2.039200e+00 -1.197225e+02 1.351559e+03
3.714000e-01 -1.234890e+02 1.351574e+03
8.693000e-01 -1.227721e+02 1.351579e+03
-2.914400e+00 -1.243088e+02 1.351584e+03
-4.098400e+00 -1.225986e+02 1.351586e+03
5.390000e-01 -1.190158e+02 1.351596e+03
-3.965100e+00 -1.209489e+02 1.351599e+03
1.174400e+00 -1.217399e+02 1.351611e+03
-3.261500e+00 -1.240828e+02 1.351620e+03
-3.775200e+00 -1.233432e+02 1.351627e+03
-2.664000e-01 -1.187700e+02 1.351635e+03
-1.982400e+00 -1.245953e+02 1.351644e+03
-3.453500e+00 -1.204382e+02 1.351653e+03
1.104700e+00 -1.202366e+02 1.351670e+03
1.092600e+00 -1.199912e+02 1.351677e+03
1.166800e+00 -1.220294e+02 1.351685e+03
-2.409000e+00 -1.245762e+02 1.351698e+03
-4.035400e+00 -1.228087e+02 1.351708e+03
-3.594000e-01 -1.242849e+02 1.351718e+03
-5.905000e-01 -1.189669e+02 1.351720e+03
-4.279400e+00 -1.218028e+02 1.351740e+03
-2.685300e+00 -1.245281e+02 1.351768e+03
1.048300e+00 -1.225487e+02 1.351768e+03
-8.349000e-01 -1.245563e+02 1.351772e+03
-3.751800e+00 -1.207500e+02 1.351779e+03
-3.514400e+00 -1.239449e+02 1.351826e+03
9.726000e-01 -1.227939e+02 1.351840e+03
-1.033200e+00 -1.193379e+02 1.351846e+03
-3.982900e+00 -1.229930e+02 1.351851e+03
-4.285000e+00 -1.220222e+02 1.351854e+03
-2.240700e+00 -1.200618e+02 1.351878e+03
1.006800e+00 -1.198149e+02 1.351888e+03
1.082400e+00 -1.200247e+02 1.351892e+03
-3.703300e+00 -1.236707e+02 1.351920e+03
1.121500e+00 -1.204952e+02 1.351929e+03
2.750000e-01 -1.190655e+02 1.351933e+03
7.874000e-01 -1.195069e+02 1.351943e+03
6.587000e-01 -1.234024e+02 1.351958e+03
-4.128800e+00 -1.226726e+02 1.351994e+03
-1.987100e+00 -1.200055e+02 1.351996e+03
-1.786800e+00 -1.199062e+02 1.352012e+03
-2.646000e+00 -1.203358e+02 1.352018e+03
-4.176300e+00 -1.215810e+02 1.352040e+03
1.270400e+00 -1.217730e+02 1.352056e+03
-4.243100e+00 -1.222919e+02 1.352056e+03
1.239900e+00 -1.221598e+02 1.352072e+03
-4.272000e+00 -1.218343e+02 1.352080e+03
3.890000e-01 -1.238564e+02 1.352080e+03
-3.150100e+00 -1.205906e+02 1.352121e+03
-3.922700e+00 -1.232764e+02 1.352123e+03
-1.411900e+00 -1.249192e+02 1.352125e+03
-3.642600e+00 -1.239287e+02 1.352134e+03
9.220000e-01 -1.198021e+02 1.352143e+03
1.256600e+00 -1.212915e+02 1.352148e+03
1.033300e+00 -1.200967e+02 1.352150e+03
-3.468800e+00 -1.241856e+02 1.352157e+03
2.700000e-03 -1.243288e+02 1.352157e+03
9.991000e-01 -1.230263e+02 1.352161e+03
-3.061800e+00 -1.245424e+02 1.352162e+03
1.181600e+00 -1.207948e+02 1.352163e+03
-4.280500e+00 -1.220032e+02 1.352185e+03
-3.407000e-01 -1.192531e+02 1.352188e+03
-3.889200e+00 -1.211936e+02 1.352190e+03
1.206400e+00 -1.225632e+02 1.352191e+03
-3.539000e+00 -1.208490e+02 1.352206e+03
-3.489000e-01 -1.246414e+02 1.352210e+03
5.401000e-01 -1.194619e+02 1.352243e+03
-2.462400e+00 -1.248770e+02 1.352261e+03
7.020000e-01 -1.236032e+02 1.352273e+03
-2.430000e-02 -1.192769e+02 1.352274e+03
8.821000e-01 -1.233447e+02 1.352282e+03
-4.104400e+00 -1.228520e+02 1.352288e+03
-1.902000e+00 -1.250216e+02 1.352300e+03
-6.223000e-01 -1.194826e+02 1.352302e+03
-2.277600e+00 -1.203871e+02 1.352308e+03
-3.669300e+00 -1.240110e+02 1.352348e+03
1.109600e+00 -1.204632e+02 1.352351e+03
-4.222500e+00 -1.224978e+02 1.352377e+03
-4.269500e+00 -1.220857e+02 1.352385e+03
-1.426000e+00 -1.199968e+02 1.352385e+03
1.031600e+00 -1.232107e+02 1.352403e+03
1.234500e+00 -1.209430e+02 1.352419e+03
9.825000e-01 -1.233249e+02 1.352430e+03
8.124000e-01 -1.198788e+02 1.352433e+03
-4.267900e+00 -1.222525e+02 1.352447e+03
-4.207900e+00 -1.218554e+02 1.352455e+03
1.176600e+00 -1.207152e+02 1.352467e+03
1.277700e+00 -1.227269e+02 1.352495e+03
-1.910700e+00 -1.203507e+02 1.352509e+03
1.053500e+00 -1.232729e+02 1.352512e+03
1.359000e+00 -1.224589e+02 1.352517e+03
-3.856500e+00 -1.236695e+02 1.352532e+03
1.370400e+00 -1.222022e+02 1.352544e+03
-9.749000e-01 -1.251377e+02 1.352557e+03
-3.433700e+00 -1.244379e+02 1.352560e+03
-3.639800e+00 -1.211469e+02 1.352560e+03
1.282900e+00 -1.210755e+02 1.352572e+03
-4.031300e+00 -1.215927e+02 1.352575e+03
9.639000e-01 -1.234685e+02 1.352582e+03
9.901000e-01 -1.202713e+02 1.352583e+03
2.924000e-01 -1.195765e+02 1.352586e+03
6.896000e-01 -1.238821e+02 1.352589e+03
-5.526000e-01 -1.250047e+02 1.352598e+03
-3.671800e+00 -1.241365e+02 1.352601e+03
3.611000e-01 -1.243087e+02 1.352607e+03
-4.070200e+00 -1.230605e+02 1.352615e+03
-4.249400e+00 -1.223436e+02 1.352643e+03
1.112800e+00 -1.205850e+02 1.352659e+03
1.215800e+00 -1.208550e+02 1.352664e+03
-1.611000e+00 -1.252584e+02 1.352664e+03
-4.229500e+00 -1.221118e+02 1.352668e+03
-2.871100e+00 -1.208528e+02 1.352674e+03
1.334400e+00 -1.212538e+02 1.352678e+03
-4.199500e+00 -1.226154e+02 1.352694e+03
1.210700e+00 -1.230809e+02 1.352698e+03
-2.902900e+00 -1.249581e+02 1.352698e+03
1.416900e+00 -1.223052e+02 1.352705e+03
1.368000e+00 -1.216493e+02 1.352717e+03
-1.283600e+00 -1.252946e+02 1.352727e+03
-5.810000e-02 -1.247869e+02 1.352739e+03
1.402700e+00 -1.224654e+02 1.352750e+03
-3.332500e+00 -1.211129e+02 1.352781e+03
-8.984000e-01 -1.200570e+02 1.352796e+03
1.366100e+00 -1.227037e+02 1.352796e+03
1.281500e+00 -1.210387e+02 1.352849e+03
1.023200e+00 -1.205165e+02 1.352881e+03
-3.266200e+00 -1.247842e+02 1.352897e+03
8.532000e-01 -1.202804e+02 1.352909e+03
-2.321600e+00 -1.208238e+02 1.352922e+03
5.770000e-01 -1.200073e+02 1.352925e+03
1.156200e+00 -1.207901e+02 1.352927e+03
-3.749200e+00 -1.214958e+02 1.352932e+03
-4.192300e+00 -1.223201e+02 1.352941e+03
1.172700e+00 -1.234061e+02 1.352941e+03
-1.227200e+00 -1.203419e+02 1.352945e+03
-4.205700e+00 -1.225464e+02 1.352954e+03
1.344000e+00 -1.212458e+02 1.352963e+03
-3.300000e-01 -1.199405e+02 1.352964e+03
-4.156600e+00 -1.227773e+02 1.352979e+03
-1.754700e+00 -1.206275e+02 1.352985e+03
-4.052800e+00 -1.219292e+02 1.352992e+03
-3.861400e+00 -1.239537e+02 1.352994e+03
-2.018900e+00 -1.253777e+02 1.353005e+03
-1.075900e+00 -1.254260e+02 1.353016e+03
6.962000e-01 -1.242059e+02 1.353045e+03
-1.906300e+00 -1.207532e+02 1.353061e+03
1.434000e+00 -1.224628e+02 1.353062e+03
-1.503900e+00 -1.205660e+02 1.353063e+03
1.437000e+00 -1.221020e+02 1.353068e+03
-3.974200e+00 -1.236248e+02 1.353078e+03
7.510000e-02 -1.199448e+02 1.353082e+03
-7.782000e-01 -1.253719e+02 1.353084e+03
-4.053400e+00 -1.231991e+02 1.353090e+03
-3.652000e+00 -1.243832e+02 1.353091e+03
1.320300e+00 -1.232078e+02 1.353092e+03
1.016000e+00 -1.237661e+02 1.353094e+03
1.374600e+00 -1.229741e+02 1.353135e+03
1.402100e+00 -1.227229e+02 1.353136e+03
1.247900e+00 -1.210285e+02 1.353143e+03
3.959000e-01 -1.246334e+02 1.353156e+03
-3.018400e+00 -1.251368e+02 1.353184e+03
-4.155200e+00 -1.225288e+02 1.353198e+03
-1.419300e+00 -1.255294e+02 1.353205e+03
-2.633000e+00 -1.253284e+02 1.353224e+03
3.330000e-01 -1.200921e+02 1.353224e+03
1.344600e+00 -1.213063e+02 1.353255e+03
-3.964200e+00 -1.237786e+02 1.353270e+03
1.032500e+00 -1.207509e+02 1.353275e+03
-3.696000e-01 -1.252779e+02 1.353292e+03
-3.420000e+00 -1.214939e+02 1.353294e+03
-1.693500e+00 -1.208230e+02 1.353294e+03
1.404400e+00 -1.230578e+02 1.353315e+03
-3.480600e+00 -1.247396e+02 1.353316e+03
-3.846000e+00 -1.218306e+02 1.353318e+03
1.382200e+00 -1.232220e+02 1.353332e+03
5.610000e-02 -1.250455e+02 1.353335e+03
-4.075000e+00 -1.222641e+02 1.353337e+03
6.846000e-01 -1.244079e+02 1.353342e+03
7.624000e-01 -1.204881e+02 1.353352e+03
-4.106300e+00 -1.227950e+02 1.353356e+03
1.299100e+00 -1.234421e+02 1.353368e+03
1.400700e+00 -1.216241e+02 1.353406e+03
-3.648400e+00 -1.217088e+02 1.353416e+03
1.228700e+00 -1.210798e+02 1.353425e+03
-1.028500e+00 -1.255923e+02 1.353430e+03
-3.945500e+00 -1.220486e+02 1.353437e+03
-2.905000e+00 -1.213871e+02 1.353454e+03
-3.896100e+00 -1.240014e+02 1.353486e+03
1.395400e+00 -1.232715e+02 1.353490e+03
-3.269200e+00 -1.250488e+02 1.353499e+03
-3.792000e+00 -1.242944e+02 1.353508e+03
-4.062700e+00 -1.230380e+02 1.353544e+03
-1.869200e+00 -1.210958e+02 1.353565e+03
-3.678600e+00 -1.245128e+02 1.353565e+03
-1.049400e+00 -1.207539e+02 1.353567e+03
-4.011400e+00 -1.234751e+02 1.353577e+03
-4.065100e+00 -1.225295e+02 1.353583e+03
1.430900e+00 -1.231075e+02 1.353584e+03
-5.821000e-01 -1.205784e+02 1.353596e+03
1.212800e+00 -1.237432e+02 1.353599e+03
1.431700e+00 -1.219004e+02 1.353624e+03
1.298100e+00 -1.213138e+02 1.353633e+03
-3.056000e-01 -1.205010e+02 1.353640e+03
1.450000e+00 -1.227799e+02 1.353645e+03
1.451800e+00 -1.223022e+02 1.353648e+03
6.748000e-01 -1.245744e+02 1.353661e+03
-7.341000e-01 -1.255955e+02 1.353671e+03
-3.386600e+00 -1.217307e+02 1.353690e+03
1.121800e+00 -1.210676e+02 1.353698e+03
-3.720800e+00 -1.219632e+02 1.353702e+03
-1.269100e+00 -1.257332e+02 1.353703e+03
-8.760000e-02 -1.204810e+02 1.353707e+03
-4.058500e+00 -1.227795e+02 1.353710e+03
9.862000e-01 -1.241612e+02 1.353714e+03
1.546000e-01 -1.251546e+02 1.353725e+03
4.083000e-01 -1.249099e+02 1.353739e+03
-3.514300e+00 -1.248270e+02 1.353751e+03
-1.460400e+00 -1.210656e+02 1.353756e+03
-2.249000e+00 -1.213745e+02 1.353763e+03
1.412100e+00 -1.233056e+02 1.353769e+03
-3.926400e+00 -1.222677e+02 1.353772e+03
-2.987500e+00 -1.253830e+02 1.353789e+03
-2.243700e+00 -1.257054e+02 1.353792e+03
-6.650000e-02 -1.253306e+02 1.353798e+03
8.857000e-01 -1.208937e+02 1.353799e+03
1.353000e+00 -1.235449e+02 1.353820e+03
-1.689600e+00 -1.258020e+02 1.353852e+03
-1.012400e+00 -1.257474e+02 1.353856e+03
2.011000e-01 -1.205644e+02 1.353860e+03
1.338500e+00 -1.216169e+02 1.353898e+03
5.566000e-01 -1.207258e+02 1.353921e+03
-4.018200e+00 -1.230117e+02 1.353922e+03
-3.837200e+00 -1.242156e+02 1.353932e+03
1.402200e+00 -1.219387e+02 1.353950e+03
1.191800e+00 -1.213193e+02 1.353966e+03
1.471700e+00 -1.224851e+02 1.353974e+03
-3.698800e+00 -1.245371e+02 1.353993e+03
-3.976700e+00 -1.226095e+02 1.354007e+03
-3.085900e+00 -1.218179e+02 1.354018e+03
1.028500e+00 -1.211709e+02 1.354052e+03
-3.943900e+00 -1.237651e+02 1.354059e+03
1.463400e+00 -1.230410e+02 1.354081e+03
-3.425900e+00 -1.220044e+02 1.354090e+03
-3.702100e+00 -1.221847e+02 1.354102e+03
1.299700e+00 -1.237893e+02 1.354108e+03
1.407300e+00 -1.220849e+02 1.354116e+03
-3.981100e+00 -1.233301e+02 1.354125e+03
-2.943000e-01 -1.208876e+02 1.354133e+03
-3.857900e+00 -1.223694e+02 1.354138e+03
-3.947000e-01 -1.256425e+02 1.354141e+03
-3.576000e+00 -1.248134e+02 1.354155e+03
1.446800e+00 -1.222948e+02 1.354174e+03
-1.249200e+00 -1.259135e+02 1.354179e+03
-2.635400e+00 -1.257440e+02 1.354187e+03
1.204000e+00 -1.215213e+02 1.354207e+03
1.075900e+00 -1.213615e+02 1.354260e+03
-3.366100e+00 -1.251898e+02 1.354286e+03
-2.561900e+00 -1.218502e+02 1.354287e+03
-3.529200e+00 -1.249607e+02 1.354301e+03
-3.796000e+00 -1.243137e+02 1.354309e+03
1.435400e+00 -1.234220e+02 1.354309e+03
-3.865600e+00 -1.225463e+02 1.354315e+03
-6.189000e-01 -1.211501e+02 1.354316e+03
3.567000e-01 -1.252081e+02 1.354317e+03
-8.507000e-01 -1.258812e+02 1.354323e+03
1.287000e+00 -1.218321e+02 1.354338e+03
-1.997500e+00 -1.259998e+02 1.354347e+03
1.382100e+00 -1.220988e+02 1.354363e+03
-1.460000e-02 -1.255260e+02 1.354369e+03
-3.721000e+00 -1.223855e+02 1.354380e+03
-3.900000e+00 -1.229121e+02 1.354381e+03
-2.310200e+00 -1.259539e+02 1.354387e+03
1.469400e+00 -1.225963e+02 1.354400e+03
-3.706700e+00 -1.245235e+02 1.354434e+03
-3.200000e-03 -1.210189e+02 1.354435e+03
-3.467400e+00 -1.222720e+02 1.354448e+03
-1.031500e+00 -1.214072e+02 1.354450e+03
1.414100e+00 -1.222659e+02 1.354459e+03
8.892000e-01 -1.213261e+02 1.354465e+03
1.100400e+00 -1.215638e+02 1.354467e+03
-3.110200e+00 -1.221552e+02 1.354468e+03
-3.543000e+00 -1.249872e+02 1.354469e+03
-3.617500e+00 -1.247853e+02 1.354472e+03
-3.772000e+00 -1.226072e+02 1.354506e+03
1.249400e+00 -1.241063e+02 1.354508e+03
9.449000e-01 -1.246370e+02 1.354534e+03
-1.699300e+00 -1.217222e+02 1.354536e+03
-2.988100e+00 -1.256731e+02 1.354565e+03
-3.882200e+00 -1.234448e+02 1.354567e+03
-1.147000e+00 -1.260609e+02 1.354577e+03
-3.783700e+00 -1.242963e+02 1.354587e+03
-3.848100e+00 -1.239888e+02 1.354593e+03
-3.594600e+00 -1.225270e+02 1.354624e+03
-3.290800e+00 -1.223380e+02 1.354627e+03
1.320100e+00 -1.220925e+02 1.354638e+03
1.403700e+00 -1.223297e+02 1.354675e+03
-3.709800e+00 -1.227932e+02 1.354681e+03
-3.795300e+00 -1.230663e+02 1.354692e+03
-3.537000e+00 -1.250659e+02 1.354693e+03
-3.402000e+00 -1.224683e+02 1.354701e+03
-3.738500e+00 -1.244016e+02 1.354707e+03
-3.615300e+00 -1.248673e+02 1.354724e+03
1.501400e+00 -1.230634e+02 1.354731e+03
1.422300e+00 -1.237389e+02 1.354731e+03
-3.844400e+00 -1.236848e+02 1.354792e+03
-2.455500e+00 -1.260811e+02 1.354792e+03
-1.222000e-01 -1.257834e+02 1.354797e+03
-3.189500e+00 -1.224858e+02 1.354808e+03
-2.349000e-01 -1.213564e+02 1.354811e+03
1.440600e+00 -1.224773e+02 1.354822e+03
1.109100e+00 -1.218361e+02 1.354829e+03
-2.215100e+00 -1.221501e+02 1.354845e+03
-3.769800e+00 -1.242572e+02 1.354856e+03
-3.646900e+00 -1.229765e+02 1.354873e+03
-3.457300e+00 -1.227339e+02 1.354879e+03
1.493200e+00 -1.234321e+02 1.354881e+03
-1.528700e+00 -1.262557e+02 1.354887e+03
-2.744000e+00 -1.223874e+02 1.354897e+03
-3.720100e+00 -1.232400e+02 1.354903e+03
-3.785900e+00 -1.235078e+02 1.354911e+03
2.839000e-01 -1.213215e+02 1.354911e+03
-2.123100e+00 -1.262334e+02 1.354931e+03
1.396700e+00 -1.239956e+02 1.354933e+03
-4.804000e-01 -1.260239e+02 1.354938e+03
-3.689700e+00 -1.245474e+02 1.354939e+03
1.305000e+00 -1.242617e+02 1.354944e+03
-3.473000e+00 -1.252672e+02 1.354951e+03
6.448000e-01 -1.214608e+02 1.354966e+03
1.490000e-02 -1.213952e+02 1.354978e+03
1.488400e+00 -1.227090e+02 1.354979e+03
-2.719300e+00 -1.260342e+02 1.354985e+03
2.965000e-01 -1.255725e+02 1.354985e+03
-9.531000e-01 -1.262169e+02 1.355004e+03
1.435300e+00 -1.225029e+02 1.355026e+03
-3.250500e+00 -1.255879e+02 1.355032e+03
-3.778300e+00 -1.240601e+02 1.355036e+03
1.316400e+00 -1.222953e+02 1.355059e+03
-3.759000e+00 -1.237662e+02 1.355072e+03
1.493000e+00 -1.236018e+02 1.355073e+03
-5.355000e-01 -1.216560e+02 1.355090e+03
8.821000e-01 -1.217218e+02 1.355099e+03
-3.612600e+00 -1.249402e+02 1.355106e+03
-3.476600e+00 -1.230712e+02 1.355142e+03
1.423900e+00 -1.240674e+02 1.355160e+03
1.529400e+00 -1.229781e+02 1.355160e+03
-3.125900e+00 -1.227899e+02 1.355166e+03
-3.734100e+00 -1.242470e+02 1.355174e+03
1.297100e+00 -1.244495e+02 1.355175e+03
-3.637500e+00 -1.234171e+02 1.355182e+03
1.524500e+00 -1.234684e+02 1.355199e+03
1.541900e+00 -1.232471e+02 1.355210e+03
1.395800e+00 -1.242339e+02 1.355227e+03
1.482600e+00 -1.237854e+02 1.355239e+03
-1.862600e+00 -1.222926e+02 1.355242e+03
1.419400e+00 -1.225686e+02 1.355252e+03
-9.593000e-01 -1.219379e+02 1.355271e+03
1.518200e+00 -1.235780e+02 1.355272e+03
-2.994600e+00 -1.259408e+02 1.355283e+03
9.022000e-01 -1.251343e+02 1.355317e+03
-3.562700e+00 -1.252036e+02 1.355325e+03
-2.312100e+00 -1.225265e+02 1.355336e+03
1.230200e+00 -1.246838e+02 1.355343e+03
-3.704100e+00 -1.243650e+02 1.355344e+03
-3.712800e+00 -1.240334e+02 1.355362e+03
-3.717800e+00 -1.242234e+02 1.355375e+03
-2.739200e+00 -1.227473e+02 1.355388e+03
1.413600e+00 -1.242851e+02 1.355400e+03
1.059800e+00 -1.220929e+02 1.355404e+03
1.482100e+00 -1.228188e+02 1.355406e+03
1.460100e+00 -1.240570e+02 1.355408e+03
-3.256200e+00 -1.230702e+02 1.355414e+03
1.544400e+00 -1.230643e+02 1.355423e+03
-3.441600e+00 -1.254598e+02 1.355428e+03
-3.433500e+00 -1.233104e+02 1.355466e+03
1.380100e+00 -1.244394e+02 1.355474e+03
-2.434000e+00 -1.263808e+02 1.355508e+03
-3.591900e+00 -1.236811e+02 1.355508e+03
1.547900e+00 -1.234675e+02 1.355529e+03
1.562400e+00 -1.232243e+02 1.355529e+03
-3.691500e+00 -1.242415e+02 1.355533e+03
-3.011600e+00 -1.229852e+02 1.355543e+03
-1.113800e+00 -1.265382e+02 1.355549e+03
-5.150000e-02 -1.217822e+02 1.355566e+03
8.077000e-01 -1.219212e+02 1.355567e+03
-3.625400e+00 -1.249919e+02 1.355569e+03
-1.398800e+00 -1.223036e+02 1.355570e+03
-2.001900e+00 -1.225570e+02 1.355577e+03
6.156000e-01 -1.256231e+02 1.355608e+03
6.920000e-02 -1.260612e+02 1.355617e+03
-3.662200e+00 -1.245641e+02 1.355621e+03
-1.956200e+00 -1.265875e+02 1.355642e+03
5.525000e-01 -1.218167e+02 1.355645e+03
-2.799900e+00 -1.262323e+02 1.355659e+03
-3.637600e+00 -1.240096e+02 1.355670e+03
-1.751300e+00 -1.225191e+02 1.355675e+03
1.460500e+00 -1.241789e+02 1.355682e+03
-3.208700e+00 -1.232102e+02 1.355682e+03
1.566000e+00 -1.232698e+02 1.355686e+03
-2.784500e+00 -1.229508e+02 1.355700e+03
1.399900e+00 -1.244921e+02 1.355705e+03
-2.528200e+00 -1.228319e+02 1.355712e+03
1.511100e+00 -1.237991e+02 1.355712e+03
1.298300e+00 -1.247811e+02 1.355714e+03
-6.179000e-01 -1.264711e+02 1.355716e+03
1.279700e+00 -1.225908e+02 1.355732e+03
-3.004800e+00 -1.260842e+02 1.355734e+03
-3.653700e+00 -1.242340e+02 1.355744e+03
-3.565900e+00 -1.252485e+02 1.355751e+03
3.130000e-01 -1.218536e+02 1.355791e+03
1.499700e+00 -1.230807e+02 1.355791e+03
-3.371100e+00 -1.234774e+02 1.355795e+03
-4.929000e-01 -1.220815e+02 1.355819e+03
-2.230500e+00 -1.227628e+02 1.355820e+03
1.552500e+00 -1.233278e+02 1.355847e+03
-2.974400e+00 -1.231296e+02 1.355852e+03
-3.255800e+00 -1.257934e+02 1.355867e+03
-1.480300e+00 -1.267357e+02 1.355874e+03
-3.503100e+00 -1.238008e+02 1.355890e+03
9.935000e-01 -1.222755e+02 1.355894e+03
-3.469400e+00 -1.254945e+02 1.355898e+03
-3.594800e+00 -1.240653e+02 1.355900e+03
-1.957200e+00 -1.227134e+02 1.355906e+03
1.424000e+00 -1.245571e+02 1.355921e+03
1.255200e+00 -1.250002e+02 1.355946e+03
-9.061000e-01 -1.223210e+02 1.355950e+03
-3.161300e+00 -1.233264e+02 1.355952e+03
1.538100e+00 -1.235253e+02 1.355952e+03
-3.617700e+00 -1.242762e+02 1.355977e+03
1.498700e+00 -1.239417e+02 1.355987e+03
-2.722900e+00 -1.230535e+02 1.355989e+03
1.393400e+00 -1.247314e+02 1.356008e+03
1.039300e+00 -1.254128e+02 1.356028e+03
1.469800e+00 -1.242571e+02 1.356038e+03
-2.461100e+00 -1.229661e+02 1.356062e+03
1.519600e+00 -1.237189e+02 1.356072e+03
-1.033400e+00 -1.268031e+02 1.356108e+03
6.738000e-01 -1.258996e+02 1.356127e+03
-3.623400e+00 -1.249201e+02 1.356131e+03
7.765000e-01 -1.222211e+02 1.356141e+03
1.451100e+00 -1.245242e+02 1.356144e+03
-1.242700e+00 -1.225578e+02 1.356149e+03
1.498200e+00 -1.233405e+02 1.356150e+03
-1.661300e+00 -1.227222e+02 1.356153e+03
-2.956300e+00 -1.232837e+02 1.356175e+03
-2.267700e+00 -1.267235e+02 1.356179e+03
-3.492200e+00 -1.240163e+02 1.356181e+03
-3.252300e+00 -1.236003e+02 1.356191e+03
-3.582900e+00 -1.242613e+02 1.356198e+03
-2.999900e+00 -1.261716e+02 1.356203e+03
-3.618200e+00 -1.245000e+02 1.356225e+03
1.513000e+00 -1.235736e+02 1.356231e+03
-3.442000e+00 -1.255759e+02 1.356237e+03
1.301200e+00 -1.251205e+02 1.356266e+03
-1.865700e+00 -1.268883e+02 1.356297e+03
-2.669200e+00 -1.265037e+02 1.356301e+03
-6.777000e-01 -1.268048e+02 1.356303e+03
5.154000e-01 -1.221881e+02 1.356312e+03
-3.547200e+00 -1.253062e+02 1.356338e+03
1.495000e+00 -1.238632e+02 1.356344e+03
1.420400e+00 -1.247663e+02 1.356359e+03
-1.983000e-01 -1.266265e+02 1.356369e+03
2.056000e-01 -1.221977e+02 1.356376e+03
-2.178400e+00 -1.230119e+02 1.356377e+03
-2.646600e+00 -1.231976e+02 1.356388e+03
1.034600e+00 -1.226399e+02 1.356390e+03
-3.374200e+00 -1.257013e+02 1.356391e+03
-1.803000e-01 -1.222817e+02 1.356395e+03
1.321800e+00 -1.231028e+02 1.356396e+03
3.484000e-01 -1.263481e+02 1.356409e+03
-9.899000e-01 -1.225832e+02 1.356425e+03
-6.141000e-01 -1.224391e+02 1.356426e+03
1.481500e+00 -1.243161e+02 1.356428e+03
-3.514300e+00 -1.242348e+02 1.356432e+03
1.270200e+00 -1.253490e+02 1.356455e+03
1.453500e+00 -1.235032e+02 1.356471e+03
1.078200e+00 -1.257301e+02 1.356509e+03
-1.416100e+00 -1.270032e+02 1.356531e+03
-9.722000e-01 -1.269815e+02 1.356552e+03
-2.149900e+00 -1.269212e+02 1.356575e+03
1.395600e+00 -1.250824e+02 1.356588e+03
-3.555900e+00 -1.244495e+02 1.356608e+03
-2.940700e+00 -1.235135e+02 1.356624e+03
-3.449700e+00 -1.255438e+02 1.356642e+03
-3.273000e+00 -1.239240e+02 1.356651e+03
-3.592500e+00 -1.247131e+02 1.356652e+03
1.370200e+00 -1.252769e+02 1.356664e+03
-2.426900e+00 -1.268000e+02 1.356669e+03
1.459100e+00 -1.237171e+02 1.356670e+03
-2.711500e+00 -1.233600e+02 1.356676e+03
1.486200e+00 -1.245316e+02 1.356680e+03
7.983000e-01 -1.261821e+02 1.356684e+03
1.490300e+00 -1.239921e+02 1.356687e+03
-3.266500e+00 -1.258613e+02 1.356723e+03
1.317200e+00 -1.254718e+02 1.356727e+03
-1.365300e+00 -1.228747e+02 1.356740e+03
-3.582900e+00 -1.250249e+02 1.356742e+03
7.514000e-01 -1.225970e+02 1.356755e+03
-1.809500e+00 -1.230689e+02 1.356775e+03
1.506000e+00 -1.242643e+02 1.356780e+03
1.775000e-01 -1.266678e+02 1.356789e+03
-5.870000e-01 -1.269662e+02 1.356792e+03
1.087100e+00 -1.259815e+02 1.356798e+03
-2.494000e+00 -1.233266e+02 1.356800e+03
-3.416400e+00 -1.242373e+02 1.356806e+03
-1.862100e+00 -1.270499e+02 1.356806e+03
1.347100e+00 -1.234773e+02 1.356824e+03
4.946000e-01 -1.265297e+02 1.356871e+03
-1.541200e+00 -1.271140e+02 1.356892e+03
-2.209400e+00 -1.269717e+02 1.356892e+03
-3.522400e+00 -1.252915e+02 1.356894e+03
-1.159000e-01 -1.268535e+02 1.356907e+03
1.424700e+00 -1.252040e+02 1.356913e+03
1.434900e+00 -1.237743e+02 1.356918e+03
1.280400e+00 -1.257442e+02 1.356923e+03
-2.683600e+00 -1.266498e+02 1.356932e+03
-2.981900e+00 -1.263157e+02 1.356939e+03
1.473900e+00 -1.248026e+02 1.356944e+03
-2.730100e+00 -1.235176e+02 1.356945e+03
1.482900e+00 -1.240133e+02 1.356961e+03
4.197000e-01 -1.225728e+02 1.356964e+03
1.187600e+00 -1.259805e+02 1.356966e+03
1.392600e+00 -1.254640e+02 1.356986e+03
-3.934000e-01 -1.226522e+02 1.356996e+03
-8.958000e-01 -1.228029e+02 1.356999e+03
1.515600e+00 -1.244590e+02 1.357004e+03
-3.480900e+00 -1.245040e+02 1.357005e+03
-3.247200e+00 -1.240682e+02 1.357005e+03
4.030000e-02 -1.225913e+02 1.357022e+03
1.505400e+00 -1.242125e+02 1.357027e+03
-3.417100e+00 -1.255257e+02 1.357070e+03
-1.156600e+00 -1.271641e+02 1.357097e+03
1.426300e+00 -1.238461e+02 1.357098e+03
1.073600e+00 -1.261737e+02 1.357099e+03
1.039200e+00 -1.231706e+02 1.357102e+03
-1.668000e+00 -1.271516e+02 1.357113e+03
-3.536600e+00 -1.250933e+02 1.357124e+03
-2.143500e+00 -1.233655e+02 1.357146e+03
-2.443700e+00 -1.268773e+02 1.357151e+03
1.410300e+00 -1.255403e+02 1.357174e+03
7.566000e-01 -1.265005e+02 1.357176e+03
1.283800e+00 -1.259239e+02 1.357178e+03
1.301000e+00 -1.236489e+02 1.357185e+03
-6.643000e-01 -1.271260e+02 1.357186e+03
-3.512900e+00 -1.248237e+02 1.357189e+03
1.507800e+00 -1.242899e+02 1.357192e+03
-2.705000e-01 -1.270279e+02 1.357231e+03
-3.328900e+00 -1.257258e+02 1.357241e+03
1.384900e+00 -1.256969e+02 1.357241e+03
-3.288300e+00 -1.242511e+02 1.357249e+03
-3.222700e+00 -1.259962e+02 1.357259e+03
1.523200e+00 -1.244345e+02 1.357261e+03
1.450400e+00 -1.252861e+02 1.357261e+03
-2.050400e+00 -1.270945e+02 1.357265e+03
1.470200e+00 -1.250140e+02 1.357276e+03
-3.479700e+00 -1.252803e+02 1.357278e+03
2.877000e-01 -1.268203e+02 1.357278e+03
1.510400e+00 -1.245784e+02 1.357295e+03
1.406200e+00 -1.240065e+02 1.357299e+03
-2.523600e+00 -1.236063e+02 1.357354e+03
-1.265100e+00 -1.230971e+02 1.357357e+03
-7.919000e-01 -1.272260e+02 1.357398e+03
6.363000e-01 -1.229719e+02 1.357404e+03
1.513300e+00 -1.244624e+02 1.357409e+03
-2.962100e+00 -1.239192e+02 1.357410e+03
-3.474700e+00 -1.252341e+02 1.357417e+03
-3.479000e+00 -1.250934e+02 1.357426e+03
-3.455700e+00 -1.253060e+02 1.357430e+03
1.471100e+00 -1.242975e+02 1.357459e+03
-3.402800e+00 -1.254307e+02 1.357470e+03
-1.968000e-01 -1.228873e+02 1.357495e+03
-3.449500e+00 -1.252517e+02 1.357495e+03
-4.811000e-01 -1.271778e+02 1.357497e+03
-1.702400e+00 -1.233441e+02 1.357501e+03
1.397000e+00 -1.257487e+02 1.357504e+03
-3.119200e+00 -1.262333e+02 1.357506e+03
1.282700e+00 -1.260585e+02 1.357509e+03
-1.632800e+00 -1.272637e+02 1.357513e+03
1.481200e+00 -1.247455e+02 1.357534e+03
1.446200e+00 -1.254271e+02 1.357535e+03
-3.363300e+00 -1.245391e+02 1.357536e+03
-9.705000e-01 -1.273078e+02 1.357545e+03
-3.242000e+00 -1.260145e+02 1.357546e+03
-2.372600e+00 -1.270004e+02 1.357563e+03
-2.787700e+00 -1.266648e+02 1.357579e+03
7.020000e-01 -1.267158e+02 1.357585e+03
-2.258600e+00 -1.236043e+02 1.357608e+03
-1.018700e+00 -1.231103e+02 1.357611e+03
1.467800e+00 -1.244753e+02 1.357625e+03
-3.312300e+00 -1.257518e+02 1.357626e+03
1.048100e+00 -1.264260e+02 1.357629e+03
-1.249600e+00 -1.273528e+02 1.357641e+03
-2.045300e+00 -1.235501e+02 1.357648e+03
-6.255000e-01 -1.230348e+02 1.357660e+03
-3.413900e+00 -1.251714e+02 1.357665e+03
1.464000e+00 -1.250192e+02 1.357695e+03
1.095500e+00 -1.237130e+02 1.357700e+03
1.410700e+00 -1.242978e+02 1.357718e+03
-6.780000e-02 -1.271111e+02 1.357728e+03
-3.398200e+00 -1.248564e+02 1.357735e+03
1.272100e+00 -1.261895e+02 1.357748e+03
1.305200e+00 -1.241036e+02 1.357749e+03
-3.979000e-01 -1.272305e+02 1.357757e+03
-3.181700e+00 -1.243019e+02 1.357757e+03
1.349100e+00 -1.260323e+02 1.357762e+03
-6.693000e-01 -1.273302e+02 1.357791e+03
-2.656800e+00 -1.238308e+02 1.357799e+03
1.771000e-01 -1.230847e+02 1.357805e+03
7.778000e-01 -1.233754e+02 1.357807e+03
-2.040400e+00 -1.272484e+02 1.357827e+03
4.345000e-01 -1.269437e+02 1.357840e+03
1.437800e+00 -1.255042e+02 1.357853e+03
-3.365200e+00 -1.253599e+02 1.357854e+03
1.438200e+00 -1.245732e+02 1.357863e+03
1.394400e+00 -1.258001e+02 1.357877e+03
-1.494500e+00 -1.274215e+02 1.357881e+03
1.453100e+00 -1.247378e+02 1.357896e+03
-3.091200e+00 -1.263518e+02 1.357899e+03
5.202000e-01 -1.232560e+02 1.357923e+03
-3.375700e+00 -1.250591e+02 1.357929e+03
-1.726200e+00 -1.273916e+02 1.357932e+03
-3.247000e+00 -1.260340e+02 1.357935e+03
1.216900e+00 -1.263068e+02 1.357942e+03
-2.163500e+00 -1.236942e+02 1.357961e+03
-9.900000e-01 -1.274777e+02 1.357992e+03
-2.866000e-01 -1.231686e+02 1.357992e+03
-1.952600e+00 -1.236352e+02 1.357998e+03
-2.456400e+00 -1.270835e+02 1.358004e+03
7.985000e-01 -1.267643e+02 1.358011e+03
-2.414200e+00 -1.237909e+02 1.358035e+03
-1.317500e+00 -1.233984e+02 1.358036e+03
1.317900e+00 -1.243599e+02 1.358036e+03
1.328800e+00 -1.260599e+02 1.358044e+03
1.432000e+00 -1.251372e+02 1.358070e+03
1.992000e-01 -1.271160e+02 1.358078e+03
1.398900e+00 -1.245939e+02 1.358083e+03
-1.284000e+00 -1.275231e+02 1.358084e+03
-4.600000e-02 -1.272151e+02 1.358106e+03
1.416900e+00 -1.248032e+02 1.358113e+03
-9.480000e-01 -1.233120e+02 1.358119e+03
-3.336200e+00 -1.248632e+02 1.358121e+03
-3.337000e-01 -1.273386e+02 1.358126e+03
-2.979200e+00 -1.265809e+02 1.358130e+03
-3.251600e+00 -1.245859e+02 1.358132e+03
-1.874000e+00 -1.274278e+02 1.358146e+03
1.068000e+00 -1.265270e+02 1.358149e+03
-2.763600e+00 -1.268800e+02 1.358152e+03
1.063900e+00 -1.240374e+02 1.358188e+03
5.951000e-01 -1.235267e+02 1.358227e+03
-3.345100e+00 -1.251335e+02 1.358229e+03
-3.336700e+00 -1.255915e+02 1.358238e+03
8.052000e-01 -1.237478e+02 1.358247e+03
-1.710500e+00 -1.236287e+02 1.358259e+03
-1.258000e-01 -1.273015e+02 1.358277e+03
1.225100e+00 -1.262799e+02 1.358285e+03
1.366300e+00 -1.257841e+02 1.358299e+03
-3.039000e+00 -1.243112e+02 1.358321e+03
-2.911100e+00 -1.267593e+02 1.358329e+03
1.308700e+00 -1.245951e+02 1.358334e+03
4.814000e-01 -1.270517e+02 1.358334e+03
3.705000e-01 -1.235021e+02 1.358344e+03
1.388400e+00 -1.254061e+02 1.358346e+03
1.365700e+00 -1.248439e+02 1.358359e+03
1.128000e-01 -1.272587e+02 1.358407e+03
1.366800e+00 -1.250306e+02 1.358444e+03
-1.623200e+00 -1.276382e+02 1.358448e+03
-2.145600e+00 -1.274595e+02 1.358469e+03
-6.294000e-01 -1.234357e+02 1.358485e+03
-2.101000e-01 -1.234549e+02 1.358491e+03
-6.763000e-01 -1.276433e+02 1.358493e+03
-3.279700e+00 -1.248312e+02 1.358504e+03
-2.581400e+00 -1.272092e+02 1.358509e+03
-3.038400e+00 -1.266077e+02 1.358510e+03
-3.204200e+00 -1.262741e+02 1.358513e+03
-3.317300e+00 -1.259251e+02 1.358514e+03
-2.945000e+00 -1.267814e+02 1.358520e+03
8.342000e-01 -1.268336e+02 1.358536e+03
-2.837300e+00 -1.269605e+02 1.358540e+03
1.072400e+00 -1.243548e+02 1.358543e+03
8.418000e-01 -1.240385e+02 1.358550e+03
-2.703900e+00 -1.240902e+02 1.358557e+03
-1.720000e-01 -1.274620e+02 1.358557e+03
1.211900e+00 -1.262597e+02 1.358558e+03
-3.968000e-01 -1.275695e+02 1.358559e+03
1.277800e+00 -1.260204e+02 1.358563e+03
-2.108100e+00 -1.238461e+02 1.358573e+03
-1.456400e+00 -1.236504e+02 1.358576e+03
-2.418100e+00 -1.239465e+02 1.358593e+03
8.810000e-02 -1.235966e+02 1.358602e+03
1.096700e+00 -1.264978e+02 1.358614e+03
3.205000e-01 -1.272400e+02 1.358620e+03
5.752000e-01 -1.238564e+02 1.358626e+03
1.310800e+00 -1.250892e+02 1.358665e+03
1.225700e+00 -1.247636e+02 1.358667e+03
-3.155500e+00 -1.245835e+02 1.358669e+03
1.310300e+00 -1.256569e+02 1.358696e+03
-1.144000e+00 -1.278518e+02 1.358736e+03
5.254000e-01 -1.271617e+02 1.358769e+03
3.037000e-01 -1.238200e+02 1.358780e+03
-1.122300e+00 -1.236307e+02 1.358783e+03
-3.331700e+00 -1.251897e+02 1.358786e+03
-1.720200e+00 -1.238019e+02 1.358787e+03
-2.896100e+00 -1.270148e+02 1.358787e+03
1.183700e+00 -1.262424e+02 1.358843e+03
1.278000e+00 -1.253203e+02 1.358845e+03
-3.018100e+00 -1.268020e+02 1.358847e+03
7.733000e-01 -1.242427e+02 1.358849e+03
-2.781700e+00 -1.271996e+02 1.358866e+03
9.427000e-01 -1.267762e+02 1.358897e+03
-3.167000e+00 -1.264908e+02 1.358900e+03
9.881000e-01 -1.245622e+02 1.358908e+03
1.223700e+00 -1.260477e+02 1.358913e+03
1.638000e-01 -1.274770e+02 1.358917e+03
-3.387400e+00 -1.256290e+02 1.358929e+03
-1.459400e+00 -1.237699e+02 1.358931e+03
1.105600e+00 -1.247683e+02 1.358935e+03
1.243400e+00 -1.258711e+02 1.358935e+03
7.581000e-01 -1.270161e+02 1.358937e+03
-1.727000e-01 -1.237523e+02 1.358953e+03
-4.320000e-01 -1.236894e+02 1.358956e+03
1.171600e+00 -1.249955e+02 1.358988e+03
-2.945800e+00 -1.270537e+02 1.359013e+03
-3.207000e+00 -1.248002e+02 1.359021e+03
4.564000e-01 -1.241469e+02 1.359054e+03
-3.370100e+00 -1.259485e+02 1.359055e+03
9.440000e-02 -1.239692e+02 1.359101e+03
-2.158200e+00 -1.240092e+02 1.359125e+03
-2.509000e+00 -1.275601e+02 1.359130e+03
1.070900e+00 -1.265550e+02 1.359136e+03
-2.994400e+00 -1.245079e+02 1.359150e+03
-1.651300e+00 -1.239057e+02 1.359170e+03
9.748000e-01 -1.247774e+02 1.359172e+03
-2.374800e+00 -1.240942e+02 1.359184e+03
-1.928900e+00 -1.239780e+02 1.359185e+03
5.664000e-01 -1.273229e+02 1.359194e+03
-7.465000e-01 -1.237770e+02 1.359195e+03
7.184000e-01 -1.244957e+02 1.359198e+03
-3.353000e-01 -1.279468e+02 1.359208e+03
1.162700e+00 -1.252563e+02 1.359210e+03
1.200100e+00 -1.255948e+02 1.359227e+03
8.868000e-01 -1.269647e+02 1.359260e+03
-3.391800e+00 -1.253626e+02 1.359265e+03
-1.377500e+00 -1.238632e+02 1.359272e+03
-1.467000e+00 -1.281603e+02 1.359296e+03
-1.945000e+00 -1.280096e+02 1.359300e+03
-3.439800e+00 -1.255504e+02 1.359303e+03
-2.892400e+00 -1.272805e+02 1.359318e+03
-3.337000e+00 -1.262188e+02 1.359323e+03
-3.217800e+00 -1.265878e+02 1.359332e+03
-1.765600e+00 -1.239920e+02 1.359337e+03
-3.091000e+00 -1.269435e+02 1.359338e+03
3.163000e-01 -1.276570e+02 1.359339e+03
7.090000e-02 -1.278333e+02 1.359341e+03
1.163200e+00 -1.260916e+02 1.359344e+03
-3.445800e+00 -1.256941e+02 1.359351e+03
-8.470000e-01 -1.282033e+02 1.359365e+03
-1.083000e+00 -1.238645e+02 1.359402e+03
-3.284000e-01 -1.239979e+02 1.359424e+03
-3.462600e+00 -1.255700e+02 1.359447e+03
-2.131300e+00 -1.240922e+02 1.359456e+03
1.042400e+00 -1.267664e+02 1.359462e+03
-3.442100e+00 -1.254683e+02 1.359467e+03
-1.976600e+00 -1.240674e+02 1.359474e+03
1.007300e+00 -1.250684e+02 1.359475e+03
-3.276900e+00 -1.250385e+02 1.359476e+03
-1.619100e+00 -1.239971e+02 1.359486e+03
-3.134300e+00 -1.247632e+02 1.359492e+03
-1.835700e+00 -1.240522e+02 1.359510e+03
7.441000e-01 -1.247877e+02 1.359585e+03
7.950000e-01 -1.273153e+02 1.359591e+03
1.112000e+00 -1.265313e+02 1.359597e+03
-3.460900e+00 -1.255718e+02 1.359600e+03
-3.458300e+00 -1.258326e+02 1.359612e+03
2.543000e-01 -1.244076e+02 1.359614e+03
1.087900e+00 -1.253801e+02 1.359632e+03
-1.560000e-02 -1.281295e+02 1.359635e+03
-2.336000e+00 -1.279854e+02 1.359637e+03
1.082400e+00 -1.267613e+02 1.359653e+03
1.006400e+00 -1.269810e+02 1.359677e+03
5.567000e-01 -1.276988e+02 1.359677e+03
-1.993100e+00 -1.241282e+02 1.359706e+03
-1.328700e+00 -1.240186e+02 1.359711e+03
2.746000e-01 -1.280131e+02 1.359731e+03
-1.956000e-01 -1.282994e+02 1.359734e+03
-3.264800e+00 -1.267650e+02 1.359739e+03
-3.390000e+00 -1.253328e+02 1.359749e+03
-2.798500e+00 -1.276487e+02 1.359758e+03
-1.662200e+00 -1.284796e+02 1.359793e+03
-3.379000e+00 -1.263987e+02 1.359795e+03
-1.718700e+00 -1.284616e+02 1.359796e+03
-3.118500e+00 -1.272205e+02 1.359800e+03
-1.242100e+00 -1.285334e+02 1.359800e+03
-1.216100e+00 -1.285354e+02 1.359801e+03
-1.192600e+00 -1.285337e+02 1.359803e+03
-8.586000e-01 -1.240542e+02 1.359805e+03
-3.000500e+00 -1.246650e+02 1.359810e+03
-2.059900e+00 -1.283239e+02 1.359821e+03
-7.249000e-01 -1.285297e+02 1.359833e+03
-2.704600e+00 -1.244298e+02 1.359835e+03
-2.182600e+00 -1.282439e+02 1.359840e+03
-6.668000e-01 -1.285154e+02 1.359841e+03
-5.373000e-01 -1.284970e+02 1.359855e+03
-1.724800e+00 -1.241255e+02 1.359859e+03
1.106100e+00 -1.267184e+02 1.359880e+03
-2.446700e+00 -1.280756e+02 1.359881e+03
-2.243000e-01 -1.284674e+02 1.359883e+03
8.323000e-01 -1.250526e+02 1.359898e+03
-2.252700e+00 -1.242412e+02 1.359900e+03
-3.141200e+00 -1.248567e+02 1.359906e+03
-7.510000e-02 -1.283991e+02 1.359915e+03
7.745000e-01 -1.276362e+02 1.359930e+03
2.320000e-02 -1.283703e+02 1.359931e+03
-3.469000e+00 -1.255927e+02 1.359935e+03
9.725000e-01 -1.252732e+02 1.359937e+03
-3.481900e+00 -1.260406e+02 1.359943e+03
8.940000e-02 -1.283442e+02 1.359943e+03
-1.996500e+00 -1.241917e+02 1.359957e+03
-3.506600e+00 -1.257947e+02 1.359958e+03
-2.860800e+00 -1.277426e+02 1.359967e+03
-2.923800e+00 -1.276914e+02 1.359980e+03
2.742000e-01 -1.282599e+02 1.359983e+03
1.078200e+00 -1.269714e+02 1.359983e+03
-2.956500e+00 -1.276518e+02 1.359991e+03
1.040500e+00 -1.254508e+02 1.359998e+03
9.760000e-01 -1.273224e+02 1.360006e+03
-3.293800e+00 -1.269618e+02 1.360011e+03
-3.024100e+00 -1.275721e+02 1.360014e+03
3.920000e-01 -1.281789e+02 1.360017e+03
5.409000e-01 -1.280548e+02 1.360067e+03
-3.212500e+00 -1.273651e+02 1.360072e+03
-3.402400e+00 -1.266140e+02 1.360092e+03
-3.250700e+00 -1.272710e+02 1.360101e+03
6.524000e-01 -1.279642e+02 1.360104e+03
-4.271000e-01 -1.242977e+02 1.360114e+03
-3.288500e+00 -1.271656e+02 1.360133e+03
1.085300e+00 -1.256744e+02 1.360134e+03
7.748000e-01 -1.278493e+02 1.360149e+03
1.093800e+00 -1.270547e+02 1.360158e+03
-3.370300e+00 -1.268466e+02 1.360165e+03
1.128700e+00 -1.262438e+02 1.360169e+03
-3.341100e+00 -1.270023e+02 1.360185e+03
8.867000e-01 -1.277103e+02 1.360202e+03
1.033400e+00 -1.274153e+02 1.360208e+03
-3.497900e+00 -1.263037e+02 1.360220e+03
-1.327300e+00 -1.242047e+02 1.360230e+03
5.207000e-01 -1.248950e+02 1.360232e+03
-3.236600e+00 -1.250597e+02 1.360234e+03
9.675000e-01 -1.276039e+02 1.360243e+03
-8.696000e-01 -1.242275e+02 1.360250e+03
-3.399300e+00 -1.267901e+02 1.360252e+03
1.088600e+00 -1.272194e+02 1.360253e+03
8.246000e-01 -1.251986e+02 1.360255e+03
3.170000e-02 -1.245742e+02 1.360258e+03
1.132400e+00 -1.267413e+02 1.360273e+03
1.038500e+00 -1.275127e+02 1.360277e+03
-3.543000e+00 -1.260648e+02 1.360285e+03
-3.462900e+00 -1.266313e+02 1.360301e+03
1.085300e+00 -1.274092e+02 1.360315e+03
-1.953700e+00 -1.242840e+02 1.360321e+03
-3.482800e+00 -1.265521e+02 1.360326e+03
-3.528200e+00 -1.257733e+02 1.360333e+03
1.133400e+00 -1.269976e+02 1.360341e+03
1.112500e+00 -1.272728e+02 1.360362e+03
-3.373700e+00 -1.253558e+02 1.360364e+03
-3.520900e+00 -1.263974e+02 1.360375e+03
9.657000e-01 -1.254328e+02 1.360412e+03
-3.011800e+00 -1.247950e+02 1.360417e+03
-3.551700e+00 -1.262531e+02 1.360422e+03
-3.556300e+00 -1.262189e+02 1.360433e+03
1.152100e+00 -1.270477e+02 1.360439e+03
1.154300e+00 -1.270212e+02 1.360448e+03
-3.598400e+00 -1.260366e+02 1.360491e+03
1.142900e+00 -1.268786e+02 1.360495e+03
-3.606000e+00 -1.259631e+02 1.360515e+03
1.148700e+00 -1.266608e+02 1.360568e+03
-3.596500e+00 -1.257671e+02 1.360581e+03
-3.569500e+00 -1.257136e+02 1.360600e+03
-2.756000e+00 -1.246035e+02 1.360608e+03
-2.478600e+00 -1.244607e+02 1.360648e+03
1.147600e+00 -1.263427e+02 1.360674e+03
-3.440100e+00 -1.254967e+02 1.360680e+03
-4.522000e-01 -1.244777e+02 1.360698e+03
-1.021700e+00 -1.243471e+02 1.360733e+03
-1.636000e+00 -1.243453e+02 1.360742e+03
4.230000e-02 -1.247625e+02 1.360763e+03
7.397000e-01 -1.252434e+02 1.360769e+03
-3.301300e+00 -1.252495e+02 1.360771e+03
1.114900e+00 -1.260225e+02 1.360778e+03
4.466000e-01 -1.250211e+02 1.360794e+03
-3.217700e+00 -1.250721e+02 1.360835e+03
-3.202500e+00 -1.250347e+02 1.360849e+03
-3.182400e+00 -1.250140e+02 1.360857e+03
1.101300e+00 -1.257653e+02 1.360863e+03
-2.138500e+00 -1.244018e+02 1.360872e+03
1.005700e+00 -1.255385e+02 1.360933e+03
1.005700e+00 -1.255384e+02 1.360933e+03
1.005000e+00 -1.255377e+02 1.360934e+03
2.943000e-01 -1.249740e+02 1.360944e+03
-2.856800e+00 -1.247193e+02 1.360974e+03
-8.428000e-01 -1.244007e+02 1.360979e+03
8.137000e-01 -1.253397e+02 1.360988e+03
7.532000e-01 -1.252796e+02 1.361004e+03
7.239000e-01 -1.252614e+02 1.361009e+03
6.816000e-01 -1.252276e+02 1.361017e+03
-2.713300e+00 -1.246150e+02 1.361018e+03
-4.551000e-01 -1.245438e+02 1.361035e+03
-2.626800e+00 -1.245726e+02 1.361037e+03
5.478000e-01 -1.251279e+02 1.361043e+03
4.239000e-01 -1.250580e+02 1.361058e+03
-2.553700e+00 -1.245212e+02 1.361059e+03
3.349000e-01 -1.250403e+02 1.361059e+03
-7.160000e-01 -1.244393e+02 1.361074e+03
1.628000e-01 -1.249561e+02 1.361077e+03
-2.494600e+00 -1.244702e+02 1.361079e+03
-2.315200e+00 -1.244268e+02 1.361104e+03
-2.231100e+00 -1.244086e+02 1.361116e+03
-1.748400e+00 -1.244005e+02 1.361147e+03
-1.607400e+00 -1.244033e+02 1.361155e+03
-3.997000e-01 -1.246082e+02 1.361159e+03
-4.764000e-01 -1.245557e+02 1.361172e+03
-5.177000e-01 -1.245337e+02 1.361177e+03
-1.210100e+00 -1.243837e+02 1.361185e+03
-1.067600e+00 -1.243803e+02 1.361195e+03
-1.061700e+00 -1.243805e+02 1.361195e+03
-8.234000e-01 -1.244208e+02 1.361196e+03
-7.154000e-01 -1.244388e+02 1.361196e+03
-7.199000e-01 -1.244375e+02 1.361197e+03
))

(0 "Boundary and interior triangles:")
(13 (0 1 30a6 0))
(13 (3 1 33 3 3)(
262 26f 271 0 0
20b 26f 262 0 0
26f 278 271 0 0
20b 260 26f 0 0
20b 262 25c 0 0
20b 248 260 0 0
260 26c 26f 0 0
20b 25c 249 0 0
20b 20c 248 0 0
260 269 26c 0 0
20b 249 22a 0 0
1f3 20c 20b 0 0
20c 230 248 0 0
22a 249 22d 0 0
1c2 1f3 20b 0 0
20c 218 230 0 0
22d 249 242 0 0
1c2 1d8 1f3 0 0
16f 1c2 20b 0 0
22d 242 23f 0 0
16f 1a8 1c2 0 0
16a 16f 20b 0 0
16f 184 1a8 0 0
16a 20b 1d5 0 0
1d5 20b 1ef 0 0
142 16a 1d5 0 0
1ef 20b 1ff 0 0
135 16a 142 0 0
142 1d5 167 0 0
12a 16a 135 0 0
167 1d5 1b4 0 0
142 167 150 0 0
12a 138 16a 0 0
167 1b4 19c 0 0
150 167 158 0 0
127 138 12a 0 0
138 146 16a 0 0
167 19c 183 0 0
150 158 155 0 0
127 12d 138 0 0
127 12a 129 0 0
146 157 16a 0 0
121 12d 127 0 0
12d 131 138 0 0
146 149 157 0 0
157 15f 16a 0 0
11e 12d 121 0 0
12d 12f 131 0 0
11e 120 12d 0 0
11c 11e 121 0 0
11c 121 11d 0 0
))

(13 (4 34 85 3 3)(
1838 1836 1837 0 0
1838 1846 1836 0 0
183c 1846 1838 0 0
1836 1846 1834 0 0
183d 1846 183c 0 0
1834 1846 182f 0 0
183e 1846 183d 0 0
182f 1846 1827 0 0
183f 1846 183e 0 0
1827 1846 1822 0 0
1843 1846 183f 0 0
1822 1846 1820 0 0
1843 1844 1846 0 0
1820 1846 181e 0 0
181e 1846 181d 0 0
181d 1846 1816 0 0
1816 1846 1811 0 0
1811 1846 180e 0 0
180e 1846 1807 0 0
1807 1846 1801 0 0
1801 1846 17fc 0 0
17fc 1846 17f8 0 0
17f8 1846 17f4 0 0
17f4 1846 17f3 0 0
17f3 1846 17ec 0 0
17ec 1846 17e7 0 0
17e7 1846 17e3 0 0
17e3 1846 17e1 0 0
17e1 1846 1848 0 0
17e1 1848 17dd 0 0
17dd 1848 17d9 0 0
17d9 1848 17d8 0 0
17d8 1848 17d5 0 0
17d5 1848 17d1 0 0
17d1 1848 17d0 0 0
17d0 1848 17cf 0 0
17cf 1848 17cb 0 0
17cb 1848 17cd 0 0
17cd 1848 17d4 0 0
17d4 1848 17d7 0 0
17d7 1848 184e 0 0
17d7 184e 184f 0 0
17d7 184f 1850 0 0
17d7 1850 1855 0 0
17d7 1855 1856 0 0
17d7 1856 1854 0 0
17d7 1854 1853 0 0
17d7 1853 1852 0 0
17d7 1852 1851 0 0
17d7 1851 17dc 0 0
17dc 1851 17ea 0 0
17ea 1851 17eb 0 0
17eb 1851 17ee 0 0
17ee 1851 17f2 0 0
17f2 1851 17f7 0 0
17f7 1851 17fa 0 0
17f2 17f7 17f5 0 0
17fa 1851 1800 0 0
1800 1851 184d 0 0
1800 184d 1809 0 0
1809 184d 184c 0 0
1809 184c 184b 0 0
1809 184b 184a 0 0
1809 184a 1845 0 0
1845 184a 1849 0 0
1809 1845 1842 0 0
1809 1842 1840 0 0
1809 1840 183a 0 0
1809 183a 1833 0 0
1809 1833 1831 0 0
1831 1833 1832 0 0
1809 1831 182e 0 0
1809 182e 1810 0 0
1810 182e 1813 0 0
1813 182e 1818 0 0
1818 182e 181b 0 0
181b 182e 181c 0 0
181c 182e 1828 0 0
181c 1828 181f 0 0
181f 1828 1821 0 0
1821 1828 1824 0 0
1821 1824 1823 0 0
))

(13 (5 86 1c3 3 3)(
56 57 46 0 0
57 56 67 0 0
58 46 57 0 0
46 4a 56 0 0
67 56 6e 0 0
58 57 67 0 0
40 46 58 0 0
46 48 4a 0 0
4a 4c 56 0 0
56 69 6e 0 0
67 6e 7c 0 0
67 77 58 0 0
40 34 46 0 0
58 53 40 0 0
44 48 46 0 0
4c 52 56 0 0
56 65 69 0 0
69 6b 6e 0 0
7c 6e 7b 0 0
7c 77 67 0 0
58 77 59 0 0
35 34 40 0 0
33 46 34 0 0
58 59 53 0 0
40 53 36 0 0
43 44 46 0 0
52 54 56 0 0
55 65 56 0 0
6b 6d 6e 0 0
6e 76 7b 0 0
7c 7b 8b 0 0
7c 7d 77 0 0
72 59 77 0 0
34 35 2c 0 0
36 35 40 0 0
33 42 46 0 0
31 33 34 0 0
59 5a 53 0 0
36 53 37 0 0
42 43 46 0 0
54 55 56 0 0
6d 70 6e 0 0
6e 73 76 0 0
76 7a 7b 0 0
7b 89 8b 0 0
8b 99 7c 0 0
7c 99 7d 0 0
7d 7e 77 0 0
5a 59 72 0 0
72 77 7f 0 0
36 2c 35 0 0
2c 2d 34 0 0
2f 31 34 0 0
5b 53 5a 0 0
49 37 53 0 0
36 37 32 0 0
6e 70 71 0 0
6e 71 73 0 0
7a 89 7b 0 0
89 8c 8b 0 0
8b 9a 99 0 0
92 7d 99 0 0
7e 7d 92 0 0
7f 77 7e 0 0
5b 5a 72 0 0
7f 80 72 0 0
23 2c 36 0 0
2b 2d 2c 0 0
2d 2f 34 0 0
49 53 5b 0 0
38 37 49 0 0
37 38 32 0 0
36 32 23 0 0
89 8a 8c 0 0
8b 8c 8e 0 0
8b 98 9a 0 0
99 9a 9c 0 0
92 99 a0 0 0
7f 7e 92 0 0
6a 5b 72 0 0
80 7f 8d 0 0
81 72 80 0 0
20 2c 23 0 0
2a 2b 2c 0 0
5b 5c 49 0 0
39 38 49 0 0
32 38 39 0 0
23 32 15 0 0
8b 8e 97 0 0
8b 97 98 0 0
99 9c 9d 0 0
a0 99 9f 0 0
a0 a1 92 0 0
8d 7f 92 0 0
5c 5b 6a 0 0
6a 72 81 0 0
81 80 8d 0 0
20 21 2c 0 0
1e 20 23 0 0
29 2a 2c 0 0
5d 49 5c 0 0
45 39 49 0 0
32 39 2e 0 0
15 32 16 0 0
15 14 23 0 0
99 9d 9e 0 0
9e 9f 99 0 0
a0 9f af 0 0
a1 a0 aa 0 0
a2 92 a1 0 0
8d 92 a2 0 0
5d 5c 6a 0 0
81 79 6a 0 0
8d 9b 81 0 0
21 25 2c 0 0
1c 1e 23 0 0
25 29 2c 0 0
45 49 5d 0 0
3a 39 45 0 0
39 3a 2e 0 0
1a 32 2e 0 0
16 32 1a 0 0
5 15 16 0 0
d 14 15 0 0
13 23 14 0 0
9d ae 9e 0 0
9f 9e af 0 0
aa a0 af 0 0
a2 a1 aa 0 0
a2 9b 8d 0 0
6a 79 5d 0 0
81 82 79 0 0
81 9b 82 0 0
1b 1c 23 0 0
5d 5e 45 0 0
3b 3a 45 0 0
3b 2e 3a 0 0
1a 2e 17 0 0
17 16 1a 0 0
5 9 15 0 0
1 5 16 0 0
d 11 14 0 0
c d 15 0 0
13 1b 23 0 0
12 13 14 0 0
9e ae b0 0 0
9e b6 af 0 0
aa af bd 0 0
aa b8 a2 0 0
a2 a3 9b 0 0
5d 79 5e 0 0
82 83 79 0 0
95 82 9b 0 0
5f 45 5e 0 0
3b 45 3d 0 0
28 2e 3b 0 0
17 2e 18 0 0
3 16 17 0 0
9 b 15 0 0
1 16 2 0 0
11 12 14 0 0
b c 15 0 0
9e b0 b6 0 0
af b6 b7 0 0
bd af bc 0 0
bd b8 aa 0 0
a2 b8 a3 0 0
a3 a4 9b 0 0
5e 79 64 0 0
83 82 95 0 0
79 83 84 0 0
95 9b a5 0 0
3e 45 5f 0 0
5f 5e 64 0 0
3d 45 3e 0 0
3b 3d 3c 0 0
27 2e 28 0 0
28 3b 30 0 0
18 2e 27 0 0
a 17 18 0 0
2 16 3 0 0
3 17 4 0 0
af b7 b9 0 0
bb bc af 0 0
bd bc c8 0 0
bd be b8 0 0
b5 a3 b8 0 0
a4 a3 b5 0 0
a5 9b a4 0 0
64 79 75 0 0
84 83 95 0 0
79 84 75 0 0
a5 a6 95 0 0
3e 5f 3f 0 0
64 75 5f 0 0
30 3b 3c 0 0
18 27 26 0 0
8 17 a 0 0
a 18 e 0 0
4 17 6 0 0
af b9 bb 0 0
bc bb c8 0 0
bd c8 d9 0 0
bd da be 0 0
be bf b8 0 0
b5 b8 c0 0 0
a5 a4 b5 0 0
90 84 95 0 0
84 85 75 0 0
a6 a5 ac 0 0
a7 95 a6 0 0
3f 5f 41 0 0
5f 75 60 0 0
18 26 22 0 0
7 17 8 0 0
e 18 f 0 0
6 17 7 0 0
b9 ba bb 0 0
bb cb c8 0 0
c8 d7 d9 0 0
bd d9 da 0 0
be da db 0 0
bf be d3 0 0
c0 b8 bf 0 0
c0 c1 b5 0 0
ac a5 b5 0 0
85 84 90 0 0
90 95 a7 0 0
86 75 85 0 0
a7 a6 ac 0 0
41 5f 4f 0 0
60 75 68 0 0
5f 60 4f 0 0
22 26 24 0 0
18 22 1f 0 0
f 18 10 0 0
ba c5 bb 0 0
bb c7 cb 0 0
c8 cb d0 0 0
c8 d6 d7 0 0
be db dc 0 0
be dc d3 0 0
c0 bf d3 0 0
c1 c0 ca 0 0
c2 b5 c1 0 0
ac b5 c2 0 0
86 85 90 0 0
90 a7 96 0 0
6f 75 86 0 0
a7 ac ab 0 0
41 4f 47 0 0
68 75 6f 0 0
60 68 66 0 0
60 61 4f 0 0
18 1f 1d 0 0
10 18 19 0 0
bb c5 c7 0 0
c8 d0 d4 0 0
c8 d5 d6 0 0
d3 dc de 0 0
ca c0 d3 0 0
c2 c1 ca 0 0
ac c2 c3 0 0
86 90 8f 0 0
96 a7 a8 0 0
90 96 94 0 0
6f 86 74 0 0
ab ac ad 0 0
a7 ab a9 0 0
47 4f 4b 0 0
68 6f 6c 0 0
60 66 63 0 0
60 63 61 0 0
4f 61 51 0 0
18 1d 19 0 0
c8 d4 d5 0 0
d3 de e0 0 0
ca d3 d2 0 0
c2 ca c9 0 0
c2 c4 c3 0 0
ac c3 b4 0 0
8f 90 91 0 0
86 8f 88 0 0
a7 a9 a8 0 0
90 94 93 0 0
74 86 78 0 0
ac b1 ad 0 0
4b 4f 4d 0 0
61 63 62 0 0
51 61 62 0 0
4f 51 50 0 0
d3 e0 e1 0 0
d2 d3 d8 0 0
ca d2 d1 0 0
c9 ca cc 0 0
c2 c9 c6 0 0
c2 c6 c4 0 0
ac b4 b3 0 0
90 93 91 0 0
86 88 87 0 0
78 86 87 0 0
ac b2 b1 0 0
4d 4f 4e 0 0
4e 4f 50 0 0
d3 e1 e3 0 0
d3 dd d8 0 0
ca d1 cf 0 0
ca cd cc 0 0
ac b3 b2 0 0
e1 e2 e3 0 0
d3 e3 e6 0 0
d3 df dd 0 0
ca cf ce 0 0
ca ce cd 0 0
d3 e6 e5 0 0
d3 e4 df 0 0
e5 e6 e7 0 0
d3 e5 e4 0 0
))

(13 (6 1c4 2fee 3 3)(
75d a98 754 0 0
754 a98 a90 0 0
754 a90 a89 0 0
754 a89 a7d 0 0
754 a7d 749 0 0
749 a7d a7c 0 0
749 a7c a78 0 0
749 a78 72f 0 0
72f a78 a6f 0 0
72f a6f a6b 0 0
72f a6b 723 0 0
723 a6b a68 0 0
723 a68 715 0 0
715 a68 a65 0 0
715 a65 a64 0 0
715 a64 a60 0 0
715 a60 a5c 0 0
715 a5c 710 0 0
710 a5c a59 0 0
710 a59 70d 0 0
70d a59 a58 0 0
70d a58 a56 0 0
70d a56 70c 0 0
70c a56 70e 0 0
70e a56 a5a 0 0
70e a5a a5f 0 0
70e a5f 722 0 0
722 a5f a6a 0 0
722 a6a 727 0 0
727 a6a a6c 0 0
727 a6c a7e 0 0
727 a7e 751 0 0
751 a7e a82 0 0
751 a82 a86 0 0
751 a86 a8e 0 0
751 a8e 766 0 0
766 a8e aa0 0 0
766 aa0 aad 0 0
766 aad 776 0 0
776 aad ac8 0 0
776 ac8 7ab 0 0
7ab ac8 ac9 0 0
7ab ac9 ad4 0 0
7ab ad4 7bf 0 0
7bf ad4 adb 0 0
7bf adb ae0 0 0
7bf ae0 7d1 0 0
7d1 ae0 ae4 0 0
7d1 ae4 ae5 0 0
7d1 ae5 af6 0 0
7d1 af6 7f5 0 0
7f5 af6 aff 0 0
7f5 aff 80f 0 0
80f aff b0b 0 0
80f b0b 829 0 0
829 b0b b17 0 0
829 b17 b27 0 0
829 b27 b36 0 0
829 b36 86e 0 0
86e b36 b3b 0 0
86e b3b 87e 0 0
87e b3b b41 0 0
87e b41 b45 0 0
87e b45 8be 0 0
8be b45 b57 0 0
8be b57 b5a 0 0
8be b5a b6b 0 0
8be b6b 902 0 0
902 b6b b72 0 0
902 b72 91d 0 0
91d b72 b80 0 0
91d b80 924 0 0
924 b80 b86 0 0
924 b86 b8c 0 0
924 b8c b96 0 0
924 b96 962 0 0
962 b96 ba1 0 0
962 ba1 baa 0 0
962 baa bc0 0 0
962 bc0 982 0 0
982 bc0 bc3 0 0
982 bc3 99d 0 0
99d bc3 bca 0 0
99d bca bd0 0 0
99d bd0 bd6 0 0
99d bd6 9b5 0 0
9b5 bd6 be3 0 0
9b5 be3 9bf 0 0
9bf be3 bed 0 0
9bf bed bee 0 0
9bf bee bef 0 0
9bf bef bf0 0 0
9bf bf0 bf5 0 0
9bf bf5 9ce 0 0
9ce bf5 bfe 0 0
9ce bfe c02 0 0
9ce c02 9d5 0 0
9d5 c02 c04 0 0
9d5 c04 c05 0 0
9d5 c05 c09 0 0
9d5 c09 9de 0 0
9de c09 9db 0 0
9db c09 c06 0 0
9db c06 bf3 0 0
9db bf3 9bc 0 0
9bc bf3 bec 0 0
9bc bec beb 0 0
9bc beb bdc 0 0
9bc bdc 9a8 0 0
9a8 bdc bd3 0 0
9a8 bd3 99e 0 0
99e bd3 bcd 0 0
99e bcd 998 0 0
998 bcd bcc 0 0
998 bcc bcb 0 0
998 bcb bbe 0 0
998 bbe 961 0 0
961 bbe bbc 0 0
961 bbc bb6 0 0
961 bb6 bab 0 0
961 bab ba3 0 0
961 ba3 ba2 0 0
961 ba2 b91 0 0
961 b91 931 0 0
931 b91 b8a 0 0
931 b8a b74 0 0
931 b74 907 0 0
907 b74 8d9 0 0
8d9 b74 b64 0 0
8d9 b64 b63 0 0
8d9 b63 b54 0 0
8d9 b54 895 0 0
895 b54 b49 0 0
895 b49 850 0 0
850 b49 b2e 0 0
850 b2e b1f 0 0
850 b1f b1c 0 0
850 b1c 82a 0 0
82a b1c b19 0 0
82a b19 b14 0 0
82a b14 80e 0 0
80e b14 b0e 0 0
80e b0e b0c 0 0
80e b0c 804 0 0
804 b0c b08 0 0
804 b08 ade 0 0
804 ade 7c3 0 0
7c3 ade acd 0 0
7c3 acd ac0 0 0
7c3 ac0 79d 0 0
79d ac0 ab8 0 0
79d ab8 78b 0 0
78b ab8 ab3 0 0
78b ab3 aa4 0 0
78b aa4 75d 0 0
75d aa4 a98 0 0
829 86e 826 0 0
826 86e 87e 0 0
80f 829 826 0 0
826 87e 85e 0 0
7b6 80f 826 0 0
85e 87e 8be 0 0
7e6 826 85e 0 0
7b6 7f5 80f 0 0
7b6 826 7e6 0 0
85e 8be 902 0 0
7e6 85e 7dc 0 0
7b4 7f5 7b6 0 0
7e6 782 7b6 0 0
85e 902 8e9 0 0
7dc 85e 853 0 0
782 7e6 7dc 0 0
7b4 7d1 7f5 0 0
7b6 77b 7b4 0 0
7b6 782 758 0 0
8e9 902 91d 0 0
85e 8e9 853 0 0
7dc 853 7cb 0 0
7dc 790 782 0 0
7b4 7bf 7d1 0 0
758 77b 7b6 0 0
77b 7ab 7b4 0 0
782 720 758 0 0
8e9 91d 924 0 0
8e9 8ec 853 0 0
7cb 853 84b 0 0
790 7dc 7cb 0 0
790 742 782 0 0
7ab 7bf 7b4 0 0
758 726 77b 0 0
77b 776 7ab 0 0
742 720 782 0 0
758 720 70b 0 0
8e9 924 952 0 0
8e9 952 8ec 0 0
853 8ec 84b 0 0
7cb 84b 7a9 0 0
790 7cb 775 0 0
742 790 775 0 0
70b 726 758 0 0
726 751 77b 0 0
766 776 77b 0 0
742 6fc 720 0 0
720 6ea 70b 0 0
924 962 952 0 0
952 92a 8ec 0 0
84b 8ec 8ce 0 0
7e4 7a9 84b 0 0
775 7cb 7a9 0 0
742 775 73b 0 0
70b 6f7 726 0 0
726 727 751 0 0
751 766 77b 0 0
6fc 742 706 0 0
6fc 6ea 720 0 0
6ea 6f7 70b 0 0
962 982 952 0 0
952 91c 92a 0 0
92a 91c 8ec 0 0
8ec 91c 8ce 0 0
883 84b 8ce 0 0
7e4 761 7a9 0 0
883 7e4 84b 0 0
775 7a9 75e 0 0
73b 775 75e 0 0
742 73b 706 0 0
6f7 6fd 726 0 0
726 722 727 0 0
706 6e4 6fc 0 0
6e4 6ea 6fc 0 0
6f5 6f7 6ea 0 0
952 982 99d 0 0
973 91c 952 0 0
883 8ce 91c 0 0
78c 761 7e4 0 0
761 75e 7a9 0 0
816 7e4 883 0 0
73b 75e 719 0 0
706 73b 719 0 0
6f7 6f5 6fd 0 0
6fd 707 726 0 0
707 722 726 0 0
719 6e4 706 0 0
6e4 6da 6ea 0 0
6da 6f5 6ea 0 0
952 99d 9a0 0 0
91c 973 949 0 0
973 952 9a0 0 0
8c0 883 91c 0 0
78c 724 761 0 0
816 78c 7e4 0 0
761 719 75e 0 0
8c0 816 883 0 0
6fd 6f5 707 0 0
707 70e 722 0 0
6fe 6e4 719 0 0
6d2 6da 6e4 0 0
6e9 6f5 6da 0 0
99d 9b5 9a0 0 0
98e 949 973 0 0
949 8c0 91c 0 0
98e 973 9a0 0 0
78c 741 724 0 0
6fe 761 724 0 0
816 7c4 78c 0 0
6fe 719 761 0 0
844 816 8c0 0 0
6f5 70d 707 0 0
707 70c 70e 0 0
6fe 6d8 6e4 0 0
6d2 6e3 6da 0 0
6d2 6e4 6d8 0 0
70a 6f5 6e9 0 0
6e9 6da 6e3 0 0
9b5 9bf 9a0 0 0
98e 96c 949 0 0
8c0 949 8f1 0 0
9c0 98e 9a0 0 0
772 741 78c 0 0
6ff 724 741 0 0
724 6e2 6fe 0 0
844 7c4 816 0 0
7c4 772 78c 0 0
88a 844 8c0 0 0
6f5 710 70d 0 0
707 70d 70c 0 0
6e2 6d8 6fe 0 0
6d2 6ee 6e3 0 0
6d8 6c8 6d2 0 0
6f5 70a 715 0 0
6e9 714 70a 0 0
6e9 6e3 6f4 0 0
9a0 9bf 9ce 0 0
980 96c 98e 0 0
96c 945 949 0 0
8f1 949 945 0 0
8c0 8f1 88a 0 0
9b7 98e 9c0 0 0
9a0 9ce 9c0 0 0
71d 741 772 0 0
6ff 6e2 724 0 0
71d 6ff 741 0 0
7c4 844 83c 0 0
7c4 797 772 0 0
844 88a 83c 0 0
6f5 715 710 0 0
6e2 6c8 6d8 0 0
6d2 6db 6ee 0 0
6ee 728 6e3 0 0
6d2 6c8 6db 0 0
70a 723 715 0 0
6f4 714 6e9 0 0
714 73f 70a 0 0
6e3 728 6f4 0 0
980 965 96c 0 0
980 98e 9b7 0 0
934 945 96c 0 0
934 8f1 945 0 0
83c 88a 8f1 0 0
9b7 9c0 9d5 0 0
9c0 9ce 9cf 0 0
797 71d 772 0 0
6d6 6e2 6ff 0 0
71d 6d6 6ff 0 0
83c 797 7c4 0 0
6c8 6e2 6c3 0 0
6db 701 6ee 0 0
728 6ee 736 0 0
6c8 6c7 6db 0 0
70a 72e 723 0 0
714 6f4 728 0 0
76c 73f 714 0 0
70a 73f 72e 0 0
96f 965 980 0 0
965 934 96c 0 0
98a 980 9b7 0 0
8f1 934 8cb 0 0
8cb 83c 8f1 0 0
9c0 9cf 9d5 0 0
9b7 9d5 9de 0 0
716 71d 797 0 0
6d6 6c3 6e2 0 0
6d4 6d6 71d 0 0
83c 806 797 0 0
6c3 6c7 6c8 0 0
6f9 701 6db 0 0
701 736 6ee 0 0
728 736 767 0 0
6db 6c7 6f9 0 0
723 72e 72f 0 0
714 728 76c 0 0
73f 76c 75d 0 0
73f 749 72e 0 0
96f 96d 965 0 0
93b 96f 980 0 0
965 929 934 0 0
940 980 98a 0 0
9b0 98a 9b7 0 0
934 929 8cb 0 0
806 83c 8cb 0 0
9b7 9de 9db 0 0
716 6d4 71d 0 0
716 797 76a 0 0
6d6 6bc 6c3 0 0
6d4 6b1 6d6 0 0
806 76a 797 0 0
6bc 6c7 6c3 0 0
701 6f9 75b 0 0
701 75b 736 0 0
792 767 736 0 0
78e 728 767 0 0
6f9 6c7 6eb 0 0
72e 749 72f 0 0
76c 728 78e 0 0
75d 76c 78b 0 0
73f 75d 754 0 0
73f 754 749 0 0
95f 96d 96f 0 0
96d 95d 965 0 0
93b 95f 96f 0 0
940 93b 980 0 0
932 929 965 0 0
95a 940 98a 0 0
98a 9b0 99e 0 0
9b0 9b7 9db 0 0
8dd 8cb 929 0 0
8dd 806 8cb 0 0
6c0 6d4 716 0 0
716 76a 71f 0 0
6b1 6bc 6d6 0 0
69f 6b1 6d4 0 0
806 79c 76a 0 0
6bc 6b9 6c7 0 0
6f9 72d 75b 0 0
792 736 75b 0 0
7a8 767 792 0 0
7a8 78e 767 0 0
6b9 6eb 6c7 0 0
6f9 6eb 72d 0 0
76c 78e 7d4 0 0
78b 76c 79d 0 0
95f 967 96d 0 0
942 95d 96d 0 0
95d 954 965 0 0
93b 925 95f 0 0
940 8b5 93b 0 0
8dd 929 932 0 0
922 932 965 0 0
95a 8cc 940 0 0
95a 98a 99e 0 0
99e 9b0 9a8 0 0
9b0 9db 9bc 0 0
806 8dd 858 0 0
6c0 69f 6d4 0 0
716 6e8 6c0 0 0
712 71f 76a 0 0
71f 6e8 716 0 0
6b1 6b9 6bc 0 0
69f 698 6b1 0 0
7ef 79c 806 0 0
79c 712 76a 0 0
75b 72d 777 0 0
7ea 792 75b 0 0
80d 7a8 792 0 0
78e 7a8 7d7 0 0
6e7 6eb 6b9 0 0
72d 6eb 746 0 0
7d4 78e 7d7 0 0
76c 7d4 79d 0 0
967 95f 947 0 0
967 942 96d 0 0
942 915 95d 0 0
95d 936 954 0 0
954 922 965 0 0
93b 8d3 925 0 0
95f 925 926 0 0
8cc 8b5 940 0 0
8b5 8d3 93b 0 0
932 922 8dd 0 0
903 8cc 95a 0 0
95a 99e 998 0 0
9a8 9b0 9bc 0 0
858 8dd 8d4 0 0
7ef 806 858 0 0
689 69f 6c0 0 0
6b4 6c0 6e8 0 0
71f 712 6e8 0 0
698 6b9 6b1 0 0
698 69f 683 0 0
79c 7ef 7ec 0 0
712 79c 752 0 0
746 777 72d 0 0
7be 75b 777 0 0
80d 792 7ea 0 0
7ea 75b 7be 0 0
7d7 7a8 80d 0 0
746 6eb 6e7 0 0
6ad 6e7 6b9 0 0
7d4 7d7 838 0 0
79d 7d4 7c3 0 0
95f 926 947 0 0
947 942 967 0 0
942 8e7 915 0 0
915 936 95d 0 0
936 921 954 0 0
954 921 922 0 0
8d3 8d1 925 0 0
926 925 8d1 0 0
8cc 80d 8b5 0 0
8b5 849 8d3 0 0
8dd 922 8d4 0 0
903 894 8cc 0 0
903 95a 961 0 0
961 95a 998 0 0
858 8d4 8aa 0 0
7ef 858 7ec 0 0
683 69f 689 0 0
6b4 689 6c0 0 0
6b4 6e8 6c4 0 0
712 6c4 6e8 0 0
698 6ad 6b9 0 0
68e 698 683 0 0
79c 7ec 752 0 0
752 6cb 712 0 0
746 7a3 777 0 0
7cc 7be 777 0 0
80d 7ea 8b5 0 0
7ea 7be 849 0 0
838 7d7 80d 0 0
747 746 6e7 0 0
6e7 6ad 6c1 0 0
83e 7d4 838 0 0
7d4 804 7c3 0 0
947 926 8dc 0 0
947 923 942 0 0
8f5 8e7 942 0 0
8e7 8a2 915 0 0
915 90f 936 0 0
936 8e8 921 0 0
8aa 922 921 0 0
8d1 8d3 845 0 0
8dc 926 8d1 0 0
838 80d 8cc 0 0
8b5 7ea 849 0 0
849 845 8d3 0 0
8d4 922 8aa 0 0
89b 894 903 0 0
894 838 8cc 0 0
903 961 931 0 0
858 8aa 7ec 0 0
673 683 689 0 0
68f 689 6b4 0 0
68f 6b4 6c4 0 0
712 6b5 6c4 0 0
6ad 698 68e 0 0
68e 683 673 0 0
7e2 752 7ec 0 0
6a9 6cb 752 0 0
712 6cb 6b5 0 0
7a3 746 77f 0 0
7cc 777 7a3 0 0
7cc 845 7be 0 0
7be 845 849 0 0
746 747 77f 0 0
747 6e7 713 0 0
6c1 6ad 68e 0 0
6e7 6c1 713 0 0
7d4 83e 80e 0 0
83e 838 894 0 0
7d4 80e 804 0 0
947 8dc 923 0 0
923 8f5 942 0 0
89a 8e7 8f5 0 0
869 8a2 8e7 0 0
8a2 8d2 915 0 0
8eb 90f 915 0 0
90f 8e8 936 0 0
8aa 921 8e8 0 0
830 8d1 845 0 0
830 8dc 8d1 0 0
89b 83e 894 0 0
89b 903 8d9 0 0
907 903 931 0 0
7e2 7ec 8aa 0 0
689 671 673 0 0
689 68f 671 0 0
6b5 68f 6c4 0 0
68e 673 672 0 0
7e2 734 752 0 0
6a9 678 6cb 0 0
734 6a9 752 0 0
6cb 678 6b5 0 0
7a3 77f 7c1 0 0
7cc 7a3 830 0 0
845 7cc 830 0 0
77f 747 79a 0 0
747 713 79a 0 0
6c1 68e 6ca 0 0
6ca 713 6c1 0 0
80e 83e 82a 0 0
8dc 8f5 923 0 0
89a 869 8e7 0 0
89a 8f5 885 0 0
869 7ff 8a2 0 0
887 8d2 8a2 0 0
8d2 8eb 915 0 0
8eb 8d5 90f 0 0
8d5 8e8 90f 0 0
8e8 86f 8aa 0 0
830 828 8dc 0 0
83e 89b 850 0 0
8d9 903 907 0 0
895 89b 8d9 0 0
86f 7e2 8aa 0 0
64f 673 671 0 0
678 671 68f 0 0
678 68f 6b5 0 0
672 673 64f 0 0
672 6ca 68e 0 0
7aa 734 7e2 0 0
6a9 65f 678 0 0
734 6a0 6a9 0 0
7c1 77f 79a 0 0
830 7a3 7c1 0 0
75a 79a 713 0 0
6ca 75a 713 0 0
83e 850 82a 0 0
8f5 8dc 885 0 0
89a 7fb 869 0 0
7fb 89a 885 0 0
7fb 7ff 869 0 0
835 8a2 7ff 0 0
887 8b2 8d2 0 0
8a2 835 887 0 0
8b2 8eb 8d2 0 0
8c4 8d5 8eb 0 0
8ad 8e8 8d5 0 0
86f 8e8 8ab 0 0
830 7c1 828 0 0
885 8dc 828 0 0
850 89b 895 0 0
7e2 86f 810 0 0
64f 671 678 0 0
672 64f 64b 0 0
6ca 672 694 0 0
7aa 76d 734 0 0
810 7aa 7e2 0 0
66c 65f 6a9 0 0
678 65f 632 0 0
6a0 734 6ba 0 0
6a0 66c 6a9 0 0
7c1 79a 828 0 0
75a 7fb 79a 0 0
75a 6ca 74d 0 0
7fb 885 828 0 0
7fb 74d 7ff 0 0
7a6 835 7ff 0 0
860 8b2 887 0 0
835 860 887 0 0
8b2 8c4 8eb 0 0
8c4 8c5 8d5 0 0
8ab 8e8 8ad 0 0
8a5 8ad 8d5 0 0
86f 8ab 864 0 0
86f 864 810 0 0
678 632 64f 0 0
635 64b 64f 0 0
662 672 64b 0 0
694 672 662 0 0
6cd 6ca 694 0 0
7c2 76d 7aa 0 0
76d 717 734 0 0
7c2 7aa 810 0 0
63d 65f 66c 0 0
63d 632 65f 0 0
734 717 6ba 0 0
6a0 6ba 66f 0 0
66c 6a0 66f 0 0
79a 7fb 828 0 0
7fb 75a 74d 0 0
6ca 6cd 74d 0 0
7ff 74d 7a6 0 0
835 7a6 81e 0 0
8b2 860 89e 0 0
835 81e 860 0 0
8c4 8b2 89e 0 0
8c5 8c4 89e 0 0
8c5 8a5 8d5 0 0
8ab 8ad 864 0 0
8a5 86a 8ad 0 0
825 810 864 0 0
635 64f 632 0 0
635 662 64b 0 0
694 662 6b6 0 0
6cd 694 6b6 0 0
76d 7c2 7ae 0 0
76d 733 717 0 0
825 7c2 810 0 0
63d 66c 64d 0 0
613 632 63d 0 0
6ba 717 6fa 0 0
65e 66f 6ba 0 0
66c 66f 64d 0 0
74d 6cd 6b6 0 0
74d 703 7a6 0 0
7a6 7b2 81e 0 0
89e 860 85d 0 0
81e 85d 860 0 0
89e 8de 8c5 0 0
8ba 8a5 8c5 0 0
8ad 86a 864 0 0
8a5 866 86a 0 0
825 864 86a 0 0
635 632 61f 0 0
634 662 635 0 0
6b6 662 685 0 0
7c2 825 7ae 0 0
7ae 729 76d 0 0
76d 729 733 0 0
6fa 717 733 0 0
64d 62c 63d 0 0
613 60c 632 0 0
63d 62c 613 0 0
6ac 6ba 6fa 0 0
65e 62c 66f 0 0
6ac 65e 6ba 0 0
64d 66f 62c 0 0
74d 6b6 703 0 0
7a6 703 74c 0 0
7a6 74c 7b2 0 0
81e 7b2 820 0 0
85d 879 89e 0 0
81e 879 85d 0 0
89e 879 8de 0 0
8de 8fd 8c5 0 0
866 8a5 8ba 0 0
8ba 8c5 8fd 0 0
866 825 86a 0 0
60c 61f 632 0 0
61f 634 635 0 0
662 634 658 0 0
662 658 685 0 0
685 703 6b6 0 0
7ae 825 82f 0 0
756 729 7ae 0 0
733 729 6fa 0 0
60c 613 5f4 0 0
62c 5ec 613 0 0
729 6ac 6fa 0 0
65e 61a 62c 0 0
668 65e 6ac 0 0
703 6b7 74c 0 0
74c 76f 7b2 0 0
7b2 76f 820 0 0
81e 820 879 0 0
879 8e5 8de 0 0
8de 93a 8fd 0 0
886 866 8ba 0 0
8d8 8ba 8fd 0 0
866 82f 825 0 0
60c 60f 61f 0 0
60f 634 61f 0 0
658 634 65b 0 0
65b 685 658 0 0
703 685 6b7 0 0
7c8 7ae 82f 0 0
756 6af 729 0 0
7c8 756 7ae 0 0
5f4 613 5ec 0 0
5f1 60c 5f4 0 0
5ef 5ec 62c 0 0
6af 6ac 729 0 0
62a 61a 65e 0 0
61a 5ef 62c 0 0
668 62a 65e 0 0
6af 668 6ac 0 0
74c 6b7 6d9 0 0
74c 6d9 76f 0 0
7dd 820 76f 0 0
879 820 8e5 0 0
8de 8e5 93a 0 0
93a 933 8fd 0 0
82f 866 886 0 0
8d8 886 8ba 0 0
8fd 933 8d8 0 0
60f 60c 5f1 0 0
60f 619 634 0 0
65b 634 619 0 0
65b 6b7 685 0 0
7c8 82f 86b 0 0
740 6af 756 0 0
740 756 7c8 0 0
5f4 5ec 5c4 0 0
5f1 5f4 5c4 0 0
5ef 5b2 5ec 0 0
62a 5f3 61a 0 0
5f3 5ef 61a 0 0
63c 62a 668 0 0
6af 63c 668 0 0
6b7 68b 6d9 0 0
6bd 76f 6d9 0 0
7dd 87b 820 0 0
711 7dd 76f 0 0
8e5 820 87b 0 0
8e5 94a 93a 0 0
93a 97d 933 0 0
82f 886 86b 0 0
86b 886 8d8 0 0
933 8e4 8d8 0 0
619 60f 5f1 0 0
65b 619 625 0 0
6b7 65b 68b 0 0
81d 7c8 86b 0 0
740 660 6af 0 0
81d 740 7c8 0 0
5c4 5ec 5b2 0 0
5f1 5c4 5c5 0 0
5c2 5b2 5ef 0 0
5fa 5f3 62a 0 0
5f3 5c2 5ef 0 0
63c 5fa 62a 0 0
660 63c 6af 0 0
674 6d9 68b 0 0
76f 6bd 711 0 0
6bd 6d9 674 0 0
7dd 8b4 87b 0 0
75f 7dd 711 0 0
8e1 8e5 87b 0 0
930 94a 8e5 0 0
94a 984 93a 0 0
984 97d 93a 0 0
97d 97a 933 0 0
8e4 86b 8d8 0 0
935 8e4 933 0 0
619 5f1 5f0 0 0
5f0 625 619 0 0
674 65b 625 0 0
65b 674 68b 0 0
889 81d 86b 0 0
67f 660 740 0 0
82c 740 81d 0 0
5c4 5b2 57c 0 0
58f 5c5 5c4 0 0
5c5 5f0 5f1 0 0
5c2 593 5b2 0 0
5fa 5cd 5f3 0 0
5cd 5c2 5f3 0 0
602 5fa 63c 0 0
660 602 63c 0 0
6bd 663 711 0 0
670 6bd 674 0 0
808 8b4 7dd 0 0
8b4 8e1 87b 0 0
808 7dd 75f 0 0
695 75f 711 0 0
8e1 930 8e5 0 0
984 94a 930 0 0
984 9a9 97d 0 0
9a9 97a 97d 0 0
935 933 97a 0 0
889 86b 8e4 0 0
900 8e4 935 0 0
625 5f0 5e9 0 0
62d 674 625 0 0
898 81d 889 0 0
67f 608 660 0 0
702 67f 740 0 0
82c 702 740 0 0
82c 81d 898 0 0
5b2 56d 57c 0 0
57c 58f 5c4 0 0
58f 59b 5c5 0 0
5c5 5cb 5f0 0 0
593 5c2 58e 0 0
593 56d 5b2 0 0
5cd 5fa 5b8 0 0
58e 5c2 5cd 0 0
5b8 5fa 602 0 0
608 602 660 0 0
6bd 670 663 0 0
695 711 663 0 0
62d 670 674 0 0
8b4 808 8b9 0 0
8b4 930 8e1 0 0
791 808 75f 0 0
695 6d5 75f 0 0
930 972 984 0 0
9a9 984 9c7 0 0
9a5 97a 9a9 0 0
953 935 97a 0 0
898 889 8e4 0 0
900 898 8e4 0 0
900 935 953 0 0
5cb 5e9 5f0 0 0
5e9 62d 625 0 0
67f 653 608 0 0
67f 702 653 0 0
7d6 702 82c 0 0
8bb 82c 898 0 0
53d 57c 56d 0 0
58f 57c 55b 0 0
59b 58f 562 0 0
59b 5cb 5c5 0 0
566 593 58e 0 0
56d 593 566 0 0
58e 5cd 5b8 0 0
5b8 602 5c7 0 0
608 5c7 602 0 0
670 62d 663 0 0
604 695 663 0 0
839 8b9 808 0 0
8b4 8b9 92d 0 0
930 8b4 92d 0 0
808 791 839 0 0
6d5 791 75f 0 0
695 649 6d5 0 0
930 92d 972 0 0
989 984 972 0 0
989 9c7 984 0 0
9d8 9a9 9c7 0 0
97a 9a5 953 0 0
9a5 9a9 9d8 0 0
8bb 898 900 0 0
906 900 953 0 0
5b0 5e9 5cb 0 0
62d 5e9 5f7 0 0
608 653 5f5 0 0
665 653 702 0 0
788 702 7d6 0 0
89f 7d6 82c 0 0
82c 8bb 906 0 0
53d 544 57c 0 0
530 53d 56d 0 0
544 55b 57c 0 0
562 58f 55b 0 0
562 569 59b 0 0
59b 5b0 5cb 0 0
566 58e 53a 0 0
530 56d 566 0 0
563 58e 5b8 0 0
5b8 5c7 582 0 0
5a4 5c7 608 0 0
663 62d 5f7 0 0
649 695 604 0 0
604 663 5f7 0 0
839 914 8b9 0 0
914 92d 8b9 0 0
839 791 760 0 0
760 791 6d5 0 0
654 6d5 649 0 0
989 972 92d 0 0
9df 9c7 989 0 0
9f5 9d8 9c7 0 0
9a5 96a 953 0 0
9fc 9a5 9d8 0 0
906 8bb 900 0 0
953 96a 906 0 0
5b4 5e9 5b0 0 0
5b4 5f7 5e9 0 0
665 5f5 653 0 0
5f5 5c6 608 0 0
6b0 665 702 0 0
702 788 6b0 0 0
837 788 7d6 0 0
837 7d6 89f 0 0
8ef 89f 82c 0 0
906 8ef 82c 0 0
517 544 53d 0 0
50b 53d 530 0 0
544 52e 55b 0 0
52e 562 55b 0 0
536 569 562 0 0
59b 569 58b 0 0
58b 5b0 59b 0 0
563 53a 58e 0 0
530 566 53a 0 0
563 5b8 582 0 0
5c7 5a4 582 0 0
5c6 5a4 608 0 0
5de 649 604 0 0
5a5 604 5f7 0 0
958 914 839 0 0
914 989 92d 0 0
839 760 7b8 0 0
6ab 760 6d5 0 0
654 6ab 6d5 0 0
649 5de 654 0 0
9df 9f5 9c7 0 0
958 9df 989 0 0
9f5 9fc 9d8 0 0
96a 9a5 988 0 0
9c1 9a5 9fc 0 0
943 906 96a 0 0
595 5b4 5b0 0 0
5a5 5f7 5b4 0 0
636 5f5 665 0 0
5f5 591 5c6 0 0
6b0 636 665 0 0
764 6b0 788 0 0
837 84d 788 0 0
91b 837 89f 0 0
8ef 937 89f 0 0
8ef 906 943 0 0
517 52e 544 0 0
50b 517 53d 0 0
4ee 50b 530 0 0
52e 536 562 0 0
536 548 569 0 0
569 56c 58b 0 0
58b 595 5b0 0 0
563 51e 53a 0 0
502 530 53a 0 0
582 555 563 0 0
582 5a4 537 0 0
5a4 5c6 591 0 0
604 586 5de 0 0
604 5a5 586 0 0
958 989 914 0 0
896 958 839 0 0
7b8 760 757 0 0
7b8 896 839 0 0
6ab 757 760 0 0
621 6ab 654 0 0
5de 621 654 0 0
9df a18 9f5 0 0
958 9e6 9df 0 0
a18 9fc 9f5 0 0
9a5 9c1 988 0 0
943 96a 988 0 0
9d0 9c1 9fc 0 0
595 57d 5b4 0 0
5b4 57d 5a5 0 0
636 5df 5f5 0 0
591 5f5 59f 0 0
636 6b0 641 0 0
6c5 6b0 764 0 0
764 788 84d 0 0
84d 837 91b 0 0
91b 89f 937 0 0
943 937 8ef 0 0
4f0 52e 517 0 0
4e5 517 50b 0 0
4e9 50b 4ee 0 0
4ee 530 502 0 0
4fc 536 52e 0 0
519 548 536 0 0
548 56c 569 0 0
56c 595 58b 0 0
52c 51e 563 0 0
51e 50a 53a 0 0
502 53a 50a 0 0
552 555 582 0 0
555 52c 563 0 0
591 537 5a4 0 0
552 582 537 0 0
5de 586 57b 0 0
5a5 553 586 0 0
958 896 986 0 0
7b8 757 7e0 0 0
7e0 896 7b8 0 0
6ef 757 6ab 0 0
621 664 6ab 0 0
5de 5d5 621 0 0
a16 a18 9df 0 0
986 9e6 958 0 0
a16 9df 9e6 0 0
a18 a37 9fc 0 0
995 988 9c1 0 0
937 943 988 0 0
995 9c1 9d0 0 0
9ee 9d0 9fc 0 0
57d 595 56c 0 0
5a5 57d 553 0 0
641 5df 636 0 0
59f 5f5 5df 0 0
591 59f 54b 0 0
6c5 641 6b0 0 0
768 6c5 764 0 0
7f0 764 84d 0 0
91b 97f 84d 0 0
91b 937 995 0 0
4f0 4fc 52e 0 0
4e5 4f0 517 0 0
4e9 4e5 50b 0 0
4e9 4ee 4b8 0 0
502 4ce 4ee 0 0
4fc 519 536 0 0
519 54c 548 0 0
54c 56c 548 0 0
51e 52c 4fb 0 0
51e 4db 50a 0 0
502 50a 4e0 0 0
552 52a 555 0 0
52a 52c 555 0 0
537 591 54b 0 0
537 52a 552 0 0
586 54e 57b 0 0
5de 57b 58a 0 0
586 553 528 0 0
986 896 93e 0 0
7a2 7e0 757 0 0
7e0 88e 896 0 0
6ef 7a2 757 0 0
664 6ef 6ab 0 0
664 621 60e 0 0
5d5 5de 58a 0 0
621 5d5 5e0 0 0
a16 a3a a18 0 0
986 9f0 9e6 0 0
a16 9e6 a28 0 0
a3a a37 a18 0 0
a37 a20 9fc 0 0
995 937 988 0 0
9b1 995 9d0 0 0
9b1 9d0 9ee 0 0
a20 9ee 9fc 0 0
54c 57d 56c 0 0
57d 54c 553 0 0
5df 641 5ea 0 0
598 59f 5df 0 0
59f 572 54b 0 0
686 641 6c5 0 0
6c5 768 6f2 0 0
768 764 7f0 0 0
8c3 7f0 84d 0 0
97f 91b 9b1 0 0
84d 97f 8c3 0 0
9b1 91b 995 0 0
4b7 4fc 4f0 0 0
4ac 4f0 4e5 0 0
4b8 4e5 4e9 0 0
4b8 4ee 4b5 0 0
4e0 4ce 502 0 0
4ee 4ce 4b5 0 0
4fc 4d3 519 0 0
54c 519 553 0 0
4f6 4fb 52c 0 0
4db 51e 4fb 0 0
4e0 50a 4db 0 0
4f6 52c 52a 0 0
537 54b 51d 0 0
4ec 52a 537 0 0
586 528 54e 0 0
54e 542 57b 0 0
57b 542 58a 0 0
519 528 553 0 0
896 88e 93e 0 0
986 93e 9cc 0 0
7a2 841 7e0 0 0
841 88e 7e0 0 0
76e 7a2 6ef 0 0
6ef 664 693 0 0
621 5e0 60e 0 0
60e 631 664 0 0
5d5 58a 5ad 0 0
5d5 5ad 5e0 0 0
a3a a16 a28 0 0
9cc 9f0 986 0 0
a2d 9e6 9f0 0 0
a28 9e6 a2d 0 0
a66 a37 a3a 0 0
a5b a20 a37 0 0
9b1 9ee 9f4 0 0
9ee a20 9f4 0 0
5ea 641 60d 0 0
5df 5ea 5a8 0 0
598 572 59f 0 0
5a8 598 5df 0 0
564 54b 572 0 0
652 641 686 0 0
6f2 686 6c5 0 0
768 77a 6f2 0 0
817 768 7f0 0 0
817 7f0 8c3 0 0
97f 9b1 9f4 0 0
97f 94b 8c3 0 0
4d3 4fc 4b7 0 0
4ac 4b7 4f0 0 0
4ac 4e5 4b8 0 0
4b8 4b5 484 0 0
4e0 4b1 4ce 0 0
498 4b5 4ce 0 0
519 4d3 4e3 0 0
4f6 4b3 4fb 0 0
4b3 4db 4fb 0 0
4b1 4e0 4db 0 0
4ec 4f6 52a 0 0
51d 54b 512 0 0
537 51d 4ed 0 0
4ec 537 4c7 0 0
528 542 54e 0 0
58a 542 532 0 0
528 519 4e3 0 0
88e 92e 93e 0 0
93e 9a1 9cc 0 0
7a2 811 841 0 0
841 92e 88e 0 0
76e 7fc 7a2 0 0
6de 76e 6ef 0 0
664 656 693 0 0
6de 6ef 693 0 0
5be 60e 5e0 0 0
60e 610 631 0 0
664 631 656 0 0
58a 56e 5ad 0 0
5e0 5ad 5be 0 0
a50 a3a a28 0 0
9cc a30 9f0 0 0
9f0 a30 a2d 0 0
a50 a28 a2d 0 0
a66 a5b a37 0 0
a50 a66 a3a 0 0
a2a a20 a5b 0 0
9f4 a20 a2a 0 0
627 60d 641 0 0
5ea 60d 5e4 0 0
5a8 5ea 5bb 0 0
564 572 598 0 0
5a8 564 598 0 0
564 518 54b 0 0
652 627 641 0 0
69e 652 686 0 0
69e 686 6f2 0 0
768 817 77a 0 0
74a 6f2 77a 0 0
8ee 817 8c3 0 0
9eb 97f 9f4 0 0
990 94b 97f 0 0
94b 8ee 8c3 0 0
487 4d3 4b7 0 0
478 4b7 4ac 0 0
48c 4ac 4b8 0 0
484 4b5 498 0 0
480 4b8 484 0 0
4b1 48f 4ce 0 0
498 4ce 48f 0 0
4aa 4e3 4d3 0 0
4b6 4b3 4f6 0 0
481 4db 4b3 0 0
481 4b1 4db 0 0
4f6 4ec 4b6 0 0
518 512 54b 0 0
4ed 51d 512 0 0
4c7 537 4ed 0 0
4c7 494 4ec 0 0
528 504 542 0 0
542 504 532 0 0
532 56e 58a 0 0
504 528 4e3 0 0
92e 9a1 93e 0 0
9a1 a04 9cc 0 0
7fc 811 7a2 0 0
811 8b1 841 0 0
841 8b1 92e 0 0
7fc 76e 7df 0 0
76e 6de 744 0 0
693 656 684 0 0
684 6de 693 0 0
5be 610 60e 0 0
656 631 610 0 0
5ad 56e 5be 0 0
9cc a04 a30 0 0
a2d a30 a95 0 0
a50 a2d a95 0 0
aaf a5b a66 0 0
a92 a66 a50 0 0
a3e a2a a5b 0 0
a19 9f4 a2a 0 0
627 600 60d 0 0
600 5e4 60d 0 0
5bb 5ea 5e4 0 0
584 5a8 5bb 0 0
564 5a8 584 0 0
518 564 547 0 0
615 627 652 0 0
659 652 69e 0 0
69e 6f2 74a 0 0
77a 817 7d2 0 0
74a 77a 7d2 0 0
817 8ee 8ae 0 0
9eb 9dc 97f 0 0
9eb 9f4 a19 0 0
94f 94b 990 0 0
9dc 990 97f 0 0
94b 94f 8ee 0 0
4aa 4d3 487 0 0
487 4b7 478 0 0
473 478 4ac 0 0
473 4ac 48c 0 0
480 48c 4b8 0 0
484 498 459 0 0
456 480 484 0 0
47e 48f 4b1 0 0
498 48f 459 0 0
4e3 4aa 4c0 0 0
4b6 477 4b3 0 0
4b3 46b 481 0 0
47e 4b1 481 0 0
4b6 4ec 494 0 0
512 518 4f2 0 0
4f2 4ed 512 0 0
4ed 4b4 4c7 0 0
494 4c7 46f 0 0
532 504 4e2 0 0
532 526 56e 0 0
504 4e3 4c0 0 0
92e 9c8 9a1 0 0
9a1 9c8 a04 0 0
7fc 8b1 811 0 0
92e 8b1 93f 0 0
76e 744 7df 0 0
7fc 7df 87f 0 0
6de 6a4 744 0 0
656 65a 684 0 0
684 6a4 6de 0 0
5be 5b9 610 0 0
65a 656 610 0 0
56e 54f 5be 0 0
a04 a4b a30 0 0
a95 a30 a88 0 0
a92 a50 a95 0 0
aa2 a5b aaf 0 0
a92 aaf a66 0 0
a19 a2a a3e 0 0
a70 a3e a5b 0 0
627 615 600 0 0
600 5d3 5e4 0 0
5d3 5bb 5e4 0 0
589 584 5bb 0 0
547 564 584 0 0
510 518 547 0 0
659 615 652 0 0
6cc 659 69e 0 0
6cc 69e 74a 0 0
7d2 817 8ae 0 0
7e8 74a 7d2 0 0
94f 8ae 8ee 0 0
9dc 9eb a1c 0 0
a1c 9eb a19 0 0
99f 94f 990 0 0
9dc 99f 990 0 0
4aa 487 46d 0 0
43d 487 478 0 0
444 478 473 0 0
45c 473 48c 0 0
45c 48c 480 0 0
44d 484 459 0 0
456 45c 480 0 0
44d 456 484 0 0
47e 452 48f 0 0
459 48f 452 0 0
4aa 46d 4c0 0 0
494 477 4b6 0 0
477 46b 4b3 0 0
46b 447 481 0 0
450 47e 481 0 0
518 4e1 4f2 0 0
4f2 4bc 4ed 0 0
4b4 4ed 4a2 0 0
4b4 47c 4c7 0 0
47c 46f 4c7 0 0
42e 494 46f 0 0
4c0 4e2 504 0 0
532 4e2 526 0 0
526 54f 56e 0 0
92e 9b9 9c8 0 0
9c8 a23 a04 0 0
8b1 7fc 87f 0 0
93d 93f 8b1 0 0
93f 9b9 92e 0 0
7df 744 78f 0 0
87f 7df 863 0 0
744 6a4 708 0 0
684 65a 6a4 0 0
5be 54f 5b9 0 0
5b9 63a 610 0 0
610 63a 65a 0 0
a04 a23 a4b 0 0
a30 a4b a88 0 0
a88 afb a95 0 0
abe a92 a95 0 0
aa2 a70 a5b 0 0
ad5 aa2 aaf 0 0
abe aaf a92 0 0
a1c a19 a3e 0 0
a3f a3e a70 0 0
5d3 600 615 0 0
5d3 589 5bb 0 0
547 584 589 0 0
510 4e6 518 0 0
547 51f 510 0 0
615 659 5fd 0 0
659 6cc 69b 0 0
6cc 74a 730 0 0
7e8 7d2 8ae 0 0
773 74a 7e8 0 0
95c 8ae 94f 0 0
a1c a1d 9dc 0 0
95c 94f 99f 0 0
9d6 99f 9dc 0 0
487 43d 46d 0 0
43d 478 444 0 0
444 473 45c 0 0
44d 459 41a 0 0
41b 45c 456 0 0
440 456 44d 0 0
450 452 47e 0 0
459 452 42a 0 0
4c0 46d 4a0 0 0
494 42e 477 0 0
477 431 46b 0 0
431 447 46b 0 0
447 433 481 0 0
481 433 450 0 0
518 4e6 4e1 0 0
4bc 4f2 4e1 0 0
4bc 4a2 4ed 0 0
47c 4b4 4a2 0 0
46f 47c 432 0 0
42e 46f 432 0 0
4c0 4a0 4e2 0 0
4e2 4fa 526 0 0
526 4fa 54f 0 0
9c8 9b9 a23 0 0
87f 93d 8b1 0 0
93d 9b9 93f 0 0
744 708 78f 0 0
7df 78f 7f4 0 0
7df 82d 863 0 0
8e3 87f 863 0 0
6a4 6a1 708 0 0
65a 63a 6a4 0 0
54f 55a 5b9 0 0
5b9 5ac 63a 0 0
a23 a72 a4b 0 0
aa5 a88 a4b 0 0
a88 aa5 afb 0 0
afb b00 a95 0 0
abe a95 b00 0 0
aab a70 aa2 0 0
aa2 ad5 aab 0 0
ad5 aaf b02 0 0
b02 aaf abe 0 0
a3f a1c a3e 0 0
a4a a3f a70 0 0
615 5fd 5d3 0 0
589 5d3 5a3 0 0
547 589 556 0 0
4f8 4e6 510 0 0
556 51f 547 0 0
4f8 510 51f 0 0
5fd 659 646 0 0
6cc 735 69b 0 0
646 659 69b 0 0
773 730 74a 0 0
730 735 6cc 0 0
86d 7e8 8ae 0 0
7a7 773 7e8 0 0
8e6 8ae 95c 0 0
a1d a1c a3f 0 0
9d6 9dc a1d 0 0
9d6 95c 99f 0 0
43d 412 46d 0 0
444 3f8 43d 0 0
41b 444 45c 0 0
459 413 41a 0 0
44d 41a 427 0 0
440 41b 456 0 0
440 44d 427 0 0
452 450 429 0 0
452 421 42a 0 0
459 42a 413 0 0
46d 45b 4a0 0 0
42e 431 477 0 0
447 431 3fa 0 0
3fa 433 447 0 0
433 417 450 0 0
4e6 4c3 4e1 0 0
4bc 4e1 4c3 0 0
4bc 474 4a2 0 0
47c 4a2 465 0 0
47c 436 432 0 0
432 3ee 42e 0 0
4a0 49b 4e2 0 0
4e2 4ba 4fa 0 0
4fa 513 54f 0 0
9b9 a1e a23 0 0
93d 87f 8e3 0 0
93d 9d9 9b9 0 0
78f 708 769 0 0
7f4 78f 7bd 0 0
7df 7f4 82d 0 0
863 82d 884 0 0
8e3 863 884 0 0
6a4 63a 6a1 0 0
708 6a1 6b8 0 0
54f 513 55a 0 0
5b9 55a 5ac 0 0
63a 5ac 62e 0 0
a23 a63 a72 0 0
a4b a72 aa5 0 0
afb aa5 ab7 0 0
b00 afb b4d 0 0
abe b00 b02 0 0
a77 a70 aab 0 0
ac3 aab ad5 0 0
b15 ad5 b02 0 0
a4a a1d a3f 0 0
a77 a4a a70 0 0
5a3 5d3 5fd 0 0
556 589 5a3 0 0
4f8 4d1 4e6 0 0
538 51f 556 0 0
4f9 4f8 51f 0 0
5fd 646 61c 0 0
69b 735 71c 0 0
646 69b 669 0 0
735 730 773 0 0
814 7e8 86d 0 0
8e6 86d 8ae 0 0
773 7a7 735 0 0
814 7a7 7e8 0 0
95c 91e 8e6 0 0
a25 9d6 a1d 0 0
9d6 98c 95c 0 0
43d 3f1 412 0 0
412 424 46d 0 0
3f8 444 41b 0 0
43d 3f8 3f1 0 0
3d4 41a 413 0 0
3f2 427 41a 0 0
41b 440 427 0 0
429 450 417 0 0
429 421 452 0 0
421 3ff 42a 0 0
42a 3fe 413 0 0
46d 424 45b 0 0
4a0 45b 49b 0 0
42e 3fb 431 0 0
3fa 431 3fb 0 0
3fa 401 433 0 0
401 417 433 0 0
4c9 4c3 4e6 0 0
493 4bc 4c3 0 0
474 4bc 493 0 0
474 465 4a2 0 0
436 47c 465 0 0
40c 432 436 0 0
40c 3ee 432 0 0
3d6 42e 3ee 0 0
49b 4ba 4e2 0 0
4ba 4d2 4fa 0 0
4fa 4d2 513 0 0
a1e 9b9 9d9 0 0
a1e a63 a23 0 0
93d 8e3 969 0 0
9d9 93d 969 0 0
708 6b8 769 0 0
78f 769 7bd 0 0
82e 7f4 7bd 0 0
82d 7f4 831 0 0
884 82d 831 0 0
8f9 8e3 884 0 0
63a 6b8 6a1 0 0
55a 513 53f 0 0
55a 53f 5ac 0 0
5ac 5c9 62e 0 0
63a 62e 6b8 0 0
a63 ab7 a72 0 0
a72 ab7 aa5 0 0
afb ab7 b11 0 0
afb b78 b4d 0 0
b00 b4d b43 0 0
b02 b00 b43 0 0
a9b a77 aab 0 0
a9b aab ac3 0 0
ac3 ad5 b06 0 0
b06 ad5 b15 0 0
b4e b15 b02 0 0
a25 a1d a4a 0 0
a5d a4a a77 0 0
5b3 5a3 5fd 0 0
573 556 5a3 0 0
4f8 4f9 4d1 0 0
4d1 4c9 4e6 0 0
4f9 51f 538 0 0
538 556 573 0 0
61c 646 669 0 0
5e8 5fd 61c 0 0
735 784 71c 0 0
69b 71c 6a8 0 0
669 69b 6a8 0 0
8a3 814 86d 0 0
8a3 86d 8e6 0 0
7a7 784 735 0 0
7a7 814 7c7 0 0
98c 91e 95c 0 0
91e 8a3 8e6 0 0
a05 9d6 a25 0 0
a05 98c 9d6 0 0
3bf 412 3f1 0 0
412 3ed 424 0 0
41b 3c8 3f8 0 0
3f1 3f8 3ce 0 0
3d4 3f2 41a 0 0
3e8 3d4 413 0 0
3f2 41b 427 0 0
3fd 429 417 0 0
429 3f5 421 0 0
421 3f5 3ff 0 0
42a 3ff 3fe 0 0
3e8 413 3fe 0 0
45b 424 41d 0 0
45b 462 49b 0 0
42e 3d6 3fb 0 0
3bc 3fa 3fb 0 0
401 3fa 3b4 0 0
401 3e1 417 0 0
4c9 4a3 4c3 0 0
4a3 493 4c3 0 0
466 474 493 0 0
474 43f 465 0 0
43f 436 465 0 0
436 3f6 40c 0 0
40c 3d8 3ee 0 0
3c0 3d6 3ee 0 0
49b 47f 4ba 0 0
4ba 48a 4d2 0 0
513 4d2 500 0 0
a1e 9d9 a45 0 0
a45 a63 a1e 0 0
8e3 8f9 969 0 0
969 9e9 9d9 0 0
769 6b8 748 0 0
7bd 769 7f6 0 0
831 7f4 82e 0 0
7bd 7f6 82e 0 0
884 831 82e 0 0
8f9 884 8e2 0 0
513 500 53f 0 0
5ac 53f 574 0 0
5ac 574 5c9 0 0
5c9 648 62e 0 0
69a 6b8 62e 0 0
a63 a8f ab7 0 0
ab7 af8 b11 0 0
afb b11 b52 0 0
afb b52 b78 0 0
b4d b78 b8d 0 0
b4d b8d b43 0 0
b02 b43 b4e 0 0
a9b a5d a77 0 0
a9a a9b ac3 0 0
ac3 b06 afe 0 0
b15 b35 b06 0 0
b35 b15 b4e 0 0
a5d a25 a4a 0 0
5b3 573 5a3 0 0
5e8 5b3 5fd 0 0
4f9 4bf 4d1 0 0
4d1 4a3 4c9 0 0
51b 4f9 538 0 0
575 538 573 0 0
655 61c 669 0 0
5d8 5e8 61c 0 0
784 7b3 71c 0 0
6e6 6a8 71c 0 0
669 6a8 68c 0 0
8a3 81c 814 0 0
7a7 7c7 784 0 0
7c7 814 81c 0 0
98c 917 91e 0 0
917 8a3 91e 0 0
a39 a05 a25 0 0
9a4 98c a05 0 0
412 3bf 3ed 0 0
3bf 3f1 3ce 0 0
3ed 3ef 424 0 0
3c8 41b 3f2 0 0
3c8 3ae 3f8 0 0
3f8 3ae 3ce 0 0
3af 3f2 3d4 0 0
3d4 3e8 3d0 0 0
3fd 3f5 429 0 0
3fd 417 3e1 0 0
3f5 3b9 3ff 0 0
3fe 3ff 3cd 0 0
3e8 3fe 3d0 0 0
424 3ef 41d 0 0
41d 42c 45b 0 0
45b 42c 462 0 0
49b 462 47f 0 0
3d6 3bc 3fb 0 0
3a8 3fa 3bc 0 0
3b4 3fa 3a8 0 0
3b4 3e1 401 0 0
469 493 4a3 0 0
466 428 474 0 0
469 466 493 0 0
428 43f 474 0 0
436 43f 3f6 0 0
3f6 3d8 40c 0 0
3d8 3c0 3ee 0 0
3c0 38d 3d6 0 0
47f 48a 4ba 0 0
49c 4d2 48a 0 0
500 4d2 4d4 0 0
9e9 a45 9d9 0 0
a45 a8f a63 0 0
969 8f9 8e2 0 0
994 9e9 969 0 0
6b8 69a 748 0 0
769 748 7f6 0 0
8e2 82e 7f6 0 0
8e2 884 82e 0 0
549 53f 500 0 0
574 53f 549 0 0
574 585 5c9 0 0
5c9 5c3 648 0 0
69a 62e 648 0 0
a8f aae ab7 0 0
aae af8 ab7 0 0
b4f b11 af8 0 0
b4f b52 b11 0 0
b52 b9e b78 0 0
bd5 b8d b78 0 0
b8d b4e b43 0 0
a9a a5d a9b 0 0
a9a ac3 ab5 0 0
afe b06 b1e 0 0
ab5 ac3 afe 0 0
b1e b06 b35 0 0
b4e b4c b35 0 0
a39 a25 a5d 0 0
575 573 5b3 0 0
5d8 5b3 5e8 0 0
4de 4bf 4f9 0 0
4bf 491 4d1 0 0
491 4a3 4d1 0 0
4de 4f9 51b 0 0
51b 538 575 0 0
616 61c 655 0 0
669 68c 655 0 0
5d8 61c 616 0 0
7c7 7b3 784 0 0
765 71c 7b3 0 0
6e6 68c 6a8 0 0
765 6e6 71c 0 0
8a3 862 81c 0 0
7b3 7c7 81c 0 0
98c 9a4 917 0 0
8a3 917 862 0 0
a05 a39 a69 0 0
a1b 9a4 a05 0 0
3bf 3cc 3ed 0 0
3ce 38c 3bf 0 0
3ed 3cc 3ef 0 0
3af 3c8 3f2 0 0
3ae 3c8 385 0 0
38c 3ce 3ae 0 0
3af 3d4 37a 0 0
3a3 3d4 3d0 0 0
3fd 3dc 3f5 0 0
3fd 3e1 3bb 0 0
3f5 3ba 3b9 0 0
3ff 3b9 3cd 0 0
3fe 3cd 3d0 0 0
3ef 3f7 41d 0 0
41d 3f7 42c 0 0
42c 443 462 0 0
47f 462 443 0 0
3d6 380 3bc 0 0
36f 3a8 3bc 0 0
36a 3b4 3a8 0 0
3b4 39d 3e1 0 0
491 469 4a3 0 0
466 469 428 0 0
428 3f6 43f 0 0
3b1 3d8 3f6 0 0
3a1 3c0 3d8 0 0
3a1 38d 3c0 0 0
38d 380 3d6 0 0
443 48a 47f 0 0
49c 4b9 4d2 0 0
49c 48a 46e 0 0
4b9 4d4 4d2 0 0
500 4d4 4de 0 0
9e9 a3d a45 0 0
a8f a45 aae 0 0
8e2 994 969 0 0
9f2 9e9 994 0 0
748 69a 6f0 0 0
7f6 748 7b1 0 0
8e2 7f6 8b0 0 0
549 500 51b 0 0
585 574 549 0 0
5c9 585 5c3 0 0
5c3 5ed 648 0 0
648 6f0 69a 0 0
abd af8 aae 0 0
af8 b48 b4f 0 0
b52 b4f b9e 0 0
b9e bd5 b78 0 0
bd5 be9 b8d 0 0
b88 b4e b8d 0 0
a9a a69 a5d 0 0
a69 a9a ab5 0 0
afe b1e b4c 0 0
ac4 ab5 afe 0 0
b1e b35 b4c 0 0
b88 b4c b4e 0 0
a69 a39 a5d 0 0
5d8 575 5b3 0 0
4b9 4bf 4de 0 0
4bf 49a 491 0 0
51b 500 4de 0 0
575 549 51b 0 0
637 616 655 0 0
655 68c 68d 0 0
5fc 5d8 616 0 0
7fe 765 7b3 0 0
68c 6e6 6c2 0 0
765 743 6e6 0 0
862 7b3 81c 0 0
9a4 8fb 917 0 0
862 917 8fb 0 0
a1b a05 a69 0 0
9a4 a1b a0a 0 0
3bf 38b 3cc 0 0
3bf 38c 337 0 0
3cc 3ab 3ef 0 0
372 3c8 3af 0 0
372 385 3c8 0 0
36e 3ae 385 0 0
38c 3ae 36e 0 0
37a 3d4 37e 0 0
3af 37a 372 0 0
3a3 37e 3d4 0 0
3a3 3d0 39e 0 0
3bb 3dc 3fd 0 0
3dc 3ba 3f5 0 0
3bb 3e1 39d 0 0
3ba 39c 3b9 0 0
3cd 3b9 39a 0 0
3d0 3cd 39e 0 0
3ef 3ab 3f7 0 0
3f7 3e0 42c 0 0
42c 3e0 443 0 0
380 36f 3bc 0 0
36a 3a8 36f 0 0
361 3b4 36a 0 0
39d 3b4 361 0 0
457 469 491 0 0
469 438 428 0 0
428 3b2 3f6 0 0
3b1 3a1 3d8 0 0
3f6 3b2 3b1 0 0
35c 38d 3a1 0 0
38d 344 380 0 0
443 46e 48a 0 0
49a 4b9 49c 0 0
46e 49a 49c 0 0
4de 4d4 4b9 0 0
9f2 a3d 9e9 0 0
a3d a84 a45 0 0
aae a45 a84 0 0
8e2 96e 994 0 0
9f2 994 9ca 0 0
748 6f0 7b1 0 0
7f6 7b1 8b0 0 0
8e2 8b0 96e 0 0
578 585 549 0 0
5c3 585 592 0 0
5c3 5b1 5ed 0 0
62b 648 5ed 0 0
6f0 648 72c 0 0
abd aef af8 0 0
aae a84 abd 0 0
aef b48 af8 0 0
b4f b48 b8b 0 0
b4f b8b b9e 0 0
b9e c10 bd5 0 0
c11 be9 bd5 0 0
be9 bc5 b8d 0 0
bc5 b88 b8d 0 0
a69 ab5 ac4 0 0
b28 afe b4c 0 0
aed ac4 afe 0 0
b84 b4c b88 0 0
5d8 5b1 575 0 0
4b9 49a 4bf 0 0
49a 46e 491 0 0
578 549 575 0 0
5fc 616 637 0 0
637 655 682 0 0
6c2 68d 68c 0 0
682 655 68d 0 0
5fc 5b1 5d8 0 0
765 7fe 743 0 0
7fe 7b3 862 0 0
743 6c2 6e6 0 0
9a4 985 8fb 0 0
7fe 862 8fb 0 0
a4e a1b a69 0 0
a1b a4e a0a 0 0
9a4 a0a 985 0 0
337 38b 3bf 0 0
38b 3ab 3cc 0 0
38c 365 337 0 0
33c 385 372 0 0
385 33c 36e 0 0
365 38c 36e 0 0
334 37a 37e 0 0
318 372 37a 0 0
3a3 355 37e 0 0
3a3 39e 355 0 0
3bb 3bd 3dc 0 0
3bd 3ba 3dc 0 0
358 3bb 39d 0 0
392 39c 3ba 0 0
39c 389 3b9 0 0
39a 3b9 382 0 0
39e 3cd 39a 0 0
3ab 3e0 3f7 0 0
443 3e0 3e7 0 0
380 30e 36f 0 0
311 36a 36f 0 0
323 361 36a 0 0
366 39d 361 0 0
457 438 469 0 0
491 46e 457 0 0
438 3f9 428 0 0
428 3f9 3b2 0 0
37c 3a1 3b1 0 0
3b2 37c 3b1 0 0
35c 344 38d 0 0
37c 35c 3a1 0 0
344 30e 380 0 0
46e 443 42d 0 0
a3d 9f2 a34 0 0
a84 a3d a9e 0 0
994 96e 9ca 0 0
9f2 9ca a34 0 0
6f0 72c 7b1 0 0
7b1 868 8b0 0 0
8b0 94d 96e 0 0
585 578 592 0 0
592 5b1 5c3 0 0
5fc 5ed 5b1 0 0
66e 648 62b 0 0
5ed 5fc 62b 0 0
648 6df 72c 0 0
a9e aef abd 0 0
a9e abd a84 0 0
b48 aef b33 0 0
b48 b94 b8b 0 0
b8b bdd b9e 0 0
b9e bdd c10 0 0
c10 c11 bd5 0 0
c11 c13 be9 0 0
be9 be8 bc5 0 0
bbf b88 bc5 0 0
ac4 ab1 a69 0 0
b28 aed afe 0 0
b5e b28 b4c 0 0
ab1 ac4 aed 0 0
b5e b4c b84 0 0
b88 bbf b84 0 0
5b1 578 575 0 0
62b 5fc 637 0 0
66a 637 682 0 0
68d 6c2 6d0 0 0
6d0 682 68d 0 0
7a4 743 7fe 0 0
743 6d0 6c2 0 0
8fb 985 8c9 0 0
7fe 8fb 8c9 0 0
a69 ab1 a4e 0 0
a5e a0a a4e 0 0
985 a0a a07 0 0
337 351 38b 0 0
38b 351 3ab 0 0
365 341 337 0 0
32b 33c 372 0 0
33c 331 36e 0 0
365 36e 341 0 0
318 37a 334 0 0
355 334 37e 0 0
32b 372 318 0 0
355 39e 370 0 0
3bd 3bb 38e 0 0
38e 3ba 3bd 0 0
38e 3bb 358 0 0
358 39d 366 0 0
392 37d 39c 0 0
392 3ba 38e 0 0
39c 36b 389 0 0
3b9 389 382 0 0
39a 382 35b 0 0
39e 39a 370 0 0
3ab 38f 3e0 0 0
3a5 3e7 3e0 0 0
3e7 42d 443 0 0
30e 311 36f 0 0
323 36a 311 0 0
329 361 323 0 0
366 361 325 0 0
42d 438 457 0 0
46e 42d 457 0 0
438 42d 3f9 0 0
3f9 3b7 3b2 0 0
347 37c 3b2 0 0
30b 344 35c 0 0
33b 35c 37c 0 0
2ea 30e 344 0 0
a3d a34 a9e 0 0
9ca 96e 9c2 0 0
a34 9ca 9ea 0 0
7de 7b1 72c 0 0
7b1 7de 868 0 0
8b0 868 94d 0 0
96e 94d 9b3 0 0
5b1 592 578 0 0
6df 648 66e 0 0
66a 66e 62b 0 0
72c 6df 780 0 0
aef a9e ada 0 0
aef ada b33 0 0
b33 b6c b48 0 0
b6c b94 b48 0 0
b8b b94 be0 0 0
b8b be0 bdd 0 0
bdd c24 c10 0 0
c27 c11 c10 0 0
c13 c11 c27 0 0
c13 be8 be9 0 0
be8 bbf bc5 0 0
af5 aed b28 0 0
b32 b28 b5e 0 0
af5 ab1 aed 0 0
b5e b84 b81 0 0
bb2 b84 bbf 0 0
62b 637 66a 0 0
66a 682 6ae 0 0
682 6d0 6ed 0 0
743 7a4 73a 0 0
842 7a4 7fe 0 0
73a 6d0 743 0 0
8f3 8c9 985 0 0
7fe 8c9 842 0 0
a5e a4e ab1 0 0
a5e a07 a0a 0 0
9dd 985 a07 0 0
337 307 351 0 0
351 369 3ab 0 0
303 337 341 0 0
2e2 33c 32b 0 0
33c 300 331 0 0
341 36e 331 0 0
2ed 318 334 0 0
2f5 334 355 0 0
2e2 32b 318 0 0
32f 355 370 0 0
342 38e 358 0 0
358 366 325 0 0
377 37d 392 0 0
37d 36b 39c 0 0
377 392 38e 0 0
36b 36c 389 0 0
389 36c 382 0 0
35b 382 348 0 0
370 39a 35b 0 0
3ab 369 38f 0 0
38f 3a5 3e0 0 0
3e7 3a5 3b7 0 0
42d 3e7 3f9 0 0
311 30e 2b0 0 0
2e0 323 311 0 0
325 361 329 0 0
2ec 329 323 0 0
3f9 3e7 3b7 0 0
3b2 3b7 381 0 0
347 33b 37c 0 0
3b2 381 347 0 0
30b 2ea 344 0 0
33b 30b 35c 0 0
2ea 297 30e 0 0
a9e a34 ada 0 0
9c2 96e 9b3 0 0
9ca 9c2 9ea 0 0
a34 9ea a0b 0 0
72c 780 7de 0 0
868 7de 893 0 0
868 893 94d 0 0
9b3 94d 9e3 0 0
66e 6a3 6df 0 0
66a 6a3 66e 0 0
780 6df 779 0 0
ada b60 b33 0 0
b60 b6c b33 0 0
b6c b9f b94 0 0
b94 bf2 be0 0 0
be0 c24 bdd 0 0
c24 c40 c10 0 0
c27 c10 c40 0 0
c25 c13 c27 0 0
bfd be8 c13 0 0
bd4 bbf be8 0 0
b28 b32 af5 0 0
b55 b32 b5e 0 0
ab1 af5 abb 0 0
bb2 b81 b84 0 0
b55 b5e b81 0 0
bbf bd4 bb2 0 0
6ae 682 6ed 0 0
6ae 6a3 66a 0 0
73a 6ed 6d0 0 0
73a 7a4 781 0 0
7f9 7a4 842 0 0
8f3 842 8c9 0 0
97c 8f3 985 0 0
abb a5e ab1 0 0
a5e a38 a07 0 0
9dd 97c 985 0 0
a38 9dd a07 0 0
337 2bb 307 0 0
351 307 33d 0 0
351 33d 369 0 0
303 2b5 337 0 0
303 341 331 0 0
300 33c 2e2 0 0
300 303 331 0 0
2c1 318 2ed 0 0
2ed 334 2f5 0 0
2f5 355 32f 0 0
2e2 318 2c1 0 0
370 35b 32f 0 0
342 377 38e 0 0
342 358 31a 0 0
358 325 2f2 0 0
377 34d 37d 0 0
34d 36b 37d 0 0
36b 339 36c 0 0
382 36c 348 0 0
35b 348 319 0 0
38f 369 349 0 0
3a5 38f 349 0 0
3b7 3a5 381 0 0
297 2b0 30e 0 0
2b0 2e0 311 0 0
2ec 323 2e0 0 0
2ec 325 329 0 0
33b 347 309 0 0
381 349 347 0 0
30b 2b7 2ea 0 0
33b 309 30b 0 0
2b7 297 2ea 0 0
a76 ada a34 0 0
9c2 9b3 a0b 0 0
9ea 9c2 a0b 0 0
a76 a34 a0b 0 0
7c9 7de 780 0 0
893 7de 83d 0 0
94d 893 8fa 0 0
9e3 94d 9c3 0 0
a0b 9b3 9e3 0 0
721 6df 6a3 0 0
779 6df 721 0 0
780 779 7c6 0 0
b60 ada b47 0 0
b60 b9f b6c 0 0
b94 b9f bf2 0 0
be0 bf2 c20 0 0
c20 c24 be0 0 0
c4a c40 c24 0 0
c46 c27 c40 0 0
c25 bfd c13 0 0
c27 c46 c25 0 0
bfd bd4 be8 0 0
af5 b32 aee 0 0
b2a b32 b55 0 0
af5 aee abb 0 0
bc2 b81 bb2 0 0
b5b b55 b81 0 0
bc2 bb2 bd4 0 0
6ae 6ed 721 0 0
6a3 6ae 721 0 0
74b 6ed 73a 0 0
7f9 781 7a4 0 0
73a 781 74b 0 0
875 7f9 842 0 0
875 842 8f3 0 0
8ff 8f3 97c 0 0
a5e abb aa6 0 0
aa6 a38 a5e 0 0
9ff 97c 9dd 0 0
a38 9ff 9dd 0 0
2b5 2bb 337 0 0
307 2bb 2b9 0 0
307 349 33d 0 0
349 369 33d 0 0
2c3 2b5 303 0 0
2c3 300 2e2 0 0
300 2c3 303 0 0
2c1 2ed 2b4 0 0
2b4 2ed 2f5 0 0
2dc 2f5 32f 0 0
282 2e2 2c1 0 0
32f 35b 319 0 0
342 34d 377 0 0
31a 358 2f2 0 0
342 31a 301 0 0
2cd 2f2 325 0 0
34d 335 36b 0 0
339 36b 335 0 0
348 36c 339 0 0
348 2e8 319 0 0
3a5 349 381 0 0
297 216 2b0 0 0
2b0 2ad 2e0 0 0
2ec 2e0 2ad 0 0
2cd 325 2ec 0 0
347 2f7 309 0 0
2f7 347 349 0 0
30b 2cc 2b7 0 0
2cc 30b 309 0 0
255 297 2b7 0 0
ada a76 ad6 0 0
a76 a0b a42 0 0
7de 7c9 83d 0 0
780 7c6 7c9 0 0
8fa 893 83d 0 0
94d 8fa 978 0 0
94d 978 9c3 0 0
9e3 9c3 a0e 0 0
a0b 9e3 a42 0 0
7ac 779 721 0 0
7d5 7c6 779 0 0
ada ad6 b47 0 0
b60 b47 b90 0 0
b60 bb1 b9f 0 0
b9f bf7 bf2 0 0
bf2 c3d c20 0 0
c20 c48 c24 0 0
c5e c40 c4a 0 0
c48 c4a c24 0 0
c60 c46 c40 0 0
bf6 bfd c25 0 0
c33 c25 c46 0 0
bc2 bd4 bfd 0 0
b2a aee b32 0 0
b5b b2a b55 0 0
abb aee aa6 0 0
b7a b81 bc2 0 0
b7a b5b b81 0 0
721 6ed 73d 0 0
6ed 74b 73d 0 0
7f9 7a0 781 0 0
781 7a0 74b 0 0
87d 7f9 875 0 0
8ff 875 8f3 0 0
951 8ff 97c 0 0
a83 a38 aa6 0 0
9ff 999 97c 0 0
a83 9ff a38 0 0
2b5 250 2bb 0 0
2b9 2bb 281 0 0
2b9 2f7 307 0 0
349 307 2f7 0 0
28c 2b5 2c3 0 0
2e2 29d 2c3 0 0
26a 2c1 2b4 0 0
2b4 2f5 29f 0 0
29f 2f5 2dc 0 0
2dc 32f 319 0 0
29d 2e2 282 0 0
282 2c1 26a 0 0
342 305 34d 0 0
2f6 31a 2f2 0 0
301 31a 2f6 0 0
301 305 342 0 0
299 2f2 2cd 0 0
305 335 34d 0 0
335 30c 339 0 0
348 339 2e8 0 0
2e5 319 2e8 0 0
297 21c 216 0 0
216 252 2b0 0 0
2b0 252 2ad 0 0
2ad 2cd 2ec 0 0
309 2f7 2cc 0 0
2cc 28a 2b7 0 0
297 255 21c 0 0
2b7 28a 255 0 0
ad6 a76 ab4 0 0
a76 a42 a97 0 0
7c9 7c6 83d 0 0
83d 8b7 8fa 0 0
978 8fa 92c 0 0
978 9bd 9c3 0 0
9c3 9bd a0e 0 0
a42 9e3 a0e 0 0
7d5 779 7ac 0 0
7ac 721 7a0 0 0
846 7c6 7d5 0 0
b47 ad6 af3 0 0
b47 bdf b90 0 0
bb1 b60 b90 0 0
bb1 bf7 b9f 0 0
bf7 c3d bf2 0 0
c20 c3d c48 0 0
c60 c40 c5e 0 0
c63 c5e c4a 0 0
c63 c4a c48 0 0
c60 c71 c46 0 0
bf6 bc2 bfd 0 0
bf6 c25 c1c 0 0
c1c c25 c33 0 0
c49 c33 c46 0 0
adf aee b2a 0 0
b18 b2a b5b 0 0
adf aa6 aee 0 0
b97 b7a bc2 0 0
b18 b5b b7a 0 0
721 73d 7a0 0 0
7a0 73d 74b 0 0
7f9 801 7a0 0 0
87d 827 7f9 0 0
87d 875 8ff 0 0
91a 8ff 951 0 0
999 951 97c 0 0
adf a83 aa6 0 0
9ae 999 9ff 0 0
a83 a55 9ff 0 0
23b 250 2b5 0 0
250 281 2bb 0 0
281 28a 2b9 0 0
2f7 2b9 2cc 0 0
23b 2b5 28c 0 0
2c3 29d 28c 0 0
26a 2b4 240 0 0
240 2b4 29f 0 0
283 29f 2dc 0 0
2e5 2dc 319 0 0
29d 282 259 0 0
215 282 26a 0 0
2f6 2f2 2d5 0 0
301 2f6 2d5 0 0
2d9 305 301 0 0
2d5 2f2 299 0 0
28e 299 2cd 0 0
305 30f 335 0 0
30f 30c 335 0 0
2fe 339 30c 0 0
339 2fe 2e8 0 0
2e8 294 2e5 0 0
21c 1ea 216 0 0
216 208 252 0 0
2ad 252 254 0 0
2ad 28e 2cd 0 0
28a 2cc 2b9 0 0
255 205 21c 0 0
245 255 28a 0 0
a76 a97 ab4 0 0
ad6 ab4 af3 0 0
a97 a42 aa8 0 0
83d 7c6 846 0 0
83d 846 8b7 0 0
8fa 8b7 92c 0 0
978 92c 9bd 0 0
a0e 9bd a4f 0 0
a0e a4f a42 0 0
832 7d5 7ac 0 0
7ac 7a0 809 0 0
832 846 7d5 0 0
b47 af3 b38 0 0
bdf b47 b7f 0 0
b90 bdf bda 0 0
b90 bda bb1 0 0
bda bf7 bb1 0 0
bf7 c19 c3d 0 0
c48 c3d c84 0 0
c7b c60 c5e 0 0
c74 c5e c63 0 0
c48 c84 c63 0 0
c71 c60 c7b 0 0
c49 c46 c71 0 0
b97 bc2 bf6 0 0
be1 bf6 c1c 0 0
c49 c1c c33 0 0
b18 adf b2a 0 0
b18 b7a b97 0 0
801 7f9 827 0 0
7a0 801 823 0 0
87d 85b 827 0 0
91a 87d 8ff 0 0
971 91a 951 0 0
971 951 999 0 0
b18 a83 adf 0 0
9ae 971 999 0 0
9e7 9ae 9ff 0 0
a55 a83 b18 0 0
9ff a55 9e7 0 0
23b 202 250 0 0
250 245 281 0 0
245 28a 281 0 0
23b 28c 259 0 0
29d 259 28c 0 0
240 1f2 26a 0 0
240 29f 223 0 0
283 223 29f 0 0
283 2dc 294 0 0
2dc 2e5 294 0 0
282 224 259 0 0
224 282 215 0 0
1f2 215 26a 0 0
2d9 301 2d5 0 0
305 2d9 2c0 0 0
2ac 2d5 299 0 0
257 299 28e 0 0
305 2eb 30f 0 0
30f 2ef 30c 0 0
30c 2d8 2fe 0 0
2e8 2fe 2c2 0 0
2e8 287 294 0 0
1e9 1ea 21c 0 0
1be 216 1ea 0 0
208 216 1b2 0 0
252 208 254 0 0
2ad 254 28e 0 0
255 245 205 0 0
21c 205 1e9 0 0
ab4 a97 ac1 0 0
af3 ab4 ac1 0 0
a42 a4f aa8 0 0
ac1 a97 aa8 0 0
8b7 846 8cd 0 0
92c 8b7 8cd 0 0
92c 928 9bd 0 0
9bd a0c a4f 0 0
809 832 7ac 0 0
809 7a0 823 0 0
846 832 8bc 0 0
b05 b38 af3 0 0
b47 b38 b7f 0 0
bdf b7f bce 0 0
bdf c19 bda 0 0
bda c19 bf7 0 0
c19 c38 c3d 0 0
c3d c94 c84 0 0
c74 c7b c5e 0 0
c84 c74 c63 0 0
c9f c71 c7b 0 0
c6c c49 c71 0 0
b97 bf6 be1 0 0
bf8 be1 c1c 0 0
c22 c1c c49 0 0
b18 b97 b4b 0 0
85b 801 827 0 0
823 801 84e 0 0
8df 85b 87d 0 0
87d 91a 8df 0 0
971 975 91a 0 0
975 971 9ae 0 0
975 9ae 9e7 0 0
ac6 a55 b18 0 0
a15 9e7 a55 0 0
1e5 202 23b 0 0
202 20a 250 0 0
20a 245 250 0 0
259 227 23b 0 0
1f2 240 1e4 0 0
223 1d1 240 0 0
283 206 223 0 0
294 206 283 0 0
224 227 259 0 0
224 215 1ed 0 0
1f2 1c5 215 0 0
2ac 2d9 2d5 0 0
2c0 2d9 2ac 0 0
2c0 2ba 305 0 0
239 2ac 299 0 0
22f 299 257 0 0
25f 257 28e 0 0
305 2ba 2eb 0 0
2eb 2ef 30f 0 0
2ef 2c7 30c 0 0
2c7 2d8 30c 0 0
2fe 2d8 2c2 0 0
2e8 2c2 2a5 0 0
2e8 2a5 287 0 0
287 23e 294 0 0
1ea 1e9 1c3 0 0
216 1be 1b2 0 0
1c3 1be 1ea 0 0
1b2 1bf 208 0 0
208 234 254 0 0
254 25f 28e 0 0
20a 205 245 0 0
1e9 205 1cc 0 0
ac1 b05 af3 0 0
aa8 a4f add 0 0
ac1 aa8 b05 0 0
8cd 846 8bc 0 0
8cd 928 92c 0 0
928 950 9bd 0 0
9bd 950 a0c 0 0
a4f a0c ab2 0 0
890 832 809 0 0
809 823 854 0 0
8bc 832 8bf 0 0
b05 b59 b38 0 0
b38 b59 b7f 0 0
b7f b8e bce 0 0
c1a bdf bce 0 0
c36 c19 bdf 0 0
c36 c38 c19 0 0
c38 c5a c3d 0 0
c3d c5a c94 0 0
c84 c94 cc4 0 0
c74 c91 c7b 0 0
c84 c91 c74 0 0
c97 c71 c9f 0 0
c9f c7b c91 0 0
c6c c57 c49 0 0
c6c c71 c97 0 0
bb0 b97 be1 0 0
bb0 be1 bf8 0 0
c22 bf8 c1c 0 0
c39 c22 c49 0 0
b4b b97 bb0 0 0
b4b ac6 b18 0 0
801 85b 84e 0 0
84e 882 823 0 0
8df 8b3 85b 0 0
975 8df 91a 0 0
9cb 975 9e7 0 0
ac6 a48 a55 0 0
a15 9cb 9e7 0 0
a48 a15 a55 0 0
202 1e5 1ba 0 0
1fa 1e5 23b 0 0
1cb 20a 202 0 0
227 1fa 23b 0 0
1d1 1e4 240 0 0
1f2 1e4 19d 0 0
1d1 223 1a4 0 0
206 1a4 223 0 0
20d 206 294 0 0
227 224 1fa 0 0
215 1c5 1ed 0 0
224 1ed 1fa 0 0
1f2 186 1c5 0 0
28b 2c0 2ac 0 0
2c0 28b 2ba 0 0
239 28b 2ac 0 0
239 299 22f 0 0
22f 257 21a 0 0
234 257 25f 0 0
2ba 2ca 2eb 0 0
2eb 2ca 2ef 0 0
2c7 2ef 2ca 0 0
2c7 2b6 2d8 0 0
2d8 2a0 2c2 0 0
2a5 2c2 277 0 0
287 2a5 235 0 0
213 23e 287 0 0
20d 294 23e 0 0
1e9 1cc 1c3 0 0
1be 191 1b2 0 0
1a0 1be 1c3 0 0
1b2 194 1bf 0 0
208 1bf 1f9 0 0
208 1f9 234 0 0
254 234 25f 0 0
1cb 205 20a 0 0
205 1cb 1cc 0 0
add a4f ab2 0 0
b05 aa8 add 0 0
8cd 8bc 928 0 0
8bc 950 928 0 0
950 996 a0c 0 0
a0c a6d ab2 0 0
8bf 832 890 0 0
854 890 809 0 0
854 823 85a 0 0
8bf 950 8bc 0 0
b59 b05 b44 0 0
b7f b59 b8e 0 0
bb9 bce b8e 0 0
c2c bdf c1a 0 0
c1a bce c01 0 0
c2c c36 bdf 0 0
c36 c5a c38 0 0
c5a c7d c94 0 0
c94 cd1 cc4 0 0
c84 cc4 cba 0 0
c84 cba c91 0 0
c97 c9f cc7 0 0
cba c9f c91 0 0
c72 c57 c6c 0 0
c39 c49 c57 0 0
c72 c6c c97 0 0
bd2 bb0 bf8 0 0
bfb bf8 c22 0 0
c26 c22 c39 0 0
b73 b4b bb0 0 0
ac6 b4b b09 0 0
8b3 84e 85b 0 0
882 84e 8b3 0 0
823 882 85a 0 0
919 8b3 8df 0 0
919 8df 975 0 0
981 975 9cb 0 0
aaa a48 ac6 0 0
9e8 9cb a15 0 0
a48 9e8 a15 0 0
1ba 1e5 1b0 0 0
1cb 202 1ba 0 0
1b0 1e5 1fa 0 0
1d1 19d 1e4 0 0
186 1f2 19d 0 0
1a4 18c 1d1 0 0
1a4 206 193 0 0
19f 206 20d 0 0
1c5 1b3 1ed 0 0
1ed 1b3 1fa 0 0
186 192 1c5 0 0
28b 274 2ba 0 0
23c 28b 239 0 0
1cd 239 22f 0 0
234 21a 257 0 0
1f0 22f 21a 0 0
2ca 2ba 267 0 0
267 2c7 2ca 0 0
28d 2b6 2c7 0 0
2a0 2d8 2b6 0 0
2a0 277 2c2 0 0
2a5 277 235 0 0
287 235 213 0 0
1ce 23e 213 0 0
1ce 20d 23e 0 0
1a7 1c3 1cc 0 0
1a0 191 1be 0 0
1b2 191 180 0 0
1a7 1a0 1c3 0 0
180 194 1b2 0 0
194 1a3 1bf 0 0
1bf 1c4 1f9 0 0
234 1f9 21a 0 0
1cc 1cb 1a7 0 0
add ab2 b2f 0 0
b05 add b44 0 0
950 913 996 0 0
a0c 996 9f7 0 0
a0c 9f7 a6d 0 0
ab2 a6d b29 0 0
890 913 8bf 0 0
854 88c 890 0 0
87c 854 85a 0 0
913 950 8bf 0 0
b76 b59 b44 0 0
b59 b76 b8e 0 0
bc8 bce bb9 0 0
bb9 b8e b99 0 0
c1a c55 c2c 0 0
bc8 c01 bce 0 0
c2f c1a c01 0 0
c2c c5f c36 0 0
c36 c66 c5a 0 0
c66 c7d c5a 0 0
c7d ca0 c94 0 0
c94 cbb cd1 0 0
cd1 cfa cc4 0 0
cc4 cf9 cba 0 0
cc7 c9f cba 0 0
c97 cc7 cbd 0 0
c64 c57 c72 0 0
c39 c57 c42 0 0
c75 c72 c97 0 0
bb0 bd2 bb8 0 0
bf8 bfb bd2 0 0
c26 bfb c22 0 0
c26 c39 c42 0 0
b4b b73 b09 0 0
bb0 bb8 b73 0 0
aaa ac6 b09 0 0
882 8b3 904 0 0
87c 85a 882 0 0
904 8b3 919 0 0
919 975 981 0 0
9e8 981 9cb 0 0
a61 a48 aaa 0 0
a12 9e8 a48 0 0
1ba 1b0 18d 0 0
19b 1cb 1ba 0 0
1fa 1b3 1b0 0 0
1d1 18c 19d 0 0
186 19d 15d 0 0
1a4 166 18c 0 0
193 206 19f 0 0
156 1a4 193 0 0
19f 20d 1ce 0 0
1c5 192 1b3 0 0
186 16b 192 0 0
23c 274 28b 0 0
267 2ba 274 0 0
1ec 23c 239 0 0
1c9 239 1cd 0 0
1cd 22f 1f0 0 0
1f9 1f0 21a 0 0
28d 2c7 267 0 0
292 2b6 28d 0 0
2b6 292 2a0 0 0
2a0 253 277 0 0
220 235 277 0 0
1b7 213 235 0 0
1b7 1ce 213 0 0
181 191 1a0 0 0
191 169 180 0 0
1a0 1a7 181 0 0
194 180 170 0 0
194 189 1a3 0 0
1bf 1a3 1c4 0 0
1c4 1f0 1f9 0 0
19b 1a7 1cb 0 0
b2f ab2 b29 0 0
b44 add b2f 0 0
913 960 996 0 0
996 9b2 9f7 0 0
9f7 9fe a6d 0 0
b29 a6d b01 0 0
890 905 913 0 0
88c 854 87c 0 0
88c 8d6 890 0 0
b44 b87 b76 0 0
b99 b8e b76 0 0
b99 bc8 bb9 0 0
c1a c2f c55 0 0
c2c c55 c5f 0 0
bc8 be7 c01 0 0
be7 c2f c01 0 0
c36 c5f c66 0 0
c66 c7e c7d 0 0
c7d c7e ca0 0 0
cbb c94 ca0 0 0
ceb cd1 cbb 0 0
ceb cfa cd1 0 0
cfa cf9 cc4 0 0
cba cf9 cc7 0 0
cbd cc7 cd7 0 0
cb3 c97 cbd 0 0
c42 c57 c64 0 0
c75 c64 c72 0 0
c95 c75 c97 0 0
bd2 bcf bb8 0 0
bd2 bfb bcf 0 0
c08 bfb c26 0 0
c08 c26 c42 0 0
b09 b73 b1b 0 0
bb8 bc6 b73 0 0
aaa b09 abf 0 0
8ca 882 904 0 0
8a6 87c 882 0 0
904 919 981 0 0
9af 981 9e8 0 0
a61 a12 a48 0 0
abf a61 aaa 0 0
a12 9af 9e8 0 0
188 18d 1b0 0 0
1ba 18d 19b 0 0
188 1b0 1b3 0 0
18c 16e 19d 0 0
16e 15d 19d 0 0
186 15d 145 0 0
166 1a4 156 0 0
166 16e 18c 0 0
16c 193 19f 0 0
156 193 16c 0 0
172 19f 1ce 0 0
192 188 1b3 0 0
145 16b 186 0 0
16b 188 192 0 0
23c 210 274 0 0
267 274 210 0 0
210 23c 1ec 0 0
1ec 239 1c9 0 0
18a 1c9 1cd 0 0
1ab 1cd 1f0 0 0
267 22c 28d 0 0
28d 256 292 0 0
292 272 2a0 0 0
2a0 272 253 0 0
277 253 20f 0 0
235 220 1db 0 0
220 277 20f 0 0
235 1db 1b7 0 0
172 1ce 1b7 0 0
181 169 191 0 0
180 169 170 0 0
181 1a7 19b 0 0
194 170 189 0 0
1a3 189 1a5 0 0
1a3 1a5 1c4 0 0
1c4 1ab 1f0 0 0
b2f b29 b75 0 0
b2f b61 b44 0 0
913 905 960 0 0
996 960 9b2 0 0
9f7 9b2 9fe 0 0
9fe a35 a6d 0 0
b01 a6d a94 0 0
b7c b29 b01 0 0
890 8d6 905 0 0
87c 888 88c 0 0
8a0 8d6 88c 0 0
b61 b87 b44 0 0
b99 b76 b87 0 0
bc8 b99 b87 0 0
c55 c2f c89 0 0
c55 c8d c5f 0 0
be7 bc8 b87 0 0
be7 c50 c2f 0 0
c5f c7e c66 0 0
c7e c8d ca0 0 0
ca0 cc9 cbb 0 0
cbb cc9 ceb 0 0
ceb d10 cfa 0 0
d13 cf9 cfa 0 0
cc7 cf9 ced 0 0
ced cd7 cc7 0 0
cbd cd7 cce 0 0
c95 c97 cb3 0 0
cb3 cbd cce 0 0
c64 c5c c42 0 0
c5c c64 c75 0 0
c7a c75 c95 0 0
bcf bc6 bb8 0 0
bc6 bcf bfb 0 0
c08 bc6 bfb 0 0
c08 c42 c21 0 0
b73 b9c b1b 0 0
b09 b1b abf 0 0
b9c b73 bc6 0 0
8a6 882 8ca 0 0
8ca 904 90a 0 0
89c 87c 8a6 0 0
956 904 981 0 0
9af 956 981 0 0
a1a a12 a61 0 0
abf a9f a61 0 0
9d3 9af a12 0 0
15e 18d 188 0 0
19b 18d 173 0 0
16e 140 15d 0 0
15d 13f 145 0 0
132 166 156 0 0
16e 166 140 0 0
16c 19f 15c 0 0
156 16c 13b 0 0
15c 19f 172 0 0
145 141 16b 0 0
16b 15e 188 0 0
210 1f4 267 0 0
1b9 210 1ec 0 0
19a 1ec 1c9 0 0
19a 1c9 18a 0 0
178 18a 1cd 0 0
1ab 178 1cd 0 0
267 211 22c 0 0
22c 256 28d 0 0
292 256 272 0 0
272 21f 253 0 0
253 21f 20f 0 0
220 20f 1db 0 0
1a1 1b7 1db 0 0
172 1b7 176 0 0
169 181 152 0 0
143 170 169 0 0
19b 173 181 0 0
170 154 189 0 0
1a5 189 1ab 0 0
1a5 1ab 1c4 0 0
b29 bad b75 0 0
b75 b61 b2f 0 0
960 905 92f 0 0
993 9b2 960 0 0
9b2 993 9fe 0 0
a35 9fe 9d1 0 0
a94 a6d a35 0 0
b04 b01 a94 0 0
bad b29 b7c 0 0
b7c b01 b6d 0 0
905 8d6 92f 0 0
888 87c 89c 0 0
8a0 88c 888 0 0
8a8 8d6 8a0 0 0
b87 b61 b75 0 0
c2f c50 c89 0 0
c89 c8d c55 0 0
c5f c8d c7e 0 0
b75 be7 b87 0 0
c50 be7 c1b 0 0
c8d cc9 ca0 0 0
d02 ceb cc9 0 0
ceb d02 d10 0 0
d10 d15 cfa 0 0
d2f cf9 d13 0 0
d15 d13 cfa 0 0
ced cf9 d01 0 0
cd7 ced ce7 0 0
cce cd7 ce7 0 0
c95 cb3 cb0 0 0
cb3 cce cb0 0 0
c42 c5c c52 0 0
c52 c5c c75 0 0
c7a c52 c75 0 0
c7a c95 cb0 0 0
b9c bc6 c08 0 0
c42 c52 c21 0 0
c21 be5 c08 0 0
b77 b1b b9c 0 0
abf b1b a9f 0 0
8c2 8a6 8ca 0 0
90a 904 956 0 0
8c2 8ca 90a 0 0
89c 8a6 8c2 0 0
97b 956 9af 0 0
a1a 9d3 a12 0 0
a47 a1a a61 0 0
a9f a47 a61 0 0
9d3 97b 9af 0 0
15e 173 18d 0 0
140 13f 15d 0 0
13f 124 145 0 0
166 132 140 0 0
156 12e 132 0 0
15c 13b 16c 0 0
12e 156 13b 0 0
172 144 15c 0 0
145 119 141 0 0
16b 141 15e 0 0
210 1b9 1f4 0 0
1e1 267 1f4 0 0
19a 1b9 1ec 0 0
18a 14e 19a 0 0
178 14f 18a 0 0
189 178 1ab 0 0
267 1e1 211 0 0
211 1d0 22c 0 0
22c 219 256 0 0
256 21f 272 0 0
1d7 20f 21f 0 0
1cf 1db 20f 0 0
190 1b7 1a1 0 0
1a1 1db 1b8 0 0
176 1b7 190 0 0
15a 172 176 0 0
152 181 173 0 0
13c 169 152 0 0
143 154 170 0 0
13c 143 169 0 0
189 154 178 0 0
be7 b75 bad 0 0
993 960 92f 0 0
9d1 9fe 993 0 0
a2e a35 9d1 0 0
a35 a2e a94 0 0
b6d b01 b04 0 0
b04 a94 a87 0 0
bad b7c c0b 0 0
bd9 b7c b6d 0 0
8d6 92b 92f 0 0
880 888 89c 0 0
888 877 8a0 0 0
8d6 8a8 92b 0 0
8a8 8a0 877 0 0
c50 c86 c89 0 0
c89 cae c8d 0 0
be7 bad c1b 0 0
c50 c1b c4b 0 0
cae cc9 c8d 0 0
cc9 cf6 d02 0 0
d2c d10 d02 0 0
d10 d26 d15 0 0
d23 cf9 d2f 0 0
d29 d2f d13 0 0
d29 d13 d15 0 0
d01 cf9 d23 0 0
ced d01 ce7 0 0
cce ce7 ce6 0 0
cb0 cce cd2 0 0
c7a c3b c52 0 0
c8c c7a cb0 0 0
be5 b9c c08 0 0
c52 c3b c21 0 0
be5 c21 be6 0 0
b77 b2c b1b 0 0
bbd b77 b9c 0 0
acb a9f b1b 0 0
97b 90a 956 0 0
8c2 90a 8c6 0 0
8a7 89c 8c2 0 0
9da 9d3 a1a 0 0
a47 a1f a1a 0 0
a44 a47 a9f 0 0
9da 97b 9d3 0 0
15e 152 173 0 0
13f 140 124 0 0
124 119 145 0 0
114 140 132 0 0
12e 111 132 0 0
15c 144 13b 0 0
13b 11b 12e 0 0
144 172 136 0 0
141 119 128 0 0
15e 141 128 0 0
1f4 1b9 197 0 0
1e1 1f4 197 0 0
17e 1b9 19a 0 0
18a 14f 14e 0 0
14e 17e 19a 0 0
147 14f 178 0 0
1e1 1d0 211 0 0
1d0 1eb 22c 0 0
1de 219 22c 0 0
21f 256 219 0 0
1cf 20f 1d7 0 0
1d7 21f 1f8 0 0
1c8 1db 1cf 0 0
1b8 1db 1c7 0 0
14c 172 15a 0 0
152 128 13c 0 0
154 143 12b 0 0
113 143 13c 0 0
154 147 178 0 0
92f 92b 993 0 0
993 92b 9d1 0 0
a2e 9d1 9e1 0 0
a94 a2e a87 0 0
b6d b04 b79 0 0
b04 a87 ae3 0 0
c0b b7c bd9 0 0
bad c0b c1b 0 0
b6d bc4 bd9 0 0
877 888 880 0 0
880 89c 8a7 0 0
8a8 871 92b 0 0
856 8a8 877 0 0
c86 c50 c70 0 0
c86 cac c89 0 0
c89 cc5 cae 0 0
c4b c1b c3f 0 0
c50 c4b c70 0 0
cae cc5 cc9 0 0
cc9 cc5 cf6 0 0
cf6 d1c d02 0 0
d10 d2c d26 0 0
d02 d1c d2c 0 0
d26 d29 d15 0 0
d4b d23 d2f 0 0
d40 d2f d29 0 0
d16 d01 d23 0 0
ce7 d01 ce6 0 0
cce ce6 cd2 0 0
cb0 cd2 cc2 0 0
c69 c3b c7a 0 0
c69 c7a c8c 0 0
ca6 c8c cb0 0 0
bbd b9c be5 0 0
c21 c3b be6 0 0
be6 bbd be5 0 0
b3a b2c b77 0 0
b2c acb b1b 0 0
be6 b77 bbd 0 0
a79 a9f acb 0 0
910 90a 97b 0 0
8c6 90a 910 0 0
8a7 8c2 8c6 0 0
a1f 9da a1a 0 0
a44 a1f a47 0 0
a79 a44 a9f 0 0
987 97b 9da 0 0
152 15e 128 0 0
140 114 124 0 0
10c 119 124 0 0
132 111 114 0 0
11b 111 12e 0 0
125 13b 144 0 0
11b 13b 11f 0 0
136 172 14c 0 0
130 144 136 0 0
128 119 10f 0 0
197 1b9 17e 0 0
18b 1e1 197 0 0
14e 14f 117 0 0
168 17e 14e 0 0
147 117 14f 0 0
18b 1d0 1e1 0 0
1d0 1ae 1eb 0 0
1eb 1de 22c 0 0
1de 1fd 219 0 0
219 1fd 21f 0 0
21f 1fd 1f8 0 0
1d7 1f8 1d9 0 0
1c7 1db 1c8 0 0
13c 128 113 0 0
143 113 12b 0 0
12b 147 154 0 0
970 9d1 92b 0 0
9e1 9d1 970 0 0
9e1 a02 a2e 0 0
a2e a02 a87 0 0
b79 b04 b3c 0 0
bc4 b6d b79 0 0
ae3 a87 ae1 0 0
b04 ae3 b3c 0 0
c0b bd9 c2b 0 0
c3f c1b c0b 0 0
bc4 c15 bd9 0 0
861 877 880 0 0
8a7 873 880 0 0
871 8a8 856 0 0
92b 871 970 0 0
856 877 861 0 0
cb1 c86 c70 0 0
cac c86 cb1 0 0
cac ccc c89 0 0
c89 ccc cc5 0 0
c56 c4b c3f 0 0
c56 c70 c4b 0 0
cc5 cea cf6 0 0
cf6 d03 d1c 0 0
d2c d40 d26 0 0
d3d d2c d1c 0 0
d40 d29 d26 0 0
d35 d23 d4b 0 0
d58 d4b d2f 0 0
d40 d58 d2f 0 0
cfb d01 d16 0 0
d35 d16 d23 0 0
cfb ce6 d01 0 0
ce0 cd2 ce6 0 0
cc2 cd2 ce0 0 0
ca6 cb0 cc2 0 0
c4f c3b c69 0 0
c69 c8c c85 0 0
c85 c8c ca6 0 0
c16 be6 c3b 0 0
b3a acb b2c 0 0
bac b3a b77 0 0
bac b77 be6 0 0
a79 acb a80 0 0
987 910 97b 0 0
910 891 8c6 0 0
8a7 8c6 873 0 0
9da a1f a11 0 0
a11 a1f a44 0 0
a44 a79 a40 0 0
9d7 987 9da 0 0
10c 124 114 0 0
10c 105 119 0 0
111 106 114 0 0
10e 111 11b 0 0
11f 13b 125 0 0
125 144 130 0 0
11a 11b 11f 0 0
10f 119 105 0 0
128 10f 107 0 0
168 197 17e 0 0
197 160 18b 0 0
14e 117 122 0 0
14e 137 168 0 0
12b 117 147 0 0
17f 1d0 18b 0 0
17f 1ae 1d0 0 0
1ae 1de 1eb 0 0
1de 1dc 1fd 0 0
1e6 1f8 1fd 0 0
1d9 1f8 1dd 0 0
107 113 128 0 0
12b 113 110 0 0
9e1 970 a02 0 0
a87 a02 a67 0 0
b79 b3c b9d 0 0
bfc bc4 b79 0 0
ae1 a87 a67 0 0
b3c ae3 ae1 0 0
c2b bd9 c15 0 0
c0b c2b c45 0 0
c0b c45 c3f 0 0
c15 bc4 bfc 0 0
861 880 873 0 0
871 856 81a 0 0
8db 970 871 0 0
83f 856 861 0 0
cb1 c70 c87 0 0
cb1 cc6 cac 0 0
cac cc6 ccc 0 0
ccc cea cc5 0 0
c3f c67 c56 0 0
c67 c70 c56 0 0
cea d03 cf6 0 0
d03 d19 d1c 0 0
d2c d50 d40 0 0
d2c d3d d50 0 0
d1c d3c d3d 0 0
d4e d35 d4b 0 0
d69 d4b d58 0 0
d6b d58 d40 0 0
d1f cfb d16 0 0
d1f d16 d35 0 0
cfb ce0 ce6 0 0
cdd cc2 ce0 0 0
cab ca6 cc2 0 0
c4f c16 c3b 0 0
c4f c69 c85 0 0
cab c85 ca6 0 0
be6 c16 bac 0 0
af0 acb b3a 0 0
b3a bac b50 0 0
a80 acb a96 0 0
a79 a80 a40 0 0
910 987 8f6 0 0
910 8f6 891 0 0
8c6 891 873 0 0
9d7 9da a11 0 0
a40 a11 a44 0 0
987 9d7 9e0 0 0
102 10c 114 0 0
101 105 10c 0 0
104 106 111 0 0
106 102 114 0 0
10b 111 10e 0 0
10e 11b 112 0 0
112 11b 11a 0 0
10f 105 107 0 0
160 197 168 0 0
160 159 18b 0 0
117 108 122 0 0
122 137 14e 0 0
137 160 168 0 0
110 117 12b 0 0
17a 17f 18b 0 0
17f 182 1ae 0 0
1ad 1de 1ae 0 0
1c6 1dc 1de 0 0
1dc 1e3 1fd 0 0
1dd 1f8 1e6 0 0
1e6 1fd 1e7 0 0
107 fd 113 0 0
110 113 103 0 0
a02 970 98d 0 0
a67 a02 a33 0 0
b9d b3c b6e 0 0
b79 b9d bfc 0 0
ae1 a67 aa7 0 0
ae1 b6e b3c 0 0
c15 c4c c2b 0 0
c6e c45 c2b 0 0
c67 c3f c45 0 0
bfc c4c c15 0 0
83f 861 873 0 0
81a 856 83f 0 0
80a 871 81a 0 0
927 970 8db 0 0
871 872 8db 0 0
c67 c87 c70 0 0
c87 cb4 cb1 0 0
cb1 cdc cc6 0 0
cc6 cf2 ccc 0 0
ccc cfc cea 0 0
cea cfc d03 0 0
d03 cfc d19 0 0
d1c d19 d3c 0 0
d50 d6b d40 0 0
d3d d61 d50 0 0
d3d d3c d61 0 0
d4e d33 d35 0 0
d4e d4b d5f 0 0
d5f d4b d69 0 0
d69 d58 d7c 0 0
d7c d58 d6b 0 0
cfb d1f d1b 0 0
d1f d35 d33 0 0
cdd ce0 cfb 0 0
cd3 cc2 cdd 0 0
cc0 cab cc2 0 0
c1e c16 c4f 0 0
c68 c4f c85 0 0
c85 cab c9b 0 0
c16 c1e bac 0 0
a96 acb af0 0 0
b50 af0 b3a 0 0
b50 bac bb7 0 0
a40 a80 a96 0 0
8ed 8f6 987 0 0
8f6 8a4 891 0 0
847 873 891 0 0
a09 9d7 a11 0 0
a09 a11 a40 0 0
9e0 9d7 a09 0 0
9e0 9f9 987 0 0
102 101 10c 0 0
f7 105 101 0 0
ff 106 104 0 0
104 111 109 0 0
fc 102 106 0 0
109 111 10b 0 0
fa 107 105 0 0
160 13a 159 0 0
159 175 18b 0 0
fe 108 117 0 0
108 116 122 0 0
122 116 137 0 0
13a 160 137 0 0
110 103 117 0 0
175 17a 18b 0 0
182 1a2 1ae 0 0
1ad 1b5 1de 0 0
1a2 1ad 1ae 0 0
1c6 1d3 1dc 0 0
1b5 1c6 1de 0 0
1dc 1e2 1e3 0 0
1e3 1e7 1fd 0 0
fd 107 fa 0 0
113 fd 103 0 0
966 98d 970 0 0
a02 98d 992 0 0
a33 a02 9e4 0 0
a67 a33 aa7 0 0
bc1 b9d b6e 0 0
bfc b9d c00 0 0
ae1 aa7 b31 0 0
ae1 b31 b6e 0 0
c6e c2b c4c 0 0
c67 c45 c6e 0 0
c4c bfc c2e 0 0
847 83f 873 0 0
83f 812 81a 0 0
7fd 871 80a 0 0
80a 81a 7f7 0 0
970 927 966 0 0
8db 8da 927 0 0
871 82b 872 0 0
8db 872 8ac 0 0
c87 c67 c6e 0 0
cb4 c87 c6e 0 0
cb1 cb4 cd9 0 0
cdc cb1 cd9 0 0
cdc cf2 cc6 0 0
ccc cf2 cfc 0 0
cfc d22 d19 0 0
d19 d22 d3c 0 0
d61 d6b d50 0 0
d3c d59 d61 0 0
d39 d33 d4e 0 0
d67 d4e d5f 0 0
d7a d5f d69 0 0
d7a d69 d7c 0 0
d7c d6b d87 0 0
d1f d33 d1b 0 0
cfb d1b d00 0 0
cdd cfb cde 0 0
cc0 cc2 cd3 0 0
cde cd3 cdd 0 0
c9b cab cc0 0 0
c68 c1e c4f 0 0
c68 c85 c9b 0 0
bac c1e bb7 0 0
ae6 a96 af0 0 0
ae6 af0 b50 0 0
b50 bb7 b82 0 0
a2c a40 a96 0 0
8ed 8a4 8f6 0 0
8ed 987 94c 0 0
8a4 851 891 0 0
847 891 81f 0 0
a09 a40 a2c 0 0
9e0 a09 a2c 0 0
9f9 9e0 a2c 0 0
987 9f9 9d2 0 0
102 f9 101 0 0
fa 105 f7 0 0
f9 f7 101 0 0
fc 106 ff 0 0
fb 102 fc 0 0
13a 148 159 0 0
14b 175 159 0 0
fe f8 108 0 0
103 fe 117 0 0
108 10a 116 0 0
116 123 137 0 0
137 123 13a 0 0
1d3 1d6 1dc 0 0
1d6 1e2 1dc 0 0
e9 fd fa 0 0
ec 103 fd 0 0
94e 98d 966 0 0
992 98d 94e 0 0
9e4 a02 992 0 0
9e4 a0d a33 0 0
aa7 a33 a54 0 0
c00 b9d bc1 0 0
bc1 b6e bde 0 0
c2e bfc c00 0 0
b31 aa7 adc 0 0
b6e b31 b7e 0 0
c88 c6e c4c 0 0
c83 c4c c2e 0 0
83f 847 812 0 0
7f7 81a 812 0 0
7fd 82b 871 0 0
7f7 7fd 80a 0 0
94e 966 927 0 0
8ac 8da 8db 0 0
927 8da 90e 0 0
84f 872 82b 0 0
87a 8ac 872 0 0
c88 cb4 c6e 0 0
cb4 cee cd9 0 0
d07 cdc cd9 0 0
cdc d07 cf2 0 0
cf2 d22 cfc 0 0
d22 d49 d3c 0 0
d81 d6b d61 0 0
d3c d49 d59 0 0
d59 d76 d61 0 0
d39 d1b d33 0 0
d39 d4e d67 0 0
d67 d5f d7a 0 0
d7a d7c d95 0 0
d81 d87 d6b 0 0
d87 d98 d7c 0 0
d00 d1b d39 0 0
cde cfb d00 0 0
cc0 cd3 cde 0 0
cc8 c9b cc0 0 0
c61 c1e c68 0 0
c61 c68 c9b 0 0
bfa bb7 c1e 0 0
a75 a96 ae6 0 0
b2b ae6 b50 0 0
bfa b82 bb7 0 0
b50 b82 b51 0 0
a75 a2c a96 0 0
85f 8a4 8ed 0 0
9d2 94c 987 0 0
8f2 8ed 94c 0 0
85f 851 8a4 0 0
891 851 81f 0 0
847 81f 812 0 0
a2b 9f9 a2c 0 0
9f9 a26 9d2 0 0
f9 102 f6 0 0
ea fa f7 0 0
f1 f7 f9 0 0
f6 102 fb 0 0
12c 148 13a 0 0
148 14b 159 0 0
f5 f8 fe 0 0
f8 100 108 0 0
ef fe 103 0 0
100 10a 108 0 0
10a 10d 116 0 0
115 123 116 0 0
118 13a 123 0 0
e9 eb fd 0 0
e8 e9 fa 0 0
ec ef 103 0 0
eb ec fd 0 0
992 94e 90d 0 0
9e4 992 9b8 0 0
a0d 9e4 9b8 0 0
a33 a0d a54 0 0
aa7 a54 adc 0 0
bc1 bde c00 0 0
b6e b7e bde 0 0
c47 c2e c00 0 0
adc b30 b31 0 0
b7e b31 b71 0 0
c88 c4c c83 0 0
c2e c47 c83 0 0
812 81f 7f7 0 0
7ee 82b 7fd 0 0
7f7 7d9 7fd 0 0
90e 94e 927 0 0
8da 8ac 881 0 0
8d0 90e 8da 0 0
84f 87a 872 0 0
800 84f 82b 0 0
881 8ac 87a 0 0
c88 cbf cb4 0 0
cbf cee cb4 0 0
d07 cd9 cee 0 0
cf2 d07 d22 0 0
d22 d41 d49 0 0
d82 d81 d61 0 0
d49 d5c d59 0 0
d59 d5c d76 0 0
d76 d82 d61 0 0
d4f d39 d67 0 0
d67 d7a d8e 0 0
d95 d7c d98 0 0
d8e d7a d95 0 0
d81 d97 d87 0 0
d97 d98 d87 0 0
d00 d39 d24 0 0
cde d00 cc8 0 0
cc0 cde cc8 0 0
caf c9b cc8 0 0
c61 bfa c1e 0 0
c8f c61 c9b 0 0
a75 ae6 ad8 0 0
b0f ae6 b2b 0 0
b2b b50 b51 0 0
b9a b82 bfa 0 0
b5c b51 b82 0 0
a2b a2c a75 0 0
88b 85f 8ed 0 0
976 94c 9d2 0 0
8f2 88b 8ed 0 0
8f4 8f2 94c 0 0
85f 818 851 0 0
851 818 81f 0 0
9f9 a2b a26 0 0
9d2 a26 a21 0 0
f4 f9 f6 0 0
e8 fa ea 0 0
ea f7 ed 0 0
ee f7 f1 0 0
f1 f9 f2 0 0
118 12c 13a 0 0
f3 f5 fe 0 0
ef f0 fe 0 0
10d 115 116 0 0
115 118 123 0 0
94e 90e 90d 0 0
95e 992 90d 0 0
95e 9b8 992 0 0
a0d 9b8 a10 0 0
a0d a10 a54 0 0
a54 a71 adc 0 0
c00 bde c47 0 0
bde b7e bb4 0 0
adc b3e b30 0 0
b31 b30 b58 0 0
b71 b31 b58 0 0
b7e b71 bb4 0 0
cbf c88 c83 0 0
c83 c47 ca1 0 0
7f7 81f 7f2 0 0
800 82b 7ee 0 0
7d9 7ee 7fd 0 0
7d9 7f7 7f2 0 0
8d0 8da 881 0 0
90d 90e 8d0 0 0
881 87a 84f 0 0
84f 800 813 0 0
cbf cf8 cee 0 0
cee d1e d07 0 0
d07 d32 d22 0 0
d32 d41 d22 0 0
d41 d56 d49 0 0
d82 d9e d81 0 0
d49 d56 d5c 0 0
d5c d6c d76 0 0
d76 d91 d82 0 0
d24 d39 d4f 0 0
d4f d67 d77 0 0
d77 d67 d8e 0 0
d95 d98 daa 0 0
d8e d95 daf 0 0
d81 d9e d97 0 0
db3 d98 d97 0 0
cfd d00 d24 0 0
cd5 cc8 d00 0 0
c8f c9b caf 0 0
cd5 caf cc8 0 0
c2a bfa c61 0 0
c61 c8f c92 0 0
ae6 b0f ad8 0 0
a75 ad8 aac 0 0
b37 b0f b2b 0 0
b37 b2b b51 0 0
b9a b5c b82 0 0
bea b9a bfa 0 0
b5c b37 b51 0 0
a26 a2b a75 0 0
819 85f 88b 0 0
976 8f4 94c 0 0
9aa 976 9d2 0 0
8f2 8f4 88b 0 0
819 818 85f 0 0
81f 818 7f2 0 0
a21 a26 a51 0 0
a24 9d2 a21 0 0
f2 f9 f4 0 0
ed f7 ee 0 0
f0 f3 fe 0 0
95e 90d 90b 0 0
968 9b8 95e 0 0
9b8 9b4 a10 0 0
a10 a71 a54 0 0
adc a71 aeb 0 0
c47 bde c3c 0 0
bb4 c14 bde 0 0
adc aeb b3e 0 0
b58 b30 b3e 0 0
b71 b58 bb3 0 0
b71 bb3 bb4 0 0
cda cbf c83 0 0
c47 c99 ca1 0 0
cda c83 ca1 0 0
7e1 800 7ee 0 0
7d9 7d3 7ee 0 0
7d9 7f2 7f3 0 0
8d0 881 878 0 0
878 90d 8d0 0 0
813 881 84f 0 0
7bb 813 800 0 0
cf8 cbf cda 0 0
cee cf8 d1e 0 0
d28 d07 d1e 0 0
d32 d07 d28 0 0
d54 d41 d32 0 0
d56 d41 d54 0 0
d82 d91 d9e 0 0
d56 d6c d5c 0 0
d6c d84 d76 0 0
d76 d84 d91 0 0
d4f d2a d24 0 0
d62 d4f d77 0 0
d9b d77 d8e 0 0
daa d98 db3 0 0
d95 daa daf 0 0
d9b d8e daf 0 0
db3 d97 d9e 0 0
cfd cd5 d00 0 0
cfd d24 d2a 0 0
c92 c8f caf 0 0
cb5 caf cd5 0 0
bea bfa c2a 0 0
c61 c6d c2a 0 0
c61 c92 c6d 0 0
b0f b1a ad8 0 0
aac ad8 ad7 0 0
aac a51 a75 0 0
b0f b37 b1a 0 0
b5f b5c b9a 0 0
bc9 b9a bea 0 0
b1a b37 b5c 0 0
a51 a26 a75 0 0
88b 843 819 0 0
976 964 8f4 0 0
964 976 9aa 0 0
9ef 9aa 9d2 0 0
8f4 843 88b 0 0
819 7f2 818 0 0
a24 a21 a51 0 0
9ef 9d2 a24 0 0
899 90b 90d 0 0
90b 968 95e 0 0
9b4 9b8 968 0 0
a10 9b4 a00 0 0
a10 a00 a71 0 0
aeb a71 af7 0 0
c3c bde c14 0 0
c47 c3c c99 0 0
bb4 bb3 c14 0 0
aeb af7 b3e 0 0
b58 b3e bb3 0 0
cf1 ca1 c99 0 0
ca1 cf1 cda 0 0
7bb 800 7e1 0 0
7ee 7d8 7e1 0 0
7f8 7d3 7d9 0 0
7d3 7d8 7ee 0 0
7f3 7f2 819 0 0
7f8 7d9 7f3 0 0
878 881 813 0 0
899 90d 878 0 0
813 7bb 7a1 0 0
cf8 cda d20 0 0
cf8 d20 d1e 0 0
d28 d1e d45 0 0
d32 d28 d45 0 0
d45 d54 d32 0 0
d56 d54 d6c 0 0
d91 da9 d9e 0 0
d84 d6c d7b 0 0
d84 da6 d91 0 0
d2a d4f d62 0 0
d62 d77 d9b 0 0
db3 dc7 daa 0 0
daa dc7 daf 0 0
daf dc9 d9b 0 0
db3 d9e db6 0 0
cd0 cd5 cfd 0 0
cfe cfd d2a 0 0
caf cb5 c92 0 0
cd0 cb5 cd5 0 0
c0d bea c2a 0 0
c51 c2a c6d 0 0
c9d c6d c92 0 0
ad7 ad8 b1a 0 0
aac ad7 aa1 0 0
aa1 a51 aac 0 0
b1a b5c b5f 0 0
bc9 b5f b9a 0 0
bc9 bea c0d 0 0
843 7f3 819 0 0
964 8fc 8f4 0 0
9bb 964 9aa 0 0
9bb 9aa 9ef 0 0
8f4 892 843 0 0
a53 a24 a51 0 0
a31 9ef a24 0 0
8bd 90b 899 0 0
968 90b 918 0 0
968 977 9b4 0 0
9b4 9b6 a00 0 0
a00 a06 a71 0 0
a71 a7a af7 0 0
c3c c14 c6a 0 0
c3c c6a c99 0 0
c14 bb3 c3e 0 0
af7 b7d b3e 0 0
b3e b7d bb3 0 0
cf1 c99 cdf 0 0
cda cf1 d18 0 0
7ca 7bb 7e1 0 0
7d8 7ca 7e1 0 0
7d3 7f8 7e3 0 0
7d3 7e3 7d8 0 0
7f8 7f3 843 0 0
803 878 813 0 0
899 878 803 0 0
7a1 7bb 75c 0 0
7a1 803 813 0 0
d20 cda d18 0 0
d20 d34 d1e 0 0
d48 d45 d1e 0 0
d45 d73 d54 0 0
d54 d6a d6c 0 0
d91 da6 da9 0 0
db6 d9e da9 0 0
d6c d6a d7b 0 0
d7b d90 d84 0 0
d84 d90 da6 0 0
d62 d36 d2a 0 0
d83 d62 d9b 0 0
dc7 db3 dec 0 0
daf dc7 ddb 0 0
dc9 daf ddb 0 0
dc5 d9b dc9 0 0
db6 dd8 db3 0 0
cfe cd0 cfd 0 0
d2a d17 cfe 0 0
c9d c92 cb5 0 0
cb5 cd0 c9d 0 0
c28 c0d c2a 0 0
c2a c51 c28 0 0
c79 c51 c6d 0 0
c6d c9d c79 0 0
afa ad7 b1a 0 0
aba aa1 ad7 0 0
a53 a51 aa1 0 0
afa b1a b5f 0 0
b98 b5f bc9 0 0
c12 bc9 c0d 0 0
95b 8fc 964 0 0
8f4 8fc 892 0 0
964 9bb 95b 0 0
9fd 9bb 9ef 0 0
892 83b 843 0 0
a31 a24 a53 0 0
9fd 9ef a31 0 0
8bd 918 90b 0 0
859 8bd 899 0 0
977 968 918 0 0
9b4 977 9b6 0 0
a00 9b6 a06 0 0
a7a a71 a06 0 0
af7 a7a af2 0 0
c6a c14 c3e 0 0
c99 c6a cd6 0 0
bb3 c07 c3e 0 0
b7d af7 af2 0 0
b7d c07 bb3 0 0
cdf c99 cd6 0 0
cf1 cdf d1a 0 0
d55 d18 cf1 0 0
7bb 7ca 79e 0 0
7e9 7ca 7d8 0 0
807 7e3 7f8 0 0
7e3 7e9 7d8 0 0
83b 7f8 843 0 0
899 803 859 0 0
7bb 79e 75c 0 0
7a1 75c 738 0 0
803 7a1 789 0 0
d20 d18 d44 0 0
d20 d46 d34 0 0
d34 d48 d1e 0 0
d65 d45 d48 0 0
d45 d65 d73 0 0
d54 d73 d6a 0 0
da9 da6 dc3 0 0
da9 dc3 db6 0 0
d6a d73 d7b 0 0
d7b d92 d90 0 0
d90 da1 da6 0 0
d62 d74 d36 0 0
d17 d2a d36 0 0
d62 d83 d74 0 0
d9b d93 d83 0 0
db3 dd8 dec 0 0
dc7 dec ddb 0 0
dc9 ddb def 0 0
dc5 da0 d9b 0 0
dc5 dc9 def 0 0
dc3 dd8 db6 0 0
cd0 cfe ce3 0 0
cfe d17 d09 0 0
cd0 cad c9d 0 0
c0d c28 c12 0 0
c31 c28 c51 0 0
c59 c51 c79 0 0
c9d c8e c79 0 0
aba ad7 afa 0 0
a7b aa1 aba 0 0
a53 aa1 a7b 0 0
b39 afa b5f 0 0
b39 b5f b98 0 0
b98 bc9 c0c 0 0
c0c bc9 c12 0 0
8ea 8fc 95b 0 0
8fc 874 892 0 0
9ac 95b 9bb 0 0
9bb 9fd a03 0 0
83b 892 874 0 0
a31 a53 a7b 0 0
a31 a03 9fd 0 0
89d 918 8bd 0 0
8bd 859 89d 0 0
977 918 983 0 0
977 983 9b6 0 0
9b6 983 a06 0 0
a06 a27 a7a 0 0
a7a a27 af2 0 0
c3e c93 c6a 0 0
c6a c93 cd6 0 0
c07 c4d c3e 0 0
af2 b8f b7d 0 0
c07 b7d c03 0 0
cdf cd6 d1a 0 0
cf1 d1a d55 0 0
d44 d18 d55 0 0
7ca 7da 79e 0 0
7da 7ca 7e9 0 0
807 7e9 7e3 0 0
83b 807 7f8 0 0
822 859 803 0 0
75c 79e 71a 0 0
6e5 738 75c 0 0
789 7a1 738 0 0
7cd 803 789 0 0
d43 d20 d44 0 0
d46 d20 d43 0 0
d46 d48 d34 0 0
d48 d6f d65 0 0
d73 d65 d8f 0 0
da6 dbf dc3 0 0
d73 d92 d7b 0 0
d90 d92 da1 0 0
da1 db0 da6 0 0
d36 d74 d42 0 0
d17 d36 d09 0 0
d83 d8a d74 0 0
da0 d93 d9b 0 0
d83 d93 d8a 0 0
e00 dec dd8 0 0
ddb dec dee 0 0
def ddb df3 0 0
db8 da0 dc5 0 0
de7 dc5 def 0 0
dc3 de5 dd8 0 0
ce3 cfe cf7 0 0
cca cd0 ce3 0 0
cf7 cfe d09 0 0
cd0 cca cad 0 0
c9d cad c9e 0 0
c28 c31 c12 0 0
c59 c31 c51 0 0
c7c c59 c79 0 0
c9d c9e c8e 0 0
c7c c79 c8e 0 0
ab0 aba afa 0 0
ab0 a7b aba 0 0
b39 ae9 afa 0 0
b39 b98 b42 0 0
c0e b98 c0c 0 0
c0c c12 c31 0 0
8ea 874 8fc 0 0
95b 939 8ea 0 0
939 95b 9ac 0 0
9ac 9bb a03 0 0
874 807 83b 0 0
a46 a31 a7b 0 0
a46 a03 a31 0 0
916 918 89d 0 0
89d 859 822 0 0
918 916 983 0 0
9c9 a06 983 0 0
9c9 a27 a06 0 0
a27 a73 af2 0 0
c93 c3e c81 0 0
cbe cd6 c93 0 0
c07 c03 c4d 0 0
c3e c4d c81 0 0
b53 b8f af2 0 0
b7d b8f c03 0 0
d1a cd6 d38 0 0
d1a d5a d55 0 0
d60 d44 d55 0 0
79e 7da 7d0 0 0
807 7da 7e9 0 0
7cd 822 803 0 0
79e 785 71a 0 0
75c 71a 6e5 0 0
6f3 738 6e5 0 0
718 789 738 0 0
7cd 789 7b0 0 0
d44 d64 d43 0 0
d64 d46 d43 0 0
d46 d6f d48 0 0
d8f d65 d6f 0 0
d73 d8f d92 0 0
da6 db0 dbf 0 0
dd5 dc3 dbf 0 0
d92 db2 da1 0 0
da1 db2 db0 0 0
d74 d8b d42 0 0
d36 d42 d06 0 0
d06 d09 d36 0 0
d8a d8d d74 0 0
da0 d8d d93 0 0
d8d d8a d93 0 0
e00 e1c dec 0 0
de5 e00 dd8 0 0
df4 dee dec 0 0
ddb dee df3 0 0
def df3 e10 0 0
da0 db8 d8b 0 0
db8 dc5 de7 0 0
de7 def e07 0 0
dc3 dd5 de5 0 0
cec ce3 cf7 0 0
cec cca ce3 0 0
cf7 d09 cec 0 0
cb6 cad cca 0 0
c9e cad c9c 0 0
c43 c31 c59 0 0
c59 c7c c43 0 0
c9e c9c c8e 0 0
c7c c8e c9a 0 0
ae9 ab0 afa 0 0
a46 a7b ab0 0 0
b42 ae9 b39 0 0
b42 b98 bbb 0 0
bbb b98 c0e 0 0
c0e c0c c43 0 0
c43 c0c c31 0 0
876 874 8ea 0 0
939 8b6 8ea 0 0
99c 939 9ac 0 0
9ed 9ac a03 0 0
824 807 874 0 0
9ed a03 a46 0 0
89d 8c8 916 0 0
822 852 89d 0 0
983 916 98f 0 0
983 98f 9c9 0 0
98f a27 9c9 0 0
9f3 a73 a27 0 0
a73 af9 af2 0 0
c93 c81 ca8 0 0
cd6 cbe ce5 0 0
cbe c93 ca8 0 0
c03 c2d c4d 0 0
c81 c4d c8a 0 0
b53 baf b8f 0 0
af9 b53 af2 0 0
c0f c03 b8f 0 0
d38 cd6 d11 0 0
d1a d38 d5a 0 0
d55 d5a d89 0 0
d44 d60 d64 0 0
d8c d60 d55 0 0
7d0 7da 807 0 0
7d0 785 79e 0 0
7fa 822 7cd 0 0
785 739 71a 0 0
6e5 71a 6aa 0 0
6f3 718 738 0 0
6ce 6f3 6e5 0 0
759 789 718 0 0
789 79f 7b0 0 0
7b0 7fa 7cd 0 0
d46 d64 d6f 0 0
d94 d8f d6f 0 0
d92 d8f da7 0 0
db0 dce dbf 0 0
dbf dce dd5 0 0
d92 da7 db2 0 0
db0 db2 dce 0 0
d8b d74 d8d 0 0
d8b d52 d42 0 0
d06 d42 d0f 0 0
d09 d06 cec 0 0
da0 d8b d8d 0 0
e29 e1c e00 0 0
e12 dec e1c 0 0
dfb e00 de5 0 0
dee df4 df3 0 0
df4 dec e12 0 0
e10 df3 e12 0 0
e28 def e10 0 0
d8b db8 dbd 0 0
de7 dbd db8 0 0
e07 def e28 0 0
de7 e07 dff 0 0
dd5 de4 de5 0 0
cca cec cd4 0 0
cb6 c9a cad 0 0
cd4 cb6 cca 0 0
c9a c9c cad 0 0
c7c c6f c43 0 0
c9a c8e c9c 0 0
c9a ca3 c7c 0 0
a93 ab0 ae9 0 0
a93 a46 ab0 0 0
acc ae9 b42 0 0
bbb b6f b42 0 0
bbb c0e c17 0 0
c30 c0e c43 0 0
824 874 876 0 0
8ea 8b6 876 0 0
939 8d7 8b6 0 0
959 939 99c 0 0
99c 9ac 9ed 0 0
7d0 807 824 0 0
a2f 9ed a46 0 0
89d 852 8c8 0 0
916 8c8 920 0 0
822 7fa 852 0 0
916 920 98f 0 0
a27 98f 9f3 0 0
a3c a73 9f3 0 0
a9d af9 a73 0 0
c81 c98 ca8 0 0
ce5 cbe ccb 0 0
cd6 ce5 d11 0 0
ca8 ccb cbe 0 0
c2d c03 c0f 0 0
c2d c53 c4d 0 0
c8a c4d c73 0 0
c81 c8a c98 0 0
b62 baf b53 0 0
baf c0f b8f 0 0
af9 b62 b53 0 0
d38 d11 d3f 0 0
d68 d5a d38 0 0
d89 d5a d7f 0 0
d9f d55 d89 0 0
d60 d8c d64 0 0
d9f d8c d55 0 0
785 7d0 7ce 0 0
739 785 787 0 0
739 6d1 71a 0 0
71a 6d1 6aa 0 0
6b2 6e5 6aa 0 0
6ce 718 6f3 0 0
6b2 6ce 6e5 0 0
789 759 79f 0 0
718 705 759 0 0
7b0 79f 7e5 0 0
7b0 7e5 7fa 0 0
d64 d94 d6f 0 0
d94 db5 d8f 0 0
da7 d8f dac 0 0
dd5 dce de4 0 0
da7 db9 db2 0 0
db2 dd7 dce 0 0
d8b d79 d52 0 0
d2b d42 d52 0 0
d42 d2b d0f 0 0
d06 d0f cdb 0 0
cd4 cec d06 0 0
e29 e3c e1c 0 0
e1b e29 e00 0 0
e39 e12 e1c 0 0
e1b e00 dfb 0 0
de4 dfb de5 0 0
df3 df4 e12 0 0
e12 e33 e10 0 0
e28 e10 e33 0 0
d8b dbd dab 0 0
de7 de1 dbd 0 0
e1d e07 e28 0 0
e07 e0f dff 0 0
dff e08 de7 0 0
ca3 c9a cb6 0 0
cb6 cd4 ca3 0 0
c7c ca3 c6f 0 0
c54 c43 c6f 0 0
ae9 acc a93 0 0
a2f a46 a93 0 0
acc b42 b1d 0 0
bbb bdb b6f 0 0
b42 b6f b1d 0 0
c17 c0e c30 0 0
bbb c17 bdb 0 0
c54 c30 c43 0 0
836 824 876 0 0
8b6 836 876 0 0
959 8d7 939 0 0
855 8b6 8d7 0 0
9ab 959 99c 0 0
9ab 99c 9ed 0 0
824 7ce 7d0 0 0
9e2 9ed a2f 0 0
852 8af 8c8 0 0
8c8 8fe 920 0 0
7fa 821 852 0 0
98f 920 963 0 0
98f 963 9f3 0 0
a9d a73 a3c 0 0
a14 a3c 9f3 0 0
a9d ad9 af9 0 0
c98 caa ca8 0 0
cf5 ce5 ccb 0 0
d11 ce5 d0c 0 0
ccb ca8 caa 0 0
c65 c2d c0f 0 0
c53 c2d c65 0 0
c4d c53 c73 0 0
c8a c73 cb9 0 0
c8a caa c98 0 0
b62 bba baf 0 0
baf bff c0f 0 0
b62 af9 b3d 0 0
d3f d11 d2e 0 0
d38 d3f d5b 0 0
d5a d68 d7f 0 0
d38 d5b d68 0 0
d89 d7f d9c 0 0
d89 da3 d9f 0 0
d8c d94 d64 0 0
dbb d8c d9f 0 0
7ce 787 785 0 0
787 71e 739 0 0
739 71e 6d1 0 0
6aa 6d1 67a 0 0
6b2 6aa 696 0 0
705 718 6ce 0 0
696 6ce 6b2 0 0
759 793 79f 0 0
759 705 753 0 0
79f 7e7 7e5 0 0
7fa 7e5 821 0 0
d94 dbc db5 0 0
d8f db5 dac 0 0
da7 dac db9 0 0
dce deb de4 0 0
db9 dd6 db2 0 0
dd6 dd7 db2 0 0
dce dd7 deb 0 0
d79 d8b dab 0 0
d52 d79 d3a 0 0
d2b d52 d37 0 0
d0f d2b d05 0 0
cdb d0f cf0 0 0
cd4 d06 cdb 0 0
e29 e47 e3c 0 0
e39 e1c e3c 0 0
e1b e38 e29 0 0
e33 e12 e39 0 0
e1b dfb e0b 0 0
de4 deb dfb 0 0
e28 e33 e5a 0 0
dbd de1 dab 0 0
de1 de7 e08 0 0
e0f e07 e1d 0 0
e1d e28 e3b 0 0
e0f e08 dff 0 0
cd4 cdb ca3 0 0
c82 c6f ca3 0 0
c54 c6f c82 0 0
a93 acc a6e 0 0
a2f a93 a6e 0 0
acc b1d ae2 0 0
b6f bdb b89 0 0
b2d b1d b6f 0 0
c37 c17 c30 0 0
c17 c34 bdb 0 0
c30 c54 c37 0 0
836 7ce 824 0 0
855 836 8b6 0 0
908 8d7 959 0 0
833 855 8d7 0 0
979 959 9ab 0 0
9e2 9ab 9ed 0 0
9f1 9e2 a2f 0 0
852 85c 8af 0 0
8c8 8af 8fe 0 0
920 8fe 963 0 0
852 821 85c 0 0
997 9f3 963 0 0
a9d a3c a4c 0 0
a17 a3c a14 0 0
a14 9f3 9e5 0 0
ad9 a9d ab9 0 0
b10 af9 ad9 0 0
d0c ce5 cf5 0 0
cf5 ccb cf4 0 0
d0c d2e d11 0 0
cb9 ccb caa 0 0
c65 c0f c29 0 0
c65 c73 c53 0 0
c65 cb9 c73 0 0
c8a cb9 caa 0 0
bba b62 b7b 0 0
bba bd1 baf 0 0
bd1 bff baf 0 0
bff c29 c0f 0 0
af9 b10 b3d 0 0
b62 b3d b7b 0 0
d2e d53 d3f 0 0
d5b d3f d72 0 0
d7f d68 d85 0 0
d5b d85 d68 0 0
d7f d85 d9c 0 0
d89 d9c da3 0 0
d9f da3 dc2 0 0
d94 d8c dae 0 0
d8c dbb dae 0 0
d9f dbe dbb 0 0
787 7ce 7ed 0 0
787 796 71e 0 0
6d1 71e 6d7 0 0
6d1 6a5 67a 0 0
6aa 67a 679 0 0
696 6aa 679 0 0
6ce 6bb 705 0 0
6bb 6ce 696 0 0
759 753 793 0 0
79f 793 7e7 0 0
705 73e 753 0 0
7e5 7e7 84a 0 0
7e5 84a 821 0 0
dbc d94 dae 0 0
dde db5 dbc 0 0
db5 dc8 dac 0 0
dac dc8 db9 0 0
db9 dc8 dd6 0 0
dd7 dd6 ded 0 0
dd7 ded deb 0 0
d79 dab da4 0 0
d3a d79 d5d 0 0
d52 d3a d37 0 0
d2b d37 d0b 0 0
d0b d05 d2b 0 0
cf0 d0f d05 0 0
cc3 cdb cf0 0 0
e29 e38 e47 0 0
e47 e56 e3c 0 0
e39 e3c e56 0 0
e22 e38 e1b 0 0
e39 e52 e33 0 0
df9 e0b dfb 0 0
e0b e22 e1b 0 0
deb df9 dfb 0 0
e33 e52 e5a 0 0
e69 e28 e5a 0 0
dab de1 dc0 0 0
de1 e08 e09 0 0
e1d e1f e0f 0 0
e3b e28 e69 0 0
e1f e1d e3b 0 0
e08 e0f e1f 0 0
cb2 ca3 cdb 0 0
ca3 cb2 c82 0 0
c54 c82 c34 0 0
a9c a6e acc 0 0
a2f a6e a32 0 0
b1d b2d ae2 0 0
ae2 a9c acc 0 0
bdb be4 b89 0 0
b56 b6f b89 0 0
b2d b6f b56 0 0
c17 c37 c34 0 0
bdb c34 be4 0 0
c54 c34 c37 0 0
7ed 7ce 836 0 0
855 7ed 836 0 0
908 833 8d7 0 0
979 908 959 0 0
7ed 855 833 0 0
9ba 979 9ab 0 0
9ba 9ab 9e2 0 0
9f1 9ba 9e2 0 0
a32 9f1 a2f 0 0
85c 88d 8af 0 0
8fe 8af 8f7 0 0
8fe 8f7 963 0 0
821 84a 85c 0 0
9e5 9f3 997 0 0
963 8f7 997 0 0
a17 a4c a3c 0 0
a81 a9d a4c 0 0
9e5 a17 a14 0 0
a9d a81 ab9 0 0
ad9 ab9 afc 0 0
b10 ad9 afc 0 0
d0e d0c cf5 0 0
cf4 ccb cb9 0 0
d0e cf5 cf4 0 0
d0c d2d d2e 0 0
c58 c65 c29 0 0
c65 ca4 cb9 0 0
bba b7b bc7 0 0
bd1 bba bf9 0 0
bf9 bff bd1 0 0
c29 bff c23 0 0
b3d b10 b46 0 0
b3d b46 b7b 0 0
d2e d4c d53 0 0
d72 d3f d53 0 0
d85 d5b d72 0 0
d9c d85 dad 0 0
da3 d9c dc2 0 0
dbe d9f dc2 0 0
dbb dd0 dae 0 0
dbe dd4 dbb 0 0
7ed 796 787 0 0
71e 796 737 0 0
71e 6c6 6d7 0 0
6d1 6d7 6a5 0 0
6a5 680 67a 0 0
679 67a 661 0 0
67d 696 679 0 0
705 6bb 6f6 0 0
696 67d 6bb 0 0
753 783 793 0 0
793 7db 7e7 0 0
705 6f6 73e 0 0
753 73e 783 0 0
7e7 867 84a 0 0
dbc dae dd0 0 0
dda db5 dde 0 0
dbc dd9 dde 0 0
dc8 db5 dda 0 0
dc8 de3 dd6 0 0
dd6 df0 ded 0 0
deb ded df9 0 0
da4 dab dc0 0 0
d7d d79 da4 0 0
d5d d79 d7d 0 0
d4d d3a d5d 0 0
d37 d3a d0b 0 0
cd8 d05 d0b 0 0
cf0 d05 cd8 0 0
cc3 cb2 cdb 0 0
cf0 cd8 cc3 0 0
e38 e5e e47 0 0
e47 e5e e56 0 0
e39 e56 e52 0 0
e22 e30 e38 0 0
df9 e05 e0b 0 0
e0b e19 e22 0 0
e5a e52 e6c 0 0
e69 e5a e84 0 0
dc0 de1 dd1 0 0
e09 e08 e23 0 0
de1 e09 dfc 0 0
e5f e3b e69 0 0
e25 e1f e3b 0 0
e1f e25 e08 0 0
ca2 c82 cb2 0 0
c82 c77 c34 0 0
a6e a9c a57 0 0
a6e a57 a32 0 0
ae2 b2d ae7 0 0
a9c ae2 aa3 0 0
b89 be4 b83 0 0
b56 b89 b4a 0 0
b2d b56 b07 0 0
be4 c34 c18 0 0
833 908 8b8 0 0
908 979 948 0 0
7ed 833 796 0 0
979 9ba 9ad 0 0
9ad 9ba 9f1 0 0
9f6 9f1 a32 0 0
85c 84a 88d 0 0
8af 88d 8f7 0 0
997 9c4 9e5 0 0
8f7 96b 997 0 0
a3b a4c a17 0 0
a3b a81 a4c 0 0
9e5 9c4 a17 0 0
a81 ac5 ab9 0 0
ac5 afc ab9 0 0
b10 afc b46 0 0
d2d d0c d0e 0 0
cf3 cf4 cb9 0 0
d0e cf4 d12 0 0
d2d d4c d2e 0 0
c65 c58 c8b 0 0
c58 c29 c44 0 0
ca4 c65 c8b 0 0
ca4 ccd cb9 0 0
bc7 b7b b95 0 0
bba bc7 bf1 0 0
bba bf1 bf9 0 0
bff bf9 c23 0 0
c29 c23 c44 0 0
b7b b46 b95 0 0
d4c d75 d53 0 0
d72 d53 d71 0 0
d85 d72 d99 0 0
dad d85 d99 0 0
dc2 d9c dad 0 0
dd4 dbe dc2 0 0
dd0 dbb dea 0 0
dd4 dea dbb 0 0
796 77c 737 0 0
737 6c6 71e 0 0
6a5 6d7 6c6 0 0
6c6 680 6a5 0 0
680 63f 67a 0 0
661 67a 643 0 0
65d 679 661 0 0
65d 67d 679 0 0
6bb 6dc 6f6 0 0
6bb 67d 6a7 0 0
793 783 7db 0 0
7e7 7db 867 0 0
6f6 72b 73e 0 0
73e 771 783 0 0
84a 867 8f7 0 0
dd9 dbc dd0 0 0
dda dde df7 0 0
dde dd9 dfa 0 0
de3 dc8 dda 0 0
dd6 de3 df0 0 0
ded df0 df6 0 0
ded e05 df9 0 0
dc0 dd1 da4 0 0
d7d da4 d80 0 0
d5d d7d d6e 0 0
d25 d3a d4d 0 0
d6e d4d d5d 0 0
d08 d0b d3a 0 0
cd8 d0b ce1 0 0
cc3 ca2 cb2 0 0
ca7 cc3 cd8 0 0
e38 e49 e5e 0 0
e72 e56 e5e 0 0
e52 e56 e6c 0 0
e19 e30 e22 0 0
e30 e49 e38 0 0
e05 e19 e0b 0 0
e5a e6c e84 0 0
e9a e69 e84 0 0
de1 dfc dd1 0 0
e23 e08 e25 0 0
e2a e09 e23 0 0
e09 e2a dfc 0 0
e5f e3d e3b 0 0
e5f e69 e86 0 0
e3d e25 e3b 0 0
ca2 c77 c82 0 0
c32 c34 c77 0 0
a52 a57 a9c 0 0
a52 a32 a57 0 0
b2d b07 ae7 0 0
ae2 ae7 aa3 0 0
aa3 a52 a9c 0 0
be2 b83 be4 0 0
b89 b83 b4a 0 0
b56 b4a b07 0 0
c18 c34 c32 0 0
be4 c18 be2 0 0
908 948 8b8 0 0
833 8b8 80b 0 0
979 9ad 948 0 0
796 833 77c 0 0
9f6 9ad 9f1 0 0
a29 9f6 a32 0 0
8f7 88d 84a 0 0
96b 9c4 997 0 0
912 96b 8f7 0 0
9ec a3b a17 0 0
a3b a85 a81 0 0
9ec a17 9c4 0 0
a85 ac5 a81 0 0
b03 afc ac5 0 0
b46 afc b40 0 0
d2d d0e d21 0 0
cf4 cf3 d0d 0 0
cf3 cb9 ce9 0 0
d12 cf4 d0d 0 0
d0e d12 d21 0 0
d2d d4a d4c 0 0
c8b c58 c6b 0 0
c58 c44 c6b 0 0
ca4 c8b cbc 0 0
ccd ca4 cbc 0 0
cb9 ccd ce9 0 0
b95 c0a bc7 0 0
c0a bf1 bc7 0 0
bf9 bf1 c1d 0 0
c23 bf9 c1d 0 0
c44 c23 c41 0 0
b46 b40 b95 0 0
d75 d4c d6d 0 0
d53 d75 d71 0 0
d72 d71 d88 0 0
d99 d72 d88 0 0
db1 dad d99 0 0
dc2 dad dcb 0 0
dd4 dc2 de8 0 0
dfa dd0 dea 0 0
de8 dea dd4 0 0
6f1 737 77c 0 0
737 6f1 6c6 0 0
680 6c6 67e 0 0
63f 680 67e 0 0
63f 643 67a 0 0
643 65d 661 0 0
647 67d 65d 0 0
6bb 6a7 6dc 0 0
6f6 6dc 72b 0 0
67d 677 6a7 0 0
783 7ba 7db 0 0
7db 840 867 0 0
73e 72b 771 0 0
783 771 7ba 0 0
8f7 867 912 0 0
dfa dd9 dd0 0 0
dde dfd df7 0 0
dda df7 de3 0 0
dfd dde dfa 0 0
de3 df8 df0 0 0
e04 df6 df0 0 0
ded df6 e05 0 0
dc6 da4 dd1 0 0
d9a d80 da4 0 0
d7d d80 d6e 0 0
d25 d14 d3a 0 0
d31 d25 d4d 0 0
d66 d4d d6e 0 0
d08 ce2 d0b 0 0
d14 d08 d3a 0 0
ce1 d0b ce8 0 0
cd8 ce1 cc1 0 0
ca2 cc3 ca7 0 0
cd8 ca5 ca7 0 0
e49 e59 e5e 0 0
e56 e72 e6c 0 0
e5e e7c e72 0 0
e19 e1a e30 0 0
e49 e30 e43 0 0
e19 e05 e1a 0 0
e84 e6c e7e 0 0
e86 e69 e9a 0 0
e9a e84 e9f 0 0
dc6 dd1 dfc 0 0
e23 e25 e3d 0 0
e23 e40 e2a 0 0
dfc e2a e37 0 0
e3d e5f e40 0 0
e87 e5f e86 0 0
ca2 ca7 c77 0 0
c32 c77 c78 0 0
a29 a32 a52 0 0
aa9 ae7 b07 0 0
aa3 ae7 aa9 0 0
a52 aa3 a49 0 0
b93 b83 be2 0 0
b34 b4a b83 0 0
aca b07 b4a 0 0
be2 c18 c32 0 0
8c7 8b8 948 0 0
80b 8b8 8c7 0 0
77c 833 80b 0 0
948 9ad 9a6 0 0
9ad 9f6 9a6 0 0
9f6 a29 a08 0 0
98b 9c4 96b 0 0
96b 912 98b 0 0
a01 a3b 9ec 0 0
a4d a85 a3b 0 0
98b 9ec 9c4 0 0
ac5 a85 abc 0 0
afc b03 b40 0 0
aea b03 ac5 0 0
d2d d21 d30 0 0
cf3 d0a d0d 0 0
ce9 d0a cf3 0 0
d27 d12 d0d 0 0
d21 d12 d27 0 0
d4a d2d d3e 0 0
d6d d4c d4a 0 0
c8b c6b c96 0 0
c6b c44 c62 0 0
cbc c8b cb8 0 0
ccd cbc ce4 0 0
ce9 ccd cef 0 0
b95 bd7 c0a 0 0
c0a c1d bf1 0 0
c23 c1d c41 0 0
c44 c41 c62 0 0
b95 b40 b85 0 0
d6d d9d d75 0 0
d71 d75 d88 0 0
d88 da5 d99 0 0
dad db1 dc4 0 0
d99 db7 db1 0 0
dcb dad dc4 0 0
dc2 dcb ddc 0 0
de8 dc2 de2 0 0
dea e0e dfa 0 0
de8 dfe dea 0 0
6f1 77c 6e1 0 0
6c6 6f1 67e 0 0
626 63f 67e 0 0
643 63f 624 0 0
647 65d 643 0 0
677 67d 647 0 0
6a7 6ec 6dc 0 0
6dc 6ec 72b 0 0
6a7 677 6a6 0 0
7db 7ba 840 0 0
867 840 8f8 0 0
786 771 72b 0 0
771 786 7ba 0 0
912 867 8f8 0 0
dfd e11 df7 0 0
de3 df7 df8 0 0
dfd dfa e13 0 0
df8 e04 df0 0 0
e05 df6 e04 0 0
d9a da4 dc6 0 0
d80 d9a d7e 0 0
d66 d6e d80 0 0
d25 d04 d14 0 0
d25 d31 d1d 0 0
d31 d4d d47 0 0
d47 d4d d66 0 0
ce4 ce2 d08 0 0
ce2 ce8 d0b 0 0
d14 cff d08 0 0
ccf ce1 ce8 0 0
ccf cc1 ce1 0 0
cd8 cc1 ca5 0 0
c78 ca7 ca5 0 0
e43 e59 e49 0 0
e59 e76 e5e 0 0
e6c e72 e7e 0 0
e5e e76 e7c 0 0
e7c e8a e72 0 0
e31 e30 e1a 0 0
e43 e30 e31 0 0
e05 e04 e1a 0 0
e84 e7e e8a 0 0
e9a ebe e86 0 0
e9f e84 ea2 0 0
e9a e9f eba 0 0
dc6 dfc e0a 0 0
e40 e23 e3d 0 0
e40 e5b e2a 0 0
e2a e5b e37 0 0
dfc e37 e0a 0 0
e5f e5b e40 0 0
e5f e87 e5b 0 0
e87 e86 ebe 0 0
c78 c77 ca7 0 0
c32 c78 c4e 0 0
a52 a49 a29 0 0
aa9 b07 a91 0 0
aa3 aa9 a49 0 0
b93 b5d b83 0 0
b93 be2 bd8 0 0
b34 aca b4a 0 0
b5d b34 b83 0 0
a91 b07 aca 0 0
bd8 be2 c32 0 0
944 8c7 948 0 0
80b 8c7 834 0 0
77e 77c 80b 0 0
944 948 9a6 0 0
9a6 9f6 a08 0 0
a29 a49 a08 0 0
912 8f8 98b 0 0
a01 a4d a3b 0 0
a01 9ec 98b 0 0
a99 a85 a4d 0 0
a99 abc a85 0 0
abc aea ac5 0 0
b16 b40 b03 0 0
b03 aea b16 0 0
d21 d27 d30 0 0
d2d d30 d3e 0 0
d1d d0d d0a 0 0
d0a ce9 d04 0 0
d0d d1d d27 0 0
d4a d3e d57 0 0
d4a d57 d6d 0 0
c6b c7f c96 0 0
c8b c96 cb8 0 0
c6b c62 c7f 0 0
cbc cb8 ce2 0 0
ce4 cbc ce2 0 0
cef ccd ce4 0 0
ce9 cef d04 0 0
b95 b85 bd7 0 0
bd7 c1f c0a 0 0
c0a c3a c1d 0 0
c41 c1d c3a 0 0
c62 c41 c5d 0 0
b40 b3f b85 0 0
d6d d86 d9d 0 0
da2 d75 d9d 0 0
da2 d88 d75 0 0
d88 da2 da5 0 0
db7 d99 da5 0 0
db1 dcc dc4 0 0
db1 db7 dcc 0 0
dcb dc4 ddf 0 0
ddc dcb ddf 0 0
de2 dc2 ddc 0 0
e03 de8 de2 0 0
e0e dea dfe 0 0
e0e e2b dfa 0 0
dfe de8 e03 0 0
6e1 77c 77e 0 0
6f1 6e1 67e 0 0
63f 626 601 0 0
67e 64e 626 0 0
624 63f 601 0 0
61b 643 624 0 0
61b 647 643 0 0
647 638 677 0 0
6a7 6a6 6ec 0 0
72b 6ec 73c 0 0
677 681 6a6 0 0
805 840 7ba 0 0
840 8a9 8f8 0 0
786 72b 73c 0 0
805 7ba 786 0 0
dfd e13 e11 0 0
df7 e11 e26 0 0
df8 df7 e15 0 0
e2c e13 dfa 0 0
e15 e04 df8 0 0
dc6 d96 d9a 0 0
d96 d7e d9a 0 0
d66 d80 d7e 0 0
d0a d04 d25 0 0
d04 cff d14 0 0
d1d d31 d27 0 0
d1d d0a d25 0 0
d27 d31 d47 0 0
d66 d63 d47 0 0
cff ce4 d08 0 0
ce2 ccf ce8 0 0
ccf cb7 cc1 0 0
ca9 ca5 cc1 0 0
c78 ca5 c80 0 0
e4f e59 e43 0 0
e65 e76 e59 0 0
e7e e72 e8a 0 0
e76 e95 e7c 0 0
e7c e95 e8a 0 0
e1a e15 e31 0 0
e31 e4f e43 0 0
e15 e1a e04 0 0
ea2 e84 e8a 0 0
ece ebe e9a 0 0
e9f ea2 eb5 0 0
eba e9f eb5 0 0
ece e9a eba 0 0
dd3 dc6 e0a 0 0
e5b e5c e37 0 0
e0a e37 e4c 0 0
e5b e87 e71 0 0
e87 ebe ead 0 0
c5b c4e c78 0 0
c1f c32 c4e 0 0
aa9 a91 a43 0 0
a49 aa9 a43 0 0
b70 b5d b93 0 0
b92 b93 bd8 0 0
ac7 aca b34 0 0
b34 b5d b12 0 0
a41 a91 aca 0 0
c1f bd8 c32 0 0
909 8c7 944 0 0
834 8c7 88f 0 0
80b 834 7c5 0 0
77e 80b 7c5 0 0
955 944 9a6 0 0
9d4 9a6 a08 0 0
a08 a49 a13 0 0
98b 8f8 991 0 0
a4d a01 a36 0 0
991 a01 98b 0 0
a7f a99 a4d 0 0
ab6 abc a99 0 0
aea abc af1 0 0
b3f b40 b16 0 0
aea af1 b16 0 0
d30 d27 d3b 0 0
d3e d30 d3b 0 0
d57 d3e d51 0 0
d6d d57 d70 0 0
c96 c7f c90 0 0
cb8 c96 cb7 0 0
c7f c62 c76 0 0
ce2 cb8 ccf 0 0
cef ce4 cff 0 0
d04 cef cff 0 0
bd7 b85 bd8 0 0
bd7 bd8 c1f 0 0
c0a c1f c35 0 0
c35 c3a c0a 0 0
c41 c3a c5d 0 0
c62 c5d c76 0 0
b85 b3f b70 0 0
d70 d86 d6d 0 0
d9d d86 da8 0 0
db4 da2 d9d 0 0
da2 dba da5 0 0
dba db7 da5 0 0
dcc ddf dc4 0 0
dcc db7 dcf 0 0
ddc ddf e03 0 0
de2 ddc e03 0 0
e0e dfe e1e 0 0
e0e e35 e2b 0 0
e2b e2c dfa 0 0
e1e dfe e03 0 0
6e1 77e 732 0 0
6e1 64e 67e 0 0
601 626 5eb 0 0
64e 609 626 0 0
624 601 61b 0 0
618 647 61b 0 0
638 647 618 0 0
677 638 681 0 0
6a6 6d3 6ec 0 0
73c 6ec 74f 0 0
6a6 681 6d3 0 0
805 8a9 840 0 0
911 8f8 8a9 0 0
73c 74f 786 0 0
805 786 7b9 0 0
e27 e11 e13 0 0
e27 e26 e11 0 0
e15 df7 e26 0 0
e2c e27 e13 0 0
d96 dc6 da8 0 0
d96 d78 d7e 0 0
d66 d7e d63 0 0
d3b d27 d47 0 0
d51 d47 d63 0 0
cb8 cb7 ccf 0 0
cb7 ca9 cc1 0 0
ca9 c90 ca5 0 0
c90 c80 ca5 0 0
c80 c5b c78 0 0
e4f e65 e59 0 0
e65 e75 e76 0 0
e76 e8b e95 0 0
eab e8a e95 0 0
e31 e15 e3e 0 0
e31 e3e e4f 0 0
ea2 e8a eab 0 0
ebe ece eeb 0 0
eb5 ea2 ecb 0 0
eba eb5 ed3 0 0
ece eba ed9 0 0
da8 dc6 dd3 0 0
e01 dd3 e0a 0 0
e5b e71 e5c 0 0
e37 e5c e4c 0 0
e0a e4c e36 0 0
e87 e93 e71 0 0
ebe ecd ead 0 0
ead e93 e87 0 0
c5b c35 c4e 0 0
c35 c1f c4e 0 0
a22 a43 a91 0 0
a49 a43 a13 0 0
b70 b3f b5d 0 0
b92 b70 b93 0 0
b85 b92 bd8 0 0
ac7 a62 aca 0 0
b12 ac7 b34 0 0
b3f b12 b5d 0 0
a22 a91 a41 0 0
a62 a41 aca 0 0
88f 8c7 909 0 0
955 909 944 0 0
7f1 834 88f 0 0
7c5 834 7f1 0 0
794 77e 7c5 0 0
99a 955 9a6 0 0
99a 9a6 9d4 0 0
9d4 a08 a13 0 0
8f8 911 991 0 0
a01 9f8 a36 0 0
a36 a7f a4d 0 0
9f8 a01 991 0 0
a99 a7f ab6 0 0
abc ab6 af1 0 0
b16 af1 b3f 0 0
d3e d3b d51 0 0
d57 d51 d5e 0 0
d70 d57 d5e 0 0
c7f c76 c90 0 0
c96 c90 ca9 0 0
cb7 c96 ca9 0 0
c3a c35 c5b 0 0
c5d c3a c5b 0 0
c76 c5d c80 0 0
b85 b70 b92 0 0
d86 d70 d78 0 0
d86 d96 da8 0 0
d9d da8 dd3 0 0
dd2 da2 db4 0 0
db4 d9d dc1 0 0
da2 dd2 dba 0 0
dca db7 dba 0 0
dcc de9 ddf 0 0
db7 dca dcf 0 0
dcc dcf de9 0 0
e03 ddf e0d 0 0
e35 e0e e1e 0 0
e53 e2b e35 0 0
e42 e2c e2b 0 0
e3a e1e e03 0 0
732 77e 794 0 0
6e1 732 692 0 0
64e 6e1 692 0 0
626 609 5eb 0 0
5ca 601 5eb 0 0
64e 606 609 0 0
601 5f8 61b 0 0
5f8 618 61b 0 0
638 618 5f9 0 0
638 666 681 0 0
6ec 6d3 74f 0 0
681 69d 6d3 0 0
8a9 805 870 0 0
911 8a9 91f 0 0
74f 7b9 786 0 0
805 7b9 870 0 0
e27 e46 e26 0 0
e15 e26 e3e 0 0
e27 e2c e3f 0 0
d86 d78 d96 0 0
d78 d63 d7e 0 0
d51 d3b d47 0 0
d5e d51 d63 0 0
c90 c76 c80 0 0
c5d c5b c80 0 0
e65 e4f e66 0 0
e65 e66 e75 0 0
e75 e8b e76 0 0
e8b eac e95 0 0
eab e95 eb2 0 0
e4f e3e e66 0 0
ea2 eab ecb 0 0
ece ef3 eeb 0 0
ebe eeb ef7 0 0
ed3 eb5 ecb 0 0
ed3 ed9 eba 0 0
ed9 ef3 ece 0 0
dd3 e01 de6 0 0
e36 e01 e0a 0 0
e5c e71 e64 0 0
e5c e64 e4c 0 0
e4c e63 e36 0 0
e71 e93 e78 0 0
ecd ebe ef5 0 0
ead ecd eb6 0 0
ead eb6 e93 0 0
9fa a43 a22 0 0
9fa a13 a43 0 0
a74 a62 ac7 0 0
ac2 ac7 b12 0 0
af1 b12 b3f 0 0
9cd a22 a41 0 0
a62 9fb a41 0 0
8f0 88f 909 0 0
909 955 8f0 0 0
865 7f1 88f 0 0
794 7c5 7f1 0 0
955 99a 938 0 0
99a 9d4 9a7 0 0
9d4 a13 9a7 0 0
911 91f 991 0 0
a0f a36 9f8 0 0
a74 a7f a36 0 0
a0f 9f8 991 0 0
ac2 ab6 a7f 0 0
ac2 af1 ab6 0 0
d70 d5e d78 0 0
dc1 d9d dd3 0 0
db4 dcd dd2 0 0
dcd db4 dc1 0 0
dba dd2 de0 0 0
dba de0 dca 0 0
ddf de9 e0d 0 0
de0 dcf dca 0 0
de0 de9 dcf 0 0
e03 e0d e4e 0 0
e48 e35 e1e 0 0
e53 e42 e2b 0 0
e53 e35 e58 0 0
e4a e2c e42 0 0
e48 e1e e3a 0 0
e3a e03 e4e 0 0
774 732 794 0 0
692 732 709 0 0
64e 692 640 0 0
609 5d6 5eb 0 0
5dc 601 5ca 0 0
5eb 5d6 5ca 0 0
640 606 64e 0 0
5d6 609 606 0 0
601 5dc 5f8 0 0
5f9 618 5f8 0 0
5f9 5ff 638 0 0
638 639 666 0 0
681 666 69d 0 0
70f 74f 6d3 0 0
70f 6d3 69d 0 0
8a9 870 91f 0 0
798 7b9 74f 0 0
7cf 870 7b9 0 0
e46 e27 e3f 0 0
e26 e46 e54 0 0
e26 e54 e3e 0 0
e2c e4a e3f 0 0
d78 d5e d63 0 0
e66 e80 e75 0 0
e75 e80 e8b 0 0
e8b e9d eac 0 0
eac eb2 e95 0 0
eb2 ec2 eab 0 0
e3e e54 e66 0 0
eab ec2 ecb 0 0
ef3 f0e eeb 0 0
ef7 eeb f0e 0 0
ef5 ebe ef7 0 0
ed3 ecb ee3 0 0
ed3 ef6 ed9 0 0
ed9 ef6 ef3 0 0
de6 e01 e16 0 0
dc1 dd3 de6 0 0
e16 e01 e36 0 0
e64 e71 e63 0 0
e4c e64 e63 0 0
e57 e36 e63 0 0
e78 e93 e85 0 0
e63 e71 e78 0 0
ef5 edd ecd 0 0
ecd edd eb6 0 0
e93 eb6 eaa 0 0
9c5 9fa a22 0 0
9fa 9a7 a13 0 0
a74 a0f a62 0 0
ac2 a74 ac7 0 0
b12 af1 ac2 0 0
9cd 9c5 a22 0 0
9fb 9cd a41 0 0
a0f 9fb a62 0 0
865 88f 8f0 0 0
8f0 955 938 0 0
7f1 865 80c 0 0
794 7f1 774 0 0
99a 9a7 938 0 0
991 91f 9a2 0 0
a0f a74 a36 0 0
a74 ac2 a7f 0 0
9a2 a0f 991 0 0
dcd ddd dd2 0 0
dcd dc1 de6 0 0
df1 de0 dd2 0 0
e0d de9 e06 0 0
de0 df5 de9 0 0
e4e e0d e4b 0 0
e35 e48 e58 0 0
e42 e53 e5d 0 0
e58 e77 e53 0 0
e42 e5d e4a 0 0
e48 e3a e6f 0 0
e3a e4e e6f 0 0
709 732 774 0 0
692 709 691 0 0
62f 640 692 0 0
5cc 5dc 5ca 0 0
5ca 5d6 5a1 0 0
606 640 62f 0 0
5bc 5d6 606 0 0
5f8 5dc 5cc 0 0
5f8 5cc 5f9 0 0
5f9 5d0 5ff 0 0
638 5ff 639 0 0
666 639 676 0 0
676 69d 666 0 0
70f 77d 74f 0 0
70f 69d 6be 0 0
870 957 91f 0 0
798 7cf 7b9 0 0
74f 77d 798 0 0
84c 870 7cf 0 0
e55 e46 e3f 0 0
e54 e46 e61 0 0
e55 e3f e4a 0 0
e66 e81 e80 0 0
e80 e8e e8b 0 0
e9d e8b e8e 0 0
e9d eaf eac 0 0
ec4 eb2 eac 0 0
ec2 eb2 ec4 0 0
e66 e54 e6d 0 0
ecb ec2 edf 0 0
f1a f0e ef3 0 0
f11 ef7 f0e 0 0
ef5 ef7 f11 0 0
ee3 ecb ee8 0 0
ef6 ed3 ee3 0 0
ef3 ef6 f1a 0 0
df2 de6 e16 0 0
e57 e16 e36 0 0
e57 e63 e78 0 0
e93 eaa e85 0 0
e57 e78 e85 0 0
edd ef5 f19 0 0
eb6 edd eaa 0 0
9c5 99b 9fa 0 0
99b 9a7 9fa 0 0
9cd 97e 9c5 0 0
9cd 9fb 9c6 0 0
a0f 9a2 9fb 0 0
865 8f0 897 0 0
897 8f0 938 0 0
865 897 80c 0 0
78d 7f1 80c 0 0
774 7f1 78d 0 0
941 938 9a7 0 0
957 9a2 91f 0 0
ddd dcd de6 0 0
ddd df2 dd2 0 0
e02 de0 df1 0 0
dd2 df2 df1 0 0
de9 df5 e06 0 0
e06 e20 e0d 0 0
de0 e02 df5 0 0
e0d e20 e4b 0 0
e4e e4b e82 0 0
e67 e58 e48 0 0
e79 e5d e53 0 0
e58 e73 e77 0 0
e53 e77 e79 0 0
e5d e55 e4a 0 0
e48 e6f e67 0 0
e88 e6f e4e 0 0
78d 709 774 0 0
691 709 6f8 0 0
62f 692 691 0 0
5cc 5ca 5a0 0 0
5d6 5bc 5a1 0 0
5ca 5a1 5a0 0 0
5da 606 62f 0 0
606 5da 5bc 0 0
5cc 5d0 5f9 0 0
5d0 5af 5ff 0 0
639 5ff 61d 0 0
676 639 650 0 0
676 6be 69d 0 0
77d 70f 76b 0 0
725 70f 6be 0 0
957 870 90c 0 0
77d 7cf 798 0 0
870 84c 90c 0 0
7cf 7b5 84c 0 0
e61 e46 e55 0 0
e54 e61 e7a 0 0
e6d e81 e66 0 0
e80 e81 e8e 0 0
e8e e9b e9d 0 0
e9d e9b eaf 0 0
eaf ec9 eac 0 0
ec4 eac ec9 0 0
ec4 edf ec2 0 0
e6d e54 e7a 0 0
ee8 ecb edf 0 0
f3a f0e f1a 0 0
f11 f0e f3a 0 0
f16 ef5 f11 0 0
ee3 ee8 f01 0 0
ef6 ee3 f01 0 0
f1a ef6 f12 0 0
ddd de6 df2 0 0
df2 e16 e24 0 0
e24 e16 e57 0 0
e92 e85 eaa 0 0
e74 e57 e85 0 0
f19 ef5 f16 0 0
f19 f07 edd 0 0
edd ec7 eaa 0 0
9c5 974 99b 0 0
93c 9a7 99b 0 0
97e 9cd 957 0 0
97e 974 9c5 0 0
9c6 9fb 9be 0 0
9cd 9c6 9a3 0 0
9a2 9be 9fb 0 0
8e0 897 938 0 0
81b 80c 897 0 0
7bc 78d 80c 0 0
8e0 938 941 0 0
941 9a7 93c 0 0
9a3 9a2 957 0 0
e02 df1 e17 0 0
df1 df2 e0c 0 0
e06 df5 e18 0 0
e20 e06 e18 0 0
e18 df5 e02 0 0
e20 e34 e4b 0 0
e4b e70 e82 0 0
e4e e82 e88 0 0
e73 e58 e67 0 0
e79 e6e e5d 0 0
e9c e77 e73 0 0
e77 e98 e79 0 0
e6e e55 e5d 0 0
e89 e67 e6f 0 0
e6f e88 e9e 0 0
78d 6f8 709 0 0
691 6f8 64a 0 0
62f 691 64a 0 0
5a0 5a7 5cc 0 0
5a1 5bc 597 0 0
5a0 5a1 570 0 0
5da 62f 5d9 0 0
5da 59a 5bc 0 0
5cc 5a7 5d0 0 0
5a7 5af 5d0 0 0
5ff 5af 5fb 0 0
61d 5ff 5fb 0 0
639 61d 650 0 0
676 650 690 0 0
676 690 6be 0 0
70f 725 76b 0 0
77d 76b 7b5 0 0
6dd 725 6be 0 0
957 90c 97e 0 0
7cf 77d 7b5 0 0
90c 84c 8cf 0 0
7b5 802 84c 0 0
e6e e61 e55 0 0
e7a e61 e6e 0 0
e7a e81 e6d 0 0
e81 e9b e8e 0 0
e9b eb3 eaf 0 0
eaf eb3 ec9 0 0
edf ec4 ec9 0 0
ee8 edf efb 0 0
f3a f1a f4d 0 0
f16 f11 f3a 0 0
f01 ee8 efb 0 0
ef6 f01 f12 0 0
f1a f12 f2f 0 0
e0c df2 e24 0 0
e4d e24 e57 0 0
e92 e74 e85 0 0
e92 eaa ea8 0 0
e74 e4d e57 0 0
f16 f3a f19 0 0
f19 f32 f07 0 0
edd f07 ee6 0 0
edd ee6 ec7 0 0
eaa ec7 ea8 0 0
974 946 99b 0 0
946 93c 99b 0 0
9cd 9a3 957 0 0
97e 90c 974 0 0
9c6 9be 9a3 0 0
9be 9a2 9a3 0 0
848 897 8e0 0 0
81b 7bc 80c 0 0
897 848 81b 0 0
795 78d 7bc 0 0
901 8e0 941 0 0
901 941 93c 0 0
e17 df1 e0c 0 0
e14 e02 e17 0 0
e20 e18 e34 0 0
e14 e18 e02 0 0
e34 e50 e4b 0 0
e4b e50 e70 0 0
e82 e70 e97 0 0
e88 e82 ea7 0 0
e89 e73 e67 0 0
e79 e96 e6e 0 0
e9c e98 e77 0 0
e9c e73 e89 0 0
e79 e98 e96 0 0
ea9 e89 e6f 0 0
e9e e88 eb0 0 0
ea9 e6f e9e 0 0
763 6f8 78d 0 0
64a 6f8 6a2 0 0
5d9 62f 64a 0 0
5a0 583 5a7 0 0
5bc 59a 597 0 0
5a1 597 571 0 0
5a1 571 570 0 0
570 583 5a0 0 0
5da 5d9 59a 0 0
583 5af 5a7 0 0
5fb 5af 5e2 0 0
5fb 61e 61d 0 0
61d 61e 650 0 0
650 67c 690 0 0
690 6dd 6be 0 0
725 79b 76b 0 0
79b 7b5 76b 0 0
6dd 72a 725 0 0
84c 857 8cf 0 0
90c 8cf 946 0 0
7b5 79b 802 0 0
84c 802 857 0 0
e6e e96 e7a 0 0
e7a e8f e81 0 0
e81 e8f e9b 0 0
ea4 eb3 e9b 0 0
eb3 ec6 ec9 0 0
edf ec9 ede 0 0
efb edf efd 0 0
f1a f2f f4d 0 0
f3a f4d f83 0 0
efb f17 f01 0 0
f12 f01 f1b 0 0
f12 f1b f2f 0 0
e0c e24 e21 0 0
e24 e4d e32 0 0
e74 e92 e94 0 0
e92 ea8 e94 0 0
e4d e74 e68 0 0
f3a f5c f19 0 0
f19 f5c f32 0 0
f07 f32 f08 0 0
ee6 f07 f08 0 0
ec7 ee6 eda 0 0
ea8 ec7 eb8 0 0
974 90c 946 0 0
946 8cf 93c 0 0
8e0 8a1 848 0 0
81b 7eb 7bc 0 0
848 7eb 81b 0 0
763 78d 795 0 0
7bc 799 795 0 0
8e0 901 8a1 0 0
8c1 901 93c 0 0
e21 e17 e0c 0 0
e14 e17 e2e 0 0
e18 e41 e34 0 0
e2e e18 e14 0 0
e50 e34 e41 0 0
e70 e50 e60 0 0
e70 e8c e97 0 0
e82 e97 eae 0 0
ea7 e82 eae 0 0
eb0 e88 ea7 0 0
ed4 e98 e9c 0 0
ebd e9c e89 0 0
ec5 e96 e98 0 0
ebd e89 ea9 0 0
e9e eb0 ed5 0 0
ea9 e9e ed5 0 0
745 6f8 763 0 0
6a2 6f8 700 0 0
64a 6a2 63b 0 0
5d9 64a 5d1 0 0
597 59a 571 0 0
570 571 54a 0 0
583 570 54d 0 0
5d9 587 59a 0 0
583 568 5af 0 0
5af 5ab 5e2 0 0
5fb 5e2 61e 0 0
650 61e 657 0 0
657 67c 650 0 0
67c 6c9 690 0 0
690 6c9 6dd 0 0
72a 79b 725 0 0
6dd 6c9 72a 0 0
857 86c 8cf 0 0
815 802 79b 0 0
802 83a 857 0 0
e7a e96 e90 0 0
e8f e7a e90 0 0
e8f ea4 e9b 0 0
ea4 eb7 eb3 0 0
eb7 ec6 eb3 0 0
ec6 ed8 ec9 0 0
ec9 ed8 ede 0 0
ef0 edf ede 0 0
ef0 efd edf 0 0
efb efd f17 0 0
f4d f2f f47 0 0
f83 f4d f73 0 0
f7a f3a f83 0 0
f01 f17 f1b 0 0
f1b f31 f2f 0 0
e21 e24 e32 0 0
e32 e4d e44 0 0
e74 e94 e68 0 0
e94 ea8 eb8 0 0
e4d e68 e44 0 0
f5c f3a f7a 0 0
f5c f77 f32 0 0
f32 f3e f08 0 0
ee6 f08 eda 0 0
ec7 eda eb8 0 0
8cf 8c1 93c 0 0
815 848 8a1 0 0
7eb 7af 7bc 0 0
7c0 7eb 848 0 0
770 763 795 0 0
7bc 7af 799 0 0
770 795 799 0 0
8c1 8a1 901 0 0
e2f e17 e21 0 0
e2e e17 e2d 0 0
e41 e18 e2e 0 0
e60 e50 e41 0 0
e7b e70 e60 0 0
e8c e70 e7b 0 0
e8c ea6 e97 0 0
eae e97 ebb 0 0
ecc ea7 eae 0 0
eb0 ea7 ed1 0 0
e98 ed4 ec5 0 0
ed7 ed4 e9c 0 0
ed7 e9c ebd 0 0
eca e96 ec5 0 0
ebd ea9 ee4 0 0
eb0 ed1 ed5 0 0
ee4 ea9 ed5 0 0
700 6f8 745 0 0
770 745 763 0 0
6a2 700 6fb 0 0
63b 6a2 68a 0 0
5d1 64a 63b 0 0
5d9 5d1 587 0 0
59a 545 571 0 0
545 54a 571 0 0
570 54a 54d 0 0
583 54d 568 0 0
59a 587 545 0 0
5af 568 554 0 0
5ab 5af 554 0 0
5e2 5ab 5e6 0 0
5e2 5e6 61e 0 0
61e 644 657 0 0
657 67b 67c 0 0
67b 6c9 67c 0 0
762 79b 72a 0 0
6c9 71b 72a 0 0
83a 86c 857 0 0
8c1 8cf 86c 0 0
815 83a 802 0 0
7a5 815 79b 0 0
e96 ea5 e90 0 0
e90 e99 e8f 0 0
e8f e99 ea4 0 0
ea4 eb1 eb7 0 0
eb7 ec8 ec6 0 0
ec6 ec8 ed8 0 0
ed8 ef0 ede 0 0
f0c efd ef0 0 0
f17 efd f0c 0 0
f2f f31 f47 0 0
f47 f5f f4d 0 0
f73 f4d f5f 0 0
f73 f87 f83 0 0
f7a f83 fae 0 0
f1b f17 f31 0 0
e21 e32 e2f 0 0
e32 e44 e2f 0 0
e7d e68 e94 0 0
ec0 e94 eb8 0 0
e45 e44 e68 0 0
f7a f95 f5c 0 0
f5c f95 f77 0 0
f32 f77 f3e 0 0
f08 f3e f0b 0 0
eda f08 eed 0 0
ec0 eb8 eda 0 0
815 7c0 848 0 0
8c1 815 8a1 0 0
7b7 7af 7eb 0 0
7c0 7b7 7eb 0 0
7af 78a 799 0 0
750 770 799 0 0
e2d e17 e2f 0 0
e2e e2d e45 0 0
e51 e41 e2e 0 0
e6a e60 e41 0 0
e60 e6a e7b 0 0
e8d e8c e7b 0 0
ea6 e8c ea0 0 0
eb4 e97 ea6 0 0
ebb e97 eb4 0 0
eae ebb ed6 0 0
ea7 ecc ed1 0 0
eae ed6 ecc 0 0
efc ec5 ed4 0 0
eff ed4 ed7 0 0
eef ed7 ebd 0 0
ebf e96 eca 0 0
ec5 ef8 eca 0 0
ebd ee4 eef 0 0
ed5 ed1 f02 0 0
f0f ee4 ed5 0 0
6fb 700 745 0 0
74e 745 770 0 0
68a 6a2 6fb 0 0
65c 63b 68a 0 0
5d1 63b 5ee 0 0
587 5d1 57f 0 0
51c 54a 545 0 0
54d 54a 51c 0 0
54d 53b 568 0 0
587 53e 545 0 0
568 53b 554 0 0
5ab 554 57a 0 0
5ab 5b7 5e6 0 0
61e 5e6 614 0 0
614 644 61e 0 0
644 67b 657 0 0
6bf 6c9 67b 0 0
79b 762 7a5 0 0
72a 71b 762 0 0
731 71b 6c9 0 0
815 86c 83a 0 0
815 8c1 86c 0 0
7ad 815 7a5 0 0
e96 ebf ea5 0 0
e90 ea5 e99 0 0
ea4 e99 ea3 0 0
ea3 eb1 ea4 0 0
eb1 ec8 eb7 0 0
ec8 edc ed8 0 0
ed8 edc ef0 0 0
ef4 f0c ef0 0 0
f17 f0c f25 0 0
f47 f31 f48 0 0
f47 f52 f5f 0 0
f73 f5f f79 0 0
f73 f79 f87 0 0
f87 f9e f83 0 0
fae f83 fb7 0 0
f95 f7a fae 0 0
f17 f34 f31 0 0
e44 e45 e2f 0 0
e7d e62 e68 0 0
e7d e94 ea1 0 0
e94 ec0 ea1 0 0
e62 e45 e68 0 0
f95 fa2 f77 0 0
f77 f6f f3e 0 0
f0b f3e f28 0 0
eed f08 f0b 0 0
ec0 eda eed 0 0
7ad 7c0 815 0 0
7b7 78a 7af 0 0
7c0 78a 7b7 0 0
78a 750 799 0 0
750 74e 770 0 0
e45 e2d e2f 0 0
e51 e2e e45 0 0
e41 e51 e6a 0 0
e7f e7b e6a 0 0
e8c e8d ea0 0 0
e8d e7b e91 0 0
ea6 ea0 ec3 0 0
eb9 eb4 ea6 0 0
eb4 ed2 ebb 0 0
ed0 ed6 ebb 0 0
ecc eec ed1 0 0
ecc ed6 ee5 0 0
ef8 ec5 efc 0 0
efc ed4 f0a 0 0
f0a ed4 eff 0 0
f03 eff ed7 0 0
f03 ed7 eef 0 0
ebf eca eee 0 0
eca ef8 eee 0 0
eef ee4 f1e 0 0
ed1 eec f02 0 0
f0f ed5 f02 0 0
f1e ee4 f0f 0 0
74e 6fb 745 0 0
699 68a 6fb 0 0
65c 617 63b 0 0
699 65c 68a 0 0
617 5ee 63b 0 0
5c0 5d1 5ee 0 0
57f 5d1 599 0 0
57f 53e 587 0 0
50f 51c 545 0 0
53b 54d 51c 0 0
545 53e 516 0 0
53b 525 554 0 0
554 52b 57a 0 0
5ab 57a 5b7 0 0
5b7 5dd 5e6 0 0
5dd 614 5e6 0 0
614 645 644 0 0
645 67b 644 0 0
6bf 731 6c9 0 0
675 6bf 67b 0 0
778 7a5 762 0 0
731 762 71b 0 0
7ad 7a5 778 0 0
ea5 ebf ec1 0 0
e99 ea5 ea3 0 0
ea3 ea5 eb1 0 0
eb1 ec1 ec8 0 0
ec8 ec1 edc 0 0
edc ef4 ef0 0 0
ef4 ef9 f0c 0 0
f1d f25 f0c 0 0
f25 f34 f17 0 0
f34 f48 f31 0 0
f47 f48 f52 0 0
f52 f58 f5f 0 0
f5f f63 f79 0 0
f87 f79 f93 0 0
f87 f93 f9e 0 0
f83 f9e fb7 0 0
fb7 fdb fae 0 0
f95 fae fc2 0 0
e62 e7d e6b 0 0
e7d ea1 e83 0 0
ec0 edb ea1 0 0
e51 e45 e62 0 0
fc2 fa2 f95 0 0
fa2 f9a f77 0 0
f77 f85 f6f 0 0
f6f f56 f3e 0 0
f28 f3e f56 0 0
ef2 f0b f28 0 0
eed f0b edb 0 0
ec0 eed edb 0 0
7ad 755 7c0 0 0
755 78a 7c0 0 0
78a 704 750 0 0
74e 750 6fb 0 0
e6a e51 e6b 0 0
e7b e7f e91 0 0
e7f e6a e83 0 0
ea0 e8d e91 0 0
ec3 ea0 ebc 0 0
eb9 ea6 ec3 0 0
eb4 eb9 ecf 0 0
ed2 eb4 ecf 0 0
ebb ed2 ed0 0 0
ee2 ed6 ed0 0 0
ecc ee5 eec 0 0
ef1 ee5 ed6 0 0
efc f24 ef8 0 0
efc f0a f39 0 0
f0a eff f2d 0 0
f1f eff f03 0 0
f03 eef f1e 0 0
ebf eee ee0 0 0
eee ef8 f10 0 0
f02 eec f06 0 0
f0f f02 f27 0 0
f3d f1e f0f 0 0
6e0 699 6fb 0 0
617 65c 64c 0 0
65c 699 64c 0 0
617 5d4 5ee 0 0
5c0 599 5d1 0 0
5d4 5c0 5ee 0 0
57f 599 561 0 0
53e 57f 561 0 0
51c 50f 4f3 0 0
50f 545 516 0 0
51c 525 53b 0 0
516 53e 501 0 0
525 508 554 0 0
554 508 52b 0 0
52b 55c 57a 0 0
57a 596 5b7 0 0
5ba 5dd 5b7 0 0
5dd 607 614 0 0
607 645 614 0 0
675 67b 645 0 0
755 731 6bf 0 0
66d 6bf 675 0 0
778 762 731 0 0
778 755 7ad 0 0
ebf ee0 ec1 0 0
ea5 ec1 eb1 0 0
ec1 ee0 edc 0 0
edc ee0 ef4 0 0
ee0 ef9 ef4 0 0
ef9 f09 f0c 0 0
f1d f36 f25 0 0
f1d f0c f09 0 0
f36 f34 f25 0 0
f48 f34 f4a 0 0
f52 f48 f58 0 0
f5f f58 f63 0 0
f79 f63 f7e 0 0
f93 f79 f7e 0 0
f9e f93 fa6 0 0
fb7 f9e fbe 0 0
fb7 fd3 fdb 0 0
fe1 fae fdb 0 0
fae fe1 fc2 0 0
e6b e7d e83 0 0
e51 e62 e6b 0 0
e91 e83 ea1 0 0
ebc ea1 edb 0 0
fc2 fc0 fa2 0 0
fa2 fc0 f9a 0 0
f77 f9a f85 0 0
f85 f84 f6f 0 0
f56 f6f f84 0 0
f28 f56 f33 0 0
ef2 edb f0b 0 0
f0d ef2 f28 0 0
755 704 78a 0 0
750 704 6e0 0 0
750 6e0 6fb 0 0
e6a e6b e83 0 0
e91 e7f e83 0 0
ea0 e91 ebc 0 0
ec3 ebc ef2 0 0
ecf eb9 ec3 0 0
ed2 ecf ee1 0 0
ee2 ed0 ed2 0 0
ee7 ed6 ee2 0 0
efe eec ee5 0 0
f00 ee5 ef1 0 0
ee7 ef1 ed6 0 0
f24 efc f39 0 0
ef8 f24 f18 0 0
f2d f39 f0a 0 0
f1f f2d eff 0 0
f1f f03 f1e 0 0
eee ef9 ee0 0 0
ef8 f18 f10 0 0
eee f10 f09 0 0
efe f06 eec 0 0
f02 f06 f21 0 0
f2b f27 f02 0 0
f3d f0f f27 0 0
f54 f1e f3d 0 0
699 6e0 6b3 0 0
617 64c 611 0 0
64c 699 687 0 0
5d4 617 5e5 0 0
599 5c0 58c 0 0
5c0 5d4 58c 0 0
561 599 58c 0 0
53e 561 522 0 0
50f 4f1 4f3 0 0
4ea 51c 4f3 0 0
50f 516 4f1 0 0
51c 508 525 0 0
53e 522 501 0 0
501 4f1 516 0 0
52b 508 4d9 0 0
52b 543 55c 0 0
57a 55c 596 0 0
5b7 596 5ba 0 0
5b6 5dd 5ba 0 0
5b6 607 5dd 0 0
607 63e 645 0 0
645 63e 675 0 0
731 755 778 0 0
6bf 6cf 755 0 0
6cf 6bf 66d 0 0
66d 675 63e 0 0
eee f09 ef9 0 0
f1d f26 f36 0 0
f10 f1d f09 0 0
f36 f4a f34 0 0
f4a f58 f48 0 0
f58 f4a f63 0 0
f6d f7e f63 0 0
f99 f93 f7e 0 0
fa6 f93 f99 0 0
f9e fa6 fbe 0 0
fb7 fbe fd3 0 0
fd3 ff1 fdb 0 0
fe1 fdb ff5 0 0
fed fc2 fe1 0 0
ebc e91 ea1 0 0
ef2 ebc edb 0 0
fc0 fc2 fed 0 0
f9a fc0 fa7 0 0
f85 f9a f84 0 0
f56 f84 f71 0 0
f40 f33 f56 0 0
f22 f28 f33 0 0
f0d ee9 ef2 0 0
f22 f0d f28 0 0
6cf 704 755 0 0
704 69c 6e0 0 0
ee9 ec3 ef2 0 0
ecf ec3 ee9 0 0
ee1 ecf ee9 0 0
eea ed2 ee1 0 0
eea ee2 ed2 0 0
f05 ee7 ee2 0 0
ee5 f00 efe 0 0
ef1 f13 f00 0 0
ef1 ee7 f05 0 0
f24 f39 f3f 0 0
f2c f18 f24 0 0
f39 f2d f60 0 0
f1f f45 f2d 0 0
f45 f1f f1e 0 0
f10 f18 f26 0 0
f06 efe f15 0 0
f21 f06 f15 0 0
f2b f02 f21 0 0
f27 f2b f50 0 0
f3d f27 f50 0 0
f54 f45 f1e 0 0
f59 f54 f3d 0 0
697 6b3 6e0 0 0
687 699 6b3 0 0
611 64c 612 0 0
617 611 5e5 0 0
687 667 64c 0 0
5d4 5e5 5ae 0 0
58c 5d4 5ae 0 0
550 561 58c 0 0
522 561 550 0 0
4f3 4f1 4ca 0 0
508 51c 4ea 0 0
4f3 4ca 4ea 0 0
4e4 501 522 0 0
501 4cb 4f1 0 0
508 4cf 4d9 0 0
4d9 50c 52b 0 0
52b 50c 543 0 0
55c 543 579 0 0
579 596 55c 0 0
5b6 5ba 596 0 0
5b6 5d2 607 0 0
620 63e 607 0 0
66d 688 6cf 0 0
633 66d 63e 0 0
f10 f26 f1d 0 0
f26 f37 f36 0 0
f4b f4a f36 0 0
f63 f4a f4b 0 0
f6d f69 f7e 0 0
f6d f63 f5e 0 0
f99 f7e f7f 0 0
f99 fbd fa6 0 0
fbe fa6 fbd 0 0
fbe fd7 fd3 0 0
ff1 fd3 fd7 0 0
fdb ff1 ff5 0 0
fe1 ff5 1000 0 0
fed fe1 1000 0 0
fc0 fed fcb 0 0
fa7 fc0 fcb 0 0
f84 f9a fa7 0 0
f84 f90 f71 0 0
f5a f56 f71 0 0
f40 f29 f33 0 0
f5a f40 f56 0 0
f29 f22 f33 0 0
efa ee9 f0d 0 0
f14 f0d f22 0 0
6cf 688 704 0 0
688 69c 704 0 0
69c 697 6e0 0 0
efa ee1 ee9 0 0
eea ee1 efa 0 0
ee2 eea f04 0 0
f04 f05 ee2 0 0
f20 efe f00 0 0
ef1 f05 f13 0 0
f20 f00 f13 0 0
f3f f39 f4c 0 0
f24 f3f f42 0 0
f18 f2c f26 0 0
f2c f24 f3c 0 0
f60 f2d f45 0 0
f39 f60 f67 0 0
f15 efe f20 0 0
f21 f15 f2a 0 0
f2b f21 f44 0 0
f50 f2b f44 0 0
f66 f3d f50 0 0
f54 f6e f45 0 0
f54 f59 f6c 0 0
f59 f3d f66 0 0
6b3 697 687 0 0
64c 623 612 0 0
612 5f6 611 0 0
5f6 5e5 611 0 0
687 697 667 0 0
64c 667 623 0 0
5ae 5e5 5cf 0 0
56f 58c 5ae 0 0
550 58c 558 0 0
52f 522 550 0 0
4f1 4cb 4ca 0 0
508 4ea 4cf 0 0
4ea 4ca 4cf 0 0
501 4e4 4cb 0 0
522 4ff 4e4 0 0
4d9 4cf 4a1 0 0
4d9 4d6 50c 0 0
543 50c 535 0 0
579 543 55e 0 0
579 5b6 596 0 0
5b6 594 5d2 0 0
5d2 60b 607 0 0
633 63e 620 0 0
60b 620 607 0 0
66d 630 688 0 0
628 66d 633 0 0
f26 f2c f37 0 0
f37 f4b f36 0 0
f5e f63 f4b 0 0
f69 f6d f5e 0 0
f69 f7f f7e 0 0
f8c f99 f7f 0 0
fb0 fbd f99 0 0
fbe fbd fd7 0 0
ff1 fd7 ff3 0 0
ff1 1009 ff5 0 0
1009 1000 ff5 0 0
1024 fed 1000 0 0
fcb fed fee 0 0
fcb fb5 fa7 0 0
f84 fa7 f90 0 0
f71 f90 f75 0 0
f5a f71 f61 0 0
f2e f29 f40 0 0
f40 f5a f49 0 0
f29 f14 f22 0 0
f14 efa f0d 0 0
688 651 69c 0 0
697 69c 66b 0 0
f04 eea efa 0 0
f05 f04 f23 0 0
f30 f13 f05 0 0
f20 f13 f35 0 0
f39 f55 f4c 0 0
f3f f4c f53 0 0
f3f f53 f42 0 0
f24 f42 f3c 0 0
f2c f3c f37 0 0
f45 f6e f60 0 0
f60 f7d f67 0 0
f67 f55 f39 0 0
f15 f20 f2a 0 0
f2a f43 f21 0 0
f21 f43 f44 0 0
f50 f44 f5b 0 0
f8f f66 f50 0 0
f78 f6e f54 0 0
f6c f59 f66 0 0
f78 f54 f6c 0 0
623 5db 612 0 0
5db 5f6 612 0 0
5cf 5e5 5f6 0 0
66b 667 697 0 0
642 623 667 0 0
5ae 5cf 59d 0 0
558 58c 56f 0 0
56f 5ae 59d 0 0
52f 550 558 0 0
4ff 522 52f 0 0
4ca 4cb 489 0 0
4cf 4ca 4a5 0 0
4cb 4e4 4c2 0 0
4ff 4d0 4e4 0 0
4a1 4cf 4a5 0 0
4a1 4ab 4d9 0 0
4d9 4ab 4d6 0 0
4d6 4fd 50c 0 0
50c 4fd 535 0 0
543 535 55e 0 0
579 55e 594 0 0
5b6 579 594 0 0
5d2 594 5a9 0 0
5f2 60b 5d2 0 0
60b 633 620 0 0
66d 628 630 0 0
630 651 688 0 0
628 633 60b 0 0
f37 f3c f4b 0 0
f5e f4b f51 0 0
f69 f5e f51 0 0
f69 f65 f7f 0 0
f9f f99 f8c 0 0
f8c f7f f7c 0 0
fb0 fc6 fbd 0 0
f9f fb0 f99 0 0
fd7 fbd fd5 0 0
fd5 ff3 fd7 0 0
ff1 ff3 100a 0 0
ff1 100a 1009 0 0
1000 1009 101f 0 0
1025 fed 1024 0 0
1000 101f 1024 0 0
fed 1025 fee 0 0
fee fb5 fcb 0 0
fa7 fb5 f90 0 0
f80 f75 f90 0 0
f71 f75 f61 0 0
f5a f61 f49 0 0
f1c f29 f2e 0 0
f2e f40 f38 0 0
f40 f49 f38 0 0
f1c f14 f29 0 0
f04 efa f14 0 0
66b 69c 651 0 0
f23 f04 f1c 0 0
f05 f23 f30 0 0
f35 f13 f30 0 0
f20 f35 f46 0 0
f4c f55 f65 0 0
f4c f65 f53 0 0
f42 f53 f51 0 0
f3c f42 f51 0 0
f82 f60 f6e 0 0
f7d f60 f86 0 0
f67 f7d f7b 0 0
f55 f67 f65 0 0
f2a f20 f41 0 0
f43 f2a f41 0 0
f44 f43 f6b 0 0
f5b f44 f6b 0 0
f50 f5b f74 0 0
f8b f66 f8f 0 0
f50 f74 f8f 0 0
f94 f6e f78 0 0
f8b f6c f66 0 0
f6c f8b f78 0 0
5db 623 5e3 0 0
5db 5cf 5f6 0 0
66b 642 667 0 0
642 622 623 0 0
5db 59d 5cf 0 0
539 558 56f 0 0
56a 56f 59d 0 0
52f 558 539 0 0
4ff 52f 503 0 0
4cb 49e 489 0 0
4ca 489 4a5 0 0
4e4 4d0 4c2 0 0
4cb 4c2 49e 0 0
4d0 4ff 503 0 0
4a5 489 4a1 0 0
4a1 470 4ab 0 0
4ab 4c8 4d6 0 0
4d6 4c8 4fd 0 0
535 4fd 534 0 0
535 56b 55e 0 0
56b 594 55e 0 0
5a9 594 56b 0 0
5a9 5f2 5d2 0 0
60b 5f2 628 0 0
5f2 630 628 0 0
630 603 651 0 0
f3c f51 f4b 0 0
f69 f51 f53 0 0
f53 f65 f69 0 0
f65 f7c f7f 0 0
f8a f9f f8c 0 0
f8a f8c f7c 0 0
fb8 fc6 fb0 0 0
fc6 fd5 fbd 0 0
fb8 fb0 f9f 0 0
ff3 fd5 fec 0 0
ff3 1007 100a 0 0
1009 100a 101b 0 0
1009 101b 101f 0 0
1025 1024 1049 0 0
1024 101f 103a 0 0
1025 103b fee 0 0
fb5 fee fc4 0 0
f9d f90 fb5 0 0
f80 f68 f75 0 0
f9d f80 f90 0 0
f68 f61 f75 0 0
f4e f49 f61 0 0
f23 f1c f2e 0 0
f23 f2e f38 0 0
f3b f38 f49 0 0
f1c f04 f14 0 0
66b 651 629 0 0
f30 f23 f3b 0 0
f35 f30 f4f 0 0
f46 f35 f57 0 0
f41 f20 f46 0 0
f82 f86 f60 0 0
f94 f82 f6e 0 0
f7d f86 f92 0 0
f7d f8a f7b 0 0
f67 f7b f7c 0 0
f65 f67 f7c 0 0
f43 f41 f64 0 0
f6b f43 f64 0 0
f5b f6b f74 0 0
fc3 f8b f8f 0 0
f8f f74 fa9 0 0
f97 f94 f78 0 0
f97 f78 f8b 0 0
623 60a 5e3 0 0
5bf 5db 5e3 0 0
629 642 66b 0 0
629 622 642 0 0
623 622 60a 0 0
59c 59d 5db 0 0
539 56f 53c 0 0
53c 56f 56a 0 0
56a 59d 55f 0 0
503 52f 539 0 0
489 49e 45d 0 0
4c2 4d0 49e 0 0
4d0 503 4cc 0 0
489 470 4a1 0 0
470 496 4ab 0 0
4ab 496 4c8 0 0
4c8 4da 4fd 0 0
534 4fd 506 0 0
534 56b 535 0 0
577 5a9 56b 0 0
5ce 5f2 5a9 0 0
5f2 5fe 630 0 0
5fe 603 630 0 0
603 629 651 0 0
f8a fa1 f9f 0 0
f8a f7c f7b 0 0
fcd fc6 fb8 0 0
fc6 fcd fd5 0 0
fa1 fb8 f9f 0 0
fda fec fd5 0 0
fec 1007 ff3 0 0
100a 1007 101e 0 0
101b 100a 101e 0 0
101f 101b 102d 0 0
1049 1024 104d 0 0
1025 1049 1060 0 0
103a 101f 102d 0 0
104d 1024 103a 0 0
1025 1060 103b 0 0
fee 103b 1003 0 0
fee fe0 fc4 0 0
fc4 f9d fb5 0 0
f6a f68 f80 0 0
f91 f80 f9d 0 0
f68 f4e f61 0 0
f4e f3b f49 0 0
f3b f23 f38 0 0
f30 f3b f4e 0 0
f4f f30 f4e 0 0
f57 f35 f4f 0 0
f62 f46 f57 0 0
f5d f41 f46 0 0
f82 fa4 f86 0 0
fa4 f82 f94 0 0
f86 f9b f92 0 0
f7d f92 f8a 0 0
f5d f64 f41 0 0
f6b f64 f89 0 0
f74 f6b f8d 0 0
fc3 fb3 f8b 0 0
fd2 fc3 f8f 0 0
fa9 f74 f8d 0 0
f8f fa9 fd2 0 0
f94 f97 fad 0 0
fb3 f97 f8b 0 0
5e1 5e3 60a 0 0
5bf 59c 5db 0 0
5b5 5bf 5e3 0 0
629 605 622 0 0
605 60a 622 0 0
59c 55f 59d 0 0
53c 503 539 0 0
53c 56a 55f 0 0
49e 492 45d 0 0
451 489 45d 0 0
49e 4d0 492 0 0
4cc 503 4d5 0 0
4cc 492 4d0 0 0
489 451 470 0 0
470 479 496 0 0
496 4a8 4c8 0 0
4c8 4a8 4da 0 0
4da 506 4fd 0 0
534 506 523 0 0
56b 534 577 0 0
577 5ce 5a9 0 0
5fe 5f2 5ce 0 0
5ce 603 5fe 0 0
603 5e7 629 0 0
f8a f92 fa1 0 0
fb8 fca fcd 0 0
fcd fda fd5 0 0
fa1 fb1 fb8 0 0
fda fdd fec 0 0
1007 fec ffb 0 0
101e 1007 101a 0 0
101b 101e 102d 0 0
1049 104d 1076 0 0
1060 1049 1076 0 0
103a 102d 1044 0 0
104d 103a 105e 0 0
1060 1077 103b 0 0
103b 1027 1003 0 0
fe0 fee 1003 0 0
fc4 fe0 fc8 0 0
fa8 f9d fc4 0 0
f6a f4f f68 0 0
f6a f80 f76 0 0
f80 f91 f76 0 0
fa8 f91 f9d 0 0
f4f f4e f68 0 0
f57 f4f f6a 0 0
f62 f5d f46 0 0
f62 f57 f76 0 0
f86 fa4 f9b 0 0
f94 fc5 fa4 0 0
f9b fa0 f92 0 0
f72 f64 f5d 0 0
f64 f88 f89 0 0
f96 f6b f89 0 0
f8d f6b f96 0 0
fc3 fe3 fb3 0 0
ff8 fc3 fd2 0 0
f8d fc7 fa9 0 0
fea fd2 fa9 0 0
fad f97 fb3 0 0
fc5 f94 fad 0 0
5e1 5b5 5e3 0 0
60a 605 5e1 0 0
590 59c 5bf 0 0
5b5 590 5bf 0 0
5e7 605 629 0 0
565 55f 59c 0 0
50d 503 53c 0 0
533 53c 55f 0 0
45d 492 455 0 0
430 451 45d 0 0
4d5 503 50d 0 0
4cc 4d5 4a7 0 0
4cc 4a7 492 0 0
470 451 445 0 0
479 470 44b 0 0
479 4a8 496 0 0
4da 4a8 4dd 0 0
4da 4dd 506 0 0
4dd 523 506 0 0
577 534 523 0 0
5ce 577 5aa 0 0
5ce 5aa 603 0 0
5aa 5e7 603 0 0
fa1 f92 fa0 0 0
fb1 fca fb8 0 0
fcd fca fda 0 0
fa0 fb1 fa1 0 0
fca fdd fda 0 0
fdd fe9 fec 0 0
fe9 ffb fec 0 0
1007 ffb 100f 0 0
100f 101a 1007 0 0
101e 101a 102b 0 0
101e 102b 102d 0 0
104d 105e 1076 0 0
1060 1076 10a2 0 0
102d 102b 1044 0 0
103a 1044 105e 0 0
1077 1060 10a2 0 0
1077 1072 103b 0 0
103b 1051 1027 0 0
1003 1027 1001 0 0
fe0 1003 ff2 0 0
fc8 fe0 fd4 0 0
fc8 fa8 fc4 0 0
f57 f6a f76 0 0
f98 f76 f91 0 0
f98 f91 fa8 0 0
f5d f62 f70 0 0
f62 f76 f81 0 0
fa4 faf f9b 0 0
fc5 fd6 fa4 0 0
fac fa0 f9b 0 0
f88 f64 f72 0 0
f72 f5d f70 0 0
faa f89 f88 0 0
f96 f89 fb6 0 0
f8d f96 fc7 0 0
ff8 fe3 fc3 0 0
fb3 fe3 fcf 0 0
100c ff8 fd2 0 0
fa9 fc7 fea 0 0
fd2 fea 100c 0 0
fb3 fcf fad 0 0
fc5 fad fcf 0 0
5c8 5b5 5e1 0 0
5d7 5e1 605 0 0
565 59c 590 0 0
590 5b5 588 0 0
5e7 5d7 605 0 0
565 540 55f 0 0
533 50d 53c 0 0
540 533 55f 0 0
492 471 455 0 0
42b 45d 455 0 0
451 430 445 0 0
430 45d 42b 0 0
4d5 50d 4e7 0 0
4a7 4d5 4ae 0 0
4a7 471 492 0 0
470 445 44b 0 0
479 44b 467 0 0
479 467 4a8 0 0
4dd 4a8 49f 0 0
505 523 4dd 0 0
523 559 577 0 0
577 559 5aa 0 0
5aa 5c1 5e7 0 0
fb1 fc9 fca 0 0
fa0 fac fb1 0 0
fca fc9 fdd 0 0
fdd fdf fe9 0 0
fe9 ff0 ffb 0 0
1002 100f ffb 0 0
101c 101a 100f 0 0
102b 101a 101c 0 0
105e 1085 1076 0 0
10a2 1076 10bc 0 0
1044 102b 1031 0 0
105e 1044 1058 0 0
1077 10a2 1092 0 0
1092 1072 1077 0 0
103b 1072 1051 0 0
1027 1051 1030 0 0
1001 1027 1015 0 0
ff2 1003 1001 0 0
fe0 ff2 fd4 0 0
fc8 fd4 fb2 0 0
fa8 fc8 fb2 0 0
f81 f76 f98 0 0
fa8 fb2 f98 0 0
f70 f62 f81 0 0
fa4 fd0 faf 0 0
f9b faf fac 0 0
fc5 fe4 fd6 0 0
fa4 fd6 fd0 0 0
f72 f8e f88 0 0
f8e f72 f70 0 0
faa fb6 f89 0 0
f88 fab faa 0 0
f96 fb6 fc7 0 0
1013 fe3 ff8 0 0
fe3 ff6 fcf 0 0
100c 101d ff8 0 0
fea fc7 1005 0 0
100c fea 1035 0 0
fe5 fc5 fcf 0 0
5a6 5b5 5c8 0 0
5e1 5d7 5c8 0 0
557 565 590 0 0
58d 588 5b5 0 0
557 590 588 0 0
5c1 5d7 5e7 0 0
540 565 531 0 0
50d 533 515 0 0
515 533 540 0 0
471 435 455 0 0
455 435 42b 0 0
445 430 419 0 0
430 42b 400 0 0
4e7 50d 515 0 0
4b0 4d5 4e7 0 0
4ae 4d5 4b0 0 0
4ae 490 4a7 0 0
4a7 490 471 0 0
419 44b 445 0 0
44b 425 467 0 0
467 49f 4a8 0 0
49f 4c4 4dd 0 0
52d 523 505 0 0
4dd 4c4 505 0 0
52d 559 523 0 0
559 580 5aa 0 0
5c1 5aa 5a2 0 0
fac fc9 fb1 0 0
fc9 fdf fdd 0 0
fdf ff0 fe9 0 0
1002 ffb ff0 0 0
1002 101c 100f 0 0
102b 101c 1031 0 0
105e 1070 1085 0 0
1085 10bc 1076 0 0
10a2 10bc 10d5 0 0
1046 1044 1031 0 0
1046 1058 1044 0 0
105e 1058 1070 0 0
1092 10a2 10b3 0 0
1092 1097 1072 0 0
1072 107f 1051 0 0
1030 1051 104a 0 0
1027 1030 1015 0 0
ffa 1001 1015 0 0
ff2 1001 fe8 0 0
fd4 ff2 fe8 0 0
fbb fb2 fd4 0 0
f9c f81 f98 0 0
f9c f98 fb2 0 0
f8e f70 f81 0 0
faf fd0 fc9 0 0
fac faf fc9 0 0
fc5 fe5 fe4 0 0
fe4 ff9 fd6 0 0
fd6 ff4 fd0 0 0
fab f88 f8e 0 0
fb6 faa fde 0 0
fba faa fab 0 0
fc7 fb6 feb 0 0
1013 ff6 fe3 0 0
ff8 101d 1013 0 0
fcf ff6 fe5 0 0
100c 102f 101d 0 0
1005 fc7 feb 0 0
1035 fea 1005 0 0
100c 1035 102e 0 0
5a6 58d 5b5 0 0
5bd 5a6 5c8 0 0
5bd 5c8 5d7 0 0
531 565 557 0 0
58d 576 588 0 0
55d 557 588 0 0
5c1 5bd 5d7 0 0
515 540 531 0 0
471 44a 435 0 0
435 403 42b 0 0
430 400 419 0 0
42b 403 400 0 0
4f5 4e7 515 0 0
4b0 4e7 4be 0 0
4b0 488 4ae 0 0
4ae 488 490 0 0
490 472 471 0 0
419 425 44b 0 0
467 425 43a 0 0
467 475 49f 0 0
49f 495 4c4 0 0
505 541 52d 0 0
4c4 4d8 505 0 0
52d 541 559 0 0
541 580 559 0 0
5a2 5aa 580 0 0
5a2 59e 5c1 0 0
fc9 fd0 fdf 0 0
fdf fd0 ff0 0 0
ff4 1002 ff0 0 0
1002 100b 101c 0 0
1022 1031 101c 0 0
1085 1070 108d 0 0
10ab 10bc 1085 0 0
10bc 10f4 10d5 0 0
10d2 10a2 10d5 0 0
1046 1031 1034 0 0
1053 1058 1046 0 0
1063 1070 1058 0 0
10a2 10d2 10b3 0 0
1092 10b3 1097 0 0
1072 1097 107f 0 0
1051 107f 1065 0 0
1051 1065 104a 0 0
1037 1030 104a 0 0
1015 1030 1017 0 0
fe8 1001 ffa 0 0
1015 100e ffa 0 0
fd1 fd4 fe8 0 0
fbb f9c fb2 0 0
fd1 fbb fd4 0 0
f8e f81 f9c 0 0
fe5 ffe fe4 0 0
fe4 ffe ff9 0 0
fd6 ff9 ff4 0 0
fd0 ff4 ff0 0 0
fa3 fab f8e 0 0
faa fba fde 0 0
fb6 fde feb 0 0
fb4 fba fab 0 0
ff6 1013 100d 0 0
1041 1013 101d 0 0
fe5 ff6 100d 0 0
102f 100c 102e 0 0
102f 1041 101d 0 0
feb 1018 1005 0 0
1035 1005 103f 0 0
104c 102e 1035 0 0
581 58d 5a6 0 0
59e 5a6 5bd 0 0
521 531 557 0 0
567 576 58d 0 0
55d 588 576 0 0
55d 529 557 0 0
5c1 59e 5bd 0 0
511 515 531 0 0
471 472 44a 0 0
435 44a 40f 0 0
403 435 40f 0 0
419 400 3ec 0 0
3d2 400 403 0 0
4be 4e7 4f5 0 0
511 4f5 515 0 0
468 4b0 4be 0 0
488 4b0 468 0 0
490 488 472 0 0
425 419 3ec 0 0
425 407 43a 0 0
467 43a 475 0 0
475 495 49f 0 0
495 49d 4c4 0 0
505 50e 541 0 0
49d 4d8 4c4 0 0
4d8 50e 505 0 0
541 57e 580 0 0
580 57e 5a2 0 0
57e 59e 5a2 0 0
ff4 100b 1002 0 0
100b 1022 101c 0 0
1034 1031 1022 0 0
1078 108d 1070 0 0
10ab 1085 108d 0 0
10bc 10ab 10cf 0 0
10bc 10e8 10f4 0 0
10ef 10d5 10f4 0 0
10d2 10d5 10ef 0 0
1042 1046 1034 0 0
1053 1063 1058 0 0
1042 1053 1046 0 0
1078 1070 1063 0 0
10c5 10b3 10d2 0 0
10b3 10ae 1097 0 0
1097 109d 107f 0 0
1065 107f 1079 0 0
104a 1065 105a 0 0
1037 1021 1030 0 0
1045 1037 104a 0 0
1021 1017 1030 0 0
100e 1015 1017 0 0
fdc fe8 ffa 0 0
ffa 100e 1006 0 0
fdc fd1 fe8 0 0
fa5 f9c fbb 0 0
fbf fbb fd1 0 0
fa5 f8e f9c 0 0
ffe fe5 100d 0 0
ffe 1011 ff9 0 0
ff4 ff9 100b 0 0
fab fa3 fbf 0 0
fa3 f8e fa5 0 0
fd8 fde fba 0 0
feb fde 1004 0 0
fba fb4 fbc 0 0
fab fb9 fb4 0 0
1013 1029 100d 0 0
1041 103d 1013 0 0
102e 104c 102f 0 0
102f 104c 1041 0 0
feb 1004 1018 0 0
103f 1005 1018 0 0
1035 103f 1071 0 0
105d 104c 1035 0 0
581 567 58d 0 0
59e 581 5a6 0 0
521 514 531 0 0
529 521 557 0 0
567 551 576 0 0
551 55d 576 0 0
551 529 55d 0 0
511 531 514 0 0
44a 472 45f 0 0
44a 434 40f 0 0
403 40f 3d5 0 0
3c9 3ec 400 0 0
3c9 400 3d2 0 0
403 3d5 3d2 0 0
4df 4be 4f5 0 0
4f5 511 4fe 0 0
468 4be 485 0 0
488 468 45f 0 0
488 45f 472 0 0
3ec 407 425 0 0
43a 407 3df 0 0
43a 476 475 0 0
475 476 495 0 0
476 49d 495 0 0
520 541 50e 0 0
49d 497 4d8 0 0
4d8 520 50e 0 0
560 57e 541 0 0
59e 57e 560 0 0
100b 1011 1022 0 0
1028 1034 1022 0 0
1078 1081 108d 0 0
10ab 108d 10af 0 0
10cf 10ab 10af 0 0
10bc 10cf 10e8 0 0
10f4 10e8 1111 0 0
10ef 10f4 1107 0 0
10ef 10fc 10d2 0 0
1028 1042 1034 0 0
1052 1063 1053 0 0
1052 1053 1042 0 0
1068 1078 1063 0 0
10c5 10ae 10b3 0 0
10d2 10d1 10c5 0 0
1097 10ae 109d 0 0
1094 107f 109d 0 0
107f 1094 1079 0 0
1065 1079 1074 0 0
1065 1074 105a 0 0
1045 104a 105a 0 0
102c 1021 1037 0 0
1037 1045 102c 0 0
1021 1006 1017 0 0
100e 1017 1006 0 0
ffa fd9 fdc 0 0
fe6 ffa 1006 0 0
fdc fbf fd1 0 0
fbf fa5 fbb 0 0
1012 ffe 100d 0 0
ffe 1012 1011 0 0
ff9 1011 100b 0 0
fbf fa3 fa5 0 0
fc1 fab fbf 0 0
fef fde fd8 0 0
fba fce fd8 0 0
fde fff 1004 0 0
fb4 fb9 fbc 0 0
fba fbc fce 0 0
fab fc1 fb9 0 0
1029 1013 103d 0 0
100d 1029 1026 0 0
105c 103d 1041 0 0
104c 106d 1041 0 0
1023 1018 1004 0 0
1018 1040 103f 0 0
1071 103f 1069 0 0
1066 1035 1071 0 0
106f 104c 105d 0 0
105d 1035 1066 0 0
546 567 581 0 0
560 581 59e 0 0
4f4 514 521 0 0
507 521 529 0 0
527 551 567 0 0
551 527 529 0 0
511 514 4fe 0 0
45f 434 44a 0 0
406 40f 434 0 0
40f 3d9 3d5 0 0
3c3 3ec 3c9 0 0
3ac 3c9 3d2 0 0
3d2 3d5 3a6 0 0
4c1 4be 4df 0 0
4f5 4fe 4df 0 0
485 4be 4c1 0 0
449 468 485 0 0
45f 468 434 0 0
3ec 3e2 407 0 0
407 3e2 3df 0 0
43a 3df 40b 0 0
476 43a 46a 0 0
476 46a 49d 0 0
520 560 541 0 0
49d 46a 497 0 0
4a9 4d8 497 0 0
4ef 520 4d8 0 0
1028 1022 1011 0 0
1081 1078 1068 0 0
1081 1099 108d 0 0
1099 10af 108d 0 0
10cf 10af 10ce 0 0
10e8 10cf 10ea 0 0
10ea 1111 10e8 0 0
10f4 1111 1116 0 0
1107 10f4 1116 0 0
10fc 10ef 1107 0 0
10d1 10d2 10fc 0 0
1028 1038 1042 0 0
1068 1063 1052 0 0
1038 1052 1042 0 0
10ae 10c5 10b6 0 0
10c5 10d1 10b6 0 0
109d 10ae 10b6 0 0
1094 109d 10b6 0 0
1079 1094 1074 0 0
105a 1074 1061 0 0
1045 105a 1054 0 0
102c 1010 1021 0 0
102c 1045 1043 0 0
1010 1006 1021 0 0
fe6 fd9 ffa 0 0
fd9 fcc fdc 0 0
ff7 fe6 1006 0 0
fcc fbf fdc 0 0
1012 100d 1020 0 0
1012 1028 1011 0 0
fc1 fbf fcc 0 0
fef fff fde 0 0
fef fd8 fe7 0 0
fd8 fce fe2 0 0
1014 1004 fff 0 0
fce fbc fb9 0 0
fce fb9 fc1 0 0
1039 1029 103d 0 0
1029 1032 1026 0 0
100d 1026 1020 0 0
103d 105c 1050 0 0
1041 106d 105c 0 0
104c 106f 106d 0 0
1018 1023 1040 0 0
1023 1004 1014 0 0
103f 1040 1069 0 0
1071 1069 1093 0 0
1084 1066 1071 0 0
105d 1083 106f 0 0
1083 105d 1066 0 0
546 527 567 0 0
560 546 581 0 0
4f4 4fe 514 0 0
507 4f4 521 0 0
4e8 507 529 0 0
527 4f7 529 0 0
40f 406 3d9 0 0
406 434 41c 0 0
3d9 397 3d5 0 0
3e2 3ec 3c3 0 0
3c9 39b 3c3 0 0
3c9 3ac 39b 0 0
3d2 3a6 3ac 0 0
397 3a6 3d5 0 0
4c1 4df 4f4 0 0
4df 4fe 4f4 0 0
485 4c1 48d 0 0
449 411 468 0 0
449 485 453 0 0
468 41c 434 0 0
3df 3e2 3c3 0 0
3df 3b3 40b 0 0
43a 40b 441 0 0
43a 441 46a 0 0
520 546 560 0 0
46a 464 497 0 0
4ef 4d8 4a9 0 0
483 4a9 497 0 0
51a 520 4ef 0 0
106a 1081 1068 0 0
1081 1087 1099 0 0
10ad 10af 1099 0 0
10ce 10af 10ad 0 0
10ea 10cf 10ce 0 0
10ea 1100 1111 0 0
1116 1111 1132 0 0
1107 1116 111d 0 0
10fc 1107 111f 0 0
10e3 10d1 10fc 0 0
1020 1038 1028 0 0
1059 1068 1052 0 0
1038 1048 1052 0 0
10c0 10b6 10d1 0 0
10c0 1094 10b6 0 0
1074 1094 108a 0 0
1061 1074 1064 0 0
105a 1061 1054 0 0
1045 1054 1043 0 0
1016 1010 102c 0 0
1033 102c 1043 0 0
1010 ff7 1006 0 0
fce fd9 fe6 0 0
fd9 fc1 fcc 0 0
ff7 fe2 fe6 0 0
1012 1020 1028 0 0
fef ffc fff 0 0
fe7 fd8 fe2 0 0
ffd fef fe7 0 0
fe2 fce fe6 0 0
fff 1019 1014 0 0
fd9 fce fc1 0 0
1029 1039 1032 0 0
1039 103d 1047 0 0
1026 1032 1038 0 0
1020 1026 1038 0 0
105c 105f 1050 0 0
103d 1050 1047 0 0
1080 105c 106d 0 0
108f 106d 106f 0 0
1023 103c 1040 0 0
1014 102a 1023 0 0
1069 1040 1057 0 0
1093 1069 109b 0 0
1095 1071 1093 0 0
1083 1066 1084 0 0
109f 1084 1071 0 0
108f 106f 1083 0 0
546 524 527 0 0
4d7 4f4 507 0 0
4e8 4d7 507 0 0
4f7 4e8 529 0 0
4f7 527 4eb 0 0
406 3d3 3d9 0 0
406 41c 404 0 0
3d9 3d3 397 0 0
3c3 39b 3a0 0 0
3ac 3a6 39b 0 0
36d 3a6 397 0 0
4c6 4c1 4f4 0 0
48d 4c1 4c6 0 0
453 485 48d 0 0
411 449 40a 0 0
468 411 41c 0 0
40a 449 453 0 0
3df 3c3 3a0 0 0
3a0 3b3 3df 0 0
40b 3b3 3e4 0 0
40b 426 441 0 0
46a 441 464 0 0
546 520 51a 0 0
464 483 497 0 0
4ad 4ef 4a9 0 0
463 4a9 483 0 0
4ef 509 51a 0 0
107e 1081 106a 0 0
106a 1068 1059 0 0
107e 1087 1081 0 0
1087 109a 1099 0 0
109a 10ad 1099 0 0
10c4 10ce 10ad 0 0
10ea 10ce 10e2 0 0
10e2 1100 10ea 0 0
1111 1100 1125 0 0
1132 1111 113d 0 0
1116 1132 1135 0 0
111d 1116 1135 0 0
1107 111d 111f 0 0
10fc 111f 1124 0 0
10e3 10c0 10d1 0 0
1101 10e3 10fc 0 0
1048 1059 1052 0 0
1032 1048 1038 0 0
10aa 1094 10c0 0 0
1094 10aa 108a 0 0
1074 108a 107a 0 0
1064 1074 107a 0 0
1064 1054 1061 0 0
104f 1043 1054 0 0
1016 ffd 1010 0 0
1016 102c 1033 0 0
104f 1033 1043 0 0
ffd ff7 1010 0 0
fe7 fe2 ff7 0 0
ffc fef ffd 0 0
1008 fff ffc 0 0
fe7 ff7 ffd 0 0
1019 fff 1008 0 0
102a 1014 1019 0 0
1039 1048 1032 0 0
1039 1047 1048 0 0
105c 106c 105f 0 0
1050 105f 1055 0 0
1047 1050 1055 0 0
106c 105c 1080 0 0
106d 1098 1080 0 0
1098 106d 108f 0 0
102a 103c 1023 0 0
1040 103c 1057 0 0
1069 1057 1073 0 0
109b 1069 1073 0 0
1093 109b 10b8 0 0
1095 109f 1071 0 0
1095 1093 10b1 0 0
1083 1084 109c 0 0
109c 1084 109f 0 0
10b7 108f 1083 0 0
51a 524 546 0 0
509 527 524 0 0
4c6 4f4 4d7 0 0
4b2 4d7 4e8 0 0
4f7 4c5 4e8 0 0
509 4eb 527 0 0
4eb 4cd 4f7 0 0
404 3d3 406 0 0
41c 411 404 0 0
3d3 396 397 0 0
3a0 39b 359 0 0
39b 3a6 36d 0 0
340 36d 397 0 0
48d 4c6 4a6 0 0
453 48d 461 0 0
411 40a 3da 0 0
40a 453 437 0 0
3a0 378 3b3 0 0
3b3 3b8 3e4 0 0
40b 3e4 426 0 0
441 426 464 0 0
463 483 464 0 0
4dc 4ef 4ad 0 0
4ad 4a9 47b 0 0
47b 4a9 463 0 0
4ef 4dc 509 0 0
51a 509 524 0 0
106a 107d 107e 0 0
1059 1055 106a 0 0
107e 107d 1087 0 0
1087 108c 109a 0 0
109a 10a3 10ad 0 0
10c4 10e2 10ce 0 0
10c4 10ad 10b0 0 0
10f2 1100 10e2 0 0
1112 1125 1100 0 0
1125 113d 1111 0 0
1132 113d 115d 0 0
1132 115d 1135 0 0
111d 1135 111f 0 0
1124 111f 113a 0 0
1101 10fc 1124 0 0
10da 10c0 10e3 0 0
10e3 1101 10da 0 0
1048 1055 1059 0 0
10da 10aa 10c0 0 0
108a 10aa 1091 0 0
107a 108a 1091 0 0
106b 1064 107a 0 0
104f 1054 1064 0 0
1016 1008 ffd 0 0
1019 1016 1033 0 0
104b 1033 104f 0 0
1008 ffc ffd 0 0
1019 1008 1016 0 0
1036 102a 1019 0 0
1047 1055 1048 0 0
106a 105f 106c 0 0
1055 105f 106a 0 0
107d 106c 1080 0 0
1080 1098 1096 0 0
108f 10c2 1098 0 0
103c 102a 103e 0 0
103c 1056 1057 0 0
106e 1073 1057 0 0
1073 1086 109b 0 0
10b8 109b 10d4 0 0
10b1 1093 10b8 0 0
10b1 109f 1095 0 0
10b7 1083 109c 0 0
10c8 109c 109f 0 0
10b7 10c2 108f 0 0
4c6 4d7 4a6 0 0
4b2 4a6 4d7 0 0
4af 4b2 4e8 0 0
4f7 4cd 4c5 0 0
4af 4e8 4c5 0 0
4dc 4eb 509 0 0
4bd 4cd 4eb 0 0
3d3 404 411 0 0
3d3 390 396 0 0
397 396 357 0 0
39b 36d 359 0 0
359 378 3a0 0 0
340 338 36d 0 0
340 397 357 0 0
45e 48d 4a6 0 0
461 48d 45e 0 0
437 453 461 0 0
3c7 3da 40a 0 0
3d3 411 3da 0 0
402 40a 437 0 0
3b3 378 375 0 0
3b8 3b3 375 0 0
3e4 3b8 3e6 0 0
3e4 3e6 426 0 0
426 463 464 0 0
4ad 4bb 4dc 0 0
44c 4ad 47b 0 0
439 47b 463 0 0
106c 107d 106a 0 0
107d 108c 1087 0 0
108c 10a3 109a 0 0
10a3 10b0 10ad 0 0
10c4 10cc 10e2 0 0
10b9 10c4 10b0 0 0
10fb 1100 10f2 0 0
10eb 10f2 10e2 0 0
1127 1125 1112 0 0
1102 1112 1100 0 0
1125 1143 113d 0 0
113d 1159 115d 0 0
1135 115d 1156 0 0
113a 111f 1135 0 0
114a 1124 113a 0 0
1101 1124 1134 0 0
1101 10fd 10da 0 0
10aa 10da 10bb 0 0
1091 10aa 10bb 0 0
107c 107a 1091 0 0
106b 105b 1064 0 0
107c 106b 107a 0 0
1064 105b 104f 0 0
1036 1019 1033 0 0
1036 1033 104b 0 0
104b 104f 105b 0 0
103e 102a 1036 0 0
107d 1080 108c 0 0
1096 1098 10a9 0 0
1080 1096 108c 0 0
1098 10c2 10bd 0 0
1056 103c 103e 0 0
106e 1057 1056 0 0
1073 106e 1086 0 0
109b 1086 10a0 0 0
10d4 109b 10bf 0 0
10e1 10b8 10d4 0 0
10b1 10b8 10e1 0 0
10cd 109f 10b1 0 0
10c8 10b7 109c 0 0
10c8 109f 10cd 0 0
10f1 10c2 10b7 0 0
482 4a6 4b2 0 0
47a 4b2 4af 0 0
4cd 48e 4c5 0 0
4af 4c5 48b 0 0
4dc 4bb 4eb 0 0
4bd 4a4 4cd 0 0
4bb 4bd 4eb 0 0
3da 390 3d3 0 0
396 390 357 0 0
359 36d 338 0 0
359 33a 378 0 0
338 340 30a 0 0
357 2ff 340 0 0
45e 4a6 482 0 0
437 461 45e 0 0
3da 3c7 390 0 0
3c7 40a 3c5 0 0
3ca 40a 402 0 0
402 437 416 0 0
378 33a 375 0 0
3b8 375 3a4 0 0
3b8 3a4 3e6 0 0
426 3e6 423 0 0
423 463 426 0 0
4bb 4ad 486 0 0
486 4ad 44c 0 0
44c 47b 439 0 0
423 439 463 0 0
108c 1096 10a3 0 0
10a8 10b0 10a3 0 0
10b9 10cc 10c4 0 0
10cc 10dd 10e2 0 0
10a8 10b9 10b0 0 0
1102 1100 10fb 0 0
10eb 10fb 10f2 0 0
10dd 10eb 10e2 0 0
1127 1143 1125 0 0
1115 1127 1112 0 0
1102 110c 1112 0 0
1143 1159 113d 0 0
1159 1175 115d 0 0
1156 115d 117c 0 0
113a 1135 1156 0 0
1134 1124 114a 0 0
114a 113a 1153 0 0
1118 1101 1134 0 0
1101 1118 10fd 0 0
10fd 10f7 10da 0 0
10bb 10da 10d7 0 0
10a7 1091 10bb 0 0
1089 107c 1091 0 0
106b 1062 105b 0 0
1062 106b 107c 0 0
104b 104e 1036 0 0
1062 104b 105b 0 0
104e 103e 1036 0 0
1098 10bd 10a9 0 0
1096 10a9 10a8 0 0
10df 10bd 10c2 0 0
103e 104e 1056 0 0
106e 1056 1075 0 0
1088 1086 106e 0 0
10a6 10a0 1086 0 0
10ac 109b 10a0 0 0
109b 10ac 10bf 0 0
10d4 10bf 10d8 0 0
10e1 10d4 1104 0 0
10cd 10b1 10e1 0 0
10c8 10e4 10b7 0 0
10c8 10cd 10ee 0 0
10e7 10c2 10f1 0 0
10e4 10f1 10b7 0 0
4b2 47a 482 0 0
47a 4af 48b 0 0
48e 4cd 4a4 0 0
48b 4c5 48e 0 0
499 4a4 4bd 0 0
4bb 499 4bd 0 0
357 390 332 0 0
326 359 338 0 0
33a 359 326 0 0
340 2ff 30a 0 0
338 30a 326 0 0
2ff 357 332 0 0
44e 45e 482 0 0
437 45e 416 0 0
3c7 3aa 390 0 0
3c5 40a 3ca 0 0
3aa 3c7 3c5 0 0
3ca 402 3dd 0 0
402 416 3dd 0 0
375 33a 315 0 0
375 34b 3a4 0 0
3cb 3e6 3a4 0 0
405 423 3e6 0 0
486 499 4bb 0 0
458 486 44c 0 0
3db 44c 439 0 0
405 439 423 0 0
1096 10a8 10a3 0 0
10b9 10c1 10cc 0 0
10cc 10d0 10dd 0 0
10a8 10a9 10b9 0 0
10fa 1102 10fb 0 0
10fa 10fb 10eb 0 0
10dd 10e5 10eb 0 0
1127 112c 1143 0 0
1117 1127 1115 0 0
110c 1115 1112 0 0
110c 1102 10fa 0 0
1159 1143 115c 0 0
115c 1175 1159 0 0
1195 115d 1175 0 0
117c 115d 1195 0 0
1171 1156 117c 0 0
113a 1156 1153 0 0
1134 114a 1157 0 0
114a 1153 1168 0 0
114e 1118 1134 0 0
10fd 1118 10f7 0 0
10da 10f7 10d7 0 0
10bb 10d7 10d9 0 0
1089 1091 10a7 0 0
10a7 10bb 10c3 0 0
107b 107c 1089 0 0
107b 1062 107c 0 0
104e 104b 1062 0 0
10a9 10bd 10c1 0 0
10d3 10bd 10df 0 0
10c2 10e7 10df 0 0
1067 1056 104e 0 0
1067 1075 1056 0 0
1088 106e 1075 0 0
1086 1088 10a6 0 0
10a6 10b4 10a0 0 0
10b4 10ac 10a0 0 0
10c6 10bf 10ac 0 0
10d8 10bf 10c6 0 0
10f5 10d4 10d8 0 0
1104 10d4 10f3 0 0
10e1 1104 111c 0 0
10cd 10e1 10e9 0 0
10c8 10f6 10e4 0 0
10ee 10cd 10e9 0 0
10f6 10c8 10ee 0 0
10e7 10f1 110b 0 0
1108 10f1 10e4 0 0
44e 482 47a 0 0
446 47a 48b 0 0
47d 48e 4a4 0 0
48b 48e 46c 0 0
499 47d 4a4 0 0
390 345 332 0 0
33a 326 2fc 0 0
30a 2ff 2d3 0 0
326 30a 2fc 0 0
2d4 2ff 332 0 0
420 45e 44e 0 0
416 45e 420 0 0
3aa 394 390 0 0
3ca 394 3c5 0 0
3c5 394 3aa 0 0
387 3ca 3dd 0 0
3dd 416 409 0 0
33a 2fc 315 0 0
315 34b 375 0 0
3a4 34b 383 0 0
3cb 405 3e6 0 0
3a4 383 3cb 0 0
486 45a 499 0 0
458 45a 486 0 0
41e 458 44c 0 0
3fc 44c 3db 0 0
405 3db 439 0 0
10a9 10c1 10b9 0 0
10c1 10d0 10cc 0 0
10d0 10e5 10dd 0 0
10e5 10fa 10eb 0 0
112c 1127 1117 0 0
112c 1139 1143 0 0
110c 1117 1115 0 0
110c 10fa 1106 0 0
115c 1143 114d 0 0
1162 1175 115c 0 0
1175 11aa 1195 0 0
11af 117c 1195 0 0
1153 1156 1171 0 0
118f 1171 117c 0 0
1157 114a 116f 0 0
114e 1134 1157 0 0
1168 1153 1171 0 0
116f 114a 1168 0 0
1118 114e 1129 0 0
1118 1129 10f7 0 0
10d7 10f7 10d9 0 0
10bb 10d9 10c3 0 0
10a7 108e 1089 0 0
10b5 10a7 10c3 0 0
108e 107b 1089 0 0
1067 1062 107b 0 0
104e 1062 1067 0 0
10bd 10d3 10c1 0 0
10d3 10df 10f0 0 0
10e7 110b 10df 0 0
1067 1082 1075 0 0
1088 1075 108b 0 0
10a5 10a6 1088 0 0
10a6 10ba 10b4 0 0
10ac 10b4 10c6 0 0
10e6 10d8 10c6 0 0
10f3 10d4 10f5 0 0
10d8 10fe 10f5 0 0
1104 10f3 1105 0 0
111c 1104 1144 0 0
111c 10e9 10e1 0 0
10f6 1108 10e4 0 0
111c 10ee 10e9 0 0
110f 10f6 10ee 0 0
1120 110b 10f1 0 0
1126 10f1 1108 0 0
43c 44e 47a 0 0
446 43c 47a 0 0
48b 46c 446 0 0
47d 44f 48e 0 0
48e 460 46c 0 0
45a 47d 499 0 0
390 394 345 0 0
2d4 332 345 0 0
2d3 2ff 2c5 0 0
2fc 30a 2d3 0 0
2ff 2d4 2c5 0 0
420 44e 42f 0 0
409 416 420 0 0
394 3ca 387 0 0
387 3dd 3b0 0 0
3dd 409 3e5 0 0
315 2fc 2db 0 0
34b 315 308 0 0
34b 336 383 0 0
405 3cb 3db 0 0
3cb 383 3db 0 0
458 41e 45a 0 0
3fc 41e 44c 0 0
3db 3cf 3fc 0 0
10c1 10d3 10d0 0 0
10d3 10e5 10d0 0 0
10fa 10e5 10f0 0 0
111a 112c 1117 0 0
112c 112a 1139 0 0
1139 114d 1143 0 0
1106 1117 110c 0 0
10f0 1106 10fa 0 0
115c 114d 1162 0 0
1176 1175 1162 0 0
1175 1193 11aa 0 0
1195 11aa 11cb 0 0
118f 117c 11af 0 0
11af 1195 11cb 0 0
1171 118f 1189 0 0
117d 1157 116f 0 0
114e 1157 117d 0 0
1168 1171 1189 0 0
116f 1168 1189 0 0
114e 1160 1129 0 0
10f7 1129 1103 0 0
10d9 10f7 10ed 0 0
10c3 10d9 10d6 0 0
109e 108e 10a7 0 0
10b5 109e 10a7 0 0
10ca 10b5 10c3 0 0
1082 107b 108e 0 0
1082 1067 107b 0 0
10df 110b 10f0 0 0
10e5 10d3 10f0 0 0
108b 1075 1082 0 0
1088 108b 10a4 0 0
10a6 10a5 10be 0 0
10a5 1088 10a4 0 0
10ba 10a6 10be 0 0
10c9 10b4 10ba 0 0
10c6 10b4 10c9 0 0
10fe 10d8 10e6 0 0
10c6 10c9 10e6 0 0
10f3 10f5 1105 0 0
1110 10f5 10fe 0 0
1104 1105 112b 0 0
1144 1104 112b 0 0
1165 111c 1144 0 0
10f6 111b 1108 0 0
10ee 111c 110f 0 0
111b 10f6 110f 0 0
110b 1120 1136 0 0
10f1 1126 1120 0 0
1108 1128 1126 0 0
43c 42f 44e 0 0
446 415 43c 0 0
446 46c 448 0 0
454 44f 47d 0 0
48e 44f 460 0 0
460 448 46c 0 0
45a 454 47d 0 0
394 360 345 0 0
345 32a 2d4 0 0
2aa 2d3 2c5 0 0
2fc 2d3 2db 0 0
2c5 2d4 2aa 0 0
420 42f 410 0 0
409 420 3e5 0 0
394 387 360 0 0
3b0 3dd 3e5 0 0
374 387 3b0 0 0
315 2db 308 0 0
34b 308 336 0 0
336 368 383 0 0
383 368 3db 0 0
41e 422 45a 0 0
3c2 41e 3fc 0 0
3cf 3db 3a2 0 0
3cf 3c2 3fc 0 0
111a 112a 112c 0 0
1106 111a 1117 0 0
112a 113b 1139 0 0
1139 113b 114d 0 0
10f0 110b 1106 0 0
114c 1162 114d 0 0
1176 1193 1175 0 0
1163 1176 1162 0 0
11aa 1193 11b2 0 0
11aa 11df 11cb 0 0
118f 11af 11ad 0 0
11d3 11af 11cb 0 0
118f 11ad 1189 0 0
117d 116f 118b 0 0
117f 114e 117d 0 0
116f 1189 118b 0 0
114e 117f 1160 0 0
1160 1147 1129 0 0
1103 1129 1114 0 0
10f7 1103 10ed 0 0
10d9 10ed 10d6 0 0
10ca 10c3 10d6 0 0
1090 108e 109e 0 0
10b5 10a1 109e 0 0
10ca 10c7 10b5 0 0
1090 1082 108e 0 0
1090 108b 1082 0 0
10a4 108b 10a1 0 0
10a5 10a4 10be 0 0
10cb 10ba 10be 0 0
10cb 10c9 10ba 0 0
110a 10fe 10e6 0 0
10e6 10c9 10dc 0 0
1105 10f5 1113 0 0
10f5 1110 1113 0 0
1122 1110 10fe 0 0
112b 1105 1113 0 0
1144 112b 1145 0 0
1154 111c 1165 0 0
1165 1144 1182 0 0
111b 1128 1108 0 0
110f 111c 1131 0 0
1131 111b 110f 0 0
1136 1120 113c 0 0
110b 1136 112e 0 0
1126 113c 1120 0 0
113e 1126 1128 0 0
43c 410 42f 0 0
3f4 415 446 0 0
415 410 43c 0 0
446 448 40e 0 0
454 442 44f 0 0
43e 460 44f 0 0
43e 448 460 0 0
454 45a 43b 0 0
360 32a 345 0 0
2d4 32a 2c9 0 0
2a4 2d3 2aa 0 0
2a4 2db 2d3 0 0
2aa 2d4 27e 0 0
420 410 3e5 0 0
32a 360 387 0 0
3b0 3e5 3b6 0 0
32a 387 374 0 0
374 3b0 3b6 0 0
2db 2e1 308 0 0
308 304 336 0 0
336 31f 368 0 0
368 3a2 3db 0 0
422 41e 3ea 0 0
43b 45a 422 0 0
3ea 41e 3c2 0 0
3cf 3a2 3c2 0 0
111a 110b 112a 0 0
110b 111a 1106 0 0
112a 112e 113b 0 0
113b 114c 114d 0 0
114c 1150 1162 0 0
1196 1193 1176 0 0
1163 116b 1176 0 0
1150 1163 1162 0 0
1196 11b2 1193 0 0
11aa 11b2 11df 0 0
11cb 11df 11f7 0 0
11c9 11ad 11af 0 0
11c9 11af 11d3 0 0
11cb 11f0 11d3 0 0
11b5 1189 11ad 0 0
117d 118b 11b5 0 0
117f 117d 11a9 0 0
1189 11b5 118b 0 0
117f 1194 1160 0 0
1160 116e 1147 0 0
1129 1147 112d 0 0
1129 112d 1114 0 0
1103 1114 10ff 0 0
10ed 1103 10ff 0 0
10de 10d6 10ed 0 0
10de 10ca 10d6 0 0
10a1 1090 109e 0 0
10b2 10a1 10b5 0 0
10c7 10ca 10de 0 0
10c7 10b2 10b5 0 0
108b 1090 10a1 0 0
10a4 10a1 10b2 0 0
10be 10a4 10b2 0 0
10e0 10cb 10be 0 0
10c9 10cb 10dc 0 0
1122 10fe 110a 0 0
110a 10e6 10f9 0 0
10e6 10dc 10f9 0 0
1113 1110 1137 0 0
1110 1122 1137 0 0
1113 1137 112b 0 0
1145 112b 1148 0 0
1144 1145 115e 0 0
1154 1131 111c 0 0
1186 1154 1165 0 0
1144 115e 1182 0 0
11a7 1165 1182 0 0
111b 1138 1128 0 0
1138 111b 1131 0 0
113c 1152 1136 0 0
1142 112e 1136 0 0
110b 112e 112a 0 0
113c 1126 1146 0 0
1146 1126 113e 0 0
1138 113e 1128 0 0
3f4 3f0 415 0 0
3f4 446 40e 0 0
3f0 410 415 0 0
43e 40e 448 0 0
43b 442 454 0 0
442 41f 44f 0 0
43e 44f 414 0 0
32a 302 2c9 0 0
2d4 2c9 285 0 0
2a4 2aa 27f 0 0
2bd 2db 2a4 0 0
2d4 285 27e 0 0
2aa 27e 27f 0 0
3e5 410 3e9 0 0
3e5 3e9 3b6 0 0
302 32a 374 0 0
393 374 3b6 0 0
2db 2bd 2e1 0 0
304 308 2e1 0 0
304 31f 336 0 0
31f 314 368 0 0
364 3a2 368 0 0
40d 422 3ea 0 0
43b 422 40d 0 0
3ea 3c2 3a7 0 0
3a2 37f 3c2 0 0
112e 1142 113b 0 0
113b 1142 114c 0 0
1142 1150 114c 0 0
1196 1176 1187 0 0
1152 116b 1163 0 0
116b 1174 1176 0 0
1150 1152 1163 0 0
1196 11a4 11b2 0 0
11df 11b2 11de 0 0
11df 1212 11f7 0 0
11cb 11f7 11f0 0 0
11b5 11ad 11c9 0 0
11c9 11d3 11e8 0 0
11e8 11d3 11f0 0 0
117d 11b5 11a9 0 0
11a9 11a0 117f 0 0
1194 117f 11a0 0 0
1194 116e 1160 0 0
1147 116e 1166 0 0
112d 1147 1141 0 0
1121 1114 112d 0 0
1109 10ff 1114 0 0
10ec 10ed 10ff 0 0
10ec 10de 10ed 0 0
10db 10c7 10de 0 0
10be 10b2 10c7 0 0
10dc 10cb 10e0 0 0
10e0 10be 10db 0 0
1130 1122 110a 0 0
110a 10f9 111e 0 0
10dc 10e0 10f9 0 0
1122 113f 1137 0 0
1148 112b 1137 0 0
1145 1148 115e 0 0
1131 1154 115b 0 0
1186 1173 1154 0 0
1186 1165 11a7 0 0
1182 115e 1185 0 0
11a7 1182 11d2 0 0
1131 115b 1138 0 0
1152 113c 1161 0 0
1136 1152 1150 0 0
1142 1136 1150 0 0
113c 1146 1161 0 0
113e 1155 1146 0 0
1151 113e 1138 0 0
3f0 3f4 3be 0 0
3f4 40e 3ad 0 0
3f0 3e9 410 0 0
40e 43e 414 0 0
43b 418 442 0 0
418 41f 442 0 0
41f 414 44f 0 0
2c9 302 2ab 0 0
2c9 2ab 285 0 0
27f 26b 2a4 0 0
2a4 2a9 2bd 0 0
243 27e 285 0 0
27f 27e 264 0 0
3b6 3e9 3c6 0 0
302 374 354 0 0
393 354 374 0 0
393 3b6 3c6 0 0
2bd 2d0 2e1 0 0
2e1 2f3 304 0 0
304 2f3 31f 0 0
31f 2f3 314 0 0
368 314 364 0 0
3a2 364 37f 0 0
3d7 40d 3ea 0 0
40d 418 43b 0 0
363 3a7 3c2 0 0
3d7 3ea 3a7 0 0
363 3c2 37f 0 0
1174 1187 1176 0 0
1187 11a4 1196 0 0
116b 1152 116d 0 0
116b 116d 1174 0 0
11b2 11a4 11be 0 0
11de 11b2 11be 0 0
11df 11de 120e 0 0
11df 120e 1212 0 0
11f7 1212 1218 0 0
11f0 11f7 1206 0 0
11b5 11c9 11e8 0 0
11e8 11f0 120d 0 0
11a9 11b5 11d1 0 0
11bc 11a0 11a9 0 0
11a0 11bc 1194 0 0
1194 1192 116e 0 0
116e 1192 1166 0 0
1147 1166 1141 0 0
1121 112d 1141 0 0
1121 1109 1114 0 0
1109 10f8 10ff 0 0
10f8 10ec 10ff 0 0
10db 10de 10ec 0 0
10be 10c7 10db 0 0
10e0 10db 10f8 0 0
113f 1122 1130 0 0
1130 110a 111e 0 0
111e 10f9 110d 0 0
10f9 10e0 10f8 0 0
1164 1137 113f 0 0
115f 1148 1137 0 0
115e 1148 1167 0 0
1173 115b 1154 0 0
1173 1186 1199 0 0
1186 11a7 11c5 0 0
115e 1167 1185 0 0
1182 1185 11ae 0 0
1182 11ae 11d2 0 0
11e7 11a7 11d2 0 0
115b 1151 1138 0 0
1152 1161 116d 0 0
1161 1146 1155 0 0
1155 113e 1151 0 0
3f4 3ad 3be 0 0
3be 3e9 3f0 0 0
3ad 40e 3d1 0 0
40e 414 3d1 0 0
418 408 41f 0 0
3f3 414 41f 0 0
302 2bf 2ab 0 0
285 2ab 25d 0 0
26b 27f 264 0 0
2a4 26b 284 0 0
2a4 284 2a9 0 0
2bd 2a9 2d0 0 0
243 24b 27e 0 0
232 243 285 0 0
24b 264 27e 0 0
3be 3c6 3e9 0 0
302 354 32c 0 0
354 393 386 0 0
393 3c6 386 0 0
2e1 2d0 2f3 0 0
2f3 2d0 314 0 0
364 314 34c 0 0
364 34c 37f 0 0
3d7 3eb 40d 0 0
40d 3eb 418 0 0
362 3a7 363 0 0
3d7 3a7 384 0 0
34c 363 37f 0 0
1174 1178 1187 0 0
1187 118d 11a4 0 0
116d 1178 1174 0 0
11b4 11be 11a4 0 0
11ca 11de 11be 0 0
11fd 120e 11de 0 0
120e 122d 1212 0 0
1218 1212 1239 0 0
1206 11f7 1218 0 0
120d 11f0 1206 0 0
11ee 11b5 11e8 0 0
120a 11e8 120d 0 0
11d1 11b5 11ee 0 0
11a9 11d1 11bc 0 0
11bc 11cc 1194 0 0
1194 11cc 1192 0 0
1166 1192 1183 0 0
1141 1166 1158 0 0
1121 1141 1133 0 0
1109 1121 110e 0 0
110e 10f8 1109 0 0
10f8 10db 10ec 0 0
113f 1130 114b 0 0
1130 111e 1140 0 0
10f9 10f8 110d 0 0
1123 111e 110d 0 0
1164 115f 1137 0 0
114b 1164 113f 0 0
1148 115f 1167 0 0
1181 115b 1173 0 0
11c5 1199 1186 0 0
1199 1181 1173 0 0
11c5 11a7 11e7 0 0
1167 117a 1185 0 0
11ae 1185 11b1 0 0
11ae 11dd 11d2 0 0
11d2 121c 11e7 0 0
1151 115b 116a 0 0
116d 1161 1177 0 0
1161 1155 1172 0 0
1155 1151 116a 0 0
373 3be 3ad 0 0
3d1 37b 3ad 0 0
3f3 3d1 414 0 0
3eb 408 418 0 0
41f 408 3f3 0 0
2f0 2bf 302 0 0
2bf 289 2ab 0 0
2ab 289 25d 0 0
232 285 25d 0 0
24b 26b 264 0 0
26b 24c 284 0 0
2a7 2a9 284 0 0
2d0 2a9 2a7 0 0
22b 24b 243 0 0
243 232 209 0 0
3be 395 3c6 0 0
32c 354 356 0 0
32c 2f0 302 0 0
356 354 386 0 0
395 386 3c6 0 0
314 2d0 2df 0 0
314 328 34c 0 0
3d7 3a9 3eb 0 0
362 384 3a7 0 0
362 363 310 0 0
384 3a9 3d7 0 0
34c 328 363 0 0
1178 118d 1187 0 0
118d 11a5 11a4 0 0
1178 116d 1177 0 0
11b4 11ca 11be 0 0
11b4 11a4 11a5 0 0
11ca 11d4 11de 0 0
11fd 121b 120e 0 0
11fd 11de 11ea 0 0
123f 122d 120e 0 0
1212 122d 1239 0 0
1218 1239 122a 0 0
1206 1218 122a 0 0
1206 122a 120d 0 0
11ee 11e8 120a 0 0
120d 1233 120a 0 0
11ee 11f8 11d1 0 0
11d1 11e4 11bc 0 0
11bc 11e4 11cc 0 0
11cc 11bb 1192 0 0
1192 11bb 1183 0 0
1166 1183 1158 0 0
1141 1158 1133 0 0
1121 1133 1119 0 0
110e 1121 1119 0 0
110d 10f8 110e 0 0
1130 114f 114b 0 0
111e 112f 1140 0 0
1130 1140 114f 0 0
111e 1123 112f 0 0
1123 110d 1119 0 0
1184 115f 1164 0 0
1164 114b 116c 0 0
115f 117a 1167 0 0
115b 1181 117b 0 0
1199 11c5 11ba 0 0
11a2 1181 1199 0 0
11f3 11c5 11e7 0 0
1185 117a 1198 0 0
11b1 1185 1198 0 0
11ae 11b1 11dd 0 0
11d2 11dd 1211 0 0
11d2 1211 121c 0 0
11e7 121c 1210 0 0
117b 116a 115b 0 0
117e 1177 1161 0 0
1172 1155 116a 0 0
1161 1172 117e 0 0
38a 3be 373 0 0
373 3ad 350 0 0
388 37b 3d1 0 0
37b 350 3ad 0 0
3c1 3d1 3f3 0 0
3eb 3de 408 0 0
3f3 408 3e3 0 0
2f0 2cf 2bf 0 0
289 2bf 2a8 0 0
25d 289 263 0 0
222 232 25d 0 0
24c 26b 24b 0 0
24c 27b 284 0 0
284 27b 2a7 0 0
2d0 2a7 2df 0 0
238 24b 22b 0 0
209 22b 243 0 0
232 1fe 209 0 0
395 3be 38a 0 0
32c 356 320 0 0
2f0 32c 320 0 0
395 356 386 0 0
314 2df 328 0 0
3a9 3de 3eb 0 0
35a 384 362 0 0
31b 310 363 0 0
333 362 310 0 0
3a9 384 35e 0 0
328 31b 363 0 0
1178 1177 118d 0 0
118d 1191 11a5 0 0
11b9 11ca 11b4 0 0
11b9 11b4 11a5 0 0
11d4 11ca 11b9 0 0
11d4 11ea 11de 0 0
11fb 121b 11fd 0 0
121b 123f 120e 0 0
11fb 11fd 11ea 0 0
123f 124d 122d 0 0
1239 122d 124d 0 0
1267 122a 1239 0 0
120d 122a 1233 0 0
1216 11ee 120a 0 0
1216 120a 1233 0 0
11f8 11ee 1216 0 0
11d1 11f8 11e4 0 0
11cc 11e4 120b 0 0
11cc 11f9 11bb 0 0
1183 11bb 1190 0 0
1158 1183 1170 0 0
1133 1158 1149 0 0
1123 1119 1133 0 0
110d 110e 1119 0 0
116c 114b 114f 0 0
1140 112f 1149 0 0
114f 1140 115a 0 0
112f 1123 1133 0 0
117a 115f 1184 0 0
119a 1184 1164 0 0
1164 116c 1188 0 0
119b 117b 1181 0 0
11d9 11ba 11c5 0 0
11ba 11a2 1199 0 0
11a2 119b 1181 0 0
11c5 11f3 11ef 0 0
11f3 11e7 11ff 0 0
117a 119c 1198 0 0
1198 11b0 11b1 0 0
11b1 11d7 11dd 0 0
11dd 1215 1211 0 0
121c 1211 123a 0 0
1210 121c 1226 0 0
11ff 11e7 1210 0 0
116a 117b 118a 0 0
1177 117e 1191 0 0
1172 116a 118a 0 0
1172 118c 117e 0 0
376 38a 373 0 0
373 350 32d 0 0
388 33f 37b 0 0
3c1 388 3d1 0 0
350 37b 31d 0 0
3f3 3e3 3c1 0 0
3de 3e3 408 0 0
2cf 2f0 2ee 0 0
2bf 2cf 2a8 0 0
2a8 275 289 0 0
289 275 263 0 0
25d 263 24a 0 0
232 222 1fe 0 0
222 25d 24a 0 0
238 24c 24b 0 0
24c 24d 27b 0 0
27b 29a 2a7 0 0
2a7 29a 2df 0 0
231 238 22b 0 0
226 22b 209 0 0
1c0 209 1fe 0 0
38a 376 395 0 0
320 356 346 0 0
320 2ee 2f0 0 0
376 356 395 0 0
328 2df 31b 0 0
3a9 3b5 3de 0 0
34e 384 35a 0 0
333 35a 362 0 0
31b 2df 310 0 0
310 2de 333 0 0
35e 384 34e 0 0
35e 352 3a9 0 0
1177 1191 118d 0 0
1191 11a6 11a5 0 0
11a6 11b9 11a5 0 0
11b9 11cf 11d4 0 0
11d4 11cf 11ea 0 0
11fb 1200 121b 0 0
123f 121b 123d 0 0
11e3 11fb 11ea 0 0
1263 124d 123f 0 0
1265 1239 124d 0 0
1233 122a 1267 0 0
1267 1239 1265 0 0
123c 1216 1233 0 0
1216 1214 11f8 0 0
11f8 1214 11e4 0 0
120b 11e4 1214 0 0
120b 11f9 11cc 0 0
11bb 11f9 11ec 0 0
119d 1190 11bb 0 0
1183 1190 1170 0 0
1158 1170 1149 0 0
1133 1149 112f 0 0
116c 114f 1169 0 0
115a 1140 1149 0 0
1169 114f 115a 0 0
119c 117a 1184 0 0
11bf 1184 119a 0 0
119a 1164 1188 0 0
118e 1188 116c 0 0
1197 117b 119b 0 0
11ba 11d9 11d6 0 0
11ef 11d9 11c5 0 0
11ba 11c2 11a2 0 0
11c2 119b 11a2 0 0
11f3 1208 11ef 0 0
120c 11f3 11ff 0 0
11b0 1198 119c 0 0
11c8 11b1 11b0 0 0
11d7 11b1 11c8 0 0
11f6 11dd 11d7 0 0
11f6 1215 11dd 0 0
1211 1215 1245 0 0
1245 123a 1211 0 0
121c 123a 124b 0 0
1226 121c 1243 0 0
1221 1210 1226 0 0
11ff 1210 1221 0 0
118a 117b 1197 0 0
117e 11a1 1191 0 0
1172 118a 118c 0 0
117e 118c 11a1 0 0
346 376 373 0 0
32d 350 316 0 0
330 373 32d 0 0
33f 388 35f 0 0
33f 31d 37b 0 0
388 3c1 398 0 0
316 350 31d 0 0
3c4 3c1 3e3 0 0
3de 3c4 3e3 0 0
2c4 2cf 2ee 0 0
2a8 2cf 2c4 0 0
2a8 296 275 0 0
24a 263 275 0 0
207 1fe 222 0 0
222 24a 225 0 0
231 24c 238 0 0
24d 24c 226 0 0
24d 27a 27b 0 0
27b 27a 29a 0 0
29a 2ae 2df 0 0
226 231 22b 0 0
20e 226 209 0 0
1da 209 1c0 0 0
1fe 1ca 1c0 0 0
346 356 376 0 0
312 320 346 0 0
320 312 2ee 0 0
3a9 391 3b5 0 0
3b5 3c4 3de 0 0
34e 35a 333 0 0
310 2df 2dd 0 0
2dd 2de 310 0 0
2de 321 333 0 0
35e 34e 321 0 0
35e 31e 352 0 0
3a9 352 391 0 0
1191 11a1 11a6 0 0
11a1 11b9 11a6 0 0
11b7 11cf 11b9 0 0
11cf 11e3 11ea 0 0
11ed 1200 11fb 0 0
1200 121d 121b 0 0
121d 123d 121b 0 0
123d 125c 123f 0 0
11e3 11ed 11fb 0 0
1265 124d 1263 0 0
1263 123f 125c 0 0
1233 1267 127b 0 0
1265 128f 1267 0 0
1214 1216 123c 0 0
123c 1233 127b 0 0
120b 1214 1228 0 0
120b 1227 11f9 0 0
11f9 120f 11ec 0 0
11bb 11ec 11ce 0 0
119d 1179 1190 0 0
11b6 119d 11bb 0 0
1179 1170 1190 0 0
115a 1149 1170 0 0
116c 1169 1180 0 0
1169 115a 1179 0 0
11bf 119c 1184 0 0
11cd 11bf 119a 0 0
11b3 119a 1188 0 0
1188 118e 11a8 0 0
118e 116c 1180 0 0
1197 119b 11b8 0 0
11d9 11fa 11d6 0 0
11d6 11c2 11ba 0 0
11f5 11d9 11ef 0 0
11b8 119b 11c2 0 0
11f3 120c 1208 0 0
1208 1213 11ef 0 0
1221 120c 11ff 0 0
11c1 11b0 119c 0 0
11b0 11c4 11c8 0 0
11c8 11dc 11d7 0 0
11d7 11f4 11f6 0 0
11f6 121a 1215 0 0
1245 1215 1241 0 0
123a 1245 126a 0 0
124b 123a 126a 0 0
1243 121c 124b 0 0
1243 123e 1226 0 0
1221 1226 123e 0 0
11b8 118a 1197 0 0
118c 118a 11ab 0 0
118c 11ab 11a1 0 0
346 373 330 0 0
32d 316 2f4 0 0
32d 2f8 330 0 0
35f 388 398 0 0
317 33f 35f 0 0
33f 2e7 31d 0 0
399 398 3c1 0 0
316 31d 2fb 0 0
399 3c1 3c4 0 0
2f8 2c4 2ee 0 0
296 2a8 2c4 0 0
296 268 275 0 0
275 236 24a 0 0
1ca 1fe 207 0 0
225 207 222 0 0
24a 236 225 0 0
226 24c 231 0 0
226 241 24d 0 0
24d 241 27a 0 0
27a 2ae 29a 0 0
2df 2ae 2dd 0 0
226 20e 241 0 0
1da 20e 209 0 0
1a6 1da 1c0 0 0
19e 1c0 1ca 0 0
312 346 330 0 0
312 2f8 2ee 0 0
391 39f 3b5 0 0
3b5 39f 3c4 0 0
34e 333 321 0 0
2dd 2ae 2de 0 0
2e4 321 2de 0 0
31e 35e 321 0 0
31e 30d 352 0 0
352 367 391 0 0
11a1 11b7 11b9 0 0
11b7 11c6 11cf 0 0
11cf 11d5 11e3 0 0
11ed 11f2 1200 0 0
1200 1201 121d 0 0
121d 1220 123d 0 0
123d 1273 125c 0 0
11d5 11ed 11e3 0 0
1263 1282 1265 0 0
125c 1283 1263 0 0
127b 1267 1298 0 0
128f 1265 1282 0 0
1267 128f 12a0 0 0
1228 1214 123c 0 0
123c 127b 125f 0 0
120b 1228 123b 0 0
120b 123b 1227 0 0
11f9 1227 120f 0 0
120f 1203 11ec 0 0
11e0 11ce 11ec 0 0
11b6 11bb 11ce 0 0
1180 1179 119d 0 0
11a3 119d 11b6 0 0
1179 115a 1170 0 0
1180 1169 1179 0 0
119c 11bf 11c1 0 0
11e1 11bf 11cd 0 0
11cd 119a 11b3 0 0
1188 11a8 11b3 0 0
11a8 118e 119f 0 0
118e 1180 11a3 0 0
11d9 11f5 11fa 0 0
11e5 11d6 11fa 0 0
11c2 11d6 11e5 0 0
1213 11f5 11ef 0 0
11b8 11c2 11e2 0 0
1225 1208 120c 0 0
1223 1213 1208 0 0
1225 120c 1221 0 0
11c4 11b0 11c1 0 0
11db 11c8 11c4 0 0
11dc 11c8 11db 0 0
11f4 11d7 11dc 0 0
11f4 121a 11f6 0 0
1241 1215 121a 0 0
126f 1245 1241 0 0
126a 1245 1277 0 0
1274 124b 126a 0 0
1243 124b 1274 0 0
1259 123e 1243 0 0
123e 1237 1221 0 0
11ab 118a 11b8 0 0
11a1 11ab 11b7 0 0
2fb 2f4 316 0 0
2f8 32d 2f4 0 0
330 2f8 312 0 0
399 35f 398 0 0
2e7 33f 317 0 0
322 317 35f 0 0
2e7 2d7 31d 0 0
2fb 31d 2d7 0 0
399 3c4 39f 0 0
2c6 2c4 2f8 0 0
2c6 296 2c4 0 0
265 268 296 0 0
268 236 275 0 0
1ca 207 1fb 0 0
207 225 236 0 0
241 276 27a 0 0
27a 276 2ae 0 0
20e 237 241 0 0
1da 204 20e 0 0
1d2 1da 1a6 0 0
196 1a6 1c0 0 0
196 1c0 19e 0 0
1ca 1bd 19e 0 0
391 367 39f 0 0
2ae 29c 2de 0 0
321 2e4 31e 0 0
2a6 2e4 2de 0 0
30d 31e 2d6 0 0
313 352 30d 0 0
367 352 313 0 0
11ab 11c6 11b7 0 0
11c6 11d5 11cf 0 0
11d8 11f2 11ed 0 0
11f2 1201 1200 0 0
1201 1220 121d 0 0
1220 122f 123d 0 0
124e 1273 123d 0 0
125c 1273 1283 0 0
11d5 11d8 11ed 0 0
1263 1283 1282 0 0
1298 1267 12a0 0 0
127b 1298 12ca 0 0
1282 12a6 128f 0 0
12a0 128f 12b0 0 0
1228 123c 123b 0 0
1280 125f 127b 0 0
123b 123c 125f 0 0
123b 1251 1227 0 0
120f 1227 1229 0 0
120f 121f 1203 0 0
11ec 1203 11e0 0 0
11c0 11ce 11e0 0 0
11c0 11b6 11ce 0 0
11a3 1180 119d 0 0
11c0 11a3 11b6 0 0
11eb 11c1 11bf 0 0
11fc 11bf 11e1 0 0
11e1 11cd 1209 0 0
11cd 11b3 11d0 0 0
11b3 11a8 11bd 0 0
119f 118e 119e 0 0
11a8 119f 11ac 0 0
119e 118e 11a3 0 0
1213 11fa 11f5 0 0
1219 11e5 11fa 0 0
11c2 11e5 11e2 0 0
11e6 11b8 11e2 0 0
1208 1225 1223 0 0
1213 1223 1236 0 0
1237 1225 1221 0 0
11db 11c4 11c1 0 0
11f1 11dc 11db 0 0
11dc 11f1 11f4 0 0
121a 11f4 1207 0 0
121a 124f 1241 0 0
1277 1245 126f 0 0
126f 1241 1266 0 0
126a 1277 1294 0 0
1274 126a 1297 0 0
1274 1259 1243 0 0
1259 1260 123e 0 0
123e 1249 1237 0 0
11c7 11ab 11b8 0 0
2f4 2fb 2d7 0 0
2f4 2c6 2f8 0 0
371 35f 399 0 0
2e7 317 2e9 0 0
2e9 317 322 0 0
34a 322 35f 0 0
2e7 29e 2d7 0 0
399 39f 379 0 0
29b 296 2c6 0 0
236 268 265 0 0
29b 265 296 0 0
1fb 207 236 0 0
1bd 1ca 1fb 0 0
241 237 276 0 0
276 29c 2ae 0 0
20e 204 237 0 0
1da 1d2 204 0 0
1a6 1c1 1d2 0 0
174 1a6 196 0 0
17b 196 19e 0 0
19e 1bd 17d 0 0
379 39f 367 0 0
29c 2a6 2de 0 0
2e4 2d6 31e 0 0
2a6 2bc 2e4 0 0
2d6 2ce 30d 0 0
313 30d 2ce 0 0
313 32e 367 0 0
11ab 11c7 11c6 0 0
11c6 11c7 11d5 0 0
11d8 11e6 11f2 0 0
11f2 11e6 1201 0 0
1201 1204 1220 0 0
1220 1222 122f 0 0
122f 124e 123d 0 0
1262 1273 124e 0 0
1283 1273 129a 0 0
11c7 11d8 11d5 0 0
1282 1283 12a6 0 0
1298 12a0 12b8 0 0
1298 12b8 12ca 0 0
127b 12ca 12a4 0 0
128f 12a6 12bc 0 0
128f 12bc 12b0 0 0
12a0 12b0 12ad 0 0
126b 125f 1280 0 0
1280 127b 12a4 0 0
1251 123b 125f 0 0
1244 1227 1251 0 0
1227 1244 1229 0 0
120f 1229 121f 0 0
1203 121f 1224 0 0
11e0 1203 11fe 0 0
11c0 11e0 11c3 0 0
11ac 11a3 11c0 0 0
11eb 11db 11c1 0 0
11eb 11bf 11fc 0 0
11fc 11e1 1209 0 0
1209 11cd 11e9 0 0
11d0 11b3 11da 0 0
11cd 11d0 11e9 0 0
11bd 11a8 11c3 0 0
11b3 11bd 11da 0 0
11ac 119f 119e 0 0
11a8 11ac 11c3 0 0
119e 11a3 11ac 0 0
1213 1235 11fa 0 0
11e5 1219 11e2 0 0
11fa 1235 1219 0 0
11b8 11e6 11d8 0 0
11e6 11e2 1204 0 0
1234 1223 1225 0 0
1236 1223 1234 0 0
1235 1213 1236 0 0
1246 1225 1237 0 0
1205 11f1 11db 0 0
1207 11f4 11f1 0 0
121a 1207 122c 0 0
124f 121a 122c 0 0
1266 1241 124f 0 0
1277 126f 129d 0 0
128d 126f 1266 0 0
1294 1277 129d 0 0
1297 126a 1294 0 0
12a8 1274 1297 0 0
1284 1259 1274 0 0
1260 1259 1284 0 0
1260 1249 123e 0 0
1257 1237 1249 0 0
11c7 11b8 11d8 0 0
2c6 2f4 2d7 0 0
34a 35f 371 0 0
399 379 371 0 0
2e7 2e9 2b8 0 0
2f1 2e9 322 0 0
322 34a 327 0 0
29e 2e7 2b8 0 0
29e 29b 2d7 0 0
2d7 29b 2c6 0 0
236 265 228 0 0
265 29b 25a 0 0
1fb 236 228 0 0
1bd 1fb 200 0 0
237 26e 276 0 0
276 26e 29c 0 0
204 233 237 0 0
1d2 201 204 0 0
1a6 18e 1c1 0 0
1d2 1c1 201 0 0
18e 1a6 174 0 0
174 196 17b 0 0
19e 17d 17b 0 0
1bd 1ac 17d 0 0
379 367 34f 0 0
29c 26e 2a6 0 0
2d6 2e4 2bc 0 0
2a1 2bc 2a6 0 0
2ce 2d6 295 0 0
2ce 2da 313 0 0
313 306 32e 0 0
367 32e 34f 0 0
11e6 1204 1201 0 0
1204 1222 1220 0 0
1222 1230 122f 0 0
122f 1230 124e 0 0
1262 127f 1273 0 0
124a 1262 124e 0 0
129a 1273 129b 0 0
12a6 1283 129a 0 0
12a0 12b9 12b8 0 0
12b8 12e1 12ca 0 0
12a4 12ca 12c9 0 0
12bc 12a6 12c8 0 0
12b0 12bc 12d6 0 0
12ad 12b0 12c4 0 0
12a0 12ad 12b9 0 0
126b 1251 125f 0 0
1278 126b 1280 0 0
128e 1280 12a4 0 0
125b 1244 1251 0 0
1229 1244 1232 0 0
1229 1232 121f 0 0
121f 1232 1224 0 0
1203 1224 11fe 0 0
11da 11e0 11fe 0 0
11da 11c3 11e0 0 0
11ac 11c0 11c3 0 0
1205 11db 11eb 0 0
1217 11eb 11fc 0 0
11fc 1209 1240 0 0
1209 11e9 1202 0 0
11e9 11d0 11da 0 0
11da 11bd 11c3 0 0
11e2 1219 1204 0 0
1219 1235 1248 0 0
1225 1246 1234 0 0
1236 1234 1252 0 0
1236 1254 1235 0 0
1257 1246 1237 0 0
1207 11f1 1205 0 0
122c 1207 1205 0 0
1253 124f 122c 0 0
127e 1266 124f 0 0
1296 129d 126f 0 0
128d 1296 126f 0 0
1266 127e 128d 0 0
1294 129d 12c3 0 0
1297 1294 12cc 0 0
129c 1274 12a8 0 0
12bd 12a8 1297 0 0
129c 1284 1274 0 0
1288 1260 1284 0 0
1249 1260 1257 0 0
35d 34a 371 0 0
371 379 35d 0 0
2c8 2b8 2e9 0 0
2c8 2e9 2f1 0 0
2f1 322 327 0 0
34a 343 327 0 0
280 29e 2b8 0 0
25a 29b 29e 0 0
228 265 25a 0 0
200 1fb 228 0 0
200 1f1 1bd 0 0
237 233 26e 0 0
204 201 233 0 0
18e 1aa 1c1 0 0
1c1 1f7 201 0 0
174 15b 18e 0 0
171 174 17b 0 0
171 17b 17d 0 0
1f1 1ac 1bd 0 0
1ac 18f 17d 0 0
34f 353 379 0 0
26e 261 2a6 0 0
2a3 2d6 2bc 0 0
2a1 2a3 2bc 0 0
2a6 279 2a1 0 0
295 2d6 2a3 0 0
291 2ce 295 0 0
2da 2ce 298 0 0
313 2da 306 0 0
306 2f9 32e 0 0
34f 32e 33e 0 0
1204 1219 1222 0 0
1222 1219 1230 0 0
1230 124a 124e 0 0
1276 127f 1262 0 0
127f 129b 1273 0 0
124a 1250 1262 0 0
12b4 129a 129b 0 0
12a6 129a 12b4 0 0
12b9 12e1 12b8 0 0
12ca 12e1 1324 0 0
12c9 12ca 12f9 0 0
12a7 12a4 12c9 0 0
12c8 12a6 12b4 0 0
12c8 12df 12bc 0 0
12bc 12df 12d6 0 0
12c4 12b0 12d6 0 0
12b9 12ad 12c4 0 0
125b 1251 126b 0 0
1278 125b 126b 0 0
1278 1280 128e 0 0
12a7 128e 12a4 0 0
1244 125b 1256 0 0
1244 1256 1232 0 0
1247 1224 1232 0 0
121e 11fe 1224 0 0
1202 11da 11fe 0 0
1217 1205 11eb 0 0
1217 11fc 1240 0 0
1240 1209 1242 0 0
11e9 11da 1202 0 0
1209 1202 122e 0 0
1235 1255 1248 0 0
1219 1248 1238 0 0
1252 1234 1246 0 0
1236 1252 1254 0 0
1235 1254 125e 0 0
1257 126e 1246 0 0
122c 1205 122b 0 0
126d 124f 1253 0 0
1253 122c 124c 0 0
124f 126d 127e 0 0
12bb 129d 1296 0 0
128d 12c0 1296 0 0
12be 128d 127e 0 0
12d8 12c3 129d 0 0
1294 12c3 12cc 0 0
12bd 1297 12cc 0 0
12b7 129c 12a8 0 0
12d2 12a8 12bd 0 0
12ab 1284 129c 0 0
1260 1288 127c 0 0
12af 1288 1284 0 0
1260 127c 1257 0 0
34a 35d 343 0 0
35d 379 353 0 0
286 2b8 2c8 0 0
2cb 2c8 2f1 0 0
2fd 2f1 327 0 0
324 327 343 0 0
23d 29e 280 0 0
280 2b8 286 0 0
23d 25a 29e 0 0
228 25a 21b 0 0
200 228 21b 0 0
1f1 200 21b 0 0
233 261 26e 0 0
201 22e 233 0 0
1aa 18e 179 0 0
1c1 1aa 1f7 0 0
201 1f7 22e 0 0
15b 174 153 0 0
18e 15b 179 0 0
153 174 171 0 0
14d 171 17d 0 0
1f1 1df 1ac 0 0
1df 18f 1ac 0 0
17d 18f 162 0 0
34f 33e 353 0 0
261 279 2a6 0 0
2a1 279 2a3 0 0
25b 295 2a3 0 0
298 2ce 291 0 0
291 295 24e 0 0
298 2af 2da 0 0
2da 2f9 306 0 0
32e 2f9 31c 0 0
32e 31c 33e 0 0
1219 1238 1230 0 0
1230 1238 124a 0 0
128b 127f 1276 0 0
125a 1276 1262 0 0
127f 128b 129b 0 0
1238 1250 124a 0 0
1250 125a 1262 0 0
12b1 12b4 129b 0 0
12c4 12e1 12b9 0 0
1324 12e1 1334 0 0
12f9 12ca 1324 0 0
12e0 12c9 12f9 0 0
12ae 12a7 12c9 0 0
12c8 12b4 12dc 0 0
12dc 12df 12c8 0 0
12d6 12df 12f8 0 0
12e1 12c4 12d6 0 0
125b 1278 1256 0 0
128e 128a 1278 0 0
128a 128e 12a7 0 0
1256 1247 1232 0 0
1247 1231 1224 0 0
121e 1202 11fe 0 0
1224 1231 121e 0 0
122b 1205 1217 0 0
122b 1217 1240 0 0
1209 122e 1242 0 0
1240 1242 126c 0 0
122e 1202 121e 0 0
1235 125e 1255 0 0
1248 1255 125d 0 0
1238 1248 1250 0 0
126e 1252 1246 0 0
1279 1254 1252 0 0
125e 1254 1270 0 0
1257 1275 126e 0 0
122c 122b 124c 0 0
126d 1253 1268 0 0
1268 1253 124c 0 0
127e 126d 1295 0 0
12d8 129d 12bb 0 0
12c0 12bb 1296 0 0
12be 12c0 128d 0 0
12be 127e 1295 0 0
12d8 12fb 12c3 0 0
12cc 12c3 12fb 0 0
12bd 12cc 12e4 0 0
12b7 12ab 129c 0 0
12b7 12a8 12d2 0 0
12bd 12e4 12d2 0 0
12af 1284 12ab 0 0
12aa 127c 1288 0 0
1288 12af 12aa 0 0
1257 127c 1275 0 0
35d 353 343 0 0
286 2c8 2cb 0 0
2fd 2cb 2f1 0 0
2fd 327 324 0 0
324 343 33e 0 0
23d 280 23a 0 0
23a 280 286 0 0
23d 21b 25a 0 0
23d 1f1 21b 0 0
233 22e 261 0 0
179 198 1aa 0 0
1f7 1aa 1e8 0 0
1f7 229 22e 0 0
15b 153 133 0 0
15b 165 179 0 0
171 14d 153 0 0
14d 17d 162 0 0
1f1 23d 1df 0 0
1b6 18f 1df 0 0
162 18f 151 0 0
353 33e 343 0 0
261 22e 279 0 0
279 25b 2a3 0 0
258 295 25b 0 0
298 291 266 0 0
24e 295 258 0 0
24e 266 291 0 0
2af 298 27c 0 0
2da 2af 2d2 0 0
2da 2d2 2f9 0 0
31c 2f9 2fa 0 0
31c 324 33e 0 0
1276 1286 128b 0 0
125a 125d 1276 0 0
128b 12a1 129b 0 0
1250 1248 125a 0 0
12b1 12dc 12b4 0 0
12b1 129b 12a1 0 0
12e1 12f8 1334 0 0
1324 1334 137f 0 0
12f9 1324 1327 0 0
12e0 12ae 12c9 0 0
12e0 12f9 1310 0 0
12ae 128a 12a7 0 0
12f2 12df 12dc 0 0
12f8 12df 12fa 0 0
12d6 12f8 12e1 0 0
1256 1278 1271 0 0
1278 128a 1271 0 0
1264 1247 1256 0 0
1258 1231 1247 0 0
122e 121e 1231 0 0
122b 1240 124c 0 0
1242 122e 1261 0 0
126c 1242 1261 0 0
1240 126c 1285 0 0
1255 125e 1272 0 0
1255 1272 125d 0 0
1248 125d 125a 0 0
1252 126e 1279 0 0
1279 1270 1254 0 0
127a 125e 1270 0 0
1292 126e 1275 0 0
1295 126d 1268 0 0
124c 1269 1268 0 0
12bb 12ee 12d8 0 0
12e2 12bb 12c0 0 0
1313 12c0 12be 0 0
12be 1295 12cd 0 0
1300 12fb 12d8 0 0
12cc 12fb 1304 0 0
12cc 1304 12e4 0 0
12ab 12b7 12d5 0 0
12b7 12d2 12d5 0 0
12e4 12f7 12d2 0 0
12d5 12af 12ab 0 0
127c 12aa 1292 0 0
12cf 12aa 12af 0 0
1292 1275 127c 0 0
2a2 286 2cb 0 0
2fd 2e3 2cb 0 0
324 2fa 2fd 0 0
1df 23d 23a 0 0
1fc 23a 286 0 0
179 165 198 0 0
1e8 1aa 198 0 0
1f7 1e8 229 0 0
22e 229 279 0 0
133 153 14d 0 0
134 15b 133 0 0
165 15b 134 0 0
14d 162 13e 0 0
18f 1b6 195 0 0
1fc 1b6 1df 0 0
195 151 18f 0 0
162 151 13e 0 0
279 229 25b 0 0
258 25b 21e 0 0
251 298 266 0 0
24e 258 21e 0 0
21d 266 24e 0 0
27c 298 251 0 0
27c 290 2af 0 0
2af 2b3 2d2 0 0
2d2 2e6 2f9 0 0
2f9 2e6 2fa 0 0
31c 2fa 324 0 0
1272 1286 1276 0 0
128b 1286 12a1 0 0
125d 1272 1276 0 0
12b2 12dc 12b1 0 0
12b2 12b1 12a1 0 0
1334 12f8 1316 0 0
1334 137a 137f 0 0
136f 1324 137f 0 0
1324 1349 1327 0 0
12f9 1327 1310 0 0
12b5 12ae 12e0 0 0
12e0 1310 1303 0 0
1293 128a 12ae 0 0
12f2 12fa 12df 0 0
12f2 12dc 1302 0 0
1316 12f8 12fa 0 0
1264 1256 1271 0 0
127d 1271 128a 0 0
1247 1264 1258 0 0
122e 1231 1258 0 0
124c 1240 1269 0 0
122e 1258 1261 0 0
126c 1261 128c 0 0
1285 126c 12a3 0 0
1269 1240 1285 0 0
125e 127a 1272 0 0
1279 126e 1299 0 0
1270 1279 1289 0 0
127a 1270 1289 0 0
1299 126e 1292 0 0
1268 1269 1295 0 0
12ee 12bb 12e2 0 0
12d8 12ee 1300 0 0
1313 12e2 12c0 0 0
12be 12fd 1313 0 0
12dd 12cd 1295 0 0
12fd 12be 12cd 0 0
131b 12fb 1300 0 0
1304 12fb 131f 0 0
12e4 1304 1328 0 0
12d5 12d2 12eb 0 0
1328 12f7 12e4 0 0
12f7 12eb 12d2 0 0
12d3 12af 12d5 0 0
12c1 1292 12aa 0 0
12aa 12cf 12d0 0 0
12af 12d3 12cf 0 0
25e 286 2a2 0 0
2be 2a2 2cb 0 0
2e3 2fd 2fa 0 0
2e3 2be 2cb 0 0
1fc 1df 23a 0 0
214 1fc 286 0 0
165 17c 198 0 0
198 1af 1e8 0 0
221 229 1e8 0 0
14d 13e 133 0 0
126 134 133 0 0
134 13d 165 0 0
195 1b6 1fc 0 0
195 164 151 0 0
13e 151 139 0 0
229 221 25b 0 0
221 21e 25b 0 0
251 266 21d 0 0
21e 1f5 24e 0 0
24e 1f5 21d 0 0
27c 251 247 0 0
290 27c 26d 0 0
2af 290 2b3 0 0
2d2 2b3 2d1 0 0
2d2 2d1 2e6 0 0
2d1 2fa 2e6 0 0
1272 1287 1286 0 0
1286 129e 12a1 0 0
12dc 12b2 12cb 0 0
129e 12b2 12a1 0 0
1334 1316 1339 0 0
1334 1362 137a 0 0
137f 137a 13b8 0 0
1324 136f 1349 0 0
13a8 136f 137f 0 0
1327 1349 1342 0 0
1342 1310 1327 0 0
12b5 1293 12ae 0 0
12d1 12b5 12e0 0 0
1303 1310 1342 0 0
12e3 12e0 1303 0 0
1293 127d 128a 0 0
12f2 1302 12fa 0 0
1307 1302 12dc 0 0
1316 12fa 1302 0 0
127d 1264 1271 0 0
1258 1264 1281 0 0
1258 1290 1261 0 0
1261 1290 128c 0 0
12a3 126c 128c 0 0
1285 12a3 12ba 0 0
1269 1285 1295 0 0
1272 127a 1287 0 0
1291 1279 1299 0 0
1279 1291 1289 0 0
127a 1289 1287 0 0
1292 12c7 1299 0 0
12e2 130f 12ee 0 0
1318 1300 12ee 0 0
130f 12e2 1313 0 0
132b 1313 12fd 0 0
12fd 12cd 12dd 0 0
1295 12c6 12dd 0 0
134a 12fb 131b 0 0
1300 1320 131b 0 0
134a 131f 12fb 0 0
1304 131f 1345 0 0
1328 1304 1345 0 0
12d5 12eb 12f0 0 0
12f7 1328 1329 0 0
12f7 1308 12eb 0 0
12e6 12d3 12d5 0 0
12c7 1292 12c1 0 0
12d0 12c1 12aa 0 0
12ed 12d0 12cf 0 0
12e6 12cf 12d3 0 0
214 286 25e 0 0
288 25e 2a2 0 0
288 2a2 2be 0 0
2d1 2e3 2fa 0 0
2e3 2d1 2be 0 0
1fc 214 1bc 0 0
165 163 17c 0 0
198 17c 1af 0 0
1e8 1af 1ee 0 0
221 1e8 21e 0 0
120 133 13e 0 0
126 121 134 0 0
11c 126 133 0 0
127 13d 134 0 0
165 13d 163 0 0
195 1fc 1bc 0 0
164 195 177 0 0
146 151 164 0 0
139 151 138 0 0
13e 139 12d 0 0
21d 212 251 0 0
1ee 1f5 21e 0 0
1f5 1e0 21d 0 0
247 251 212 0 0
247 24f 27c 0 0
27c 24f 26d 0 0
290 26d 27d 0 0
290 293 2b3 0 0
2d1 2b3 2b1 0 0
1286 1287 129e 0 0
12b3 12cb 12b2 0 0
12cb 12e8 12dc 0 0
129e 12a2 12b2 0 0
1322 1339 1316 0 0
1339 1362 1334 0 0
13a5 137a 1362 0 0
13b8 137a 13a5 0 0
137f 13b8 13d4 0 0
1363 1349 136f 0 0
1391 136f 13a8 0 0
137f 13d4 13a8 0 0
1342 1349 1363 0 0
1293 12b5 129f 0 0
12b6 12b5 12d1 0 0
12e3 12d1 12e0 0 0
131e 1303 1342 0 0
12e9 12e3 1303 0 0
127d 1293 1281 0 0
1307 131d 1302 0 0
12e8 1307 12dc 0 0
1316 1302 1322 0 0
1264 127d 1281 0 0
1281 1290 1258 0 0
128c 1290 12ce 0 0
12a3 128c 12ce 0 0
12ba 12a3 12d4 0 0
12ba 12c6 1285 0 0
12c6 1295 1285 0 0
1291 1299 12ac 0 0
1289 1291 12a5 0 0
1287 1289 12a2 0 0
12bf 1299 12c7 0 0
130f 1318 12ee 0 0
1300 1318 1320 0 0
130f 1313 1331 0 0
1313 132b 1357 0 0
132b 12fd 133d 0 0
12fd 12dd 1301 0 0
12dd 12c6 12f6 0 0
131b 1343 134a 0 0
1320 1343 131b 0 0
1345 131f 134a 0 0
1328 1345 1377 0 0
130a 12f0 12eb 0 0
12f0 12e6 12d5 0 0
1376 1329 1328 0 0
1329 1308 12f7 0 0
12eb 1308 130a 0 0
12c7 12c1 12e5 0 0
12e5 12c1 12d0 0 0
12e5 12d0 12ed 0 0
12ed 12cf 12e6 0 0
217 214 25e 0 0
288 244 25e 0 0
2b2 288 2be 0 0
2d1 2b2 2be 0 0
1d4 1bc 214 0 0
163 185 17c 0 0
17c 185 1af 0 0
1ee 1af 1f5 0 0
1e8 1ee 21e 0 0
11e 133 120 0 0
120 13e 12d 0 0
11d 121 126 0 0
121 127 134 0 0
11c 11d 126 0 0
11c 133 11e 0 0
127 129 13d 0 0
13d 14a 163 0 0
195 1bc 177 0 0
15f 164 177 0 0
138 151 146 0 0
146 164 149 0 0
131 139 138 0 0
12d 139 12f 0 0
1f6 212 21d 0 0
1e0 1f5 1bb 0 0
1f6 21d 1e0 0 0
212 22a 247 0 0
23f 24f 247 0 0
249 26d 24f 0 0
26d 271 27d 0 0
290 27d 293 0 0
2b3 293 2b1 0 0
2d1 2b1 2b2 0 0
1287 12a2 129e 0 0
12b3 12c2 12cb 0 0
12a2 12b3 12b2 0 0
12cb 12c2 12e8 0 0
1322 134c 1339 0 0
1362 1339 134c 0 0
1362 1378 13a5 0 0
13b8 13a5 13ef 0 0
13b8 13fe 13d4 0 0
1363 136f 1391 0 0
1391 13a8 13df 0 0
13d4 13df 13a8 0 0
1342 1363 1391 0 0
12b5 12b6 129f 0 0
1293 129f 1281 0 0
12d7 12b6 12d1 0 0
12d7 12d1 12e3 0 0
12fe 1303 131e 0 0
131e 1342 1365 0 0
12e9 12d7 12e3 0 0
12fe 12e9 1303 0 0
1307 133b 131d 0 0
1302 131d 1322 0 0
12e8 1315 1307 0 0
129f 1290 1281 0 0
12ce 1290 12c5 0 0
12d4 12a3 12ce 0 0
12ba 12d4 12ec 0 0
12c6 12ba 12ec 0 0
1299 12bf 12ac 0 0
1291 12ac 12a5 0 0
1289 12a5 12a9 0 0
1289 12a9 12a2 0 0
12db 12bf 12c7 0 0
1318 130f 134b 0 0
1318 1335 1320 0 0
1331 1313 1353 0 0
134b 130f 1331 0 0
1357 132b 133d 0 0
136e 1313 1357 0 0
12fd 132f 133d 0 0
12dd 12f6 1301 0 0
12fd 1301 132f 0 0
12f6 12c6 12ec 0 0
134a 1343 1366 0 0
1320 1335 1343 0 0
1345 134a 138f 0 0
1377 1345 138f 0 0
1376 1328 1377 0 0
1305 12f0 130a 0 0
12e6 12f0 1305 0 0
1376 134f 1329 0 0
1325 1308 1329 0 0
1323 130a 1308 0 0
12c7 12e5 12f5 0 0
12ed 1319 12e5 0 0
1309 12ed 12e6 0 0
217 1d4 214 0 0
244 217 25e 0 0
244 288 246 0 0
288 2b2 28f 0 0
1d4 199 1bc 0 0
163 16d 185 0 0
1af 185 1a9 0 0
1af 1a9 1f5 0 0
129 12a 13d 0 0
13d 135 14a 0 0
163 14a 16d 0 0
199 177 1bc 0 0
157 164 15f 0 0
15f 177 16a 0 0
149 164 157 0 0
12f 139 131 0 0
1f6 1ef 212 0 0
1f5 1a9 1bb 0 0
1bb 1b1 1e0 0 0
1b1 1f6 1e0 0 0
20b 22a 212 0 0
22a 22d 247 0 0
23f 242 24f 0 0
22d 23f 247 0 0
249 25c 26d 0 0
242 249 24f 0 0
262 271 26d 0 0
271 278 27d 0 0
27d 273 293 0 0
293 28f 2b1 0 0
2b2 2b1 28f 0 0
12a9 12c2 12b3 0 0
12a2 12a9 12b3 0 0
12d9 12e8 12c2 0 0
131d 134c 1322 0 0
134c 1378 1362 0 0
13a5 1378 13a2 0 0
13ef 13a5 13e9 0 0
13b8 13ef 13fe 0 0
13d4 13fe 13fa 0 0
13c0 1391 13df 0 0
13d4 1400 13df 0 0
1342 1391 1365 0 0
1290 129f 12b6 0 0
12c5 12b6 12d7 0 0
1306 12fe 131e 0 0
1332 131e 1365 0 0
12de 12d7 12e9 0 0
12f3 12e9 12fe 0 0
1315 133b 1307 0 0
131d 133b 134c 0 0
12e8 130e 1315 0 0
12c5 1290 12b6 0 0
12c5 12da 12ce 0 0
12ef 12d4 12ce 0 0
12ec 12d4 12ef 0 0
12ac 12bf 12d9 0 0
12ac 12c2 12a5 0 0
12a9 12a5 12c2 0 0
12bf 12db 12d9 0 0
12db 12c7 12e7 0 0
134b 133c 1318 0 0
1318 133c 1335 0 0
1353 1313 136e 0 0
134b 1331 1353 0 0
1368 1357 133d 0 0
139e 136e 1357 0 0
133d 132f 135b 0 0
1301 12f6 131a 0 0
132f 1301 131a 0 0
12f6 12ec 1317 0 0
1360 1366 1343 0 0
134a 1366 138a 0 0
1350 1343 1335 0 0
134a 138a 138f 0 0
13ee 1377 138f 0 0
13ee 1376 1377 0 0
132c 1305 130a 0 0
1305 1309 12e6 0 0
1381 134f 1376 0 0
134f 1325 1329 0 0
1325 1323 1308 0 0
1333 130a 1323 0 0
12e5 130c 12f5 0 0
12c7 12f5 12e7 0 0
1319 12ed 1309 0 0
130c 12e5 1319 0 0
1d4 217 203 0 0
203 217 244 0 0
246 288 28f 0 0
203 244 246 0 0
199 1d4 1a8 0 0
16d 187 185 0 0
187 1a9 185 0 0
12a 135 13d 0 0
135 142 14a 0 0
14a 161 16d 0 0
16f 177 199 0 0
16a 177 16f 0 0
1d5 1ef 1f6 0 0
1ef 1ff 212 0 0
187 1bb 1a9 0 0
1bb 187 1b1 0 0
1b1 1d5 1f6 0 0
1ff 20b 212 0 0
25c 262 26d 0 0
26f 27d 278 0 0
27d 270 273 0 0
293 273 28f 0 0
12f4 12e8 12d9 0 0
12d9 12c2 12ac 0 0
134c 136a 1378 0 0
136a 13a2 1378 0 0
13a5 13a2 13e9 0 0
13ef 13e9 142a 0 0
13ef 142d 13fe 0 0
1411 13fa 13fe 0 0
13d4 13fa 1400 0 0
1391 13c0 1365 0 0
13df 1412 13c0 0 0
1427 13df 1400 0 0
12de 12c5 12d7 0 0
1306 12f3 12fe 0 0
1332 1306 131e 0 0
135a 1332 1365 0 0
12f3 12de 12e9 0 0
1315 1336 133b 0 0
133b 136a 134c 0 0
12e8 12f4 130e 0 0
1315 130e 1336 0 0
12c5 12de 12da 0 0
12ea 12ce 12da 0 0
12ef 12ce 12fc 0 0
12ec 12ef 1312 0 0
12d9 12db 12f1 0 0
12db 12e7 12f1 0 0
1350 133c 134b 0 0
1350 1335 133c 0 0
136e 1394 1353 0 0
136b 134b 1353 0 0
1388 1357 1368 0 0
133d 135b 1368 0 0
136e 139e 13b0 0 0
139e 1357 1388 0 0
135b 132f 1354 0 0
131a 12f6 1317 0 0
132f 131a 1338 0 0
1317 12ec 1312 0 0
1385 1366 1360 0 0
1343 1350 1360 0 0
138d 138a 1366 0 0
138f 138a 13d3 0 0
13ee 138f 13d3 0 0
13bf 1376 13ee 0 0
1326 1305 132c 0 0
130a 1333 132c 0 0
1305 1326 1309 0 0
1381 1364 134f 0 0
1381 1376 13bf 0 0
133f 1325 134f 0 0
1323 1325 133f 0 0
135f 1333 1323 0 0
12f5 130c 130b 0 0
12e7 12f5 1314 0 0
1309 132d 1319 0 0
1319 1337 130c 0 0
1c2 1d4 203 0 0
273 246 28f 0 0
203 246 20c 0 0
1a8 1d4 1c2 0 0
184 199 1a8 0 0
16d 161 187 0 0
142 150 14a 0 0
14a 150 161 0 0
16f 199 184 0 0
183 1b1 187 0 0
1b4 1d5 1b1 0 0
270 27d 26f 0 0
260 273 270 0 0
12d9 12f1 12f4 0 0
137b 13a2 136a 0 0
13e9 13a2 13d9 0 0
142a 13e9 1418 0 0
13ef 142a 142d 0 0
1432 13fe 142d 0 0
1411 1400 13fa 0 0
1432 1411 13fe 0 0
139f 1365 13c0 0 0
1412 13df 1427 0 0
13c0 1412 13f9 0 0
1427 1400 1411 0 0
12ea 12f3 1306 0 0
1311 1306 1332 0 0
133e 1332 135a 0 0
1365 139f 135a 0 0
12f3 12ea 12de 0 0
135c 133b 1336 0 0
136a 133b 135c 0 0
12f4 130d 130e 0 0
130e 132a 1336 0 0
12ea 12da 12de 0 0
12ea 12ff 12ce 0 0
12ce 12ff 12fc 0 0
12fc 1312 12ef 0 0
12e7 1314 12f1 0 0
1370 1350 134b 0 0
13b0 1394 136e 0 0
1353 1394 136b 0 0
134b 136b 1386 0 0
138c 1388 1368 0 0
1368 135b 137c 0 0
13c1 13b0 139e 0 0
139e 1388 13a7 0 0
132f 1338 1354 0 0
135b 1354 138e 0 0
131a 1317 133a 0 0
1338 131a 1340 0 0
1317 1312 1346 0 0
1366 1385 138d 0 0
1374 1385 1360 0 0
1374 1360 1350 0 0
13ac 138a 138d 0 0
13ac 13d3 138a 0 0
13ee 13d3 144a 0 0
13bf 13ee 1406 0 0
1326 132c 1359 0 0
1356 132c 1333 0 0
1309 1326 132d 0 0
1364 1381 1395 0 0
133f 134f 1364 0 0
1381 13bf 1395 0 0
135f 1323 133f 0 0
135f 1356 1333 0 0
130b 130c 131c 0 0
12f5 130b 1314 0 0
132d 134d 1319 0 0
1337 1319 134e 0 0
130c 1337 131c 0 0
1c2 203 1d8 0 0
246 273 248 0 0
20c 246 218 0 0
1f3 203 20c 0 0
161 167 187 0 0
150 155 161 0 0
183 19c 1b1 0 0
167 183 187 0 0
19c 1b4 1b1 0 0
26c 270 26f 0 0
248 273 260 0 0
260 270 269 0 0
12f4 12f1 130d 0 0
137b 1383 13a2 0 0
137b 136a 135c 0 0
13bb 13d9 13a2 0 0
13e9 13d9 1407 0 0
1418 13e9 1407 0 0
142a 1418 1436 0 0
142d 142a 146e 0 0
1432 142d 1468 0 0
1427 1411 1432 0 0
13f9 139f 13c0 0 0
143c 1412 1427 0 0
1449 13f9 1412 0 0
1311 12ea 1306 0 0
133e 1311 1332 0 0
1375 133e 135a 0 0
1375 135a 139f 0 0
1341 135c 1336 0 0
130e 130d 132a 0 0
132a 1341 1336 0 0
12ea 1311 12ff 0 0
12ff 1321 12fc 0 0
12fc 1321 1312 0 0
12f1 1314 130d 0 0
1370 1374 1350 0 0
1386 1370 134b 0 0
13d1 1394 13b0 0 0
1386 136b 1394 0 0
1388 138c 13aa 0 0
138c 1368 137c 0 0
137c 135b 138e 0 0
13d6 13b0 13c1 0 0
13cd 13c1 139e 0 0
13a7 1388 13aa 0 0
139e 13a7 13bc 0 0
1340 1354 1338 0 0
138e 1354 1371 0 0
133a 1317 1346 0 0
1340 131a 133a 0 0
1321 1346 1312 0 0
1397 138d 1385 0 0
1396 1385 1374 0 0
13ac 138d 13b4 0 0
13d0 13d3 13ac 0 0
13d3 140c 144a 0 0
13ee 144a 1469 0 0
1434 1406 13ee 0 0
1406 13eb 13bf 0 0
132c 1356 1359 0 0
1326 1359 1344 0 0
132d 1326 1344 0 0
1395 135f 1364 0 0
1364 135f 133f 0 0
13c5 1395 13bf 0 0
138b 1356 135f 0 0
130b 131c 1314 0 0
134d 132d 1344 0 0
1319 134d 1358 0 0
1319 1358 134e 0 0
1337 134e 135d 0 0
131c 1337 1348 0 0
1d8 203 1f3 0 0
246 248 230 0 0
218 246 230 0 0
161 158 167 0 0
155 158 161 0 0
269 270 26c 0 0
137b 135c 1383 0 0
13a2 1383 139a 0 0
13d9 13bb 13f1 0 0
13bb 13a2 139a 0 0
1407 13d9 13f1 0 0
1407 1430 1418 0 0
1436 1418 1430 0 0
142a 1436 1476 0 0
142a 1476 146e 0 0
1468 142d 146e 0 0
1475 1432 1468 0 0
1427 1432 1475 0 0
139f 13f9 13ba 0 0
1449 1412 143c 0 0
145e 143c 1427 0 0
143b 13f9 1449 0 0
1311 133e 1330 0 0
133e 1375 1361 0 0
1375 139f 13ba 0 0
1341 1347 135c 0 0
130d 132e 132a 0 0
132a 132e 1341 0 0
1311 1330 12ff 0 0
12ff 1330 1321 0 0
130d 1314 132e 0 0
13ab 1374 1370 0 0
13ab 1370 1386 0 0
13c3 1394 13d1 0 0
13d6 13d1 13b0 0 0
13c3 1386 1394 0 0
13aa 138c 13ad 0 0
138c 137c 13ad 0 0
13ad 137c 138e 0 0
13e3 13d6 13c1 0 0
13cd 13e3 13c1 0 0
13cd 139e 13bc 0 0
13d5 13a7 13aa 0 0
13bc 13a7 13d5 0 0
1340 1355 1354 0 0
1354 1355 1371 0 0
138e 1371 139d 0 0
1351 133a 1346 0 0
1340 133a 1351 0 0
1321 1352 1346 0 0
13b4 138d 1397 0 0
13b1 1397 1385 0 0
13b7 1385 1396 0 0
1396 1374 13ab 0 0
13d0 13ac 13b4 0 0
13d3 13d0 140c 0 0
144a 140c 1451 0 0
1469 144a 14a0 0 0
13ee 1469 144f 0 0
1426 1406 1434 0 0
144f 1434 13ee 0 0
1415 13eb 1406 0 0
13eb 13c5 13bf 0 0
1359 1356 1387 0 0
135e 1344 1359 0 0
13a1 135f 1395 0 0
13c5 13a1 1395 0 0
1356 138b 1387 0 0
13a1 138b 135f 0 0
1314 131c 1348 0 0
134d 1344 135e 0 0
1358 134d 1373 0 0
134e 1358 136c 0 0
135d 134e 136c 0 0
1337 135d 1348 0 0
136d 1383 135c 0 0
136d 139a 1383 0 0
13c6 13f1 13bb 0 0
13bb 139a 13a4 0 0
141c 1407 13f1 0 0
1407 141c 1430 0 0
1436 1430 1476 0 0
1476 14b9 146e 0 0
1468 146e 14b0 0 0
1468 14b0 1475 0 0
145e 1427 1475 0 0
13ba 13f9 13f8 0 0
1449 143c 145e 0 0
13f8 13f9 143b 0 0
143b 1449 1478 0 0
133e 1361 1330 0 0
1375 1399 1361 0 0
13ba 1399 1375 0 0
132e 1347 1341 0 0
1347 136d 135c 0 0
1330 1352 1321 0 0
132e 1314 1347 0 0
13c3 13ab 1386 0 0
13c3 13d1 1409 0 0
13d1 13d6 13fb 0 0
13da 13aa 13ad 0 0
13ad 138e 13c2 0 0
13fb 13d6 13e3 0 0
13cd 13e5 13e3 0 0
13e0 13cd 13bc 0 0
13da 13d5 13aa 0 0
13e0 13bc 13d5 0 0
1355 1340 1351 0 0
1355 1351 1371 0 0
1380 139d 1371 0 0
138e 139d 13b5 0 0
1351 1346 1367 0 0
1352 1372 1346 0 0
1397 13b1 13b4 0 0
1385 13b7 13b1 0 0
13b7 1396 13ab 0 0
13b4 13ed 13d0 0 0
13d0 13ed 140c 0 0
140c 1423 1451 0 0
144a 1451 1490 0 0
14a0 144a 14d0 0 0
1469 14a0 14c4 0 0
144f 1469 149a 0 0
1426 1415 1406 0 0
1446 1426 1434 0 0
146a 1434 144f 0 0
13eb 1415 13fd 0 0
13c5 13eb 13dc 0 0
1398 1359 1387 0 0
135e 1359 137e 0 0
13cc 13a1 13c5 0 0
1387 138b 13af 0 0
13a1 13bd 138b 0 0
1314 1348 1347 0 0
134d 135e 1373 0 0
1358 1373 1389 0 0
1358 1389 136c 0 0
135d 136c 1382 0 0
1348 135d 1369 0 0
136d 1384 139a 0 0
13f2 13f1 13c6 0 0
13c6 13bb 13b3 0 0
139b 13a4 139a 0 0
13b3 13bb 13a4 0 0
141c 13f1 1422 0 0
141c 1455 1430 0 0
1476 1430 1455 0 0
1476 14d7 14b9 0 0
146e 14b9 14b0 0 0
1475 14b0 14d4 0 0
145e 1475 149c 0 0
13ba 13f8 13c7 0 0
1449 145e 148a 0 0
1416 13f8 143b 0 0
1478 1449 148a 0 0
1478 1474 143b 0 0
1330 1361 1352 0 0
1361 1399 137d 0 0
13ba 13c7 1399 0 0
1347 1348 136d 0 0
13f3 13ab 13c3 0 0
13d1 13fb 1409 0 0
1409 13f3 13c3 0 0
13da 13ad 13de 0 0
13c2 138e 13b5 0 0
13de 13ad 13c2 0 0
13fb 13e3 1405 0 0
13e5 13cd 13e0 0 0
13e3 13e5 1405 0 0
13d5 13da 1404 0 0
13e0 13d5 1408 0 0
1351 1367 1371 0 0
139d 1380 1392 0 0
1371 1367 1380 0 0
13be 13b5 139d 0 0
1367 1346 1372 0 0
1352 137d 1372 0 0
13ce 13b4 13b1 0 0
13d7 13b1 13b7 0 0
13ea 13b7 13ab 0 0
13ce 13ed 13b4 0 0
1423 140c 13ed 0 0
1451 1423 146f 0 0
1490 1451 1485 0 0
144a 1490 14d0 0 0
14eb 14a0 14d0 0 0
14c4 14a0 14eb 0 0
149a 1469 14c4 0 0
149a 146a 144f 0 0
1415 1426 1442 0 0
1442 1426 1446 0 0
1434 1462 1446 0 0
1434 146a 1462 0 0
1415 141d 13fd 0 0
13dc 13eb 13fd 0 0
13dc 13cc 13c5 0 0
137e 1359 1398 0 0
1387 13b6 1398 0 0
1373 135e 137e 0 0
13cc 13bd 13a1 0 0
138b 13bd 13af 0 0
1387 13af 13b6 0 0
1389 1373 1393 0 0
136c 1389 1390 0 0
136c 1390 1382 0 0
135d 1382 1379 0 0
1369 135d 1379 0 0
1348 1369 136d 0 0
1369 1384 136d 0 0
1384 139b 139a 0 0
1422 13f1 13f2 0 0
13c8 13f2 13c6 0 0
13a0 13c6 13b3 0 0
139b 13a0 13a4 0 0
13a0 13b3 13a4 0 0
1422 1455 141c 0 0
1476 1455 14a5 0 0
1476 14e2 14d7 0 0
14b9 14d7 14e0 0 0
14b0 14b9 14e1 0 0
14b0 1508 14d4 0 0
149c 1475 14d4 0 0
145e 149c 148a 0 0
13f8 13db 13c7 0 0
13f8 1416 13db 0 0
1416 143b 144c 0 0
1478 148a 14c3 0 0
1474 1478 14b1 0 0
143b 1474 144c 0 0
1361 137d 1352 0 0
1399 13ae 137d 0 0
13c7 13ae 1399 0 0
13f3 13ea 13ab 0 0
1409 13fb 1425 0 0
1429 13f3 1409 0 0
13da 13de 141a 0 0
13c2 13b5 13e2 0 0
13de 13c2 13e4 0 0
13fb 1405 1425 0 0
13e5 13e0 1405 0 0
1404 13da 141a 0 0
1408 13d5 1404 0 0
1405 13e0 1408 0 0
1380 1372 1392 0 0
139d 1392 13ae 0 0
1380 1367 1372 0 0
13be 13e2 13b5 0 0
13be 139d 13ae 0 0
137d 1392 1372 0 0
13d7 13ce 13b1 0 0
13f0 13d7 13b7 0 0
13b7 13ea 13f0 0 0
13ce 13f4 13ed 0 0
1410 1423 13ed 0 0
142f 146f 1423 0 0
1451 146f 1485 0 0
1490 1485 14a4 0 0
14d0 1490 14cb 0 0
14eb 14d0 1516 0 0
1501 14c4 14eb 0 0
14c9 149a 14c4 0 0
149a 1493 146a 0 0
141d 1415 1442 0 0
1446 1467 1442 0 0
1467 1446 1462 0 0
1493 1462 146a 0 0
1403 13fd 141d 0 0
13fd 13e6 13dc 0 0
13e6 13cc 13dc 0 0
13a9 137e 1398 0 0
1398 13b6 13ca 0 0
1373 137e 139c 0 0
13bd 13cc 13e6 0 0
13cf 13af 13bd 0 0
13af 13c4 13b6 0 0
1393 1373 139c 0 0
1393 13a6 1389 0 0
13b2 1390 1389 0 0
1382 1390 13a3 0 0
1379 1382 13a0 0 0
1369 1379 1384 0 0
13a0 139b 1384 0 0
13f2 1428 1422 0 0
13c8 13d2 13f2 0 0
13a3 13c8 13c6 0 0
13a3 13c6 13a0 0 0
1422 1459 1455 0 0
1455 1487 14a5 0 0
14a5 14e2 1476 0 0
14d7 14e2 1503 0 0
14e0 14d7 1511 0 0
14e1 14b9 14e0 0 0
1508 14b0 14e1 0 0
14d4 1508 1533 0 0
14cc 149c 14d4 0 0
149c 14cc 148a 0 0
13c7 13db 13ae 0 0
13db 1416 13e2 0 0
144c 142b 1416 0 0
148a 14cc 14c3 0 0
1478 14c3 14b1 0 0
14b1 14a2 1474 0 0
1474 1470 144c 0 0
137d 13ae 1392 0 0
1421 13ea 13f3 0 0
143e 1409 1425 0 0
1429 1421 13f3 0 0
143e 1429 1409 0 0
1402 141a 13de 0 0
13e4 13c2 13e2 0 0
13e4 1402 13de 0 0
1425 1405 1424 0 0
1404 141a 1431 0 0
1408 1404 1431 0 0
1405 1408 1424 0 0
13be 13db 13e2 0 0
13ae 13db 13be 0 0
13d7 13f4 13ce 0 0
13ff 13d7 13f0 0 0
1413 13f0 13ea 0 0
1410 13ed 13f4 0 0
142f 1423 1410 0 0
144d 146f 142f 0 0
1485 146f 14b6 0 0
1485 14b6 14a4 0 0
1490 14a4 14cb 0 0
14d0 14cb 14fa 0 0
14d0 151f 1516 0 0
14eb 1516 152f 0 0
1501 14fc 14c4 0 0
1501 14eb 1526 0 0
14ce 149a 14c9 0 0
14c9 14c4 14fc 0 0
14bc 1493 149a 0 0
141d 1442 1444 0 0
1442 1467 1472 0 0
148c 1467 1462 0 0
1462 1493 148c 0 0
1403 13e6 13fd 0 0
1403 141d 1414 0 0
137e 13a9 139c 0 0
1398 13ca 13a9 0 0
13b6 13dd 13ca 0 0
13f7 13bd 13e6 0 0
13c4 13af 13cf 0 0
13bd 13f7 13cf 0 0
13c4 13e1 13b6 0 0
1393 139c 13a6 0 0
1389 13a6 13b2 0 0
1390 13b2 13a3 0 0
1382 13a3 13a0 0 0
1379 13a0 1384 0 0
140b 1428 13f2 0 0
1428 1459 1422 0 0
13b2 13d2 13c8 0 0
13d2 13e8 13f2 0 0
13a3 13b2 13c8 0 0
1455 1459 1487 0 0
1487 14c5 14a5 0 0
14a5 14e9 14e2 0 0
1503 14e2 1539 0 0
1511 14d7 1503 0 0
14e1 14e0 1511 0 0
14e1 1511 1508 0 0
1533 1508 153f 0 0
1533 1502 14d4 0 0
14cc 14d4 1502 0 0
1416 140e 13e2 0 0
144c 1450 142b 0 0
1416 142b 140e 0 0
14c3 14cc 14f6 0 0
14b1 14c3 14fe 0 0
14b1 14dc 14a2 0 0
1474 14a2 1470 0 0
1450 144c 1470 0 0
1421 1413 13ea 0 0
143e 1425 1457 0 0
1448 1421 1429 0 0
1429 143e 1454 0 0
1402 141e 141a 0 0
13e4 13e2 13f5 0 0
13e4 13f5 1402 0 0
1425 1424 143f 0 0
141a 1471 1431 0 0
1424 1408 1431 0 0
13f4 13d7 13ff 0 0
1419 13ff 13f0 0 0
1413 1419 13f0 0 0
1417 1410 13f4 0 0
142f 1410 1417 0 0
144d 1483 146f 0 0
144d 142f 1417 0 0
146f 14ba 14b6 0 0
14cb 14a4 14b6 0 0
14f1 14fa 14cb 0 0
151f 14d0 14fa 0 0
1516 151f 1550 0 0
152f 1516 1548 0 0
1526 14eb 152f 0 0
1547 14fc 1501 0 0
1547 1501 1526 0 0
14ce 14bc 149a 0 0
14fc 14ce 14c9 0 0
14bc 14c1 1493 0 0
1444 1442 1464 0 0
141d 1444 143d 0 0
1467 1495 1472 0 0
1442 1472 1464 0 0
1467 148c 1495 0 0
14c1 148c 1493 0 0
13fc 13e6 1403 0 0
1414 141d 142c 0 0
13fc 1403 1414 0 0
13a9 13b9 139c 0 0
13a9 13ca 13cb 0 0
13dd 13b6 13e1 0 0
13ca 13dd 13f6 0 0
13f7 13e6 13fc 0 0
13c4 13cf 13e1 0 0
13cf 13f7 13ec 0 0
13b9 13a6 139c 0 0
13a6 13c9 13b2 0 0
140b 141b 1428 0 0
13e8 140b 13f2 0 0
1428 145b 1459 0 0
13b2 13c9 13d2 0 0
13c9 13e8 13d2 0 0
1459 149b 1487 0 0
1487 149b 14c5 0 0
14e9 14a5 14c5 0 0
14e2 14e9 1528 0 0
14e2 1528 1539 0 0
1503 1539 1511 0 0
1508 1511 154c 0 0
153f 1508 154c 0 0
153f 157b 1533 0 0
1502 1533 1542 0 0
14f6 14cc 1502 0 0
13e2 140e 13f5 0 0
141e 142b 1450 0 0
140e 142b 141e 0 0
14fe 14c3 14f6 0 0
14fe 14dc 14b1 0 0
14a2 14dc 14be 0 0
1470 14a2 1486 0 0
1470 1486 1450 0 0
143a 1413 1421 0 0
1457 1425 144b 0 0
145a 143e 1457 0 0
1461 1421 1448 0 0
1447 1448 1429 0 0
1454 143e 145f 0 0
1447 1429 1454 0 0
141e 1402 140e 0 0
141a 141e 1450 0 0
1402 13f5 140e 0 0
1424 1443 143f 0 0
144b 1425 143f 0 0
141a 1450 1471 0 0
1431 1471 1466 0 0
1424 1431 1443 0 0
13f4 13ff 1417 0 0
1417 13ff 1419 0 0
143a 1419 1413 0 0
144d 1488 1483 0 0
1483 14b4 146f 0 0
144d 1417 1419 0 0
146f 14b4 14ba 0 0
14e8 14b6 14ba 0 0
14f1 14cb 14b6 0 0
1530 14fa 14f1 0 0
151f 14fa 1530 0 0
151f 1561 1550 0 0
1548 1516 1550 0 0
152f 1548 155b 0 0
152f 155b 1526 0 0
1547 155c 14fc 0 0
1547 1526 155b 0 0
14f3 14bc 14ce 0 0
14fc 14f3 14ce 0 0
14f3 14c1 14bc 0 0
1444 1464 1458 0 0
143d 1444 1458 0 0
142c 141d 143d 0 0
1472 1495 14a6 0 0
1464 1472 148d 0 0
1495 148c 14ac 0 0
14ac 148c 14c1 0 0
1414 142c 1439 0 0
13f7 13fc 1414 0 0
13cb 13b9 13a9 0 0
13cb 13ca 13e7 0 0
13dd 13e1 140a 0 0
13dd 140a 13f6 0 0
13e7 13ca 13f6 0 0
13cf 13ec 13e1 0 0
13ec 13f7 140d 0 0
13c9 13a6 13b9 0 0
1401 141b 140b 0 0
141b 1433 1428 0 0
13e8 1401 140b 0 0
1433 145b 1428 0 0
145b 149b 1459 0 0
13c9 13d8 13e8 0 0
149b 14d1 14c5 0 0
14e9 14c5 14f9 0 0
14e9 1532 1528 0 0
1539 1528 1573 0 0
1511 1539 154a 0 0
154c 1511 1544 0 0
153f 154c 157b 0 0
157f 1533 157b 0 0
1542 1533 157f 0 0
14f6 1502 1542 0 0
14fe 14f6 1542 0 0
14dc 14fe 151d 0 0
14dc 14fb 14be 0 0
14a2 14be 1486 0 0
1450 1486 1471 0 0
143a 1421 1461 0 0
1457 144b 146b 0 0
145f 143e 145a 0 0
145a 1457 148f 0 0
1461 1448 1463 0 0
1448 1447 145c 0 0
1454 145f 1489 0 0
145c 1447 1454 0 0
1443 1453 143f 0 0
144b 143f 1453 0 0
1466 1471 1494 0 0
1443 1431 1466 0 0
144d 1419 143a 0 0
1488 144d 1465 0 0
1483 1488 14a1 0 0
14b4 1483 14a1 0 0
14de 14ba 14b4 0 0
14b6 14e8 14f1 0 0
14de 14e8 14ba 0 0
1521 1530 14f1 0 0
1561 151f 1530 0 0
1550 1561 1587 0 0
1548 1550 1571 0 0
155b 1548 1571 0 0
1597 155c 1547 0 0
155c 152c 14fc 0 0
159b 1547 155b 0 0
152c 14f3 14fc 0 0
14f3 14f0 14c1 0 0
1458 1464 147d 0 0
1458 1440 143d 0 0
142c 143d 1438 0 0
14a6 1495 14c2 0 0
148d 1472 14a6 0 0
147d 1464 148d 0 0
1495 14ac 14c2 0 0
14c1 14d2 14ac 0 0
1439 142c 1437 0 0
1439 13f7 1414 0 0
13b9 13cb 13d8 0 0
13cb 13e7 13d8 0 0
13e1 140d 140a 0 0
13f6 140a 1420 0 0
13e7 13f6 140f 0 0
13ec 140d 13e1 0 0
13f7 1439 140d 0 0
13b9 13d8 13c9 0 0
141f 141b 1401 0 0
141b 141f 1433 0 0
13d8 1401 13e8 0 0
1433 1441 145b 0 0
1484 149b 145b 0 0
14b3 14d1 149b 0 0
14f9 14c5 14d1 0 0
14e9 14f9 1532 0 0
1532 1573 1528 0 0
1593 1539 1573 0 0
1539 1579 154a 0 0
1511 154a 1544 0 0
1544 1563 154c 0 0
154c 1592 157b 0 0
157f 157b 15bf 0 0
1583 1542 157f 0 0
14fe 1542 154f 0 0
151d 14fe 154f 0 0
151d 14fb 14dc 0 0
14dd 14be 14fb 0 0
1471 1486 14be 0 0
1461 1465 143a 0 0
146b 144b 1453 0 0
147a 1457 146b 0 0
145f 145a 148f 0 0
148f 1457 147a 0 0
1463 1448 145c 0 0
1461 1463 1481 0 0
1489 145f 148f 0 0
147e 1454 1489 0 0
145c 1454 147e 0 0
1443 1466 1453 0 0
1494 1471 14aa 0 0
1466 1494 1479 0 0
1465 144d 143a 0 0
1497 1488 1465 0 0
1488 14a8 14a1 0 0
14b4 14a1 14bb 0 0
14b4 14f2 14de 0 0
1521 14f1 14e8 0 0
14de 14fd 14e8 0 0
1558 1530 1521 0 0
1530 1568 1561 0 0
1587 1561 15b2 0 0
1587 1571 1550 0 0
158b 155b 1571 0 0
1597 15b6 155c 0 0
1597 1547 159b 0 0
1559 152c 155c 0 0
159b 155b 158b 0 0
152c 1537 14f3 0 0
1517 14f0 14f3 0 0
14f0 14d2 14c1 0 0
1458 147d 1482 0 0
1458 1439 1440 0 0
143d 1440 1438 0 0
1437 142c 1438 0 0
14a6 14c2 14d5 0 0
148d 14a6 14bd 0 0
149d 147d 148d 0 0
14c2 14ac 14da 0 0
14ac 14d2 14da 0 0
1439 1437 1440 0 0
13d8 13e7 1401 0 0
140a 140d 1435 0 0
140a 1435 1420 0 0
13f6 1420 140f 0 0
13e7 140f 1401 0 0
1435 140d 1439 0 0
141f 1401 140f 0 0
141f 1441 1433 0 0
1441 1456 145b 0 0
1499 149b 1484 0 0
146d 1484 145b 0 0
14bf 14d1 14b3 0 0
14b3 149b 149f 0 0
14f7 14f9 14d1 0 0
1518 1532 14f9 0 0
1573 1532 1562 0 0
1539 1593 1579 0 0
1593 1573 15ba 0 0
1563 154a 1579 0 0
1544 154a 1563 0 0
154c 1563 1592 0 0
157b 1592 15cd 0 0
15bf 157b 15cd 0 0
157f 15bf 15b0 0 0
158c 1542 1583 0 0
157f 15b0 1583 0 0
154f 1542 158c 0 0
151d 154f 155d 0 0
14fb 151d 153a 0 0
14be 14dd 14aa 0 0
14dd 14fb 150c 0 0
1471 14be 14aa 0 0
1497 1465 1461 0 0
1453 1466 146b 0 0
147a 146b 1491 0 0
148f 147a 149e 0 0
1463 145c 1477 0 0
1481 1463 1477 0 0
147b 1461 1481 0 0
1489 148f 14c6 0 0
147e 1489 14ab 0 0
1477 145c 147e 0 0
1494 14aa 14b7 0 0
1479 1494 1491 0 0
146b 1466 1479 0 0
14b2 1488 1497 0 0
14a8 1488 14b2 0 0
14a1 14a8 14bb 0 0
14b4 14bb 14d3 0 0
14f2 14b4 14d3 0 0
14ff 14de 14f2 0 0
151e 1521 14e8 0 0
14de 14ff 14fd 0 0
14e8 14fd 151e 0 0
1568 1530 1558 0 0
1549 1558 1521 0 0
1561 1568 1598 0 0
1561 1598 15b2 0 0
15c1 1587 15b2 0 0
1571 1587 159c 0 0
158b 1571 159c 0 0
15c8 15b6 1597 0 0
15b6 1596 155c 0 0
15c3 1597 159b 0 0
152c 1559 1537 0 0
1596 1559 155c 0 0
159b 158b 15b5 0 0
1537 1517 14f3 0 0
14f0 1517 1520 0 0
14d2 14f0 14ec 0 0
1482 147d 1498 0 0
1439 1458 1482 0 0
1440 1437 1438 0 0
14c2 14ea 14d5 0 0
14a6 14d5 14ca 0 0
14a6 14ca 14bd 0 0
149d 148d 14bd 0 0
147d 149d 1498 0 0
14c2 14da 14ea 0 0
14da 14d2 14ec 0 0
1420 1435 1445 0 0
140f 1420 142e 0 0
1435 1439 1473 0 0
140f 142e 141f 0 0
142e 1441 141f 0 0
1441 1452 1456 0 0
1456 146d 145b 0 0
1499 149f 149b 0 0
1499 1484 1496 0 0
1480 1484 146d 0 0
14f7 14d1 14bf 0 0
14b3 149f 14bf 0 0
14f7 1518 14f9 0 0
1518 153c 1532 0 0
1532 153c 1562 0 0
1573 1562 1588 0 0
1579 1593 15d7 0 0
15ba 1573 15a7 0 0
1593 15ba 15d7 0 0
1563 1579 1592 0 0
15cd 1592 15d7 0 0
15bf 15cd 160c 0 0
15b0 15bf 15ed 0 0
158c 1583 15b0 0 0
159d 154f 158c 0 0
155d 154f 159d 0 0
153a 151d 155d 0 0
153a 150c 14fb 0 0
14aa 14dd 14b7 0 0
14dd 150c 14ed 0 0
1497 1461 1492 0 0
146b 1479 1491 0 0
149e 147a 1491 0 0
148f 149e 14b8 0 0
1481 1477 14b5 0 0
1461 147b 1492 0 0
147b 1481 148e 0 0
14c6 148f 14c7 0 0
14ab 1489 14c6 0 0
14b5 147e 14ab 0 0
1477 147e 14b5 0 0
1494 14b7 1491 0 0
14c8 14b2 1497 0 0
14cf 14a8 14b2 0 0
14cf 14bb 14a8 0 0
14d3 14bb 14cf 0 0
14f8 14f2 14d3 0 0
14f2 1509 14ff 0 0
1549 1521 151e 0 0
151b 14fd 14ff 0 0
151e 14fd 151b 0 0
1558 1590 1568 0 0
156a 1558 1549 0 0
1598 1568 158f 0 0
15b2 1598 15c5 0 0
1587 15c1 159c 0 0
15c1 15b2 15fc 0 0
158b 159c 15b5 0 0
15b6 15c8 15ea 0 0
15c3 15c8 1597 0 0
15d8 1596 15b6 0 0
15c3 159b 15f5 0 0
1537 1559 1576 0 0
1596 1576 1559 0 0
15f5 159b 15b5 0 0
1517 1537 1552 0 0
1520 1517 1552 0 0
1504 14f0 1520 0 0
14ec 14f0 1504 0 0
1482 1498 14ad 0 0
1482 1473 1439 0 0
1500 14d5 14ea 0 0
14ca 14d5 14df 0 0
14bd 14ca 14df 0 0
14ad 149d 14bd 0 0
1498 149d 14ad 0 0
14ea 14da 1514 0 0
14da 14ec 1514 0 0
1460 1445 1435 0 0
1420 1445 144e 0 0
1420 144e 142e 0 0
1460 1435 1473 0 0
1452 1441 142e 0 0
1456 1452 146d 0 0
1496 149f 1499 0 0
1480 1496 1484 0 0
146c 1480 146d 0 0
14af 14f7 14bf 0 0
147f 14bf 149f 0 0
1518 14f7 153c 0 0
1562 153c 156f 0 0
1562 156f 1588 0 0
1588 15a7 1573 0 0
1592 1579 15d7 0 0
15ba 15a7 15d1 0 0
15d7 15ba 15f0 0 0
15cd 15d7 161c 0 0
160c 15cd 161c 0 0
15ed 15bf 160c 0 0
15b0 15ed 15cb 0 0
158c 15b0 15cb 0 0
159d 158c 15cb 0 0
155d 159d 159f 0 0
155d 159f 153a 0 0
153a 1538 150c 0 0
14b7 14dd 14d8 0 0
14ed 150c 14ef 0 0
14dd 14ed 14d8 0 0
1497 1492 14c0 0 0
1491 14b7 149e 0 0
14b7 14b8 149e 0 0
14c7 148f 14b8 0 0
14a7 1481 14b5 0 0
1492 147b 148e 0 0
148e 1481 14a7 0 0
14c6 14c7 14d9 0 0
14db 14ab 14c6 0 0
14b5 14ab 14db 0 0
14e6 14b2 14c8 0 0
14c8 1497 14c0 0 0
14e6 14cf 14b2 0 0
14f8 14d3 14cf 0 0
1510 14f2 14f8 0 0
14f2 152b 1509 0 0
14ff 1509 150b 0 0
1554 1549 151e 0 0
150b 151b 14ff 0 0
1554 151e 151b 0 0
1558 1586 1590 0 0
1568 1590 158f 0 0
156a 1586 1558 0 0
158e 156a 1549 0 0
158f 15c0 1598 0 0
15c5 1598 15c0 0 0
15b2 15c5 15eb 0 0
15b5 159c 15c1 0 0
15b2 15eb 15fc 0 0
15c1 15fc 1605 0 0
15c8 15fa 15ea 0 0
1603 15b6 15ea 0 0
15fa 15c8 15c3 0 0
15d8 15b9 1596 0 0
15b6 1603 15d8 0 0
15fa 15c3 15f5 0 0
1537 1576 1565 0 0
15b9 1576 1596 0 0
15f5 15b5 15da 0 0
1552 1537 1565 0 0
1546 1520 1552 0 0
1504 1520 1514 0 0
1504 1514 14ec 0 0
14ae 1482 14ad 0 0
1473 1482 14a3 0 0
14d5 1500 14df 0 0
1500 14ea 1522 0 0
14bd 14df 14e5 0 0
14ad 14bd 14e5 0 0
1522 14ea 1514 0 0
145d 1445 1460 0 0
1445 145d 144e 0 0
1452 142e 144e 0 0
148b 1460 1473 0 0
1452 146c 146d 0 0
1480 149f 1496 0 0
146c 147f 1480 0 0
14af 14e3 14f7 0 0
147f 14af 14bf 0 0
1480 147f 149f 0 0
153c 14f7 151a 0 0
1566 156f 153c 0 0
1588 156f 158a 0 0
1588 15ab 15a7 0 0
15a7 15ab 15d1 0 0
15ba 15d1 15f6 0 0
15f0 15ba 15f6 0 0
15d7 15f0 161a 0 0
15d7 163a 161c 0 0
160c 161c 1654 0 0
15ed 160c 1637 0 0
15cb 15ed 1601 0 0
15f9 159d 15cb 0 0
159f 159d 15f9 0 0
159f 156b 153a 0 0
153a 156b 1538 0 0
151c 150c 1538 0 0
14b7 14d8 14b8 0 0
14ef 150c 151c 0 0
14d8 14ed 14ef 0 0
14c0 1492 14a7 0 0
14c7 14b8 14d8 0 0
14a7 14b5 14ee 0 0
1492 148e 14a7 0 0
14d9 14c7 14d8 0 0
14c6 14d9 14ef 0 0
14db 14c6 14ef 0 0
14f4 14b5 14db 0 0
14e6 14c8 14e4 0 0
14c8 14c0 14e4 0 0
14f8 14cf 14e6 0 0
152b 14f2 1510 0 0
1513 1510 14f8 0 0
152b 1512 1509 0 0
150b 1509 1512 0 0
1549 1554 158e 0 0
1512 151b 150b 0 0
151b 153e 1554 0 0
1586 15d6 1590 0 0
1590 15c0 158f 0 0
1586 156a 158e 0 0
15c5 15c0 1604 0 0
15eb 15c5 1604 0 0
15b5 15c1 15da 0 0
15fc 15eb 163d 0 0
1605 15fc 164c 0 0
15da 15c1 1605 0 0
1630 15ea 15fa 0 0
1603 15ea 1630 0 0
1607 15b9 15d8 0 0
1603 161e 15d8 0 0
163f 15fa 15f5 0 0
1565 1576 1591 0 0
1591 1576 15b9 0 0
15f5 15da 1605 0 0
1552 1565 157a 0 0
1514 1520 1546 0 0
1546 1552 1574 0 0
1482 14ae 14a3 0 0
14ae 14ad 14d6 0 0
1473 14a3 14a9 0 0
1506 14df 1500 0 0
1500 1522 152a 0 0
14e5 14df 1506 0 0
14ad 14e5 14d6 0 0
1522 1514 1551 0 0
1460 147c 145d 0 0
144e 145d 147f 0 0
1452 144e 146c 0 0
1460 148b 147c 0 0
148b 1473 14a9 0 0
144e 147f 146c 0 0
14a9 14e3 14af 0 0
14e3 151a 14f7 0 0
147c 14af 147f 0 0
1545 153c 151a 0 0
158a 156f 1566 0 0
1566 153c 1545 0 0
15ab 1588 158a 0 0
15d1 15ab 15cc 0 0
15f6 15d1 15ec 0 0
1621 15f0 15f6 0 0
161a 15f0 1621 0 0
15d7 161a 163a 0 0
163a 1661 161c 0 0
161c 1661 1654 0 0
1637 160c 1654 0 0
1601 15ed 1637 0 0
15f9 15cb 1601 0 0
1600 159f 15f9 0 0
159f 1599 156b 0 0
1560 1538 156b 0 0
151c 1538 1536 0 0
14ef 151c 1505 0 0
14d9 14d8 14ef 0 0
14c0 14a7 14ee 0 0
14ee 14b5 14f4 0 0
14db 14ef 1505 0 0
14f4 14db 1505 0 0
14e6 14e4 152e 0 0
14c0 14ee 14e4 0 0
14f8 14e6 1515 0 0
1534 152b 1510 0 0
1510 1513 1531 0 0
1513 14f8 1515 0 0
1512 152b 151b 0 0
1580 158e 1554 0 0
153e 151b 152b 0 0
156d 1554 153e 0 0
158e 15d6 1586 0 0
1590 15d6 15c0 0 0
15c0 161f 1604 0 0
15eb 1604 163d 0 0
164c 15fc 163d 0 0
164c 1636 1605 0 0
163f 1630 15fa 0 0
1641 1603 1630 0 0
15ff 15b9 1607 0 0
15d8 161e 1607 0 0
1603 1641 161e 0 0
15f5 1659 163f 0 0
1565 1591 157a 0 0
15b3 1591 15b9 0 0
15f5 1605 1636 0 0
1552 157a 1577 0 0
1514 1546 154e 0 0
1574 1552 1577 0 0
155f 1546 1574 0 0
14a3 14ae 14cd 0 0
14ae 14d6 14cd 0 0
14a3 14cd 14a9 0 0
1500 152a 1506 0 0
152a 1522 1543 0 0
150d 14e5 1506 0 0
14d6 14e5 14f5 0 0
1514 154e 1551 0 0
1543 1522 1551 0 0
145d 147c 147f 0 0
148b 14af 147c 0 0
148b 14a9 14af 0 0
14a9 14cd 14e3 0 0
150e 151a 14e3 0 0
150e 1545 151a 0 0
158a 1566 1572 0 0
1545 1572 1566 0 0
15ab 158a 15ac 0 0
15ab 15ac 15cc 0 0
15d1 15cc 15de 0 0
15d1 15de 15ec 0 0
15ec 1612 15f6 0 0
1621 15f6 1626 0 0
161a 1621 163b 0 0
161a 1643 163a 0 0
1661 163a 1671 0 0
1661 168f 1654 0 0
1637 1654 168b 0 0
1601 1637 15f9 0 0
159f 1600 15cf 0 0
1600 15f9 1640 0 0
159f 15cf 1599 0 0
156b 1599 1560 0 0
1536 1538 1560 0 0
1524 151c 1536 0 0
1505 151c 1524 0 0
14ee 14f4 150a 0 0
150f 14f4 1505 0 0
152e 14e4 14ee 0 0
1515 14e6 152e 0 0
152b 1534 1556 0 0
1534 1510 1531 0 0
1531 1513 152d 0 0
1513 1515 152d 0 0
1580 15ad 158e 0 0
1580 1554 156d 0 0
152b 1553 153e 0 0
153e 1553 156d 0 0
158e 15d5 15d6 0 0
161f 15c0 15d6 0 0
161f 163c 1604 0 0
163d 1604 163c 0 0
164c 163d 1685 0 0
1636 164c 166c 0 0
1675 1630 163f 0 0
1630 167f 1641 0 0
15e3 15b9 15ff 0 0
1607 162d 15ff 0 0
1658 1607 161e 0 0
1641 164e 161e 0 0
15f5 1636 1659 0 0
167e 163f 1659 0 0
157a 1591 15a5 0 0
1591 15b3 15a5 0 0
15b3 15b9 15bb 0 0
157a 15a1 1577 0 0
1546 155f 154e 0 0
1574 1577 15a1 0 0
155f 1574 157c 0 0
14cd 14d6 14e7 0 0
1506 152a 1523 0 0
1540 152a 1543 0 0
14e5 150d 1507 0 0
150d 1506 1523 0 0
14f5 14e5 1507 0 0
14d6 14f5 14e7 0 0
154e 157c 1551 0 0
1543 1551 156c 0 0
14cd 14e7 14e3 0 0
14e7 150e 14e3 0 0
1527 1545 150e 0 0
158a 1572 1595 0 0
1545 1569 1572 0 0
15ac 158a 1595 0 0
15cc 15ac 15c6 0 0
15de 15cc 15e4 0 0
15de 15e4 15ec 0 0
15ec 15f3 1612 0 0
15f6 1612 1626 0 0
1626 1649 1621 0 0
1621 1655 163b 0 0
161a 163b 1643 0 0
1643 1673 163a 0 0
163a 1673 1671 0 0
1661 1671 168e 0 0
168f 1661 168e 0 0
168b 1654 168f 0 0
1637 168b 1686 0 0
15f9 1637 1651 0 0
1600 160d 15cf 0 0
1640 15f9 1651 0 0
1640 1638 1600 0 0
1599 15cf 15a8 0 0
1560 1599 1589 0 0
1536 1560 153b 0 0
1524 1536 153b 0 0
150f 1505 1524 0 0
150a 14f4 150f 0 0
14ee 150a 1519 0 0
152e 14ee 1529 0 0
1515 152e 154d 0 0
1556 1534 154b 0 0
1555 152b 1556 0 0
1534 1531 154b 0 0
1531 152d 154d 0 0
152d 1515 154d 0 0
15ad 1580 159a 0 0
158e 15ad 15d5 0 0
159a 1580 156d 0 0
1555 1553 152b 0 0
156d 1553 1567 0 0
15d6 15d5 15fe 0 0
15d6 1622 161f 0 0
161f 1668 163c 0 0
163d 163c 166d 0 0
163d 168d 1685 0 0
1680 164c 1685 0 0
166c 164c 1680 0 0
1636 166c 1659 0 0
1630 1675 167f 0 0
167e 1675 163f 0 0
1641 167f 1679 0 0
15d2 15b9 15e3 0 0
160e 15e3 15ff 0 0
162d 1607 1658 0 0
15ff 162d 1620 0 0
161e 164e 1658 0 0
1641 1679 164e 0 0
1659 1695 167e 0 0
157a 15a5 15a1 0 0
15a5 15b3 15ca 0 0
15bb 15b9 15d2 0 0
15d3 15b3 15bb 0 0
154e 155f 157c 0 0
15a1 15a9 1574 0 0
1574 15a9 157c 0 0
1523 152a 153d 0 0
152a 1540 153d 0 0
1543 155a 1540 0 0
1507 150d 1527 0 0
150d 1523 1527 0 0
14f5 1507 150e 0 0
14e7 14f5 150e 0 0
1551 157c 1578 0 0
1551 1578 156c 0 0
156c 155a 1543 0 0
153d 1545 1527 0 0
1507 1527 150e 0 0
1569 1595 1572 0 0
1569 1545 153d 0 0
15ac 1595 15b1 0 0
15b1 15c6 15ac 0 0
15cc 15c6 15dd 0 0
15dd 15e4 15cc 0 0
15ec 15e4 15f3 0 0
1612 15f3 160f 0 0
1626 1612 1635 0 0
1626 1647 1649 0 0
1621 1649 1655 0 0
163b 1655 165e 0 0
1643 163b 165e 0 0
1673 1643 165e 0 0
1673 16a7 1671 0 0
1671 16a7 168e 0 0
168e 16c4 168f 0 0
168b 168f 16c3 0 0
1686 168b 16c8 0 0
1637 1686 1651 0 0
1600 1638 160d 0 0
15cf 160d 15ef 0 0
1681 1640 1651 0 0
1640 166f 1638 0 0
15a8 15cf 15b8 0 0
1599 15a8 1589 0 0
1560 1589 1570 0 0
1560 1557 153b 0 0
1525 1524 153b 0 0
1525 150f 1524 0 0
150f 1525 150a 0 0
150a 1525 1519 0 0
1529 14ee 1519 0 0
152e 1529 1541 0 0
154d 152e 156e 0 0
1556 154b 1585 0 0
1555 1556 1584 0 0
154b 1531 154d 0 0
15ad 159a 15bd 0 0
15e8 15d5 15ad 0 0
159a 156d 1594 0 0
1553 1555 1564 0 0
1567 1553 1564 0 0
1575 156d 1567 0 0
15fb 15fe 15d5 0 0
1614 15d6 15fe 0 0
1622 15d6 1614 0 0
1622 164b 161f 0 0
161f 1660 1668 0 0
163c 1668 166d 0 0
163d 166d 168d 0 0
16ac 1685 168d 0 0
1680 1685 16ad 0 0
166c 1680 1696 0 0
1659 166c 1695 0 0
167f 1675 169f 0 0
1697 1675 167e 0 0
1679 167f 16bc 0 0
15d2 15e3 15e6 0 0
15e3 160e 15e6 0 0
15ff 1620 160e 0 0
162d 1658 165c 0 0
1620 162d 1650 0 0
1658 164e 1679 0 0
16b1 167e 1695 0 0
15a5 15bc 15a1 0 0
15b3 15d3 15ca 0 0
15a5 15ca 15bc 0 0
15bb 15d2 15d3 0 0
15a1 15dc 15a9 0 0
157c 15a9 15af 0 0
1523 153d 1527 0 0
155a 153d 1540 0 0
1578 157c 15a0 0 0
156c 1578 158d 0 0
155a 156c 157d 0 0
1569 157d 1595 0 0
155a 1569 153d 0 0
15b1 1595 15a6 0 0
15c6 15b1 15be 0 0
15dd 15c6 15d4 0 0
15f3 15e4 15dd 0 0
15f3 15f2 160f 0 0
160f 162b 1612 0 0
1635 1612 162b 0 0
1626 1635 1647 0 0
1647 1666 1649 0 0
1655 1649 166a 0 0
1655 1687 165e 0 0
1673 165e 1687 0 0
1673 16aa 16a7 0 0
16c4 168e 16a7 0 0
168f 16c4 16c3 0 0
168b 16c3 16c8 0 0
16c0 1686 16c8 0 0
1681 1651 1686 0 0
1638 1628 160d 0 0
160d 1628 15ef 0 0
15cf 15ef 15d0 0 0
1640 1681 166f 0 0
166f 165b 1638 0 0
15cf 15d0 15b8 0 0
15a8 15b8 15a3 0 0
15a8 15a3 1589 0 0
1570 1589 1582 0 0
1560 1570 1557 0 0
153b 1557 1535 0 0
1525 153b 1535 0 0
1525 1535 1519 0 0
1529 1519 1535 0 0
1541 1529 1535 0 0
152e 1541 155e 0 0
156e 152e 155e 0 0
1581 154d 156e 0 0
1585 154b 154d 0 0
1584 1556 1585 0 0
1564 1555 1584 0 0
159a 1594 15bd 0 0
15e8 15ad 15bd 0 0
15fb 15d5 15e8 0 0
156d 1575 1594 0 0
1567 1564 157e 0 0
1575 1567 157e 0 0
15fe 15fb 1610 0 0
1618 1614 15fe 0 0
162f 1622 1614 0 0
164b 1622 1648 0 0
1660 161f 164b 0 0
167d 1668 1660 0 0
1694 166d 1668 0 0
16a3 168d 166d 0 0
1685 16ac 16b7 0 0
16ac 168d 16b3 0 0
16ad 1685 16b7 0 0
1696 1680 16ad 0 0
1695 166c 1696 0 0
1675 1697 169f 0 0
16bb 167f 169f 0 0
167e 16b1 1697 0 0
16bb 16bc 167f 0 0
1679 16bc 16a5 0 0
15d3 15d2 15e6 0 0
15e6 160e 15fd 0 0
160e 1620 1639 0 0
165c 1658 167c 0 0
1650 162d 165c 0 0
1620 1650 1639 0 0
1658 1679 16a5 0 0
16b1 1695 16b4 0 0
15a1 15bc 15dc 0 0
15ca 15d3 15fd 0 0
15ca 15db 15bc 0 0
15a9 15dc 15d9 0 0
15af 15a9 15d9 0 0
157c 15af 15a0 0 0
1578 15a0 158d 0 0
156c 158d 157d 0 0
155a 157d 1569 0 0
157d 15a6 1595 0 0
15a6 15be 15b1 0 0
15be 15d4 15c6 0 0
15e1 15dd 15d4 0 0
15e1 15f3 15dd 0 0
15f2 15f3 15e1 0 0
160f 15f2 15f7 0 0
162e 162b 160f 0 0
1635 162b 1645 0 0
1635 1657 1647 0 0
1647 1657 1666 0 0
1666 166a 1649 0 0
1687 1655 166a 0 0
16aa 1673 1687 0 0
16aa 16f5 16a7 0 0
16a7 16e8 16c4 0 0
16c3 16c4 1709 0 0
16c3 16f2 16c8 0 0
1681 1686 16c0 0 0
16c0 16c8 1717 0 0
1638 165b 1628 0 0
15ef 1628 1609 0 0
15c2 15d0 15ef 0 0
166f 1681 16a9 0 0
165b 166f 1689 0 0
15b8 15d0 15b7 0 0
15a3 15b8 15b7 0 0
1582 1589 15a3 0 0
1570 1582 155e 0 0
1557 1570 155e 0 0
1541 1535 1557 0 0
1541 1557 155e 0 0
156e 155e 1582 0 0
1585 154d 1581 0 0
1581 156e 159e 0 0
15a4 1584 1585 0 0
157e 1564 1584 0 0
15bd 1594 15aa 0 0
15e8 15bd 15f4 0 0
15fb 15e8 1619 0 0
1594 1575 157e 0 0
1610 15fb 1619 0 0
1618 15fe 1610 0 0
1614 1618 1627 0 0
1622 162f 1648 0 0
162f 1614 1627 0 0
164b 1648 165f 0 0
1667 1660 164b 0 0
1692 1668 167d 0 0
167d 1660 1684 0 0
16a3 166d 1694 0 0
1692 1694 1668 0 0
168d 16a3 16b3 0 0
16b7 16ac 16e4 0 0
16ac 16b3 16e4 0 0
16ad 16b7 16da 0 0
16cb 1696 16ad 0 0
1695 1696 16cb 0 0
16b5 169f 1697 0 0
16d2 16bb 169f 0 0
16b5 1697 16b1 0 0
16bb 1700 16bc 0 0
16a5 16bc 16de 0 0
15d3 15e6 15fd 0 0
160e 163e 15fd 0 0
160e 1639 163e 0 0
1658 168a 167c 0 0
165c 167c 1682 0 0
1650 165c 1682 0 0
1639 1650 166e 0 0
1658 16a5 168a 0 0
16b4 1695 16cb 0 0
16b1 16b4 16cf 0 0
15bc 15db 15dc 0 0
15ca 15fd 15e5 0 0
15ca 15e5 15db 0 0
15e9 15d9 15dc 0 0
15af 15d9 15c7 0 0
15a0 15af 15c7 0 0
158d 15a0 15a6 0 0
157d 158d 15a6 0 0
15c7 15be 15a6 0 0
15d4 15be 15c7 0 0
15e1 15d4 15c7 0 0
15e2 15f2 15e1 0 0
15f7 15f2 15e2 0 0
160f 15f7 1615 0 0
162e 1645 162b 0 0
1615 162e 160f 0 0
1635 1645 1657 0 0
1666 1657 1674 0 0
1666 1688 166a 0 0
166a 1688 1687 0 0
16aa 1687 16d1 0 0
16f5 16aa 16d1 0 0
16f5 16e8 16a7 0 0
16c4 16e8 1703 0 0
1709 16c4 1703 0 0
16f2 16c3 1709 0 0
1717 16c8 16f2 0 0
16a9 1681 16c0 0 0
16ea 16c0 1717 0 0
164d 1628 165b 0 0
1609 1628 164d 0 0
15ef 1609 15df 0 0
15c2 15b7 15d0 0 0
15c2 15ef 15df 0 0
16a9 1689 166f 0 0
165b 1689 164d 0 0
159e 15a3 15b7 0 0
1582 15a3 159e 0 0
156e 1582 159e 0 0
1585 1581 15a2 0 0
15a2 1581 159e 0 0
1584 15a4 15c9 0 0
15a4 1585 15b4 0 0
15aa 157e 1584 0 0
1594 157e 15aa 0 0
15bd 15aa 15e7 0 0
15f4 15bd 15e7 0 0
15e8 15f4 160b 0 0
1619 15e8 160b 0 0
162a 1610 1619 0 0
1618 1610 162a 0 0
1627 1618 162a 0 0
1648 162f 1644 0 0
162f 1627 1644 0 0
165f 1648 1669 0 0
1667 164b 165f 0 0
1660 1667 1684 0 0
1698 1692 167d 0 0
1698 167d 1684 0 0
16ae 16a3 1694 0 0
16a6 1694 1692 0 0
16b3 16a3 16d4 0 0
16b7 16e4 16da 0 0
16e4 16b3 16d4 0 0
16d7 16ad 16da 0 0
16cb 16ad 16d7 0 0
16d2 169f 16b5 0 0
16d2 1700 16bb 0 0
16b5 16b1 16e1 0 0
16bc 1700 16f7 0 0
16bc 16f7 16de 0 0
16db 16a5 16de 0 0
15fd 163e 1623 0 0
163e 1639 166e 0 0
168a 169b 167c 0 0
167c 169b 1682 0 0
1650 1682 166e 0 0
168a 16a5 169b 0 0
16cf 16b4 16cb 0 0
16e1 16b1 16cf 0 0
15db 15f1 15dc 0 0
15e5 15fd 15f1 0 0
15e5 15f1 15db 0 0
15d9 15e9 15f8 0 0
15e9 15dc 160a 0 0
15d9 15e2 15c7 0 0
15a0 15c7 15a6 0 0
15e1 15c7 15e2 0 0
15d9 15f7 15e2 0 0
15f8 1615 15f7 0 0
162e 1653 1645 0 0
1631 162e 1615 0 0
1645 1662 1657 0 0
1662 1674 1657 0 0
1688 1666 1674 0 0
1688 16af 1687 0 0
1687 16af 16d1 0 0
16f5 16d1 1708 0 0
16e8 16f5 172e 0 0
1703 16e8 172e 0 0
1709 1703 1737 0 0
1709 1729 16f2 0 0
16f2 1729 1717 0 0
16c0 16ea 16a9 0 0
1717 1722 16ea 0 0
1609 164d 161b 0 0
15e0 15df 1609 0 0
159e 15b7 15c2 0 0
15c2 15df 15c4 0 0
16a9 16ce 1689 0 0
164d 1689 168c 0 0
1585 15a2 15ae 0 0
15a2 159e 15c2 0 0
15c9 15a4 15b4 0 0
15aa 1584 15c9 0 0
15b4 1585 15ae 0 0
15e7 15aa 15c9 0 0
15f4 15e7 1617 0 0
15f4 1616 160b 0 0
161d 1619 160b 0 0
162a 1619 164a 0 0
1627 162a 1644 0 0
1648 1644 1669 0 0
1670 165f 1669 0 0
1667 165f 1670 0 0
1684 1667 1670 0 0
169e 1692 1698 0 0
1698 1684 16bd 0 0
16ae 16cd 16a3 0 0
16ba 16ae 1694 0 0
1694 16a6 16ba 0 0
169e 16a6 1692 0 0
16a3 16cd 16d4 0 0
16da 16e4 170e 0 0
16e4 16d4 1701 0 0
16d7 16da 16f4 0 0
16cb 16d7 16e9 0 0
16b5 16e1 16d2 0 0
16d2 16ff 1700 0 0
1721 16f7 1700 0 0
16de 16f7 16fe 0 0
16a5 16db 16ca 0 0
16db 16de 1705 0 0
1623 163e 1634 0 0
1613 15fd 1623 0 0
163e 166e 167a 0 0
1682 169b 16b6 0 0
166e 1682 16a8 0 0
169b 16a5 16ca 0 0
16cf 16cb 16f9 0 0
16e1 16cf 16f9 0 0
15dc 15f1 1608 0 0
15f1 15fd 1613 0 0
15e9 160a 15f8 0 0
15d9 15f8 15f7 0 0
15dc 1608 160a 0 0
160a 1615 15f8 0 0
1631 1653 162e 0 0
1662 1645 1653 0 0
160a 1631 1615 0 0
1662 1677 1674 0 0
1674 169a 1688 0 0
1688 16a1 16af 0 0
16af 16e7 16d1 0 0
16d1 1702 1708 0 0
16f5 1708 172a 0 0
16f5 1744 172e 0 0
1703 172e 1737 0 0
1753 1709 1737 0 0
1729 1709 1753 0 0
1717 1729 1754 0 0
16ce 16a9 16ea 0 0
1722 1717 174c 0 0
1722 1718 16ea 0 0
161b 164d 1629 0 0
161b 1606 1609 0 0
15e0 15ce 15df 0 0
15ee 15e0 1609 0 0
15ce 15c4 15df 0 0
15ae 15c2 15c4 0 0
168c 1689 16ce 0 0
1652 164d 168c 0 0
15ae 15a2 15c2 0 0
15c9 15b4 15ce 0 0
15b4 15ae 15c4 0 0
1602 15e7 15c9 0 0
1617 15e7 1611 0 0
1617 1616 15f4 0 0
161d 160b 1616 0 0
1632 1619 161d 0 0
1632 164a 1619 0 0
1644 162a 164a 0 0
1669 1644 1665 0 0
1670 1669 1690 0 0
1684 1670 1690 0 0
169e 1698 16b8 0 0
16bd 1684 16a2 0 0
16b8 1698 16bd 0 0
16ae 16c1 16cd 0 0
16c1 16ae 16ba 0 0
16c2 16ba 16a6 0 0
16a6 169e 16b8 0 0
16cd 1706 16d4 0 0
170e 16e4 171a 0 0
16f4 16da 170e 0 0
16d4 1706 1701 0 0
171a 16e4 1701 0 0
16e9 16d7 16f4 0 0
16cb 16e9 16fd 0 0
16e1 16ff 16d2 0 0
172b 1700 16ff 0 0
16f7 1721 1725 0 0
1700 173a 1721 0 0
16f7 1725 16fe 0 0
16de 16fe 1705 0 0
16ca 16db 16f1 0 0
16db 1705 16f1 0 0
1634 163e 164f 0 0
1623 1634 1625 0 0
1613 1623 1625 0 0
166e 169d 167a 0 0
163e 167a 1664 0 0
16b6 169b 16ca 0 0
1682 16b6 16a8 0 0
166e 16a8 169d 0 0
16f9 16cb 1707 0 0
1719 16e1 16f9 0 0
15f1 1613 1608 0 0
1608 1624 160a 0 0
165a 1653 1631 0 0
1662 1653 1677 0 0
1624 1631 160a 0 0
169a 1674 1677 0 0
169a 16a1 1688 0 0
16a1 16be 16af 0 0
16af 16be 16e7 0 0
16e7 1702 16d1 0 0
1708 1702 1727 0 0
172a 1708 1727 0 0
1744 16f5 172a 0 0
1766 172e 1744 0 0
172e 1773 1737 0 0
1753 1737 1773 0 0
1754 1729 1753 0 0
1768 1717 1754 0 0
16ce 16ea 1718 0 0
174c 1717 1768 0 0
1722 174c 1740 0 0
1740 1718 1722 0 0
164d 1652 1629 0 0
1602 161b 1629 0 0
1606 161b 1602 0 0
1606 15ee 1609 0 0
15c9 15ce 15e0 0 0
15ee 15c9 15e0 0 0
15ce 15b4 15c4 0 0
16ce 16b2 168c 0 0
168c 1672 1652 0 0
1611 15e7 1602 0 0
15ee 1602 15c9 0 0
1617 1611 162c 0 0
1632 1616 1617 0 0
1632 161d 1616 0 0
1632 1663 164a 0 0
1644 164a 1665 0 0
1669 1665 1683 0 0
1690 1669 1683 0 0
1684 1690 16a2 0 0
16c5 16bd 16a2 0 0
16e2 16b8 16bd 0 0
16d5 16cd 16c1 0 0
16d5 16c1 16ba 0 0
16ba 16c2 16d3 0 0
16c2 16a6 16b8 0 0
16cd 16f8 1706 0 0
1732 170e 171a 0 0
1712 16f4 170e 0 0
1706 172c 1701 0 0
171a 1701 172c 0 0
16e9 16f4 1715 0 0
16fd 16e9 1715 0 0
16cb 16fd 1707 0 0
16ff 16e1 1719 0 0
173e 1700 172b 0 0
1719 172b 16ff 0 0
1721 1759 1725 0 0
1700 173e 173a 0 0
1721 173a 1759 0 0
16fe 1725 1705 0 0
16ca 16f1 16e3 0 0
16f1 1705 171c 0 0
164f 163e 1664 0 0
164f 1642 1634 0 0
1634 1624 1625 0 0
1613 1625 1624 0 0
167a 169d 1699 0 0
1664 167a 1678 0 0
16b6 16ca 16e3 0 0
16a8 16b6 16d0 0 0
169d 16a8 16d8 0 0
171f 16f9 1707 0 0
16f9 1724 1719 0 0
1608 1613 1624 0 0
1677 1653 165a 0 0
1631 1642 165a 0 0
1642 1631 1624 0 0
169c 169a 1677 0 0
16a1 169a 16be 0 0
16e7 16be 16ec 0 0
1702 16e7 172d 0 0
1702 172d 1727 0 0
172a 1727 1765 0 0
1744 172a 1765 0 0
172e 1766 1773 0 0
1744 1775 1766 0 0
1753 1773 1797 0 0
1754 1753 1787 0 0
1754 1786 1768 0 0
16ce 1718 170c 0 0
174c 1768 1772 0 0
174c 176b 1740 0 0
1740 1743 1718 0 0
162c 1629 1652 0 0
1611 1602 1629 0 0
15ee 1606 1602 0 0
16ce 16d6 16b2 0 0
1693 168c 16b2 0 0
1693 1672 168c 0 0
1656 1652 1672 0 0
162c 1611 1629 0 0
1633 1617 162c 0 0
1633 1632 1617 0 0
1663 1632 1656 0 0
1663 166b 164a 0 0
164a 166b 1665 0 0
166b 1683 1665 0 0
1690 1683 16a4 0 0
16a2 1690 16ab 0 0
16c5 16e5 16bd 0 0
16a2 16ab 16c5 0 0
16e0 16b8 16e2 0 0
16e2 16bd 16fa 0 0
16d5 16f8 16cd 0 0
16dc 16d5 16ba 0 0
16d3 16c2 16e0 0 0
16dc 16ba 16d3 0 0
16c2 16b8 16e0 0 0
1710 1706 16f8 0 0
1735 170e 1732 0 0
1732 171a 174b 0 0
1715 16f4 1712 0 0
1712 170e 1739 0 0
1706 173d 172c 0 0
171a 172c 174b 0 0
1728 16fd 1715 0 0
1707 16fd 1728 0 0
1757 173e 172b 0 0
1719 1752 172b 0 0
1725 1759 175a 0 0
173e 1749 173a 0 0
173a 1758 1759 0 0
1705 1725 1742 0 0
16e3 16f1 16ef 0 0
1705 1742 171c 0 0
170a 16f1 171c 0 0
164f 1664 165d 0 0
1642 164f 165d 0 0
1634 1642 1624 0 0
1699 169d 16c6 0 0
167a 1699 1691 0 0
1678 167a 1691 0 0
1664 1678 1676 0 0
16b6 16e3 16d0 0 0
16a8 16d0 16d8 0 0
169d 16d8 16c6 0 0
171f 1724 16f9 0 0
171f 1707 1734 0 0
1719 1724 173c 0 0
1677 165a 1676 0 0
1642 165d 165a 0 0
169c 16ec 169a 0 0
169c 1677 1676 0 0
16be 169a 16ec 0 0
16e7 16ec 1716 0 0
16e7 1716 172d 0 0
172d 1765 1727 0 0
1744 1765 1775 0 0
1773 1766 1782 0 0
1775 1782 1766 0 0
1797 1773 17ac 0 0
1797 1787 1753 0 0
1786 1754 1787 0 0
1786 178d 1768 0 0
1718 1743 170c 0 0
16ce 170c 16d6 0 0
1768 178d 1772 0 0
1772 176b 174c 0 0
1740 176b 1743 0 0
1633 162c 1652 0 0
16b9 16b2 16d6 0 0
1693 16b2 16a0 0 0
167b 1672 1693 0 0
1656 1646 1652 0 0
1663 1656 1672 0 0
1632 1633 1646 0 0
1632 1646 1656 0 0
1663 167b 166b 0 0
167b 1683 166b 0 0
1683 16a0 16a4 0 0
16ab 1690 16a4 0 0
16c5 16df 16e5 0 0
16e5 16fa 16bd 0 0
16c5 16ab 16c9 0 0
16e0 16e2 170b 0 0
170b 16e2 16fa 0 0
16f8 16d5 16f6 0 0
16d5 16dc 16f6 0 0
16fb 16d3 16e0 0 0
16dc 16d3 16fb 0 0
1710 1726 1706 0 0
1714 1710 16f8 0 0
1735 1739 170e 0 0
1735 1732 174f 0 0
174f 1732 174b 0 0
1715 1712 1739 0 0
1706 1726 173d 0 0
173d 175c 172c 0 0
175c 174b 172c 0 0
1728 1715 1755 0 0
1734 1707 1728 0 0
175d 173e 1757 0 0
1757 172b 1752 0 0
173c 1752 1719 0 0
178c 175a 1759 0 0
1725 175a 1742 0 0
1749 173e 175d 0 0
173a 1749 1758 0 0
1758 177d 1759 0 0
16ef 16f1 16f3 0 0
16e3 16ef 16ed 0 0
171c 1742 1741 0 0
16f3 16f1 170a 0 0
170a 171c 1723 0 0
165d 1664 1676 0 0
1699 16c6 16b0 0 0
1691 1699 16b0 0 0
1678 1691 1676 0 0
16d0 16e3 16ee 0 0
16d0 16ee 16d8 0 0
16d8 16fc 16c6 0 0
1751 1724 171f 0 0
171f 1734 1751 0 0
173c 1724 1751 0 0
165d 1676 165a 0 0
169c 16c7 16ec 0 0
1691 169c 1676 0 0
1716 16ec 1760 0 0
1716 1760 172d 0 0
172d 1767 1765 0 0
1775 1765 1795 0 0
1773 1782 179e 0 0
1775 1792 1782 0 0
1773 179e 17ac 0 0
17d2 1797 17ac 0 0
1787 1797 17ad 0 0
1787 17ad 1786 0 0
1786 17ad 178d 0 0
170c 1743 173f 0 0
16d6 170c 16e6 0 0
178d 178b 1772 0 0
1772 178b 176b 0 0
176b 175f 1743 0 0
1646 1633 1652 0 0
16a0 16b2 16b9 0 0
16cc 16b9 16d6 0 0
1683 1693 16a0 0 0
167b 1663 1672 0 0
1693 1683 167b 0 0
16a4 16a0 16b9 0 0
16ab 16a4 16bf 0 0
16df 16c5 16d9 0 0
16df 16eb 16e5 0 0
1704 16fa 16e5 0 0
16ab 16bf 16c9 0 0
16c5 16c9 16d9 0 0
16fb 16e0 170b 0 0
170b 16fa 1720 0 0
16f8 16f6 171e 0 0
16f6 16dc 16fb 0 0
1726 1710 1730 0 0
1710 1714 1730 0 0
1714 16f8 171e 0 0
1739 1735 1745 0 0
1735 174f 1745 0 0
174f 174b 176a 0 0
1755 1715 1739 0 0
1726 1746 173d 0 0
173d 1769 175c 0 0
174b 175c 1771 0 0
1728 1755 1770 0 0
1770 1734 1728 0 0
1757 177b 175d 0 0
178f 1757 1752 0 0
173c 1751 1752 0 0
175a 178c 1781 0 0
1759 17a3 178c 0 0
1742 175a 1781 0 0
175b 1749 175d 0 0
1749 175b 1758 0 0
1758 1779 177d 0 0
1759 177d 17a3 0 0
16ef 16f3 16ed 0 0
16e3 16ed 16ee 0 0
1741 1742 1774 0 0
1723 171c 1741 0 0
16f3 170a 16ee 0 0
170a 1723 170f 0 0
16b0 16c6 16dd 0 0
1691 16b0 169c 0 0
16ee 170f 16d8 0 0
170f 16fc 16d8 0 0
16c6 16fc 16dd 0 0
1751 1734 1770 0 0
16b0 16c7 169c 0 0
16ec 16c7 16dd 0 0
16ec 1748 1760 0 0
1767 172d 1760 0 0
1765 1767 1794 0 0
1765 178e 1795 0 0
1792 1775 1795 0 0
1782 1792 179e 0 0
17ac 179e 17c5 0 0
17ad 1797 17d2 0 0
17ac 17c5 17d2 0 0
17ad 17bd 178d 0 0
173f 1743 175f 0 0
1711 170c 173f 0 0
170c 1711 16e6 0 0
16cc 16d6 16e6 0 0
178d 17bd 178b 0 0
177a 176b 178b 0 0
177a 175f 176b 0 0
16b9 16cc 16bf 0 0
16a4 16b9 16bf 0 0
16df 16d9 16f0 0 0
16eb 16df 16f0 0 0
16e5 16eb 1704 0 0
16fa 1704 171d 0 0
16c9 16bf 16e6 0 0
16d9 16c9 16e6 0 0
1731 16fb 170b 0 0
1720 16fa 171d 0 0
170b 1720 1736 0 0
171e 16f6 171b 0 0
16f6 16fb 171b 0 0
1746 1726 1730 0 0
1730 1714 171e 0 0
1739 1745 1761 0 0
1745 174f 1761 0 0
176a 174b 1771 0 0
174f 176a 1780 0 0
1755 1739 1763 0 0
1746 1769 173d 0 0
1769 177c 175c 0 0
175c 1785 1771 0 0
1770 1755 17ab 0 0
178f 177b 1757 0 0
175d 177b 1776 0 0
17a0 178f 1752 0 0
1752 1751 17a0 0 0
1781 178c 17aa 0 0
178c 17a3 17bc 0 0
1742 1781 1774 0 0
175b 175d 1779 0 0
1758 175b 1779 0 0
177d 1779 17a4 0 0
17a3 177d 17a4 0 0
16f3 16ee 16ed 0 0
1741 1774 1756 0 0
1723 1741 1738 0 0
170a 170f 16ee 0 0
170f 1723 1738 0 0
16b0 16dd 16c7 0 0
16fc 170f 173b 0 0
16fc 1713 16dd 0 0
1751 1770 179f 0 0
16ec 16dd 1713 0 0
1713 1748 16ec 0 0
1748 1791 1760 0 0
1767 1760 1794 0 0
1765 1794 178e 0 0
178e 17af 1795 0 0
1792 1795 17a5 0 0
1792 17b5 179e 0 0
17b5 17c5 179e 0 0
17ad 17d2 17f9 0 0
17d2 17c5 1804 0 0
17ad 17f9 17bd 0 0
173f 175f 175e 0 0
1711 173f 172f 0 0
16e6 1711 16f0 0 0
16bf 16cc 16e6 0 0
178b 17bd 1798 0 0
178b 1798 177a 0 0
177a 175e 175f 0 0
16d9 16e6 16f0 0 0
16eb 16f0 1704 0 0
171d 1704 172f 0 0
171b 16fb 1731 0 0
1731 170b 1736 0 0
1720 171d 1733 0 0
1736 1720 1733 0 0
171e 171b 174d 0 0
1730 1764 1746 0 0
1730 171e 1747 0 0
1763 1739 1761 0 0
1780 1761 174f 0 0
1771 1780 176a 0 0
1755 1763 1799 0 0
1762 1769 1746 0 0
1769 1790 177c 0 0
175c 177c 1785 0 0
1796 1771 1785 0 0
1755 1799 17ab 0 0
17d0 1770 17ab 0 0
178f 17a2 177b 0 0
1789 1776 177b 0 0
1779 175d 1776 0 0
17c0 178f 17a0 0 0
17a0 1751 179f 0 0
178c 17bc 17aa 0 0
17aa 17a1 1781 0 0
17bc 17a3 17e6 0 0
1774 1781 179d 0 0
1779 17a6 17a4 0 0
17a3 17a4 17cc 0 0
1756 1774 178a 0 0
1738 1741 1756 0 0
170f 1738 173b 0 0
16fc 173b 1713 0 0
1770 17d0 179f 0 0
1713 173b 1748 0 0
176e 1791 1748 0 0
1760 1791 17d6 0 0
1760 17d6 1794 0 0
17af 178e 1794 0 0
1795 17af 17b2 0 0
17a5 1795 17b7 0 0
1792 17a5 17b5 0 0
17b5 17da 17c5 0 0
17f9 17d2 1808 0 0
1804 17c5 17da 0 0
17d2 1804 1808 0 0
17bd 17f9 180c 0 0
172f 173f 175e 0 0
170d 1711 172f 0 0
16f0 1711 170d 0 0
17bd 17b8 1798 0 0
177a 1798 177e 0 0
177e 175e 177a 0 0
1704 16f0 170d 0 0
1704 170d 172f 0 0
171d 172f 1733 0 0
174d 171b 1731 0 0
1731 1736 174e 0 0
1736 1733 174a 0 0
1747 171e 174d 0 0
1764 1730 1747 0 0
1764 1762 1746 0 0
1763 1761 1799 0 0
1799 1761 1780 0 0
1796 1780 1771 0 0
1769 1762 1777 0 0
1790 1769 1777 0 0
177c 1790 179c 0 0
179c 1785 177c 0 0
1785 179c 1796 0 0
1799 17d8 17ab 0 0
17ab 17d1 17d0 0 0
178f 17ca 17a2 0 0
177b 17a2 1789 0 0
1779 1776 1789 0 0
178f 17c0 17ca 0 0
17a0 17d4 17c0 0 0
179f 17cb 17a0 0 0
17aa 17bc 17bb 0 0
17aa 17ae 17a1 0 0
1781 17a1 179d 0 0
17a3 17cc 17e6 0 0
17e9 17bc 17e6 0 0
1774 179d 17b4 0 0
1779 1789 17a6 0 0
17c8 17a4 17a6 0 0
17cc 17a4 17c8 0 0
1774 17b4 178a 0 0
1756 178a 176e 0 0
1738 1756 173b 0 0
17cf 179f 17d0 0 0
176e 1748 173b 0 0
178a 1791 176e 0 0
1791 17d3 17d6 0 0
1794 17d6 17df 0 0
17af 1794 17df 0 0
17c4 17b2 17af 0 0
17b7 1795 17b2 0 0
17b5 17a5 17b7 0 0
17b7 17da 17b5 0 0
17f9 1808 182a 0 0
1804 17da 1812 0 0
1804 182a 1808 0 0
17f9 1829 180c 0 0
180c 1805 17bd 0 0
172f 175e 174a 0 0
17bd 1805 17b8 0 0
1793 1798 17b8 0 0
177e 1798 1793 0 0
176d 175e 177e 0 0
172f 174a 1733 0 0
174d 1731 1750 0 0
174e 1736 174a 0 0
1750 1731 174e 0 0
1747 174d 176f 0 0
1764 1747 176f 0 0
1764 1777 1762 0 0
1799 1780 17a8 0 0
17a7 1780 1796 0 0
1790 1777 17a9 0 0
17b0 179c 1790 0 0
179c 17b9 1796 0 0
17d8 1799 17d9 0 0
17d5 17ab 17d8 0 0
17d1 17ab 17d5 0 0
17a2 17ca 17ce 0 0
1789 17a2 17a6 0 0
17c0 17dc 17ca 0 0
17d4 17a0 17cd 0 0
17d7 17c0 17d4 0 0
17cb 179f 17cf 0 0
17cd 17a0 17cb 0 0
17bb 17bc 17e4 0 0
17ae 17aa 17bb 0 0
17a1 17ae 17b1 0 0
17b1 179d 17a1 0 0
17cc 1803 17e6 0 0
17bc 17e9 17e4 0 0
17e9 17e6 1814 0 0
179d 17c9 17b4 0 0
17a6 17ce 17c8 0 0
17cc 17c8 17f6 0 0
17b4 17b6 178a 0 0
176e 173b 1756 0 0
17b6 1791 178a 0 0
17d3 1791 17b6 0 0
17d3 181a 17d6 0 0
17df 17d6 1826 0 0
17c4 17af 17df 0 0
17b7 17b2 17c4 0 0
17da 17b7 17c4 0 0
1829 17f9 182a 0 0
17da 17e8 1812 0 0
1804 1812 182b 0 0
1804 182b 182a 0 0
1829 182c 180c 0 0
180c 182c 1805 0 0
174a 175e 176d 0 0
1805 17de 17b8 0 0
1793 17b8 17b3 0 0
1783 177e 1793 0 0
177e 1783 176d 0 0
174d 1750 176c 0 0
174e 174a 176d 0 0
1750 174e 176d 0 0
176f 174d 1778 0 0
1764 176f 1784 0 0
177f 1777 1764 0 0
17a8 1780 17a7 0 0
17bf 1799 17a8 0 0
17c3 17a7 1796 0 0
1777 177f 17a9 0 0
17ba 1790 17a9 0 0
17c2 179c 17b0 0 0
17ba 17b0 1790 0 0
179c 17c2 17b9 0 0
17b9 17c3 1796 0 0
17c7 17d9 1799 0 0
17ca 17f2 17ce 0 0
17a6 17a2 17ce 0 0
17dc 17c0 17d7 0 0
17ea 17ca 17dc 0 0
17bb 17e4 17c9 0 0
17ae 17bb 17b1 0 0
17c9 179d 17b1 0 0
17cc 17f6 1803 0 0
17e6 1803 180f 0 0
17e9 1814 17e4 0 0
17e6 180f 1814 0 0
17b4 17c9 1806 0 0
17c8 17ce 17f1 0 0
17c8 17f1 17f6 0 0
17b4 17e0 17b6 0 0
17b6 17e0 17d3 0 0
17e0 181a 17d3 0 0
17d6 181a 1825 0 0
17d6 1825 1826 0 0
17df 1826 1812 0 0
17e8 17c4 17df 0 0
17da 17c4 17e8 0 0
1829 182a 183b 0 0
17e8 17df 1812 0 0
182b 1812 1835 0 0
182b 184d 182a 0 0
1829 1841 182c 0 0
182c 1830 1805 0 0
1805 180b 17de 0 0
17b8 17de 17b3 0 0
1793 17b3 1788 0 0
1783 1793 1788 0 0
1788 176d 1783 0 0
176c 1750 176d 0 0
1778 174d 176c 0 0
1778 179b 176f 0 0
176f 179b 1784 0 0
1764 1784 177f 0 0
17a8 17a7 17c6 0 0
17bf 17c7 1799 0 0
17a8 17c6 17bf 0 0
17c3 17c6 17a7 0 0
177f 1784 17a9 0 0
17ba 17a9 17ff 0 0
17c1 17c2 17b0 0 0
17c1 17b0 17ba 0 0
17f0 17b9 17c2 0 0
17e2 17c3 17b9 0 0
17d9 17c7 17dd 0 0
17f2 17ca 17ee 0 0
17f5 17ce 17f2 0 0
17eb 17ca 17ea 0 0
17c9 17e4 1817 0 0
17b1 17bb 17c9 0 0
17f6 1813 1803 0 0
1803 181c 180f 0 0
1814 1817 17e4 0 0
180f 181f 1814 0 0
17c9 1817 1806 0 0
17b4 1806 17e0 0 0
17ce 17f7 17f1 0 0
17f1 17fe 17f6 0 0
17e0 1806 181a 0 0
181a 183a 1825 0 0
1825 1840 1826 0 0
1835 1812 1826 0 0
182a 1852 183b 0 0
183b 1847 1829 0 0
1835 184c 182b 0 0
184d 182b 184c 0 0
1851 182a 184d 0 0
1847 1841 1829 0 0
1841 184e 182c 0 0
182c 1839 1830 0 0
1830 182d 1805 0 0
1805 182d 180b 0 0
17e5 17de 180b 0 0
17de 17e5 17b3 0 0
179a 1788 17b3 0 0
176c 176d 1788 0 0
176c 1788 1778 0 0
1778 179a 179b 0 0
17a9 1784 179b 0 0
17bf 17e3 17c7 0 0
17c6 17e7 17bf 0 0
17c3 17f4 17c6 0 0
17ff 17a9 17fb 0 0
17db 17ba 17ff 0 0
17c2 17c1 17db 0 0
17c1 17ba 17db 0 0
17b9 17f0 17e2 0 0
17ed 17f0 17c2 0 0
17e2 17f8 17c3 0 0
17dd 17c7 17e1 0 0
17ee 17ca 17eb 0 0
17f7 17ce 17f5 0 0
1813 17f6 1810 0 0
1818 1803 1813 0 0
181c 1803 181b 0 0
181f 180f 181c 0 0
1814 1828 1817 0 0
1821 1814 181f 0 0
1817 1831 1806 0 0
17fa 17f1 17f7 0 0
17f1 17fa 17fe 0 0
17fe 1810 17f6 0 0
1806 1832 181a 0 0
183a 181a 1833 0 0
1840 1825 183a 0 0
1842 1826 1840 0 0
1826 1849 1835 0 0
1852 182a 1851 0 0
1853 183b 1852 0 0
183b 1853 1847 0 0
184c 1835 184b 0 0
1847 1855 1841 0 0
184e 1841 184f 0 0
1848 182c 184e 0 0
182c 1848 1839 0 0
1839 1844 1830 0 0
1830 1843 182d 0 0
1819 180b 182d 0 0
17e5 180b 1819 0 0
17b3 17e5 17be 0 0
1778 1788 179a 0 0
17be 179a 17b3 0 0
179b 179a 17be 0 0
17a9 179b 17fb 0 0
17e3 17bf 17e7 0 0
17e1 17c7 17e3 0 0
17e7 17c6 17ec 0 0
17f4 17c3 17f8 0 0
17f3 17c6 17f4 0 0
17fb 1834 17ff 0 0
180d 17db 17ff 0 0
17ed 17c2 17db 0 0
17f0 1801 17e2 0 0
17f0 17ed 17fd 0 0
17f8 17e2 17fc 0 0
181b 1803 1818 0 0
1828 1814 1824 0 0
182e 1817 1828 0 0
1823 1814 1821 0 0
1831 1817 182e 0 0
1832 1806 1831 0 0
1800 17fe 17fa 0 0
1810 17fe 1809 0 0
1833 181a 1832 0 0
1845 1826 1842 0 0
1849 1826 1845 0 0
184a 1835 1849 0 0
1854 1847 1853 0 0
184b 1835 184a 0 0
1855 1847 1856 0 0
1850 1841 1855 0 0
184f 1841 1850 0 0
1846 1839 1848 0 0
1844 1839 1846 0 0
1843 1830 1844 0 0
183f 182d 1843 0 0
182d 1838 1819 0 0
17e5 1819 17ef 0 0
17be 17e5 17ef 0 0
17fb 179b 17be 0 0
17ec 17c6 17f3 0 0
1834 17fb 1836 0 0
182f 17ff 1834 0 0
17ed 17db 180d 0 0
17ff 1827 180d 0 0
1801 17f0 1807 0 0
17fc 17e2 1801 0 0
17fd 17ed 180d 0 0
180a 17f0 17fd 0 0
1824 1814 1823 0 0
1809 17fe 1800 0 0
1856 1847 1854 0 0
183e 182d 183f 0 0
1838 182d 183c 0 0
1837 1819 1838 0 0
17fb 17ef 1819 0 0
17fb 17be 17ef 0 0
1836 17fb 1837 0 0
1827 17ff 182f 0 0
1822 180d 1827 0 0
1802 1807 17f0 0 0
1815 17fd 180d 0 0
17f0 180a 1802 0 0
180a 17fd 1815 0 0
183d 182d 183e 0 0
183c 182d 183d 0 0
1819 1837 17fb 0 0
1820 180d 1822 0 0
1807 1802 180e 0 0
180d 1820 1815 0 0
180a 1811 1802 0 0
1815 181d 180a 0 0
180e 1802 1811 0 0
181e 1815 1820 0 0
1811 180a 1816 0 0
181d 1815 181e 0 0
1816 180a 181d 0 0
10e 52 4c 0 0
10e 4c 10b 0 0
10b 4c 4a 0 0
10b 4a 109 0 0
109 4a 48 0 0
109 48 44 0 0
109 44 104 0 0
104 44 43 0 0
104 43 42 0 0
104 42 33 0 0
104 33 31 0 0
104 31 ff 0 0
ff 31 2f 0 0
ff 2f 2d 0 0
ff 2d fc 0 0
fc 2d 2b 0 0
fc 2b fb 0 0
fb 2b 2a 0 0
fb 2a 29 0 0
fb 29 25 0 0
fb 25 f6 0 0
f6 25 21 0 0
f6 21 20 0 0
f6 20 f4 0 0
f4 20 1e 0 0
f4 1e 1c 0 0
f4 1c f2 0 0
f2 1c 1b 0 0
f2 1b 13 0 0
f2 13 f1 0 0
f1 13 12 0 0
f1 12 11 0 0
f1 11 d 0 0
f1 d ee 0 0
ee d c 0 0
ee c b 0 0
ee b ed 0 0
ed b 9 0 0
ed 9 ea 0 0
ea 9 5 0 0
ea 5 1 0 0
ea 1 e8 0 0
e8 1 2 0 0
e8 2 3 0 0
e8 3 4 0 0
e8 4 e9 0 0
e9 4 6 0 0
e9 6 eb 0 0
eb 6 7 0 0
eb 7 ec 0 0
ec 7 8 0 0
ec 8 a 0 0
ec a ef 0 0
ef a e 0 0
ef e f 0 0
ef f f0 0 0
f0 f 10 0 0
f0 10 19 0 0
f0 19 f3 0 0
f3 19 1d 0 0
f3 1d 1f 0 0
f3 1f f5 0 0
f5 1f 22 0 0
f5 22 f8 0 0
f8 22 24 0 0
f8 24 26 0 0
f8 26 27 0 0
f8 27 28 0 0
f8 28 100 0 0
100 28 30 0 0
100 30 3c 0 0
100 3c 3d 0 0
100 3d 3e 0 0
100 3e 3f 0 0
100 3f 41 0 0
100 41 10a 0 0
10a 41 47 0 0
10a 47 4b 0 0
10a 4b 4d 0 0
10a 4d 4e 0 0
10a 4e 10d 0 0
10d 4e 50 0 0
10d 50 51 0 0
10d 51 62 0 0
10d 62 115 0 0
115 62 63 0 0
115 63 66 0 0
115 66 68 0 0
115 68 118 0 0
118 68 6c 0 0
118 6c 6f 0 0
118 6f 74 0 0
118 74 12c 0 0
12c 74 78 0 0
12c 78 87 0 0
12c 87 88 0 0
12c 88 8f 0 0
12c 8f 148 0 0
148 8f 91 0 0
148 91 93 0 0
148 93 14b 0 0
14b 93 94 0 0
14b 94 96 0 0
14b 96 a8 0 0
14b a8 a9 0 0
14b a9 175 0 0
175 a9 ab 0 0
175 ab ad 0 0
175 ad b1 0 0
175 b1 b2 0 0
175 b2 17a 0 0
17a b2 182 0 0
182 b2 b3 0 0
182 b3 b4 0 0
182 b4 c3 0 0
182 c3 1a2 0 0
1a2 c3 c4 0 0
1a2 c4 c6 0 0
1a2 c6 c9 0 0
1a2 c9 1ad 0 0
1ad c9 cc 0 0
1ad cc cd 0 0
1ad cd 1b5 0 0
1b5 cd ce 0 0
1b5 ce cf 0 0
1b5 cf d1 0 0
1b5 d1 1c6 0 0
1c6 d1 d2 0 0
1c6 d2 d8 0 0
1c6 d8 1d3 0 0
1d3 d8 dd 0 0
1d3 dd 1d6 0 0
1d6 dd df 0 0
1d6 df 1e2 0 0
1e2 df e4 0 0
1e2 e4 1e3 0 0
1e3 e4 e5 0 0
1e3 e5 1e7 0 0
1e7 e5 e7 0 0
1e7 e7 1e6 0 0
1e6 e7 e6 0 0
1e6 e6 e3 0 0
1e6 e3 1dd 0 0
1dd e3 e2 0 0
1dd e2 e1 0 0
1dd e1 1d9 0 0
1d9 e1 e0 0 0
1d9 e0 1d7 0 0
1d7 e0 de 0 0
1d7 de dc 0 0
1d7 dc db 0 0
1d7 db da 0 0
1d7 da d9 0 0
1d7 d9 1cf 0 0
1cf d9 d7 0 0
1cf d7 d6 0 0
1cf d6 1c8 0 0
1c8 d6 d5 0 0
1c8 d5 1c7 0 0
1c7 d5 d4 0 0
1c7 d4 1b8 0 0
1b8 d4 d0 0 0
1b8 d0 cb 0 0
1b8 cb 1a1 0 0
1a1 cb c7 0 0
1a1 c7 c5 0 0
1a1 c5 ba 0 0
1a1 ba b9 0 0
1a1 b9 190 0 0
190 b9 b7 0 0
190 b7 b6 0 0
190 b6 176 0 0
176 b6 b0 0 0
176 b0 ae 0 0
176 ae 9d 0 0
176 9d 15a 0 0
15a 9d 9c 0 0
15a 9c 9a 0 0
15a 9a 98 0 0
15a 98 14c 0 0
14c 98 97 0 0
14c 97 8e 0 0
14c 8e 136 0 0
136 8e 8c 0 0
136 8c 130 0 0
130 8c 8a 0 0
130 8a 89 0 0
130 89 7a 0 0
130 7a 125 0 0
125 7a 76 0 0
125 76 73 0 0
125 73 71 0 0
125 71 11f 0 0
11f 71 70 0 0
11f 70 11a 0 0
11a 70 6d 0 0
11a 6d 6b 0 0
11a 6b 69 0 0
11a 69 112 0 0
112 69 65 0 0
112 65 55 0 0
112 55 54 0 0
112 54 10e 0 0
10e 54 52 0 0
))

(13 (7 2fef 30a6 3 3)(
b13 b0d ace 0 0
b13 b21 b0d 0 0
b0d acf ace 0 0
ace b08 b13 0 0
b20 b21 b13 0 0
b21 b22 b0d 0 0
b0d b0a acf 0 0
aa4 ace acf 0 0
acd b08 ace 0 0
b08 b0c b13 0 0
b21 b20 b66 0 0
b13 b19 b20 0 0
b22 b21 b67 0 0
b0d b22 b0a 0 0
b0a ad0 acf 0 0
aa4 ab3 ace 0 0
a98 aa4 acf 0 0
acd ade b08 0 0
ac0 acd ace 0 0
b0c b0e b13 0 0
b20 b65 b66 0 0
b21 b66 b67 0 0
b13 b14 b19 0 0
b19 b1c b20 0 0
b22 b67 b68 0 0
b22 b23 b0a 0 0
b0a afd ad0 0 0
a8a acf ad0 0 0
ab3 ab8 ace 0 0
a8a a98 acf 0 0
ab8 ac0 ace 0 0
b0e b14 b13 0 0
b20 b49 b65 0 0
b66 b65 ba5 0 0
b67 b66 ba6 0 0
b1c b1f b20 0 0
b67 ba6 b68 0 0
b23 b22 b68 0 0
b0a b23 afd 0 0
afd ad1 ad0 0 0
a8b a8a ad0 0 0
a8a a90 a98 0 0
b20 b2e b49 0 0
b49 b54 b65 0 0
b65 ba4 ba5 0 0
b66 ba5 ba6 0 0
b1f b2e b20 0 0
ba6 ba0 b68 0 0
b23 b68 b69 0 0
b23 b24 afd 0 0
afd af4 ad1 0 0
a8b ad0 ad1 0 0
a6f a8a a8b 0 0
a89 a90 a8a 0 0
b54 b63 b65 0 0
b65 b8a ba4 0 0
ba4 bbc ba5 0 0
bb5 ba6 ba5 0 0
ba6 ba7 ba0 0 0
ba0 b69 b68 0 0
b24 b23 b69 0 0
afd b24 af4 0 0
af4 ad2 ad1 0 0
a8c a8b ad1 0 0
a6f a78 a8a 0 0
a6b a6f a8b 0 0
a7d a89 a8a 0 0
b63 b64 b65 0 0
b65 b74 b8a 0 0
b8a b91 ba4 0 0
ba4 bb6 bbc 0 0
ba5 bbc bbe 0 0
bb5 bae ba6 0 0
ba5 bbe bb5 0 0
ba6 bae ba7 0 0
ba8 ba0 ba7 0 0
ba0 b9b b69 0 0
b24 b69 b6a 0 0
b24 b25 af4 0 0
af4 aec ad2 0 0
a8c ad1 ad2 0 0
a59 a8b a8c 0 0
a78 a7c a8a 0 0
a68 a6b a8b 0 0
a7c a7d a8a 0 0
b64 b74 b65 0 0
b91 ba2 ba4 0 0
ba4 bab bb6 0 0
bb5 bf4 bae 0 0
bb5 bbe bcb 0 0
ba7 bae bf0 0 0
ba8 ba9 ba0 0 0
ba7 bef ba8 0 0
ba0 ba9 b9b 0 0
b9b b6a b69 0 0
b25 b24 b6a 0 0
af4 b25 aec 0 0
aec ad3 ad2 0 0
a8d a8c ad2 0 0
a59 a5c a8b 0 0
a58 a59 a8c 0 0
a65 a68 a8b 0 0
ba2 ba3 ba4 0 0
ba3 bab ba4 0 0
bb5 bf3 bf4 0 0
bae bf4 bf5 0 0
bb5 bcb bcd 0 0
bae bf5 bf0 0 0
ba7 bf0 bef 0 0
ba8 bd6 ba9 0 0
ba8 bef bee 0 0
b9b ba9 baa 0 0
b6a b9b b96 0 0
b25 b6a b5a 0 0
b25 b26 aec 0 0
aec ae8 ad3 0 0
a8d ad2 ad3 0 0
a7e a8c a8d 0 0
a5c a60 a8b 0 0
a56 a58 a8c 0 0
a64 a65 a8b 0 0
bb5 bec bf3 0 0
bf3 c06 bf4 0 0
bf4 bfe bf5 0 0
bcb bcc bcd 0 0
bb5 bcd bd3 0 0
ba8 be3 bd6 0 0
ba9 bd6 bd0 0 0
ba8 bee bed 0 0
ba9 bc0 baa 0 0
b9b baa ba1 0 0
b96 b9b ba1 0 0
b6a b96 b8c 0 0
b5a b6a b6b 0 0
b25 b5a b57 0 0
b25 b45 b26 0 0
aec b26 ae8 0 0
ad3 ae8 ad4 0 0
a8d ad3 aa0 0 0
a6c a8c a7e 0 0
a7e a8d a82 0 0
a60 a64 a8b 0 0
a56 a8c a5a 0 0
bb5 beb bec 0 0
bf4 c06 c09 0 0
bf4 c02 bfe 0 0
bb5 bd3 bdc 0 0
ba8 bed be3 0 0
ba9 bd0 bca 0 0
ba9 bc3 bc0 0 0
b6a b8c b86 0 0
b6a b72 b6b 0 0
b25 b57 b45 0 0
b26 b45 b41 0 0
ae8 b26 aff 0 0
ad4 ae8 adb 0 0
ac9 ad3 ad4 0 0
aa0 ad3 aad 0 0
a8d aa0 a8e 0 0
a6a a8c a6c 0 0
a82 a8d a86 0 0
a5a a8c a5f 0 0
bb5 bdc beb 0 0
bf4 c09 c05 0 0
bf4 c04 c02 0 0
ba9 bca bc3 0 0
b6a b86 b80 0 0
b6a b80 b72 0 0
b26 b41 b3b 0 0
aff b26 b0b 0 0
ae8 aff af6 0 0
adb ae8 ae0 0 0
ac8 ad3 ac9 0 0
aad ad3 ac8 0 0
a86 a8d a8e 0 0
a5f a8c a6a 0 0
bf4 c05 c04 0 0
b26 b3b b36 0 0
b0b b26 b17 0 0
ae5 ae8 af6 0 0
ae0 ae8 ae4 0 0
b26 b36 b27 0 0
b17 b26 b27 0 0
ae4 ae8 ae5 0 0
))

(0 "Empty volume mesh:")
(12 (0 1 0 0))

(0 "Zone variables:")
(45 (3 wall LeftMainBronchus)())
(45 (4 wall Tracheal_Inlet)())
(45 (5 wall RightLowerBronchus)())
(45 (6 wall Surface)())
(45 (7 wall RightUpperBronchus)())
